ISO-10303-21;
HEADER;
FILE_DESCRIPTION(('Open CASCADE Model'),'2;1');
FILE_NAME('Open CASCADE Shape Model','2022-11-06T17:27:12',('Author'),(
    'Open CASCADE'),'Open CASCADE STEP processor 6.8','Open CASCADE 6.8'
  ,'Unknown');
FILE_SCHEMA(('AUTOMOTIVE_DESIGN { 1 0 10303 214 1 1 1 1 }'));
ENDSEC;
DATA;
#1 = APPLICATION_PROTOCOL_DEFINITION('international standard',
  'automotive_design',2000,#2);
#2 = APPLICATION_CONTEXT(
  'core data for automotive mechanical design processes');
#3 = SHAPE_DEFINITION_REPRESENTATION(#4,#10);
#4 = PRODUCT_DEFINITION_SHAPE('','',#5);
#5 = PRODUCT_DEFINITION('design','',#6,#9);
#6 = PRODUCT_DEFINITION_FORMATION('','',#7);
#7 = PRODUCT('PCB','PCB','',(#8));
#8 = PRODUCT_CONTEXT('',#2,'mechanical');
#9 = PRODUCT_DEFINITION_CONTEXT('part definition',#2,'design');
#10 = SHAPE_REPRESENTATION('',(#11,#15,#165,#455,#745,#1035,#1325,#1615,
    #1765,#1915,#2065,#2215,#2497,#2779,#3061,#3343,#3625,#3907,#4189,
    #4471,#4925,#5379,#5833,#6287,#6741,#7195,#7649,#8103,#8557,#9011,
    #9161,#9311,#9461,#9611,#9800,#9842,#9884,#9926,#9968,#10010,#10052,
    #10094,#10136,#10178,#10220,#10262,#10304,#10346,#10388,#10430,
    #10472,#10514,#10556,#10598,#10640,#10682,#10724,#10766,#10808,
    #10850,#10892,#10934,#10976,#11018,#11060,#11102,#11144,#11186,
    #11228,#11270,#11312,#11354,#11396,#11438,#11480,#11522,#11564,
    #11606,#11648,#11690,#11732,#11774,#11816,#11858,#11900,#11942,
    #11984,#12026,#12068,#12110,#12152,#12194,#12236,#12278,#12320,
    #12362,#12404,#12446,#12488,#12530,#12572,#12614,#12656,#12698,
    #12740,#12782,#12824,#12866,#12908,#12950,#12992,#13034,#13076,
    #13118,#13160,#13202,#13244,#13286,#13328,#13370,#13412,#13454,
    #13496,#13538,#13580,#13622,#13664,#13706,#13748,#13790,#13832,
    #13874,#13916,#13958,#14000,#14042,#14084,#14118,#14137,#14156,
    #14198,#14240,#14282,#14324,#14366),#14408);
#11 = AXIS2_PLACEMENT_3D('',#12,#13,#14);
#12 = CARTESIAN_POINT('',(0.E+000,0.E+000,0.E+000));
#13 = DIRECTION('',(0.E+000,0.E+000,1.));
#14 = DIRECTION('',(1.,0.E+000,-0.E+000));
#15 = MANIFOLD_SOLID_BREP('',#16);
#16 = CLOSED_SHELL('',(#17,#57,#88,#119,#141,#153));
#17 = ADVANCED_FACE('',(#18),#52,.F.);
#18 = FACE_BOUND('',#19,.F.);
#19 = EDGE_LOOP('',(#20,#30,#38,#46));
#20 = ORIENTED_EDGE('',*,*,#21,.T.);
#21 = EDGE_CURVE('',#22,#24,#26,.T.);
#22 = VERTEX_POINT('',#23);
#23 = CARTESIAN_POINT('',(4.825998657227,6.857998321533,0.E+000));
#24 = VERTEX_POINT('',#25);
#25 = CARTESIAN_POINT('',(4.825998657227,6.857998321533,0.254));
#26 = LINE('',#27,#28);
#27 = CARTESIAN_POINT('',(4.825998657227,6.857998321533,0.E+000));
#28 = VECTOR('',#29,1.);
#29 = DIRECTION('',(0.E+000,0.E+000,1.));
#30 = ORIENTED_EDGE('',*,*,#31,.T.);
#31 = EDGE_CURVE('',#24,#32,#34,.T.);
#32 = VERTEX_POINT('',#33);
#33 = CARTESIAN_POINT('',(5.079998657227,6.857998321533,0.254));
#34 = LINE('',#35,#36);
#35 = CARTESIAN_POINT('',(4.825998657227,6.857998321533,0.254));
#36 = VECTOR('',#37,1.);
#37 = DIRECTION('',(1.,0.E+000,0.E+000));
#38 = ORIENTED_EDGE('',*,*,#39,.F.);
#39 = EDGE_CURVE('',#40,#32,#42,.T.);
#40 = VERTEX_POINT('',#41);
#41 = CARTESIAN_POINT('',(5.079998657227,6.857998321533,0.E+000));
#42 = LINE('',#43,#44);
#43 = CARTESIAN_POINT('',(5.079998657227,6.857998321533,0.E+000));
#44 = VECTOR('',#45,1.);
#45 = DIRECTION('',(0.E+000,0.E+000,1.));
#46 = ORIENTED_EDGE('',*,*,#47,.F.);
#47 = EDGE_CURVE('',#22,#40,#48,.T.);
#48 = LINE('',#49,#50);
#49 = CARTESIAN_POINT('',(4.825998657227,6.857998321533,0.E+000));
#50 = VECTOR('',#51,1.);
#51 = DIRECTION('',(1.,0.E+000,0.E+000));
#52 = PLANE('',#53);
#53 = AXIS2_PLACEMENT_3D('',#54,#55,#56);
#54 = CARTESIAN_POINT('',(4.825998657227,6.857998321533,0.E+000));
#55 = DIRECTION('',(0.E+000,1.,0.E+000));
#56 = DIRECTION('',(1.,0.E+000,0.E+000));
#57 = ADVANCED_FACE('',(#58),#83,.F.);
#58 = FACE_BOUND('',#59,.F.);
#59 = EDGE_LOOP('',(#60,#61,#69,#77));
#60 = ORIENTED_EDGE('',*,*,#39,.T.);
#61 = ORIENTED_EDGE('',*,*,#62,.T.);
#62 = EDGE_CURVE('',#32,#63,#65,.T.);
#63 = VERTEX_POINT('',#64);
#64 = CARTESIAN_POINT('',(5.079998657227,7.111998321533,0.254));
#65 = LINE('',#66,#67);
#66 = CARTESIAN_POINT('',(5.079998657227,6.857998321533,0.254));
#67 = VECTOR('',#68,1.);
#68 = DIRECTION('',(0.E+000,1.,0.E+000));
#69 = ORIENTED_EDGE('',*,*,#70,.F.);
#70 = EDGE_CURVE('',#71,#63,#73,.T.);
#71 = VERTEX_POINT('',#72);
#72 = CARTESIAN_POINT('',(5.079998657227,7.111998321533,0.E+000));
#73 = LINE('',#74,#75);
#74 = CARTESIAN_POINT('',(5.079998657227,7.111998321533,0.E+000));
#75 = VECTOR('',#76,1.);
#76 = DIRECTION('',(0.E+000,0.E+000,1.));
#77 = ORIENTED_EDGE('',*,*,#78,.F.);
#78 = EDGE_CURVE('',#40,#71,#79,.T.);
#79 = LINE('',#80,#81);
#80 = CARTESIAN_POINT('',(5.079998657227,6.857998321533,0.E+000));
#81 = VECTOR('',#82,1.);
#82 = DIRECTION('',(0.E+000,1.,0.E+000));
#83 = PLANE('',#84);
#84 = AXIS2_PLACEMENT_3D('',#85,#86,#87);
#85 = CARTESIAN_POINT('',(5.079998657227,6.857998321533,0.E+000));
#86 = DIRECTION('',(-1.,0.E+000,0.E+000));
#87 = DIRECTION('',(0.E+000,1.,0.E+000));
#88 = ADVANCED_FACE('',(#89),#114,.F.);
#89 = FACE_BOUND('',#90,.F.);
#90 = EDGE_LOOP('',(#91,#92,#100,#108));
#91 = ORIENTED_EDGE('',*,*,#70,.T.);
#92 = ORIENTED_EDGE('',*,*,#93,.T.);
#93 = EDGE_CURVE('',#63,#94,#96,.T.);
#94 = VERTEX_POINT('',#95);
#95 = CARTESIAN_POINT('',(4.825998657227,7.111998321533,0.254));
#96 = LINE('',#97,#98);
#97 = CARTESIAN_POINT('',(5.079998657227,7.111998321533,0.254));
#98 = VECTOR('',#99,1.);
#99 = DIRECTION('',(-1.,0.E+000,0.E+000));
#100 = ORIENTED_EDGE('',*,*,#101,.F.);
#101 = EDGE_CURVE('',#102,#94,#104,.T.);
#102 = VERTEX_POINT('',#103);
#103 = CARTESIAN_POINT('',(4.825998657227,7.111998321533,0.E+000));
#104 = LINE('',#105,#106);
#105 = CARTESIAN_POINT('',(4.825998657227,7.111998321533,0.E+000));
#106 = VECTOR('',#107,1.);
#107 = DIRECTION('',(0.E+000,0.E+000,1.));
#108 = ORIENTED_EDGE('',*,*,#109,.F.);
#109 = EDGE_CURVE('',#71,#102,#110,.T.);
#110 = LINE('',#111,#112);
#111 = CARTESIAN_POINT('',(5.079998657227,7.111998321533,0.E+000));
#112 = VECTOR('',#113,1.);
#113 = DIRECTION('',(-1.,0.E+000,0.E+000));
#114 = PLANE('',#115);
#115 = AXIS2_PLACEMENT_3D('',#116,#117,#118);
#116 = CARTESIAN_POINT('',(5.079998657227,7.111998321533,0.E+000));
#117 = DIRECTION('',(0.E+000,-1.,0.E+000));
#118 = DIRECTION('',(-1.,0.E+000,0.E+000));
#119 = ADVANCED_FACE('',(#120),#136,.F.);
#120 = FACE_BOUND('',#121,.F.);
#121 = EDGE_LOOP('',(#122,#123,#129,#130));
#122 = ORIENTED_EDGE('',*,*,#101,.T.);
#123 = ORIENTED_EDGE('',*,*,#124,.T.);
#124 = EDGE_CURVE('',#94,#24,#125,.T.);
#125 = LINE('',#126,#127);
#126 = CARTESIAN_POINT('',(4.825998657227,7.111998321533,0.254));
#127 = VECTOR('',#128,1.);
#128 = DIRECTION('',(0.E+000,-1.,0.E+000));
#129 = ORIENTED_EDGE('',*,*,#21,.F.);
#130 = ORIENTED_EDGE('',*,*,#131,.F.);
#131 = EDGE_CURVE('',#102,#22,#132,.T.);
#132 = LINE('',#133,#134);
#133 = CARTESIAN_POINT('',(4.825998657227,7.111998321533,0.E+000));
#134 = VECTOR('',#135,1.);
#135 = DIRECTION('',(0.E+000,-1.,0.E+000));
#136 = PLANE('',#137);
#137 = AXIS2_PLACEMENT_3D('',#138,#139,#140);
#138 = CARTESIAN_POINT('',(4.825998657227,7.111998321533,0.E+000));
#139 = DIRECTION('',(1.,0.E+000,0.E+000));
#140 = DIRECTION('',(0.E+000,-1.,0.E+000));
#141 = ADVANCED_FACE('',(#142),#148,.T.);
#142 = FACE_BOUND('',#143,.F.);
#143 = EDGE_LOOP('',(#144,#145,#146,#147));
#144 = ORIENTED_EDGE('',*,*,#47,.T.);
#145 = ORIENTED_EDGE('',*,*,#78,.T.);
#146 = ORIENTED_EDGE('',*,*,#109,.T.);
#147 = ORIENTED_EDGE('',*,*,#131,.T.);
#148 = PLANE('',#149);
#149 = AXIS2_PLACEMENT_3D('',#150,#151,#152);
#150 = CARTESIAN_POINT('',(4.825998657227,6.857998321533,0.E+000));
#151 = DIRECTION('',(0.E+000,0.E+000,-1.));
#152 = DIRECTION('',(-1.,0.E+000,0.E+000));
#153 = ADVANCED_FACE('',(#154),#160,.F.);
#154 = FACE_BOUND('',#155,.T.);
#155 = EDGE_LOOP('',(#156,#157,#158,#159));
#156 = ORIENTED_EDGE('',*,*,#31,.T.);
#157 = ORIENTED_EDGE('',*,*,#62,.T.);
#158 = ORIENTED_EDGE('',*,*,#93,.T.);
#159 = ORIENTED_EDGE('',*,*,#124,.T.);
#160 = PLANE('',#161);
#161 = AXIS2_PLACEMENT_3D('',#162,#163,#164);
#162 = CARTESIAN_POINT('',(4.825998657227,6.857998321533,0.254));
#163 = DIRECTION('',(0.E+000,0.E+000,-1.));
#164 = DIRECTION('',(-1.,0.E+000,0.E+000));
#165 = MANIFOLD_SOLID_BREP('',#166);
#166 = CLOSED_SHELL('',(#167,#207,#240,#299,#324,#375,#392,#409,#426,
    #443));
#167 = ADVANCED_FACE('',(#168),#202,.F.);
#168 = FACE_BOUND('',#169,.F.);
#169 = EDGE_LOOP('',(#170,#180,#188,#196));
#170 = ORIENTED_EDGE('',*,*,#171,.F.);
#171 = EDGE_CURVE('',#172,#174,#176,.T.);
#172 = VERTEX_POINT('',#173);
#173 = CARTESIAN_POINT('',(4.205995444058,11.626000270448,5.E-002));
#174 = VERTEX_POINT('',#175);
#175 = CARTESIAN_POINT('',(2.905995444058,11.626000156798,5.E-002));
#176 = LINE('',#177,#178);
#177 = CARTESIAN_POINT('',(4.405995444058,11.626000287932,5.E-002));
#178 = VECTOR('',#179,1.);
#179 = DIRECTION('',(-1.,-8.742277657348E-008,0.E+000));
#180 = ORIENTED_EDGE('',*,*,#181,.T.);
#181 = EDGE_CURVE('',#172,#182,#184,.T.);
#182 = VERTEX_POINT('',#183);
#183 = CARTESIAN_POINT('',(4.205995444058,11.626000270448,0.85));
#184 = LINE('',#185,#186);
#185 = CARTESIAN_POINT('',(4.205995444058,11.626000270448,0.E+000));
#186 = VECTOR('',#187,1.);
#187 = DIRECTION('',(0.E+000,0.E+000,1.));
#188 = ORIENTED_EDGE('',*,*,#189,.T.);
#189 = EDGE_CURVE('',#182,#190,#192,.T.);
#190 = VERTEX_POINT('',#191);
#191 = CARTESIAN_POINT('',(2.905995444058,11.626000156798,0.85));
#192 = LINE('',#193,#194);
#193 = CARTESIAN_POINT('',(4.405995444058,11.626000287932,0.85));
#194 = VECTOR('',#195,1.);
#195 = DIRECTION('',(-1.,-8.742277657348E-008,0.E+000));
#196 = ORIENTED_EDGE('',*,*,#197,.F.);
#197 = EDGE_CURVE('',#174,#190,#198,.T.);
#198 = LINE('',#199,#200);
#199 = CARTESIAN_POINT('',(2.905995444058,11.626000156798,0.E+000));
#200 = VECTOR('',#201,1.);
#201 = DIRECTION('',(0.E+000,0.E+000,1.));
#202 = PLANE('',#203);
#203 = AXIS2_PLACEMENT_3D('',#204,#205,#206);
#204 = CARTESIAN_POINT('',(4.405995444058,11.626000287932,0.E+000));
#205 = DIRECTION('',(8.742277657348E-008,-1.,0.E+000));
#206 = DIRECTION('',(0.E+000,0.E+000,1.));
#207 = ADVANCED_FACE('',(#208),#235,.T.);
#208 = FACE_BOUND('',#209,.T.);
#209 = EDGE_LOOP('',(#210,#211,#220,#228));
#210 = ORIENTED_EDGE('',*,*,#171,.F.);
#211 = ORIENTED_EDGE('',*,*,#212,.T.);
#212 = EDGE_CURVE('',#172,#213,#215,.T.);
#213 = VERTEX_POINT('',#214);
#214 = CARTESIAN_POINT('',(4.205995448429,11.576000270448,
    -3.469446951954E-018));
#215 = CIRCLE('',#216,5.E-002);
#216 = AXIS2_PLACEMENT_3D('',#217,#218,#219);
#217 = CARTESIAN_POINT('',(4.205995448429,11.576000270448,5.E-002));
#218 = DIRECTION('',(-1.,-8.742277657348E-008,0.E+000));
#219 = DIRECTION('',(-8.742277657348E-008,1.,0.E+000));
#220 = ORIENTED_EDGE('',*,*,#221,.T.);
#221 = EDGE_CURVE('',#213,#222,#224,.T.);
#222 = VERTEX_POINT('',#223);
#223 = CARTESIAN_POINT('',(2.905995448429,11.576000156798,
    -3.469446951954E-018));
#224 = LINE('',#225,#226);
#225 = CARTESIAN_POINT('',(4.405995448429,11.576000287932,
    -6.938893903907E-018));
#226 = VECTOR('',#227,1.);
#227 = DIRECTION('',(-1.,-8.742277657348E-008,0.E+000));
#228 = ORIENTED_EDGE('',*,*,#229,.F.);
#229 = EDGE_CURVE('',#174,#222,#230,.T.);
#230 = CIRCLE('',#231,5.E-002);
#231 = AXIS2_PLACEMENT_3D('',#232,#233,#234);
#232 = CARTESIAN_POINT('',(2.905995448429,11.576000156798,5.E-002));
#233 = DIRECTION('',(-1.,-8.742277657348E-008,0.E+000));
#234 = DIRECTION('',(-8.742277657348E-008,1.,0.E+000));
#235 = CYLINDRICAL_SURFACE('',#236,5.E-002);
#236 = AXIS2_PLACEMENT_3D('',#237,#238,#239);
#237 = CARTESIAN_POINT('',(4.405995448429,11.576000287932,5.E-002));
#238 = DIRECTION('',(-1.,-8.742277657348E-008,0.E+000));
#239 = DIRECTION('',(-8.742277657348E-008,1.,0.E+000));
#240 = ADVANCED_FACE('',(#241),#294,.T.);
#241 = FACE_BOUND('',#242,.T.);
#242 = EDGE_LOOP('',(#243,#244,#245,#253,#262,#270,#279,#287));
#243 = ORIENTED_EDGE('',*,*,#197,.F.);
#244 = ORIENTED_EDGE('',*,*,#229,.T.);
#245 = ORIENTED_EDGE('',*,*,#246,.T.);
#246 = EDGE_CURVE('',#222,#247,#249,.T.);
#247 = VERTEX_POINT('',#248);
#248 = CARTESIAN_POINT('',(2.905995518368,10.776000156798,
    -3.469446951954E-018));
#249 = LINE('',#250,#251);
#250 = CARTESIAN_POINT('',(2.905995444058,11.626000156798,0.E+000));
#251 = VECTOR('',#252,1.);
#252 = DIRECTION('',(8.742277657348E-008,-1.,0.E+000));
#253 = ORIENTED_EDGE('',*,*,#254,.T.);
#254 = EDGE_CURVE('',#247,#255,#257,.T.);
#255 = VERTEX_POINT('',#256);
#256 = CARTESIAN_POINT('',(2.905995522739,10.726000156798,5.E-002));
#257 = CIRCLE('',#258,5.E-002);
#258 = AXIS2_PLACEMENT_3D('',#259,#260,#261);
#259 = CARTESIAN_POINT('',(2.905995518368,10.776000156798,5.E-002));
#260 = DIRECTION('',(-1.,-8.742277657348E-008,0.E+000));
#261 = DIRECTION('',(8.742277657348E-008,-1.,0.E+000));
#262 = ORIENTED_EDGE('',*,*,#263,.T.);
#263 = EDGE_CURVE('',#255,#264,#266,.T.);
#264 = VERTEX_POINT('',#265);
#265 = CARTESIAN_POINT('',(2.905995522739,10.726000156798,0.85));
#266 = LINE('',#267,#268);
#267 = CARTESIAN_POINT('',(2.905995522739,10.726000156798,0.E+000));
#268 = VECTOR('',#269,1.);
#269 = DIRECTION('',(0.E+000,0.E+000,1.));
#270 = ORIENTED_EDGE('',*,*,#271,.T.);
#271 = EDGE_CURVE('',#264,#272,#274,.T.);
#272 = VERTEX_POINT('',#273);
#273 = CARTESIAN_POINT('',(2.905995518368,10.776000156798,0.9));
#274 = CIRCLE('',#275,5.E-002);
#275 = AXIS2_PLACEMENT_3D('',#276,#277,#278);
#276 = CARTESIAN_POINT('',(2.905995518368,10.776000156798,0.85));
#277 = DIRECTION('',(-1.,-8.742277657348E-008,0.E+000));
#278 = DIRECTION('',(8.742277657348E-008,-1.,0.E+000));
#279 = ORIENTED_EDGE('',*,*,#280,.F.);
#280 = EDGE_CURVE('',#281,#272,#283,.T.);
#281 = VERTEX_POINT('',#282);
#282 = CARTESIAN_POINT('',(2.905995448429,11.576000156798,0.9));
#283 = LINE('',#284,#285);
#284 = CARTESIAN_POINT('',(2.905995444058,11.626000156798,0.9));
#285 = VECTOR('',#286,1.);
#286 = DIRECTION('',(8.742277657348E-008,-1.,0.E+000));
#287 = ORIENTED_EDGE('',*,*,#288,.T.);
#288 = EDGE_CURVE('',#281,#190,#289,.T.);
#289 = CIRCLE('',#290,5.E-002);
#290 = AXIS2_PLACEMENT_3D('',#291,#292,#293);
#291 = CARTESIAN_POINT('',(2.905995448429,11.576000156798,0.85));
#292 = DIRECTION('',(-1.,-8.742277657348E-008,0.E+000));
#293 = DIRECTION('',(-8.742277657348E-008,1.,0.E+000));
#294 = PLANE('',#295);
#295 = AXIS2_PLACEMENT_3D('',#296,#297,#298);
#296 = CARTESIAN_POINT('',(2.905995444058,11.626000156798,0.E+000));
#297 = DIRECTION('',(-1.,-8.742277657348E-008,0.E+000));
#298 = DIRECTION('',(0.E+000,0.E+000,1.));
#299 = ADVANCED_FACE('',(#300),#319,.T.);
#300 = FACE_BOUND('',#301,.T.);
#301 = EDGE_LOOP('',(#302,#303,#304,#312));
#302 = ORIENTED_EDGE('',*,*,#189,.T.);
#303 = ORIENTED_EDGE('',*,*,#288,.F.);
#304 = ORIENTED_EDGE('',*,*,#305,.F.);
#305 = EDGE_CURVE('',#306,#281,#308,.T.);
#306 = VERTEX_POINT('',#307);
#307 = CARTESIAN_POINT('',(4.205995448429,11.576000270448,0.9));
#308 = LINE('',#309,#310);
#309 = CARTESIAN_POINT('',(4.405995448429,11.576000287932,0.9));
#310 = VECTOR('',#311,1.);
#311 = DIRECTION('',(-1.,-8.742277657348E-008,0.E+000));
#312 = ORIENTED_EDGE('',*,*,#313,.T.);
#313 = EDGE_CURVE('',#306,#182,#314,.T.);
#314 = CIRCLE('',#315,5.E-002);
#315 = AXIS2_PLACEMENT_3D('',#316,#317,#318);
#316 = CARTESIAN_POINT('',(4.205995448429,11.576000270448,0.85));
#317 = DIRECTION('',(-1.,-8.742277657348E-008,0.E+000));
#318 = DIRECTION('',(-8.742277657348E-008,1.,0.E+000));
#319 = CYLINDRICAL_SURFACE('',#320,5.E-002);
#320 = AXIS2_PLACEMENT_3D('',#321,#322,#323);
#321 = CARTESIAN_POINT('',(4.405995448429,11.576000287932,0.85));
#322 = DIRECTION('',(-1.,-8.742277657348E-008,0.E+000));
#323 = DIRECTION('',(-8.742277657348E-008,1.,0.E+000));
#324 = ADVANCED_FACE('',(#325),#370,.F.);
#325 = FACE_BOUND('',#326,.F.);
#326 = EDGE_LOOP('',(#327,#328,#329,#337,#346,#354,#363,#369));
#327 = ORIENTED_EDGE('',*,*,#181,.F.);
#328 = ORIENTED_EDGE('',*,*,#212,.T.);
#329 = ORIENTED_EDGE('',*,*,#330,.T.);
#330 = EDGE_CURVE('',#213,#331,#333,.T.);
#331 = VERTEX_POINT('',#332);
#332 = CARTESIAN_POINT('',(4.205995518368,10.776000270448,
    -3.469446951954E-018));
#333 = LINE('',#334,#335);
#334 = CARTESIAN_POINT('',(4.205995444058,11.626000270448,0.E+000));
#335 = VECTOR('',#336,1.);
#336 = DIRECTION('',(8.742277657348E-008,-1.,0.E+000));
#337 = ORIENTED_EDGE('',*,*,#338,.T.);
#338 = EDGE_CURVE('',#331,#339,#341,.T.);
#339 = VERTEX_POINT('',#340);
#340 = CARTESIAN_POINT('',(4.205995522739,10.726000270448,5.E-002));
#341 = CIRCLE('',#342,5.E-002);
#342 = AXIS2_PLACEMENT_3D('',#343,#344,#345);
#343 = CARTESIAN_POINT('',(4.205995518368,10.776000270448,5.E-002));
#344 = DIRECTION('',(-1.,-8.742277657348E-008,0.E+000));
#345 = DIRECTION('',(8.742277657348E-008,-1.,0.E+000));
#346 = ORIENTED_EDGE('',*,*,#347,.T.);
#347 = EDGE_CURVE('',#339,#348,#350,.T.);
#348 = VERTEX_POINT('',#349);
#349 = CARTESIAN_POINT('',(4.205995522739,10.726000270448,0.85));
#350 = LINE('',#351,#352);
#351 = CARTESIAN_POINT('',(4.205995522739,10.726000270448,0.E+000));
#352 = VECTOR('',#353,1.);
#353 = DIRECTION('',(0.E+000,0.E+000,1.));
#354 = ORIENTED_EDGE('',*,*,#355,.T.);
#355 = EDGE_CURVE('',#348,#356,#358,.T.);
#356 = VERTEX_POINT('',#357);
#357 = CARTESIAN_POINT('',(4.205995518368,10.776000270448,0.9));
#358 = CIRCLE('',#359,5.E-002);
#359 = AXIS2_PLACEMENT_3D('',#360,#361,#362);
#360 = CARTESIAN_POINT('',(4.205995518368,10.776000270448,0.85));
#361 = DIRECTION('',(-1.,-8.742277657348E-008,0.E+000));
#362 = DIRECTION('',(8.742277657348E-008,-1.,0.E+000));
#363 = ORIENTED_EDGE('',*,*,#364,.F.);
#364 = EDGE_CURVE('',#306,#356,#365,.T.);
#365 = LINE('',#366,#367);
#366 = CARTESIAN_POINT('',(4.205995444058,11.626000270448,0.9));
#367 = VECTOR('',#368,1.);
#368 = DIRECTION('',(8.742277657348E-008,-1.,0.E+000));
#369 = ORIENTED_EDGE('',*,*,#313,.T.);
#370 = PLANE('',#371);
#371 = AXIS2_PLACEMENT_3D('',#372,#373,#374);
#372 = CARTESIAN_POINT('',(4.205995444058,11.626000270448,0.E+000));
#373 = DIRECTION('',(-1.,-8.742277657348E-008,0.E+000));
#374 = DIRECTION('',(0.E+000,0.E+000,1.));
#375 = ADVANCED_FACE('',(#376),#387,.F.);
#376 = FACE_BOUND('',#377,.F.);
#377 = EDGE_LOOP('',(#378,#379,#380,#381));
#378 = ORIENTED_EDGE('',*,*,#330,.F.);
#379 = ORIENTED_EDGE('',*,*,#221,.T.);
#380 = ORIENTED_EDGE('',*,*,#246,.T.);
#381 = ORIENTED_EDGE('',*,*,#382,.F.);
#382 = EDGE_CURVE('',#331,#247,#383,.T.);
#383 = LINE('',#384,#385);
#384 = CARTESIAN_POINT('',(4.405995518368,10.776000287932,
    -6.938893903907E-018));
#385 = VECTOR('',#386,1.);
#386 = DIRECTION('',(-1.,-8.742277657348E-008,0.E+000));
#387 = PLANE('',#388);
#388 = AXIS2_PLACEMENT_3D('',#389,#390,#391);
#389 = CARTESIAN_POINT('',(4.405995444058,11.626000287932,0.E+000));
#390 = DIRECTION('',(0.E+000,0.E+000,1.));
#391 = DIRECTION('',(-1.,-8.742277657348E-008,0.E+000));
#392 = ADVANCED_FACE('',(#393),#404,.T.);
#393 = FACE_BOUND('',#394,.T.);
#394 = EDGE_LOOP('',(#395,#396,#397,#398));
#395 = ORIENTED_EDGE('',*,*,#364,.F.);
#396 = ORIENTED_EDGE('',*,*,#305,.T.);
#397 = ORIENTED_EDGE('',*,*,#280,.T.);
#398 = ORIENTED_EDGE('',*,*,#399,.F.);
#399 = EDGE_CURVE('',#356,#272,#400,.T.);
#400 = LINE('',#401,#402);
#401 = CARTESIAN_POINT('',(4.405995518368,10.776000287932,0.9));
#402 = VECTOR('',#403,1.);
#403 = DIRECTION('',(-1.,-8.742277657348E-008,0.E+000));
#404 = PLANE('',#405);
#405 = AXIS2_PLACEMENT_3D('',#406,#407,#408);
#406 = CARTESIAN_POINT('',(4.405995444058,11.626000287932,0.9));
#407 = DIRECTION('',(0.E+000,0.E+000,1.));
#408 = DIRECTION('',(-1.,-8.742277657348E-008,0.E+000));
#409 = ADVANCED_FACE('',(#410),#421,.T.);
#410 = FACE_BOUND('',#411,.T.);
#411 = EDGE_LOOP('',(#412,#418,#419,#420));
#412 = ORIENTED_EDGE('',*,*,#413,.F.);
#413 = EDGE_CURVE('',#348,#264,#414,.T.);
#414 = LINE('',#415,#416);
#415 = CARTESIAN_POINT('',(4.405995522739,10.726000287932,0.85));
#416 = VECTOR('',#417,1.);
#417 = DIRECTION('',(-1.,-8.742277657348E-008,0.E+000));
#418 = ORIENTED_EDGE('',*,*,#355,.T.);
#419 = ORIENTED_EDGE('',*,*,#399,.T.);
#420 = ORIENTED_EDGE('',*,*,#271,.F.);
#421 = CYLINDRICAL_SURFACE('',#422,5.E-002);
#422 = AXIS2_PLACEMENT_3D('',#423,#424,#425);
#423 = CARTESIAN_POINT('',(4.405995518368,10.776000287932,0.85));
#424 = DIRECTION('',(-1.,-8.742277657348E-008,0.E+000));
#425 = DIRECTION('',(8.742277657348E-008,-1.,0.E+000));
#426 = ADVANCED_FACE('',(#427),#438,.T.);
#427 = FACE_BOUND('',#428,.T.);
#428 = EDGE_LOOP('',(#429,#435,#436,#437));
#429 = ORIENTED_EDGE('',*,*,#430,.F.);
#430 = EDGE_CURVE('',#339,#255,#431,.T.);
#431 = LINE('',#432,#433);
#432 = CARTESIAN_POINT('',(4.405995522739,10.726000287932,5.E-002));
#433 = VECTOR('',#434,1.);
#434 = DIRECTION('',(-1.,-8.742277657348E-008,0.E+000));
#435 = ORIENTED_EDGE('',*,*,#347,.T.);
#436 = ORIENTED_EDGE('',*,*,#413,.T.);
#437 = ORIENTED_EDGE('',*,*,#263,.F.);
#438 = PLANE('',#439);
#439 = AXIS2_PLACEMENT_3D('',#440,#441,#442);
#440 = CARTESIAN_POINT('',(4.405995522739,10.726000287932,0.E+000));
#441 = DIRECTION('',(8.742277657348E-008,-1.,0.E+000));
#442 = DIRECTION('',(0.E+000,0.E+000,1.));
#443 = ADVANCED_FACE('',(#444),#450,.T.);
#444 = FACE_BOUND('',#445,.T.);
#445 = EDGE_LOOP('',(#446,#447,#448,#449));
#446 = ORIENTED_EDGE('',*,*,#430,.T.);
#447 = ORIENTED_EDGE('',*,*,#254,.F.);
#448 = ORIENTED_EDGE('',*,*,#382,.F.);
#449 = ORIENTED_EDGE('',*,*,#338,.T.);
#450 = CYLINDRICAL_SURFACE('',#451,5.E-002);
#451 = AXIS2_PLACEMENT_3D('',#452,#453,#454);
#452 = CARTESIAN_POINT('',(4.405995518368,10.776000287932,5.E-002));
#453 = DIRECTION('',(-1.,-8.742277657348E-008,0.E+000));
#454 = DIRECTION('',(8.742277657348E-008,-1.,0.E+000));
#455 = MANIFOLD_SOLID_BREP('',#456);
#456 = CLOSED_SHELL('',(#457,#497,#530,#589,#614,#665,#682,#699,#716,
    #733));
#457 = ADVANCED_FACE('',(#458),#492,.F.);
#458 = FACE_BOUND('',#459,.F.);
#459 = EDGE_LOOP('',(#460,#470,#478,#486));
#460 = ORIENTED_EDGE('',*,*,#461,.F.);
#461 = EDGE_CURVE('',#462,#464,#466,.T.);
#462 = VERTEX_POINT('',#463);
#463 = CARTESIAN_POINT('',(4.205995444058,2.990000590882,5.E-002));
#464 = VERTEX_POINT('',#465);
#465 = CARTESIAN_POINT('',(2.905995444058,2.990000477233,5.E-002));
#466 = LINE('',#467,#468);
#467 = CARTESIAN_POINT('',(4.405995444058,2.990000608367,5.E-002));
#468 = VECTOR('',#469,1.);
#469 = DIRECTION('',(-1.,-8.742277657348E-008,0.E+000));
#470 = ORIENTED_EDGE('',*,*,#471,.T.);
#471 = EDGE_CURVE('',#462,#472,#474,.T.);
#472 = VERTEX_POINT('',#473);
#473 = CARTESIAN_POINT('',(4.205995444058,2.990000590882,0.85));
#474 = LINE('',#475,#476);
#475 = CARTESIAN_POINT('',(4.205995444058,2.990000590882,0.E+000));
#476 = VECTOR('',#477,1.);
#477 = DIRECTION('',(0.E+000,0.E+000,1.));
#478 = ORIENTED_EDGE('',*,*,#479,.T.);
#479 = EDGE_CURVE('',#472,#480,#482,.T.);
#480 = VERTEX_POINT('',#481);
#481 = CARTESIAN_POINT('',(2.905995444058,2.990000477233,0.85));
#482 = LINE('',#483,#484);
#483 = CARTESIAN_POINT('',(4.405995444058,2.990000608367,0.85));
#484 = VECTOR('',#485,1.);
#485 = DIRECTION('',(-1.,-8.742277657348E-008,0.E+000));
#486 = ORIENTED_EDGE('',*,*,#487,.F.);
#487 = EDGE_CURVE('',#464,#480,#488,.T.);
#488 = LINE('',#489,#490);
#489 = CARTESIAN_POINT('',(2.905995444058,2.990000477233,0.E+000));
#490 = VECTOR('',#491,1.);
#491 = DIRECTION('',(0.E+000,0.E+000,1.));
#492 = PLANE('',#493);
#493 = AXIS2_PLACEMENT_3D('',#494,#495,#496);
#494 = CARTESIAN_POINT('',(4.405995444058,2.990000608367,0.E+000));
#495 = DIRECTION('',(8.742277657348E-008,-1.,0.E+000));
#496 = DIRECTION('',(0.E+000,0.E+000,1.));
#497 = ADVANCED_FACE('',(#498),#525,.T.);
#498 = FACE_BOUND('',#499,.T.);
#499 = EDGE_LOOP('',(#500,#501,#510,#518));
#500 = ORIENTED_EDGE('',*,*,#461,.F.);
#501 = ORIENTED_EDGE('',*,*,#502,.T.);
#502 = EDGE_CURVE('',#462,#503,#505,.T.);
#503 = VERTEX_POINT('',#504);
#504 = CARTESIAN_POINT('',(4.205995448429,2.940000590882,
    -3.469446951954E-018));
#505 = CIRCLE('',#506,5.E-002);
#506 = AXIS2_PLACEMENT_3D('',#507,#508,#509);
#507 = CARTESIAN_POINT('',(4.205995448429,2.940000590882,5.E-002));
#508 = DIRECTION('',(-1.,-8.742277657348E-008,0.E+000));
#509 = DIRECTION('',(-8.742277657348E-008,1.,0.E+000));
#510 = ORIENTED_EDGE('',*,*,#511,.T.);
#511 = EDGE_CURVE('',#503,#512,#514,.T.);
#512 = VERTEX_POINT('',#513);
#513 = CARTESIAN_POINT('',(2.905995448429,2.940000477233,
    -3.469446951954E-018));
#514 = LINE('',#515,#516);
#515 = CARTESIAN_POINT('',(4.405995448429,2.940000608367,
    -6.938893903907E-018));
#516 = VECTOR('',#517,1.);
#517 = DIRECTION('',(-1.,-8.742277657348E-008,0.E+000));
#518 = ORIENTED_EDGE('',*,*,#519,.F.);
#519 = EDGE_CURVE('',#464,#512,#520,.T.);
#520 = CIRCLE('',#521,5.E-002);
#521 = AXIS2_PLACEMENT_3D('',#522,#523,#524);
#522 = CARTESIAN_POINT('',(2.905995448429,2.940000477233,5.E-002));
#523 = DIRECTION('',(-1.,-8.742277657348E-008,0.E+000));
#524 = DIRECTION('',(-8.742277657348E-008,1.,0.E+000));
#525 = CYLINDRICAL_SURFACE('',#526,5.E-002);
#526 = AXIS2_PLACEMENT_3D('',#527,#528,#529);
#527 = CARTESIAN_POINT('',(4.405995448429,2.940000608367,5.E-002));
#528 = DIRECTION('',(-1.,-8.742277657348E-008,0.E+000));
#529 = DIRECTION('',(-8.742277657348E-008,1.,0.E+000));
#530 = ADVANCED_FACE('',(#531),#584,.T.);
#531 = FACE_BOUND('',#532,.T.);
#532 = EDGE_LOOP('',(#533,#534,#535,#543,#552,#560,#569,#577));
#533 = ORIENTED_EDGE('',*,*,#487,.F.);
#534 = ORIENTED_EDGE('',*,*,#519,.T.);
#535 = ORIENTED_EDGE('',*,*,#536,.T.);
#536 = EDGE_CURVE('',#512,#537,#539,.T.);
#537 = VERTEX_POINT('',#538);
#538 = CARTESIAN_POINT('',(2.905995518368,2.140000477233,
    -3.469446951954E-018));
#539 = LINE('',#540,#541);
#540 = CARTESIAN_POINT('',(2.905995444058,2.990000477233,0.E+000));
#541 = VECTOR('',#542,1.);
#542 = DIRECTION('',(8.742277657348E-008,-1.,0.E+000));
#543 = ORIENTED_EDGE('',*,*,#544,.T.);
#544 = EDGE_CURVE('',#537,#545,#547,.T.);
#545 = VERTEX_POINT('',#546);
#546 = CARTESIAN_POINT('',(2.905995522739,2.090000477233,5.E-002));
#547 = CIRCLE('',#548,5.E-002);
#548 = AXIS2_PLACEMENT_3D('',#549,#550,#551);
#549 = CARTESIAN_POINT('',(2.905995518368,2.140000477233,5.E-002));
#550 = DIRECTION('',(-1.,-8.742277657348E-008,0.E+000));
#551 = DIRECTION('',(8.742277657348E-008,-1.,0.E+000));
#552 = ORIENTED_EDGE('',*,*,#553,.T.);
#553 = EDGE_CURVE('',#545,#554,#556,.T.);
#554 = VERTEX_POINT('',#555);
#555 = CARTESIAN_POINT('',(2.905995522739,2.090000477233,0.85));
#556 = LINE('',#557,#558);
#557 = CARTESIAN_POINT('',(2.905995522739,2.090000477233,0.E+000));
#558 = VECTOR('',#559,1.);
#559 = DIRECTION('',(0.E+000,0.E+000,1.));
#560 = ORIENTED_EDGE('',*,*,#561,.T.);
#561 = EDGE_CURVE('',#554,#562,#564,.T.);
#562 = VERTEX_POINT('',#563);
#563 = CARTESIAN_POINT('',(2.905995518368,2.140000477233,0.9));
#564 = CIRCLE('',#565,5.E-002);
#565 = AXIS2_PLACEMENT_3D('',#566,#567,#568);
#566 = CARTESIAN_POINT('',(2.905995518368,2.140000477233,0.85));
#567 = DIRECTION('',(-1.,-8.742277657348E-008,0.E+000));
#568 = DIRECTION('',(8.742277657348E-008,-1.,0.E+000));
#569 = ORIENTED_EDGE('',*,*,#570,.F.);
#570 = EDGE_CURVE('',#571,#562,#573,.T.);
#571 = VERTEX_POINT('',#572);
#572 = CARTESIAN_POINT('',(2.905995448429,2.940000477233,0.9));
#573 = LINE('',#574,#575);
#574 = CARTESIAN_POINT('',(2.905995444058,2.990000477233,0.9));
#575 = VECTOR('',#576,1.);
#576 = DIRECTION('',(8.742277657348E-008,-1.,0.E+000));
#577 = ORIENTED_EDGE('',*,*,#578,.T.);
#578 = EDGE_CURVE('',#571,#480,#579,.T.);
#579 = CIRCLE('',#580,5.E-002);
#580 = AXIS2_PLACEMENT_3D('',#581,#582,#583);
#581 = CARTESIAN_POINT('',(2.905995448429,2.940000477233,0.85));
#582 = DIRECTION('',(-1.,-8.742277657348E-008,0.E+000));
#583 = DIRECTION('',(-8.742277657348E-008,1.,0.E+000));
#584 = PLANE('',#585);
#585 = AXIS2_PLACEMENT_3D('',#586,#587,#588);
#586 = CARTESIAN_POINT('',(2.905995444058,2.990000477233,0.E+000));
#587 = DIRECTION('',(-1.,-8.742277657348E-008,0.E+000));
#588 = DIRECTION('',(0.E+000,0.E+000,1.));
#589 = ADVANCED_FACE('',(#590),#609,.T.);
#590 = FACE_BOUND('',#591,.T.);
#591 = EDGE_LOOP('',(#592,#593,#594,#602));
#592 = ORIENTED_EDGE('',*,*,#479,.T.);
#593 = ORIENTED_EDGE('',*,*,#578,.F.);
#594 = ORIENTED_EDGE('',*,*,#595,.F.);
#595 = EDGE_CURVE('',#596,#571,#598,.T.);
#596 = VERTEX_POINT('',#597);
#597 = CARTESIAN_POINT('',(4.205995448429,2.940000590882,0.9));
#598 = LINE('',#599,#600);
#599 = CARTESIAN_POINT('',(4.405995448429,2.940000608367,0.9));
#600 = VECTOR('',#601,1.);
#601 = DIRECTION('',(-1.,-8.742277657348E-008,0.E+000));
#602 = ORIENTED_EDGE('',*,*,#603,.T.);
#603 = EDGE_CURVE('',#596,#472,#604,.T.);
#604 = CIRCLE('',#605,5.E-002);
#605 = AXIS2_PLACEMENT_3D('',#606,#607,#608);
#606 = CARTESIAN_POINT('',(4.205995448429,2.940000590882,0.85));
#607 = DIRECTION('',(-1.,-8.742277657348E-008,0.E+000));
#608 = DIRECTION('',(-8.742277657348E-008,1.,0.E+000));
#609 = CYLINDRICAL_SURFACE('',#610,5.E-002);
#610 = AXIS2_PLACEMENT_3D('',#611,#612,#613);
#611 = CARTESIAN_POINT('',(4.405995448429,2.940000608367,0.85));
#612 = DIRECTION('',(-1.,-8.742277657348E-008,0.E+000));
#613 = DIRECTION('',(-8.742277657348E-008,1.,0.E+000));
#614 = ADVANCED_FACE('',(#615),#660,.F.);
#615 = FACE_BOUND('',#616,.F.);
#616 = EDGE_LOOP('',(#617,#618,#619,#627,#636,#644,#653,#659));
#617 = ORIENTED_EDGE('',*,*,#471,.F.);
#618 = ORIENTED_EDGE('',*,*,#502,.T.);
#619 = ORIENTED_EDGE('',*,*,#620,.T.);
#620 = EDGE_CURVE('',#503,#621,#623,.T.);
#621 = VERTEX_POINT('',#622);
#622 = CARTESIAN_POINT('',(4.205995518368,2.140000590882,
    -3.469446951954E-018));
#623 = LINE('',#624,#625);
#624 = CARTESIAN_POINT('',(4.205995444058,2.990000590882,0.E+000));
#625 = VECTOR('',#626,1.);
#626 = DIRECTION('',(8.742277657348E-008,-1.,0.E+000));
#627 = ORIENTED_EDGE('',*,*,#628,.T.);
#628 = EDGE_CURVE('',#621,#629,#631,.T.);
#629 = VERTEX_POINT('',#630);
#630 = CARTESIAN_POINT('',(4.205995522739,2.090000590882,5.E-002));
#631 = CIRCLE('',#632,5.E-002);
#632 = AXIS2_PLACEMENT_3D('',#633,#634,#635);
#633 = CARTESIAN_POINT('',(4.205995518368,2.140000590882,5.E-002));
#634 = DIRECTION('',(-1.,-8.742277657348E-008,0.E+000));
#635 = DIRECTION('',(8.742277657348E-008,-1.,0.E+000));
#636 = ORIENTED_EDGE('',*,*,#637,.T.);
#637 = EDGE_CURVE('',#629,#638,#640,.T.);
#638 = VERTEX_POINT('',#639);
#639 = CARTESIAN_POINT('',(4.205995522739,2.090000590882,0.85));
#640 = LINE('',#641,#642);
#641 = CARTESIAN_POINT('',(4.205995522739,2.090000590882,0.E+000));
#642 = VECTOR('',#643,1.);
#643 = DIRECTION('',(0.E+000,0.E+000,1.));
#644 = ORIENTED_EDGE('',*,*,#645,.T.);
#645 = EDGE_CURVE('',#638,#646,#648,.T.);
#646 = VERTEX_POINT('',#647);
#647 = CARTESIAN_POINT('',(4.205995518368,2.140000590882,0.9));
#648 = CIRCLE('',#649,5.E-002);
#649 = AXIS2_PLACEMENT_3D('',#650,#651,#652);
#650 = CARTESIAN_POINT('',(4.205995518368,2.140000590882,0.85));
#651 = DIRECTION('',(-1.,-8.742277657348E-008,0.E+000));
#652 = DIRECTION('',(8.742277657348E-008,-1.,0.E+000));
#653 = ORIENTED_EDGE('',*,*,#654,.F.);
#654 = EDGE_CURVE('',#596,#646,#655,.T.);
#655 = LINE('',#656,#657);
#656 = CARTESIAN_POINT('',(4.205995444058,2.990000590882,0.9));
#657 = VECTOR('',#658,1.);
#658 = DIRECTION('',(8.742277657348E-008,-1.,0.E+000));
#659 = ORIENTED_EDGE('',*,*,#603,.T.);
#660 = PLANE('',#661);
#661 = AXIS2_PLACEMENT_3D('',#662,#663,#664);
#662 = CARTESIAN_POINT('',(4.205995444058,2.990000590882,0.E+000));
#663 = DIRECTION('',(-1.,-8.742277657348E-008,0.E+000));
#664 = DIRECTION('',(0.E+000,0.E+000,1.));
#665 = ADVANCED_FACE('',(#666),#677,.F.);
#666 = FACE_BOUND('',#667,.F.);
#667 = EDGE_LOOP('',(#668,#669,#670,#671));
#668 = ORIENTED_EDGE('',*,*,#620,.F.);
#669 = ORIENTED_EDGE('',*,*,#511,.T.);
#670 = ORIENTED_EDGE('',*,*,#536,.T.);
#671 = ORIENTED_EDGE('',*,*,#672,.F.);
#672 = EDGE_CURVE('',#621,#537,#673,.T.);
#673 = LINE('',#674,#675);
#674 = CARTESIAN_POINT('',(4.405995518368,2.140000608367,
    -6.938893903907E-018));
#675 = VECTOR('',#676,1.);
#676 = DIRECTION('',(-1.,-8.742277657348E-008,0.E+000));
#677 = PLANE('',#678);
#678 = AXIS2_PLACEMENT_3D('',#679,#680,#681);
#679 = CARTESIAN_POINT('',(4.405995444058,2.990000608367,0.E+000));
#680 = DIRECTION('',(0.E+000,0.E+000,1.));
#681 = DIRECTION('',(-1.,-8.742277657348E-008,0.E+000));
#682 = ADVANCED_FACE('',(#683),#694,.T.);
#683 = FACE_BOUND('',#684,.T.);
#684 = EDGE_LOOP('',(#685,#686,#687,#688));
#685 = ORIENTED_EDGE('',*,*,#654,.F.);
#686 = ORIENTED_EDGE('',*,*,#595,.T.);
#687 = ORIENTED_EDGE('',*,*,#570,.T.);
#688 = ORIENTED_EDGE('',*,*,#689,.F.);
#689 = EDGE_CURVE('',#646,#562,#690,.T.);
#690 = LINE('',#691,#692);
#691 = CARTESIAN_POINT('',(4.405995518368,2.140000608367,0.9));
#692 = VECTOR('',#693,1.);
#693 = DIRECTION('',(-1.,-8.742277657348E-008,0.E+000));
#694 = PLANE('',#695);
#695 = AXIS2_PLACEMENT_3D('',#696,#697,#698);
#696 = CARTESIAN_POINT('',(4.405995444058,2.990000608367,0.9));
#697 = DIRECTION('',(0.E+000,0.E+000,1.));
#698 = DIRECTION('',(-1.,-8.742277657348E-008,0.E+000));
#699 = ADVANCED_FACE('',(#700),#711,.T.);
#700 = FACE_BOUND('',#701,.T.);
#701 = EDGE_LOOP('',(#702,#708,#709,#710));
#702 = ORIENTED_EDGE('',*,*,#703,.F.);
#703 = EDGE_CURVE('',#638,#554,#704,.T.);
#704 = LINE('',#705,#706);
#705 = CARTESIAN_POINT('',(4.405995522739,2.090000608367,0.85));
#706 = VECTOR('',#707,1.);
#707 = DIRECTION('',(-1.,-8.742277657348E-008,0.E+000));
#708 = ORIENTED_EDGE('',*,*,#645,.T.);
#709 = ORIENTED_EDGE('',*,*,#689,.T.);
#710 = ORIENTED_EDGE('',*,*,#561,.F.);
#711 = CYLINDRICAL_SURFACE('',#712,5.E-002);
#712 = AXIS2_PLACEMENT_3D('',#713,#714,#715);
#713 = CARTESIAN_POINT('',(4.405995518368,2.140000608367,0.85));
#714 = DIRECTION('',(-1.,-8.742277657348E-008,0.E+000));
#715 = DIRECTION('',(8.742277657348E-008,-1.,0.E+000));
#716 = ADVANCED_FACE('',(#717),#728,.T.);
#717 = FACE_BOUND('',#718,.T.);
#718 = EDGE_LOOP('',(#719,#725,#726,#727));
#719 = ORIENTED_EDGE('',*,*,#720,.F.);
#720 = EDGE_CURVE('',#629,#545,#721,.T.);
#721 = LINE('',#722,#723);
#722 = CARTESIAN_POINT('',(4.405995522739,2.090000608367,5.E-002));
#723 = VECTOR('',#724,1.);
#724 = DIRECTION('',(-1.,-8.742277657348E-008,0.E+000));
#725 = ORIENTED_EDGE('',*,*,#637,.T.);
#726 = ORIENTED_EDGE('',*,*,#703,.T.);
#727 = ORIENTED_EDGE('',*,*,#553,.F.);
#728 = PLANE('',#729);
#729 = AXIS2_PLACEMENT_3D('',#730,#731,#732);
#730 = CARTESIAN_POINT('',(4.405995522739,2.090000608367,0.E+000));
#731 = DIRECTION('',(8.742277657348E-008,-1.,0.E+000));
#732 = DIRECTION('',(0.E+000,0.E+000,1.));
#733 = ADVANCED_FACE('',(#734),#740,.T.);
#734 = FACE_BOUND('',#735,.T.);
#735 = EDGE_LOOP('',(#736,#737,#738,#739));
#736 = ORIENTED_EDGE('',*,*,#720,.T.);
#737 = ORIENTED_EDGE('',*,*,#544,.F.);
#738 = ORIENTED_EDGE('',*,*,#672,.F.);
#739 = ORIENTED_EDGE('',*,*,#628,.T.);
#740 = CYLINDRICAL_SURFACE('',#741,5.E-002);
#741 = AXIS2_PLACEMENT_3D('',#742,#743,#744);
#742 = CARTESIAN_POINT('',(4.405995518368,2.140000608367,5.E-002));
#743 = DIRECTION('',(-1.,-8.742277657348E-008,0.E+000));
#744 = DIRECTION('',(8.742277657348E-008,-1.,0.E+000));
#745 = MANIFOLD_SOLID_BREP('',#746);
#746 = CLOSED_SHELL('',(#747,#787,#820,#879,#904,#955,#972,#989,#1006,
    #1023));
#747 = ADVANCED_FACE('',(#748),#782,.F.);
#748 = FACE_BOUND('',#749,.F.);
#749 = EDGE_LOOP('',(#750,#760,#768,#776));
#750 = ORIENTED_EDGE('',*,*,#751,.F.);
#751 = EDGE_CURVE('',#752,#754,#756,.T.);
#752 = VERTEX_POINT('',#753);
#753 = CARTESIAN_POINT('',(4.429997558594,5.529999546607,-0.672604509591
    ));
#754 = VERTEX_POINT('',#755);
#755 = CARTESIAN_POINT('',(5.729997558594,5.529999546607,-0.672604509591
    ));
#756 = LINE('',#757,#758);
#757 = CARTESIAN_POINT('',(4.229997558594,5.529999546607,-0.672604509591
    ));
#758 = VECTOR('',#759,1.);
#759 = DIRECTION('',(1.,0.E+000,0.E+000));
#760 = ORIENTED_EDGE('',*,*,#761,.T.);
#761 = EDGE_CURVE('',#752,#762,#764,.T.);
#762 = VERTEX_POINT('',#763);
#763 = CARTESIAN_POINT('',(4.429997558594,5.529999616546,-1.472604509591
    ));
#764 = LINE('',#765,#766);
#765 = CARTESIAN_POINT('',(4.429997558594,5.529999542236,-0.622604509591
    ));
#766 = VECTOR('',#767,1.);
#767 = DIRECTION('',(0.E+000,8.742273394091E-008,-1.));
#768 = ORIENTED_EDGE('',*,*,#769,.T.);
#769 = EDGE_CURVE('',#762,#770,#772,.T.);
#770 = VERTEX_POINT('',#771);
#771 = CARTESIAN_POINT('',(5.729997558594,5.529999616546,-1.472604509591
    ));
#772 = LINE('',#773,#774);
#773 = CARTESIAN_POINT('',(4.229997558594,5.529999616546,-1.472604509591
    ));
#774 = VECTOR('',#775,1.);
#775 = DIRECTION('',(1.,0.E+000,0.E+000));
#776 = ORIENTED_EDGE('',*,*,#777,.F.);
#777 = EDGE_CURVE('',#754,#770,#778,.T.);
#778 = LINE('',#779,#780);
#779 = CARTESIAN_POINT('',(5.729997558594,5.529999542236,-0.622604509591
    ));
#780 = VECTOR('',#781,1.);
#781 = DIRECTION('',(0.E+000,8.742273394091E-008,-1.));
#782 = PLANE('',#783);
#783 = AXIS2_PLACEMENT_3D('',#784,#785,#786);
#784 = CARTESIAN_POINT('',(4.229997558594,5.529999542236,-0.622604509591
    ));
#785 = DIRECTION('',(0.E+000,-1.,-8.742273394091E-008));
#786 = DIRECTION('',(0.E+000,8.742273394091E-008,-1.));
#787 = ADVANCED_FACE('',(#788),#815,.T.);
#788 = FACE_BOUND('',#789,.T.);
#789 = EDGE_LOOP('',(#790,#791,#800,#808));
#790 = ORIENTED_EDGE('',*,*,#751,.F.);
#791 = ORIENTED_EDGE('',*,*,#792,.T.);
#792 = EDGE_CURVE('',#752,#793,#795,.T.);
#793 = VERTEX_POINT('',#794);
#794 = CARTESIAN_POINT('',(4.429997558594,5.479999542236,-0.622604513962
    ));
#795 = CIRCLE('',#796,5.E-002);
#796 = AXIS2_PLACEMENT_3D('',#797,#798,#799);
#797 = CARTESIAN_POINT('',(4.429997558594,5.479999546607,-0.672604513962
    ));
#798 = DIRECTION('',(1.,0.E+000,-0.E+000));
#799 = DIRECTION('',(0.E+000,1.,8.742273394091E-008));
#800 = ORIENTED_EDGE('',*,*,#801,.T.);
#801 = EDGE_CURVE('',#793,#802,#804,.T.);
#802 = VERTEX_POINT('',#803);
#803 = CARTESIAN_POINT('',(5.729997558594,5.479999542236,-0.622604513962
    ));
#804 = LINE('',#805,#806);
#805 = CARTESIAN_POINT('',(4.229997558594,5.479999542236,-0.622604513962
    ));
#806 = VECTOR('',#807,1.);
#807 = DIRECTION('',(1.,0.E+000,0.E+000));
#808 = ORIENTED_EDGE('',*,*,#809,.F.);
#809 = EDGE_CURVE('',#754,#802,#810,.T.);
#810 = CIRCLE('',#811,5.E-002);
#811 = AXIS2_PLACEMENT_3D('',#812,#813,#814);
#812 = CARTESIAN_POINT('',(5.729997558594,5.479999546607,-0.672604513962
    ));
#813 = DIRECTION('',(1.,0.E+000,-0.E+000));
#814 = DIRECTION('',(0.E+000,1.,8.742273394091E-008));
#815 = CYLINDRICAL_SURFACE('',#816,5.E-002);
#816 = AXIS2_PLACEMENT_3D('',#817,#818,#819);
#817 = CARTESIAN_POINT('',(4.229997558594,5.479999546607,-0.672604513962
    ));
#818 = DIRECTION('',(1.,0.E+000,0.E+000));
#819 = DIRECTION('',(0.E+000,1.,8.742273394091E-008));
#820 = ADVANCED_FACE('',(#821),#874,.T.);
#821 = FACE_BOUND('',#822,.T.);
#822 = EDGE_LOOP('',(#823,#824,#825,#833,#842,#850,#859,#867));
#823 = ORIENTED_EDGE('',*,*,#777,.F.);
#824 = ORIENTED_EDGE('',*,*,#809,.T.);
#825 = ORIENTED_EDGE('',*,*,#826,.T.);
#826 = EDGE_CURVE('',#802,#827,#829,.T.);
#827 = VERTEX_POINT('',#828);
#828 = CARTESIAN_POINT('',(5.729997558594,4.679999542236,-0.6226045839)
  );
#829 = LINE('',#830,#831);
#830 = CARTESIAN_POINT('',(5.729997558594,5.529999542236,-0.622604509591
    ));
#831 = VECTOR('',#832,1.);
#832 = DIRECTION('',(0.E+000,-1.,-8.742273394091E-008));
#833 = ORIENTED_EDGE('',*,*,#834,.T.);
#834 = EDGE_CURVE('',#827,#835,#837,.T.);
#835 = VERTEX_POINT('',#836);
#836 = CARTESIAN_POINT('',(5.729997558594,4.629999546607,-0.672604588271
    ));
#837 = CIRCLE('',#838,5.E-002);
#838 = AXIS2_PLACEMENT_3D('',#839,#840,#841);
#839 = CARTESIAN_POINT('',(5.729997558594,4.679999546607,-0.6726045839)
  );
#840 = DIRECTION('',(1.,0.E+000,0.E+000));
#841 = DIRECTION('',(0.E+000,-1.,-8.742273394091E-008));
#842 = ORIENTED_EDGE('',*,*,#843,.T.);
#843 = EDGE_CURVE('',#835,#844,#846,.T.);
#844 = VERTEX_POINT('',#845);
#845 = CARTESIAN_POINT('',(5.729997558594,4.629999616546,-1.472604588271
    ));
#846 = LINE('',#847,#848);
#847 = CARTESIAN_POINT('',(5.729997558594,4.629999542236,-0.622604588271
    ));
#848 = VECTOR('',#849,1.);
#849 = DIRECTION('',(0.E+000,8.742273394091E-008,-1.));
#850 = ORIENTED_EDGE('',*,*,#851,.T.);
#851 = EDGE_CURVE('',#844,#852,#854,.T.);
#852 = VERTEX_POINT('',#853);
#853 = CARTESIAN_POINT('',(5.729997558594,4.679999620917,-1.5226045839)
  );
#854 = CIRCLE('',#855,5.E-002);
#855 = AXIS2_PLACEMENT_3D('',#856,#857,#858);
#856 = CARTESIAN_POINT('',(5.729997558594,4.679999616546,-1.4726045839)
  );
#857 = DIRECTION('',(1.,0.E+000,0.E+000));
#858 = DIRECTION('',(0.E+000,-1.,-8.742273394091E-008));
#859 = ORIENTED_EDGE('',*,*,#860,.F.);
#860 = EDGE_CURVE('',#861,#852,#863,.T.);
#861 = VERTEX_POINT('',#862);
#862 = CARTESIAN_POINT('',(5.729997558594,5.479999620917,-1.522604513962
    ));
#863 = LINE('',#864,#865);
#864 = CARTESIAN_POINT('',(5.729997558594,5.529999620917,-1.522604509591
    ));
#865 = VECTOR('',#866,1.);
#866 = DIRECTION('',(0.E+000,-1.,-8.742273394091E-008));
#867 = ORIENTED_EDGE('',*,*,#868,.T.);
#868 = EDGE_CURVE('',#861,#770,#869,.T.);
#869 = CIRCLE('',#870,5.E-002);
#870 = AXIS2_PLACEMENT_3D('',#871,#872,#873);
#871 = CARTESIAN_POINT('',(5.729997558594,5.479999616546,-1.472604513962
    ));
#872 = DIRECTION('',(1.,0.E+000,-0.E+000));
#873 = DIRECTION('',(0.E+000,1.,8.742273394091E-008));
#874 = PLANE('',#875);
#875 = AXIS2_PLACEMENT_3D('',#876,#877,#878);
#876 = CARTESIAN_POINT('',(5.729997558594,5.529999542236,-0.622604509591
    ));
#877 = DIRECTION('',(1.,0.E+000,0.E+000));
#878 = DIRECTION('',(0.E+000,8.742273394091E-008,-1.));
#879 = ADVANCED_FACE('',(#880),#899,.T.);
#880 = FACE_BOUND('',#881,.T.);
#881 = EDGE_LOOP('',(#882,#883,#884,#892));
#882 = ORIENTED_EDGE('',*,*,#769,.T.);
#883 = ORIENTED_EDGE('',*,*,#868,.F.);
#884 = ORIENTED_EDGE('',*,*,#885,.F.);
#885 = EDGE_CURVE('',#886,#861,#888,.T.);
#886 = VERTEX_POINT('',#887);
#887 = CARTESIAN_POINT('',(4.429997558594,5.479999620917,-1.522604513962
    ));
#888 = LINE('',#889,#890);
#889 = CARTESIAN_POINT('',(4.229997558594,5.479999620917,-1.522604513962
    ));
#890 = VECTOR('',#891,1.);
#891 = DIRECTION('',(1.,0.E+000,0.E+000));
#892 = ORIENTED_EDGE('',*,*,#893,.T.);
#893 = EDGE_CURVE('',#886,#762,#894,.T.);
#894 = CIRCLE('',#895,5.E-002);
#895 = AXIS2_PLACEMENT_3D('',#896,#897,#898);
#896 = CARTESIAN_POINT('',(4.429997558594,5.479999616546,-1.472604513962
    ));
#897 = DIRECTION('',(1.,0.E+000,-0.E+000));
#898 = DIRECTION('',(0.E+000,1.,8.742273394091E-008));
#899 = CYLINDRICAL_SURFACE('',#900,5.E-002);
#900 = AXIS2_PLACEMENT_3D('',#901,#902,#903);
#901 = CARTESIAN_POINT('',(4.229997558594,5.479999616546,-1.472604513962
    ));
#902 = DIRECTION('',(1.,0.E+000,0.E+000));
#903 = DIRECTION('',(0.E+000,1.,8.742273394091E-008));
#904 = ADVANCED_FACE('',(#905),#950,.F.);
#905 = FACE_BOUND('',#906,.F.);
#906 = EDGE_LOOP('',(#907,#908,#909,#917,#926,#934,#943,#949));
#907 = ORIENTED_EDGE('',*,*,#761,.F.);
#908 = ORIENTED_EDGE('',*,*,#792,.T.);
#909 = ORIENTED_EDGE('',*,*,#910,.T.);
#910 = EDGE_CURVE('',#793,#911,#913,.T.);
#911 = VERTEX_POINT('',#912);
#912 = CARTESIAN_POINT('',(4.429997558594,4.679999542236,-0.6226045839)
  );
#913 = LINE('',#914,#915);
#914 = CARTESIAN_POINT('',(4.429997558594,5.529999542236,-0.622604509591
    ));
#915 = VECTOR('',#916,1.);
#916 = DIRECTION('',(0.E+000,-1.,-8.742273394091E-008));
#917 = ORIENTED_EDGE('',*,*,#918,.T.);
#918 = EDGE_CURVE('',#911,#919,#921,.T.);
#919 = VERTEX_POINT('',#920);
#920 = CARTESIAN_POINT('',(4.429997558594,4.629999546607,-0.672604588271
    ));
#921 = CIRCLE('',#922,5.E-002);
#922 = AXIS2_PLACEMENT_3D('',#923,#924,#925);
#923 = CARTESIAN_POINT('',(4.429997558594,4.679999546607,-0.6726045839)
  );
#924 = DIRECTION('',(1.,0.E+000,0.E+000));
#925 = DIRECTION('',(0.E+000,-1.,-8.742273394091E-008));
#926 = ORIENTED_EDGE('',*,*,#927,.T.);
#927 = EDGE_CURVE('',#919,#928,#930,.T.);
#928 = VERTEX_POINT('',#929);
#929 = CARTESIAN_POINT('',(4.429997558594,4.629999616546,-1.472604588271
    ));
#930 = LINE('',#931,#932);
#931 = CARTESIAN_POINT('',(4.429997558594,4.629999542236,-0.622604588271
    ));
#932 = VECTOR('',#933,1.);
#933 = DIRECTION('',(0.E+000,8.742273394091E-008,-1.));
#934 = ORIENTED_EDGE('',*,*,#935,.T.);
#935 = EDGE_CURVE('',#928,#936,#938,.T.);
#936 = VERTEX_POINT('',#937);
#937 = CARTESIAN_POINT('',(4.429997558594,4.679999620917,-1.5226045839)
  );
#938 = CIRCLE('',#939,5.E-002);
#939 = AXIS2_PLACEMENT_3D('',#940,#941,#942);
#940 = CARTESIAN_POINT('',(4.429997558594,4.679999616546,-1.4726045839)
  );
#941 = DIRECTION('',(1.,0.E+000,0.E+000));
#942 = DIRECTION('',(0.E+000,-1.,-8.742273394091E-008));
#943 = ORIENTED_EDGE('',*,*,#944,.F.);
#944 = EDGE_CURVE('',#886,#936,#945,.T.);
#945 = LINE('',#946,#947);
#946 = CARTESIAN_POINT('',(4.429997558594,5.529999620917,-1.522604509591
    ));
#947 = VECTOR('',#948,1.);
#948 = DIRECTION('',(0.E+000,-1.,-8.742273394091E-008));
#949 = ORIENTED_EDGE('',*,*,#893,.T.);
#950 = PLANE('',#951);
#951 = AXIS2_PLACEMENT_3D('',#952,#953,#954);
#952 = CARTESIAN_POINT('',(4.429997558594,5.529999542236,-0.622604509591
    ));
#953 = DIRECTION('',(1.,0.E+000,0.E+000));
#954 = DIRECTION('',(0.E+000,8.742273394091E-008,-1.));
#955 = ADVANCED_FACE('',(#956),#967,.F.);
#956 = FACE_BOUND('',#957,.F.);
#957 = EDGE_LOOP('',(#958,#959,#960,#961));
#958 = ORIENTED_EDGE('',*,*,#910,.F.);
#959 = ORIENTED_EDGE('',*,*,#801,.T.);
#960 = ORIENTED_EDGE('',*,*,#826,.T.);
#961 = ORIENTED_EDGE('',*,*,#962,.F.);
#962 = EDGE_CURVE('',#911,#827,#963,.T.);
#963 = LINE('',#964,#965);
#964 = CARTESIAN_POINT('',(4.229997558594,4.679999542236,-0.6226045839)
  );
#965 = VECTOR('',#966,1.);
#966 = DIRECTION('',(1.,0.E+000,0.E+000));
#967 = PLANE('',#968);
#968 = AXIS2_PLACEMENT_3D('',#969,#970,#971);
#969 = CARTESIAN_POINT('',(4.229997558594,5.529999542236,-0.622604509591
    ));
#970 = DIRECTION('',(0.E+000,8.742273394091E-008,-1.));
#971 = DIRECTION('',(1.,0.E+000,0.E+000));
#972 = ADVANCED_FACE('',(#973),#984,.T.);
#973 = FACE_BOUND('',#974,.T.);
#974 = EDGE_LOOP('',(#975,#976,#977,#978));
#975 = ORIENTED_EDGE('',*,*,#944,.F.);
#976 = ORIENTED_EDGE('',*,*,#885,.T.);
#977 = ORIENTED_EDGE('',*,*,#860,.T.);
#978 = ORIENTED_EDGE('',*,*,#979,.F.);
#979 = EDGE_CURVE('',#936,#852,#980,.T.);
#980 = LINE('',#981,#982);
#981 = CARTESIAN_POINT('',(4.229997558594,4.679999620917,-1.5226045839)
  );
#982 = VECTOR('',#983,1.);
#983 = DIRECTION('',(1.,0.E+000,0.E+000));
#984 = PLANE('',#985);
#985 = AXIS2_PLACEMENT_3D('',#986,#987,#988);
#986 = CARTESIAN_POINT('',(4.229997558594,5.529999620917,-1.522604509591
    ));
#987 = DIRECTION('',(0.E+000,8.742273394091E-008,-1.));
#988 = DIRECTION('',(1.,0.E+000,0.E+000));
#989 = ADVANCED_FACE('',(#990),#1001,.T.);
#990 = FACE_BOUND('',#991,.T.);
#991 = EDGE_LOOP('',(#992,#998,#999,#1000));
#992 = ORIENTED_EDGE('',*,*,#993,.F.);
#993 = EDGE_CURVE('',#928,#844,#994,.T.);
#994 = LINE('',#995,#996);
#995 = CARTESIAN_POINT('',(4.229997558594,4.629999616546,-1.472604588271
    ));
#996 = VECTOR('',#997,1.);
#997 = DIRECTION('',(1.,0.E+000,0.E+000));
#998 = ORIENTED_EDGE('',*,*,#935,.T.);
#999 = ORIENTED_EDGE('',*,*,#979,.T.);
#1000 = ORIENTED_EDGE('',*,*,#851,.F.);
#1001 = CYLINDRICAL_SURFACE('',#1002,5.E-002);
#1002 = AXIS2_PLACEMENT_3D('',#1003,#1004,#1005);
#1003 = CARTESIAN_POINT('',(4.229997558594,4.679999616546,-1.4726045839)
  );
#1004 = DIRECTION('',(1.,0.E+000,0.E+000));
#1005 = DIRECTION('',(0.E+000,-1.,-8.742273394091E-008));
#1006 = ADVANCED_FACE('',(#1007),#1018,.T.);
#1007 = FACE_BOUND('',#1008,.T.);
#1008 = EDGE_LOOP('',(#1009,#1015,#1016,#1017));
#1009 = ORIENTED_EDGE('',*,*,#1010,.F.);
#1010 = EDGE_CURVE('',#919,#835,#1011,.T.);
#1011 = LINE('',#1012,#1013);
#1012 = CARTESIAN_POINT('',(4.229997558594,4.629999546607,
    -0.672604588271));
#1013 = VECTOR('',#1014,1.);
#1014 = DIRECTION('',(1.,0.E+000,0.E+000));
#1015 = ORIENTED_EDGE('',*,*,#927,.T.);
#1016 = ORIENTED_EDGE('',*,*,#993,.T.);
#1017 = ORIENTED_EDGE('',*,*,#843,.F.);
#1018 = PLANE('',#1019);
#1019 = AXIS2_PLACEMENT_3D('',#1020,#1021,#1022);
#1020 = CARTESIAN_POINT('',(4.229997558594,4.629999542236,
    -0.622604588271));
#1021 = DIRECTION('',(0.E+000,-1.,-8.742273394091E-008));
#1022 = DIRECTION('',(0.E+000,8.742273394091E-008,-1.));
#1023 = ADVANCED_FACE('',(#1024),#1030,.T.);
#1024 = FACE_BOUND('',#1025,.T.);
#1025 = EDGE_LOOP('',(#1026,#1027,#1028,#1029));
#1026 = ORIENTED_EDGE('',*,*,#1010,.T.);
#1027 = ORIENTED_EDGE('',*,*,#834,.F.);
#1028 = ORIENTED_EDGE('',*,*,#962,.F.);
#1029 = ORIENTED_EDGE('',*,*,#918,.T.);
#1030 = CYLINDRICAL_SURFACE('',#1031,5.E-002);
#1031 = AXIS2_PLACEMENT_3D('',#1032,#1033,#1034);
#1032 = CARTESIAN_POINT('',(4.229997558594,4.679999546607,-0.6726045839)
  );
#1033 = DIRECTION('',(1.,0.E+000,0.E+000));
#1034 = DIRECTION('',(0.E+000,-1.,-8.742273394091E-008));
#1035 = MANIFOLD_SOLID_BREP('',#1036);
#1036 = CLOSED_SHELL('',(#1037,#1077,#1110,#1169,#1194,#1245,#1262,#1279
    ,#1296,#1313));
#1037 = ADVANCED_FACE('',(#1038),#1072,.F.);
#1038 = FACE_BOUND('',#1039,.F.);
#1039 = EDGE_LOOP('',(#1040,#1050,#1058,#1066));
#1040 = ORIENTED_EDGE('',*,*,#1041,.F.);
#1041 = EDGE_CURVE('',#1042,#1044,#1046,.T.);
#1042 = VERTEX_POINT('',#1043);
#1043 = CARTESIAN_POINT('',(5.95399971247,10.726000099973,5.E-002));
#1044 = VERTEX_POINT('',#1045);
#1045 = CARTESIAN_POINT('',(7.25399971247,10.726000327273,5.E-002));
#1046 = LINE('',#1047,#1048);
#1047 = CARTESIAN_POINT('',(5.75399971247,10.726000065004,5.E-002));
#1048 = VECTOR('',#1049,1.);
#1049 = DIRECTION('',(1.,1.748455531469E-007,0.E+000));
#1050 = ORIENTED_EDGE('',*,*,#1051,.T.);
#1051 = EDGE_CURVE('',#1042,#1052,#1054,.T.);
#1052 = VERTEX_POINT('',#1053);
#1053 = CARTESIAN_POINT('',(5.95399971247,10.726000099973,0.85));
#1054 = LINE('',#1055,#1056);
#1055 = CARTESIAN_POINT('',(5.95399971247,10.726000099973,0.E+000));
#1056 = VECTOR('',#1057,1.);
#1057 = DIRECTION('',(0.E+000,0.E+000,1.));
#1058 = ORIENTED_EDGE('',*,*,#1059,.T.);
#1059 = EDGE_CURVE('',#1052,#1060,#1062,.T.);
#1060 = VERTEX_POINT('',#1061);
#1061 = CARTESIAN_POINT('',(7.25399971247,10.726000327273,0.85));
#1062 = LINE('',#1063,#1064);
#1063 = CARTESIAN_POINT('',(5.75399971247,10.726000065004,0.85));
#1064 = VECTOR('',#1065,1.);
#1065 = DIRECTION('',(1.,1.748455531469E-007,0.E+000));
#1066 = ORIENTED_EDGE('',*,*,#1067,.F.);
#1067 = EDGE_CURVE('',#1044,#1060,#1068,.T.);
#1068 = LINE('',#1069,#1070);
#1069 = CARTESIAN_POINT('',(7.25399971247,10.726000327273,0.E+000));
#1070 = VECTOR('',#1071,1.);
#1071 = DIRECTION('',(0.E+000,0.E+000,1.));
#1072 = PLANE('',#1073);
#1073 = AXIS2_PLACEMENT_3D('',#1074,#1075,#1076);
#1074 = CARTESIAN_POINT('',(5.75399971247,10.726000065004,0.E+000));
#1075 = DIRECTION('',(-1.748455531469E-007,1.,0.E+000));
#1076 = DIRECTION('',(0.E+000,0.E+000,1.));
#1077 = ADVANCED_FACE('',(#1078),#1105,.T.);
#1078 = FACE_BOUND('',#1079,.T.);
#1079 = EDGE_LOOP('',(#1080,#1081,#1090,#1098));
#1080 = ORIENTED_EDGE('',*,*,#1041,.F.);
#1081 = ORIENTED_EDGE('',*,*,#1082,.T.);
#1082 = EDGE_CURVE('',#1042,#1083,#1085,.T.);
#1083 = VERTEX_POINT('',#1084);
#1084 = CARTESIAN_POINT('',(5.953999703727,10.776000099973,
    -3.469446951954E-018));
#1085 = CIRCLE('',#1086,5.E-002);
#1086 = AXIS2_PLACEMENT_3D('',#1087,#1088,#1089);
#1087 = CARTESIAN_POINT('',(5.953999703727,10.776000099973,5.E-002));
#1088 = DIRECTION('',(1.,1.748455531469E-007,0.E+000));
#1089 = DIRECTION('',(1.748455531469E-007,-1.,0.E+000));
#1090 = ORIENTED_EDGE('',*,*,#1091,.T.);
#1091 = EDGE_CURVE('',#1083,#1092,#1094,.T.);
#1092 = VERTEX_POINT('',#1093);
#1093 = CARTESIAN_POINT('',(7.253999703727,10.776000327273,
    -3.469446951954E-018));
#1094 = LINE('',#1095,#1096);
#1095 = CARTESIAN_POINT('',(5.753999703727,10.776000065004,
    -6.938893903907E-018));
#1096 = VECTOR('',#1097,1.);
#1097 = DIRECTION('',(1.,1.748455531469E-007,0.E+000));
#1098 = ORIENTED_EDGE('',*,*,#1099,.F.);
#1099 = EDGE_CURVE('',#1044,#1092,#1100,.T.);
#1100 = CIRCLE('',#1101,5.E-002);
#1101 = AXIS2_PLACEMENT_3D('',#1102,#1103,#1104);
#1102 = CARTESIAN_POINT('',(7.253999703727,10.776000327273,5.E-002));
#1103 = DIRECTION('',(1.,1.748455531469E-007,0.E+000));
#1104 = DIRECTION('',(1.748455531469E-007,-1.,0.E+000));
#1105 = CYLINDRICAL_SURFACE('',#1106,5.E-002);
#1106 = AXIS2_PLACEMENT_3D('',#1107,#1108,#1109);
#1107 = CARTESIAN_POINT('',(5.753999703727,10.776000065004,5.E-002));
#1108 = DIRECTION('',(1.,1.748455531469E-007,0.E+000));
#1109 = DIRECTION('',(1.748455531469E-007,-1.,0.E+000));
#1110 = ADVANCED_FACE('',(#1111),#1164,.T.);
#1111 = FACE_BOUND('',#1112,.T.);
#1112 = EDGE_LOOP('',(#1113,#1114,#1115,#1123,#1132,#1140,#1149,#1157));
#1113 = ORIENTED_EDGE('',*,*,#1067,.F.);
#1114 = ORIENTED_EDGE('',*,*,#1099,.T.);
#1115 = ORIENTED_EDGE('',*,*,#1116,.T.);
#1116 = EDGE_CURVE('',#1092,#1117,#1119,.T.);
#1117 = VERTEX_POINT('',#1118);
#1118 = CARTESIAN_POINT('',(7.253999563851,11.576000327273,
    -3.469446951954E-018));
#1119 = LINE('',#1120,#1121);
#1120 = CARTESIAN_POINT('',(7.25399971247,10.726000327273,0.E+000));
#1121 = VECTOR('',#1122,1.);
#1122 = DIRECTION('',(-1.748455531469E-007,1.,0.E+000));
#1123 = ORIENTED_EDGE('',*,*,#1124,.T.);
#1124 = EDGE_CURVE('',#1117,#1125,#1127,.T.);
#1125 = VERTEX_POINT('',#1126);
#1126 = CARTESIAN_POINT('',(7.253999555109,11.626000327273,5.E-002));
#1127 = CIRCLE('',#1128,5.E-002);
#1128 = AXIS2_PLACEMENT_3D('',#1129,#1130,#1131);
#1129 = CARTESIAN_POINT('',(7.253999563851,11.576000327273,5.E-002));
#1130 = DIRECTION('',(1.,1.748455531469E-007,-0.E+000));
#1131 = DIRECTION('',(-1.748455531469E-007,1.,0.E+000));
#1132 = ORIENTED_EDGE('',*,*,#1133,.T.);
#1133 = EDGE_CURVE('',#1125,#1134,#1136,.T.);
#1134 = VERTEX_POINT('',#1135);
#1135 = CARTESIAN_POINT('',(7.253999555109,11.626000327273,0.85));
#1136 = LINE('',#1137,#1138);
#1137 = CARTESIAN_POINT('',(7.253999555109,11.626000327273,0.E+000));
#1138 = VECTOR('',#1139,1.);
#1139 = DIRECTION('',(0.E+000,0.E+000,1.));
#1140 = ORIENTED_EDGE('',*,*,#1141,.T.);
#1141 = EDGE_CURVE('',#1134,#1142,#1144,.T.);
#1142 = VERTEX_POINT('',#1143);
#1143 = CARTESIAN_POINT('',(7.253999563851,11.576000327273,0.9));
#1144 = CIRCLE('',#1145,5.E-002);
#1145 = AXIS2_PLACEMENT_3D('',#1146,#1147,#1148);
#1146 = CARTESIAN_POINT('',(7.253999563851,11.576000327273,0.85));
#1147 = DIRECTION('',(1.,1.748455531469E-007,-0.E+000));
#1148 = DIRECTION('',(-1.748455531469E-007,1.,0.E+000));
#1149 = ORIENTED_EDGE('',*,*,#1150,.F.);
#1150 = EDGE_CURVE('',#1151,#1142,#1153,.T.);
#1151 = VERTEX_POINT('',#1152);
#1152 = CARTESIAN_POINT('',(7.253999703727,10.776000327273,0.9));
#1153 = LINE('',#1154,#1155);
#1154 = CARTESIAN_POINT('',(7.25399971247,10.726000327273,0.9));
#1155 = VECTOR('',#1156,1.);
#1156 = DIRECTION('',(-1.748455531469E-007,1.,0.E+000));
#1157 = ORIENTED_EDGE('',*,*,#1158,.T.);
#1158 = EDGE_CURVE('',#1151,#1060,#1159,.T.);
#1159 = CIRCLE('',#1160,5.E-002);
#1160 = AXIS2_PLACEMENT_3D('',#1161,#1162,#1163);
#1161 = CARTESIAN_POINT('',(7.253999703727,10.776000327273,0.85));
#1162 = DIRECTION('',(1.,1.748455531469E-007,0.E+000));
#1163 = DIRECTION('',(1.748455531469E-007,-1.,0.E+000));
#1164 = PLANE('',#1165);
#1165 = AXIS2_PLACEMENT_3D('',#1166,#1167,#1168);
#1166 = CARTESIAN_POINT('',(7.25399971247,10.726000327273,0.E+000));
#1167 = DIRECTION('',(1.,1.748455531469E-007,0.E+000));
#1168 = DIRECTION('',(0.E+000,0.E+000,1.));
#1169 = ADVANCED_FACE('',(#1170),#1189,.T.);
#1170 = FACE_BOUND('',#1171,.T.);
#1171 = EDGE_LOOP('',(#1172,#1173,#1174,#1182));
#1172 = ORIENTED_EDGE('',*,*,#1059,.T.);
#1173 = ORIENTED_EDGE('',*,*,#1158,.F.);
#1174 = ORIENTED_EDGE('',*,*,#1175,.F.);
#1175 = EDGE_CURVE('',#1176,#1151,#1178,.T.);
#1176 = VERTEX_POINT('',#1177);
#1177 = CARTESIAN_POINT('',(5.953999703727,10.776000099973,0.9));
#1178 = LINE('',#1179,#1180);
#1179 = CARTESIAN_POINT('',(5.753999703727,10.776000065004,0.9));
#1180 = VECTOR('',#1181,1.);
#1181 = DIRECTION('',(1.,1.748455531469E-007,0.E+000));
#1182 = ORIENTED_EDGE('',*,*,#1183,.T.);
#1183 = EDGE_CURVE('',#1176,#1052,#1184,.T.);
#1184 = CIRCLE('',#1185,5.E-002);
#1185 = AXIS2_PLACEMENT_3D('',#1186,#1187,#1188);
#1186 = CARTESIAN_POINT('',(5.953999703727,10.776000099973,0.85));
#1187 = DIRECTION('',(1.,1.748455531469E-007,0.E+000));
#1188 = DIRECTION('',(1.748455531469E-007,-1.,0.E+000));
#1189 = CYLINDRICAL_SURFACE('',#1190,5.E-002);
#1190 = AXIS2_PLACEMENT_3D('',#1191,#1192,#1193);
#1191 = CARTESIAN_POINT('',(5.753999703727,10.776000065004,0.85));
#1192 = DIRECTION('',(1.,1.748455531469E-007,0.E+000));
#1193 = DIRECTION('',(1.748455531469E-007,-1.,0.E+000));
#1194 = ADVANCED_FACE('',(#1195),#1240,.F.);
#1195 = FACE_BOUND('',#1196,.F.);
#1196 = EDGE_LOOP('',(#1197,#1198,#1199,#1207,#1216,#1224,#1233,#1239));
#1197 = ORIENTED_EDGE('',*,*,#1051,.F.);
#1198 = ORIENTED_EDGE('',*,*,#1082,.T.);
#1199 = ORIENTED_EDGE('',*,*,#1200,.T.);
#1200 = EDGE_CURVE('',#1083,#1201,#1203,.T.);
#1201 = VERTEX_POINT('',#1202);
#1202 = CARTESIAN_POINT('',(5.953999563851,11.576000099973,
    -3.469446951954E-018));
#1203 = LINE('',#1204,#1205);
#1204 = CARTESIAN_POINT('',(5.95399971247,10.726000099973,0.E+000));
#1205 = VECTOR('',#1206,1.);
#1206 = DIRECTION('',(-1.748455531469E-007,1.,0.E+000));
#1207 = ORIENTED_EDGE('',*,*,#1208,.T.);
#1208 = EDGE_CURVE('',#1201,#1209,#1211,.T.);
#1209 = VERTEX_POINT('',#1210);
#1210 = CARTESIAN_POINT('',(5.953999555109,11.626000099973,5.E-002));
#1211 = CIRCLE('',#1212,5.E-002);
#1212 = AXIS2_PLACEMENT_3D('',#1213,#1214,#1215);
#1213 = CARTESIAN_POINT('',(5.953999563851,11.576000099973,5.E-002));
#1214 = DIRECTION('',(1.,1.748455531469E-007,-0.E+000));
#1215 = DIRECTION('',(-1.748455531469E-007,1.,0.E+000));
#1216 = ORIENTED_EDGE('',*,*,#1217,.T.);
#1217 = EDGE_CURVE('',#1209,#1218,#1220,.T.);
#1218 = VERTEX_POINT('',#1219);
#1219 = CARTESIAN_POINT('',(5.953999555109,11.626000099973,0.85));
#1220 = LINE('',#1221,#1222);
#1221 = CARTESIAN_POINT('',(5.953999555109,11.626000099973,0.E+000));
#1222 = VECTOR('',#1223,1.);
#1223 = DIRECTION('',(0.E+000,0.E+000,1.));
#1224 = ORIENTED_EDGE('',*,*,#1225,.T.);
#1225 = EDGE_CURVE('',#1218,#1226,#1228,.T.);
#1226 = VERTEX_POINT('',#1227);
#1227 = CARTESIAN_POINT('',(5.953999563851,11.576000099973,0.9));
#1228 = CIRCLE('',#1229,5.E-002);
#1229 = AXIS2_PLACEMENT_3D('',#1230,#1231,#1232);
#1230 = CARTESIAN_POINT('',(5.953999563851,11.576000099973,0.85));
#1231 = DIRECTION('',(1.,1.748455531469E-007,-0.E+000));
#1232 = DIRECTION('',(-1.748455531469E-007,1.,0.E+000));
#1233 = ORIENTED_EDGE('',*,*,#1234,.F.);
#1234 = EDGE_CURVE('',#1176,#1226,#1235,.T.);
#1235 = LINE('',#1236,#1237);
#1236 = CARTESIAN_POINT('',(5.95399971247,10.726000099973,0.9));
#1237 = VECTOR('',#1238,1.);
#1238 = DIRECTION('',(-1.748455531469E-007,1.,0.E+000));
#1239 = ORIENTED_EDGE('',*,*,#1183,.T.);
#1240 = PLANE('',#1241);
#1241 = AXIS2_PLACEMENT_3D('',#1242,#1243,#1244);
#1242 = CARTESIAN_POINT('',(5.95399971247,10.726000099973,0.E+000));
#1243 = DIRECTION('',(1.,1.748455531469E-007,0.E+000));
#1244 = DIRECTION('',(0.E+000,0.E+000,1.));
#1245 = ADVANCED_FACE('',(#1246),#1257,.F.);
#1246 = FACE_BOUND('',#1247,.F.);
#1247 = EDGE_LOOP('',(#1248,#1249,#1250,#1251));
#1248 = ORIENTED_EDGE('',*,*,#1200,.F.);
#1249 = ORIENTED_EDGE('',*,*,#1091,.T.);
#1250 = ORIENTED_EDGE('',*,*,#1116,.T.);
#1251 = ORIENTED_EDGE('',*,*,#1252,.F.);
#1252 = EDGE_CURVE('',#1201,#1117,#1253,.T.);
#1253 = LINE('',#1254,#1255);
#1254 = CARTESIAN_POINT('',(5.753999563851,11.576000065004,
    -6.938893903907E-018));
#1255 = VECTOR('',#1256,1.);
#1256 = DIRECTION('',(1.,1.748455531469E-007,0.E+000));
#1257 = PLANE('',#1258);
#1258 = AXIS2_PLACEMENT_3D('',#1259,#1260,#1261);
#1259 = CARTESIAN_POINT('',(5.75399971247,10.726000065004,0.E+000));
#1260 = DIRECTION('',(0.E+000,0.E+000,1.));
#1261 = DIRECTION('',(1.,1.748455531469E-007,0.E+000));
#1262 = ADVANCED_FACE('',(#1263),#1274,.T.);
#1263 = FACE_BOUND('',#1264,.T.);
#1264 = EDGE_LOOP('',(#1265,#1266,#1267,#1268));
#1265 = ORIENTED_EDGE('',*,*,#1234,.F.);
#1266 = ORIENTED_EDGE('',*,*,#1175,.T.);
#1267 = ORIENTED_EDGE('',*,*,#1150,.T.);
#1268 = ORIENTED_EDGE('',*,*,#1269,.F.);
#1269 = EDGE_CURVE('',#1226,#1142,#1270,.T.);
#1270 = LINE('',#1271,#1272);
#1271 = CARTESIAN_POINT('',(5.753999563851,11.576000065004,0.9));
#1272 = VECTOR('',#1273,1.);
#1273 = DIRECTION('',(1.,1.748455531469E-007,0.E+000));
#1274 = PLANE('',#1275);
#1275 = AXIS2_PLACEMENT_3D('',#1276,#1277,#1278);
#1276 = CARTESIAN_POINT('',(5.75399971247,10.726000065004,0.9));
#1277 = DIRECTION('',(0.E+000,0.E+000,1.));
#1278 = DIRECTION('',(1.,1.748455531469E-007,0.E+000));
#1279 = ADVANCED_FACE('',(#1280),#1291,.T.);
#1280 = FACE_BOUND('',#1281,.T.);
#1281 = EDGE_LOOP('',(#1282,#1288,#1289,#1290));
#1282 = ORIENTED_EDGE('',*,*,#1283,.F.);
#1283 = EDGE_CURVE('',#1218,#1134,#1284,.T.);
#1284 = LINE('',#1285,#1286);
#1285 = CARTESIAN_POINT('',(5.753999555109,11.626000065004,0.85));
#1286 = VECTOR('',#1287,1.);
#1287 = DIRECTION('',(1.,1.748455531469E-007,0.E+000));
#1288 = ORIENTED_EDGE('',*,*,#1225,.T.);
#1289 = ORIENTED_EDGE('',*,*,#1269,.T.);
#1290 = ORIENTED_EDGE('',*,*,#1141,.F.);
#1291 = CYLINDRICAL_SURFACE('',#1292,5.E-002);
#1292 = AXIS2_PLACEMENT_3D('',#1293,#1294,#1295);
#1293 = CARTESIAN_POINT('',(5.753999563851,11.576000065004,0.85));
#1294 = DIRECTION('',(1.,1.748455531469E-007,0.E+000));
#1295 = DIRECTION('',(-1.748455531469E-007,1.,0.E+000));
#1296 = ADVANCED_FACE('',(#1297),#1308,.T.);
#1297 = FACE_BOUND('',#1298,.T.);
#1298 = EDGE_LOOP('',(#1299,#1305,#1306,#1307));
#1299 = ORIENTED_EDGE('',*,*,#1300,.F.);
#1300 = EDGE_CURVE('',#1209,#1125,#1301,.T.);
#1301 = LINE('',#1302,#1303);
#1302 = CARTESIAN_POINT('',(5.753999555109,11.626000065004,5.E-002));
#1303 = VECTOR('',#1304,1.);
#1304 = DIRECTION('',(1.,1.748455531469E-007,0.E+000));
#1305 = ORIENTED_EDGE('',*,*,#1217,.T.);
#1306 = ORIENTED_EDGE('',*,*,#1283,.T.);
#1307 = ORIENTED_EDGE('',*,*,#1133,.F.);
#1308 = PLANE('',#1309);
#1309 = AXIS2_PLACEMENT_3D('',#1310,#1311,#1312);
#1310 = CARTESIAN_POINT('',(5.753999555109,11.626000065004,0.E+000));
#1311 = DIRECTION('',(-1.748455531469E-007,1.,0.E+000));
#1312 = DIRECTION('',(0.E+000,0.E+000,1.));
#1313 = ADVANCED_FACE('',(#1314),#1320,.T.);
#1314 = FACE_BOUND('',#1315,.T.);
#1315 = EDGE_LOOP('',(#1316,#1317,#1318,#1319));
#1316 = ORIENTED_EDGE('',*,*,#1300,.T.);
#1317 = ORIENTED_EDGE('',*,*,#1124,.F.);
#1318 = ORIENTED_EDGE('',*,*,#1252,.F.);
#1319 = ORIENTED_EDGE('',*,*,#1208,.T.);
#1320 = CYLINDRICAL_SURFACE('',#1321,5.E-002);
#1321 = AXIS2_PLACEMENT_3D('',#1322,#1323,#1324);
#1322 = CARTESIAN_POINT('',(5.753999563851,11.576000065004,5.E-002));
#1323 = DIRECTION('',(1.,1.748455531469E-007,0.E+000));
#1324 = DIRECTION('',(-1.748455531469E-007,1.,0.E+000));
#1325 = MANIFOLD_SOLID_BREP('',#1326);
#1326 = CLOSED_SHELL('',(#1327,#1367,#1400,#1459,#1484,#1535,#1552,#1569
    ,#1586,#1603));
#1327 = ADVANCED_FACE('',(#1328),#1362,.F.);
#1328 = FACE_BOUND('',#1329,.F.);
#1329 = EDGE_LOOP('',(#1330,#1340,#1348,#1356));
#1330 = ORIENTED_EDGE('',*,*,#1331,.F.);
#1331 = EDGE_CURVE('',#1332,#1334,#1336,.T.);
#1332 = VERTEX_POINT('',#1333);
#1333 = CARTESIAN_POINT('',(5.95399971247,2.090000420408,5.E-002));
#1334 = VERTEX_POINT('',#1335);
#1335 = CARTESIAN_POINT('',(7.25399971247,2.090000647707,5.E-002));
#1336 = LINE('',#1337,#1338);
#1337 = CARTESIAN_POINT('',(5.75399971247,2.090000385439,5.E-002));
#1338 = VECTOR('',#1339,1.);
#1339 = DIRECTION('',(1.,1.748455531469E-007,0.E+000));
#1340 = ORIENTED_EDGE('',*,*,#1341,.T.);
#1341 = EDGE_CURVE('',#1332,#1342,#1344,.T.);
#1342 = VERTEX_POINT('',#1343);
#1343 = CARTESIAN_POINT('',(5.95399971247,2.090000420408,0.85));
#1344 = LINE('',#1345,#1346);
#1345 = CARTESIAN_POINT('',(5.95399971247,2.090000420408,0.E+000));
#1346 = VECTOR('',#1347,1.);
#1347 = DIRECTION('',(0.E+000,0.E+000,1.));
#1348 = ORIENTED_EDGE('',*,*,#1349,.T.);
#1349 = EDGE_CURVE('',#1342,#1350,#1352,.T.);
#1350 = VERTEX_POINT('',#1351);
#1351 = CARTESIAN_POINT('',(7.25399971247,2.090000647707,0.85));
#1352 = LINE('',#1353,#1354);
#1353 = CARTESIAN_POINT('',(5.75399971247,2.090000385439,0.85));
#1354 = VECTOR('',#1355,1.);
#1355 = DIRECTION('',(1.,1.748455531469E-007,0.E+000));
#1356 = ORIENTED_EDGE('',*,*,#1357,.F.);
#1357 = EDGE_CURVE('',#1334,#1350,#1358,.T.);
#1358 = LINE('',#1359,#1360);
#1359 = CARTESIAN_POINT('',(7.25399971247,2.090000647707,0.E+000));
#1360 = VECTOR('',#1361,1.);
#1361 = DIRECTION('',(0.E+000,0.E+000,1.));
#1362 = PLANE('',#1363);
#1363 = AXIS2_PLACEMENT_3D('',#1364,#1365,#1366);
#1364 = CARTESIAN_POINT('',(5.75399971247,2.090000385439,0.E+000));
#1365 = DIRECTION('',(-1.748455531469E-007,1.,0.E+000));
#1366 = DIRECTION('',(0.E+000,0.E+000,1.));
#1367 = ADVANCED_FACE('',(#1368),#1395,.T.);
#1368 = FACE_BOUND('',#1369,.T.);
#1369 = EDGE_LOOP('',(#1370,#1371,#1380,#1388));
#1370 = ORIENTED_EDGE('',*,*,#1331,.F.);
#1371 = ORIENTED_EDGE('',*,*,#1372,.T.);
#1372 = EDGE_CURVE('',#1332,#1373,#1375,.T.);
#1373 = VERTEX_POINT('',#1374);
#1374 = CARTESIAN_POINT('',(5.953999703727,2.140000420408,
    -3.469446951954E-018));
#1375 = CIRCLE('',#1376,5.E-002);
#1376 = AXIS2_PLACEMENT_3D('',#1377,#1378,#1379);
#1377 = CARTESIAN_POINT('',(5.953999703727,2.140000420408,5.E-002));
#1378 = DIRECTION('',(1.,1.748455531469E-007,0.E+000));
#1379 = DIRECTION('',(1.748455531469E-007,-1.,0.E+000));
#1380 = ORIENTED_EDGE('',*,*,#1381,.T.);
#1381 = EDGE_CURVE('',#1373,#1382,#1384,.T.);
#1382 = VERTEX_POINT('',#1383);
#1383 = CARTESIAN_POINT('',(7.253999703727,2.140000647707,
    -3.469446951954E-018));
#1384 = LINE('',#1385,#1386);
#1385 = CARTESIAN_POINT('',(5.753999703727,2.140000385439,
    -6.938893903907E-018));
#1386 = VECTOR('',#1387,1.);
#1387 = DIRECTION('',(1.,1.748455531469E-007,0.E+000));
#1388 = ORIENTED_EDGE('',*,*,#1389,.F.);
#1389 = EDGE_CURVE('',#1334,#1382,#1390,.T.);
#1390 = CIRCLE('',#1391,5.E-002);
#1391 = AXIS2_PLACEMENT_3D('',#1392,#1393,#1394);
#1392 = CARTESIAN_POINT('',(7.253999703727,2.140000647707,5.E-002));
#1393 = DIRECTION('',(1.,1.748455531469E-007,0.E+000));
#1394 = DIRECTION('',(1.748455531469E-007,-1.,0.E+000));
#1395 = CYLINDRICAL_SURFACE('',#1396,5.E-002);
#1396 = AXIS2_PLACEMENT_3D('',#1397,#1398,#1399);
#1397 = CARTESIAN_POINT('',(5.753999703727,2.140000385439,5.E-002));
#1398 = DIRECTION('',(1.,1.748455531469E-007,0.E+000));
#1399 = DIRECTION('',(1.748455531469E-007,-1.,0.E+000));
#1400 = ADVANCED_FACE('',(#1401),#1454,.T.);
#1401 = FACE_BOUND('',#1402,.T.);
#1402 = EDGE_LOOP('',(#1403,#1404,#1405,#1413,#1422,#1430,#1439,#1447));
#1403 = ORIENTED_EDGE('',*,*,#1357,.F.);
#1404 = ORIENTED_EDGE('',*,*,#1389,.T.);
#1405 = ORIENTED_EDGE('',*,*,#1406,.T.);
#1406 = EDGE_CURVE('',#1382,#1407,#1409,.T.);
#1407 = VERTEX_POINT('',#1408);
#1408 = CARTESIAN_POINT('',(7.253999563851,2.940000647707,
    -3.469446951954E-018));
#1409 = LINE('',#1410,#1411);
#1410 = CARTESIAN_POINT('',(7.25399971247,2.090000647707,0.E+000));
#1411 = VECTOR('',#1412,1.);
#1412 = DIRECTION('',(-1.748455531469E-007,1.,0.E+000));
#1413 = ORIENTED_EDGE('',*,*,#1414,.T.);
#1414 = EDGE_CURVE('',#1407,#1415,#1417,.T.);
#1415 = VERTEX_POINT('',#1416);
#1416 = CARTESIAN_POINT('',(7.253999555109,2.990000647707,5.E-002));
#1417 = CIRCLE('',#1418,5.E-002);
#1418 = AXIS2_PLACEMENT_3D('',#1419,#1420,#1421);
#1419 = CARTESIAN_POINT('',(7.253999563851,2.940000647707,5.E-002));
#1420 = DIRECTION('',(1.,1.748455531469E-007,-0.E+000));
#1421 = DIRECTION('',(-1.748455531469E-007,1.,0.E+000));
#1422 = ORIENTED_EDGE('',*,*,#1423,.T.);
#1423 = EDGE_CURVE('',#1415,#1424,#1426,.T.);
#1424 = VERTEX_POINT('',#1425);
#1425 = CARTESIAN_POINT('',(7.253999555109,2.990000647707,0.85));
#1426 = LINE('',#1427,#1428);
#1427 = CARTESIAN_POINT('',(7.253999555109,2.990000647707,0.E+000));
#1428 = VECTOR('',#1429,1.);
#1429 = DIRECTION('',(0.E+000,0.E+000,1.));
#1430 = ORIENTED_EDGE('',*,*,#1431,.T.);
#1431 = EDGE_CURVE('',#1424,#1432,#1434,.T.);
#1432 = VERTEX_POINT('',#1433);
#1433 = CARTESIAN_POINT('',(7.253999563851,2.940000647707,0.9));
#1434 = CIRCLE('',#1435,5.E-002);
#1435 = AXIS2_PLACEMENT_3D('',#1436,#1437,#1438);
#1436 = CARTESIAN_POINT('',(7.253999563851,2.940000647707,0.85));
#1437 = DIRECTION('',(1.,1.748455531469E-007,-0.E+000));
#1438 = DIRECTION('',(-1.748455531469E-007,1.,0.E+000));
#1439 = ORIENTED_EDGE('',*,*,#1440,.F.);
#1440 = EDGE_CURVE('',#1441,#1432,#1443,.T.);
#1441 = VERTEX_POINT('',#1442);
#1442 = CARTESIAN_POINT('',(7.253999703727,2.140000647707,0.9));
#1443 = LINE('',#1444,#1445);
#1444 = CARTESIAN_POINT('',(7.25399971247,2.090000647707,0.9));
#1445 = VECTOR('',#1446,1.);
#1446 = DIRECTION('',(-1.748455531469E-007,1.,0.E+000));
#1447 = ORIENTED_EDGE('',*,*,#1448,.T.);
#1448 = EDGE_CURVE('',#1441,#1350,#1449,.T.);
#1449 = CIRCLE('',#1450,5.E-002);
#1450 = AXIS2_PLACEMENT_3D('',#1451,#1452,#1453);
#1451 = CARTESIAN_POINT('',(7.253999703727,2.140000647707,0.85));
#1452 = DIRECTION('',(1.,1.748455531469E-007,0.E+000));
#1453 = DIRECTION('',(1.748455531469E-007,-1.,0.E+000));
#1454 = PLANE('',#1455);
#1455 = AXIS2_PLACEMENT_3D('',#1456,#1457,#1458);
#1456 = CARTESIAN_POINT('',(7.25399971247,2.090000647707,0.E+000));
#1457 = DIRECTION('',(1.,1.748455531469E-007,0.E+000));
#1458 = DIRECTION('',(0.E+000,0.E+000,1.));
#1459 = ADVANCED_FACE('',(#1460),#1479,.T.);
#1460 = FACE_BOUND('',#1461,.T.);
#1461 = EDGE_LOOP('',(#1462,#1463,#1464,#1472));
#1462 = ORIENTED_EDGE('',*,*,#1349,.T.);
#1463 = ORIENTED_EDGE('',*,*,#1448,.F.);
#1464 = ORIENTED_EDGE('',*,*,#1465,.F.);
#1465 = EDGE_CURVE('',#1466,#1441,#1468,.T.);
#1466 = VERTEX_POINT('',#1467);
#1467 = CARTESIAN_POINT('',(5.953999703727,2.140000420408,0.9));
#1468 = LINE('',#1469,#1470);
#1469 = CARTESIAN_POINT('',(5.753999703727,2.140000385439,0.9));
#1470 = VECTOR('',#1471,1.);
#1471 = DIRECTION('',(1.,1.748455531469E-007,0.E+000));
#1472 = ORIENTED_EDGE('',*,*,#1473,.T.);
#1473 = EDGE_CURVE('',#1466,#1342,#1474,.T.);
#1474 = CIRCLE('',#1475,5.E-002);
#1475 = AXIS2_PLACEMENT_3D('',#1476,#1477,#1478);
#1476 = CARTESIAN_POINT('',(5.953999703727,2.140000420408,0.85));
#1477 = DIRECTION('',(1.,1.748455531469E-007,0.E+000));
#1478 = DIRECTION('',(1.748455531469E-007,-1.,0.E+000));
#1479 = CYLINDRICAL_SURFACE('',#1480,5.E-002);
#1480 = AXIS2_PLACEMENT_3D('',#1481,#1482,#1483);
#1481 = CARTESIAN_POINT('',(5.753999703727,2.140000385439,0.85));
#1482 = DIRECTION('',(1.,1.748455531469E-007,0.E+000));
#1483 = DIRECTION('',(1.748455531469E-007,-1.,0.E+000));
#1484 = ADVANCED_FACE('',(#1485),#1530,.F.);
#1485 = FACE_BOUND('',#1486,.F.);
#1486 = EDGE_LOOP('',(#1487,#1488,#1489,#1497,#1506,#1514,#1523,#1529));
#1487 = ORIENTED_EDGE('',*,*,#1341,.F.);
#1488 = ORIENTED_EDGE('',*,*,#1372,.T.);
#1489 = ORIENTED_EDGE('',*,*,#1490,.T.);
#1490 = EDGE_CURVE('',#1373,#1491,#1493,.T.);
#1491 = VERTEX_POINT('',#1492);
#1492 = CARTESIAN_POINT('',(5.953999563851,2.940000420408,
    -3.469446951954E-018));
#1493 = LINE('',#1494,#1495);
#1494 = CARTESIAN_POINT('',(5.95399971247,2.090000420408,0.E+000));
#1495 = VECTOR('',#1496,1.);
#1496 = DIRECTION('',(-1.748455531469E-007,1.,0.E+000));
#1497 = ORIENTED_EDGE('',*,*,#1498,.T.);
#1498 = EDGE_CURVE('',#1491,#1499,#1501,.T.);
#1499 = VERTEX_POINT('',#1500);
#1500 = CARTESIAN_POINT('',(5.953999555109,2.990000420408,5.E-002));
#1501 = CIRCLE('',#1502,5.E-002);
#1502 = AXIS2_PLACEMENT_3D('',#1503,#1504,#1505);
#1503 = CARTESIAN_POINT('',(5.953999563851,2.940000420408,5.E-002));
#1504 = DIRECTION('',(1.,1.748455531469E-007,-0.E+000));
#1505 = DIRECTION('',(-1.748455531469E-007,1.,0.E+000));
#1506 = ORIENTED_EDGE('',*,*,#1507,.T.);
#1507 = EDGE_CURVE('',#1499,#1508,#1510,.T.);
#1508 = VERTEX_POINT('',#1509);
#1509 = CARTESIAN_POINT('',(5.953999555109,2.990000420408,0.85));
#1510 = LINE('',#1511,#1512);
#1511 = CARTESIAN_POINT('',(5.953999555109,2.990000420408,0.E+000));
#1512 = VECTOR('',#1513,1.);
#1513 = DIRECTION('',(0.E+000,0.E+000,1.));
#1514 = ORIENTED_EDGE('',*,*,#1515,.T.);
#1515 = EDGE_CURVE('',#1508,#1516,#1518,.T.);
#1516 = VERTEX_POINT('',#1517);
#1517 = CARTESIAN_POINT('',(5.953999563851,2.940000420408,0.9));
#1518 = CIRCLE('',#1519,5.E-002);
#1519 = AXIS2_PLACEMENT_3D('',#1520,#1521,#1522);
#1520 = CARTESIAN_POINT('',(5.953999563851,2.940000420408,0.85));
#1521 = DIRECTION('',(1.,1.748455531469E-007,-0.E+000));
#1522 = DIRECTION('',(-1.748455531469E-007,1.,0.E+000));
#1523 = ORIENTED_EDGE('',*,*,#1524,.F.);
#1524 = EDGE_CURVE('',#1466,#1516,#1525,.T.);
#1525 = LINE('',#1526,#1527);
#1526 = CARTESIAN_POINT('',(5.95399971247,2.090000420408,0.9));
#1527 = VECTOR('',#1528,1.);
#1528 = DIRECTION('',(-1.748455531469E-007,1.,0.E+000));
#1529 = ORIENTED_EDGE('',*,*,#1473,.T.);
#1530 = PLANE('',#1531);
#1531 = AXIS2_PLACEMENT_3D('',#1532,#1533,#1534);
#1532 = CARTESIAN_POINT('',(5.95399971247,2.090000420408,0.E+000));
#1533 = DIRECTION('',(1.,1.748455531469E-007,0.E+000));
#1534 = DIRECTION('',(0.E+000,0.E+000,1.));
#1535 = ADVANCED_FACE('',(#1536),#1547,.F.);
#1536 = FACE_BOUND('',#1537,.F.);
#1537 = EDGE_LOOP('',(#1538,#1539,#1540,#1541));
#1538 = ORIENTED_EDGE('',*,*,#1490,.F.);
#1539 = ORIENTED_EDGE('',*,*,#1381,.T.);
#1540 = ORIENTED_EDGE('',*,*,#1406,.T.);
#1541 = ORIENTED_EDGE('',*,*,#1542,.F.);
#1542 = EDGE_CURVE('',#1491,#1407,#1543,.T.);
#1543 = LINE('',#1544,#1545);
#1544 = CARTESIAN_POINT('',(5.753999563851,2.940000385439,
    -6.938893903907E-018));
#1545 = VECTOR('',#1546,1.);
#1546 = DIRECTION('',(1.,1.748455531469E-007,0.E+000));
#1547 = PLANE('',#1548);
#1548 = AXIS2_PLACEMENT_3D('',#1549,#1550,#1551);
#1549 = CARTESIAN_POINT('',(5.75399971247,2.090000385439,0.E+000));
#1550 = DIRECTION('',(0.E+000,0.E+000,1.));
#1551 = DIRECTION('',(1.,1.748455531469E-007,0.E+000));
#1552 = ADVANCED_FACE('',(#1553),#1564,.T.);
#1553 = FACE_BOUND('',#1554,.T.);
#1554 = EDGE_LOOP('',(#1555,#1556,#1557,#1558));
#1555 = ORIENTED_EDGE('',*,*,#1524,.F.);
#1556 = ORIENTED_EDGE('',*,*,#1465,.T.);
#1557 = ORIENTED_EDGE('',*,*,#1440,.T.);
#1558 = ORIENTED_EDGE('',*,*,#1559,.F.);
#1559 = EDGE_CURVE('',#1516,#1432,#1560,.T.);
#1560 = LINE('',#1561,#1562);
#1561 = CARTESIAN_POINT('',(5.753999563851,2.940000385439,0.9));
#1562 = VECTOR('',#1563,1.);
#1563 = DIRECTION('',(1.,1.748455531469E-007,0.E+000));
#1564 = PLANE('',#1565);
#1565 = AXIS2_PLACEMENT_3D('',#1566,#1567,#1568);
#1566 = CARTESIAN_POINT('',(5.75399971247,2.090000385439,0.9));
#1567 = DIRECTION('',(0.E+000,0.E+000,1.));
#1568 = DIRECTION('',(1.,1.748455531469E-007,0.E+000));
#1569 = ADVANCED_FACE('',(#1570),#1581,.T.);
#1570 = FACE_BOUND('',#1571,.T.);
#1571 = EDGE_LOOP('',(#1572,#1578,#1579,#1580));
#1572 = ORIENTED_EDGE('',*,*,#1573,.F.);
#1573 = EDGE_CURVE('',#1508,#1424,#1574,.T.);
#1574 = LINE('',#1575,#1576);
#1575 = CARTESIAN_POINT('',(5.753999555109,2.990000385439,0.85));
#1576 = VECTOR('',#1577,1.);
#1577 = DIRECTION('',(1.,1.748455531469E-007,0.E+000));
#1578 = ORIENTED_EDGE('',*,*,#1515,.T.);
#1579 = ORIENTED_EDGE('',*,*,#1559,.T.);
#1580 = ORIENTED_EDGE('',*,*,#1431,.F.);
#1581 = CYLINDRICAL_SURFACE('',#1582,5.E-002);
#1582 = AXIS2_PLACEMENT_3D('',#1583,#1584,#1585);
#1583 = CARTESIAN_POINT('',(5.753999563851,2.940000385439,0.85));
#1584 = DIRECTION('',(1.,1.748455531469E-007,0.E+000));
#1585 = DIRECTION('',(-1.748455531469E-007,1.,0.E+000));
#1586 = ADVANCED_FACE('',(#1587),#1598,.T.);
#1587 = FACE_BOUND('',#1588,.T.);
#1588 = EDGE_LOOP('',(#1589,#1595,#1596,#1597));
#1589 = ORIENTED_EDGE('',*,*,#1590,.F.);
#1590 = EDGE_CURVE('',#1499,#1415,#1591,.T.);
#1591 = LINE('',#1592,#1593);
#1592 = CARTESIAN_POINT('',(5.753999555109,2.990000385439,5.E-002));
#1593 = VECTOR('',#1594,1.);
#1594 = DIRECTION('',(1.,1.748455531469E-007,0.E+000));
#1595 = ORIENTED_EDGE('',*,*,#1507,.T.);
#1596 = ORIENTED_EDGE('',*,*,#1573,.T.);
#1597 = ORIENTED_EDGE('',*,*,#1423,.F.);
#1598 = PLANE('',#1599);
#1599 = AXIS2_PLACEMENT_3D('',#1600,#1601,#1602);
#1600 = CARTESIAN_POINT('',(5.753999555109,2.990000385439,0.E+000));
#1601 = DIRECTION('',(-1.748455531469E-007,1.,0.E+000));
#1602 = DIRECTION('',(0.E+000,0.E+000,1.));
#1603 = ADVANCED_FACE('',(#1604),#1610,.T.);
#1604 = FACE_BOUND('',#1605,.T.);
#1605 = EDGE_LOOP('',(#1606,#1607,#1608,#1609));
#1606 = ORIENTED_EDGE('',*,*,#1590,.T.);
#1607 = ORIENTED_EDGE('',*,*,#1414,.F.);
#1608 = ORIENTED_EDGE('',*,*,#1542,.F.);
#1609 = ORIENTED_EDGE('',*,*,#1498,.T.);
#1610 = CYLINDRICAL_SURFACE('',#1611,5.E-002);
#1611 = AXIS2_PLACEMENT_3D('',#1612,#1613,#1614);
#1612 = CARTESIAN_POINT('',(5.753999563851,2.940000385439,5.E-002));
#1613 = DIRECTION('',(1.,1.748455531469E-007,0.E+000));
#1614 = DIRECTION('',(-1.748455531469E-007,1.,0.E+000));
#1615 = MANIFOLD_SOLID_BREP('',#1616);
#1616 = CLOSED_SHELL('',(#1617,#1657,#1697,#1719,#1741,#1753));
#1617 = ADVANCED_FACE('',(#1618),#1652,.F.);
#1618 = FACE_BOUND('',#1619,.F.);
#1619 = EDGE_LOOP('',(#1620,#1630,#1638,#1646));
#1620 = ORIENTED_EDGE('',*,*,#1621,.F.);
#1621 = EDGE_CURVE('',#1622,#1624,#1626,.T.);
#1622 = VERTEX_POINT('',#1623);
#1623 = CARTESIAN_POINT('',(3.243925814034,3.797917961837,
    -1.117604483364));
#1624 = VERTEX_POINT('',#1625);
#1625 = CARTESIAN_POINT('',(3.243925814034,3.797917966645,
    -1.172604483364));
#1626 = LINE('',#1627,#1628);
#1627 = CARTESIAN_POINT('',(3.243925814034,3.797917961837,
    -1.117604483364));
#1628 = VECTOR('',#1629,1.);
#1629 = DIRECTION('',(-1.678841393868E-022,8.742273394091E-008,-1.));
#1630 = ORIENTED_EDGE('',*,*,#1631,.T.);
#1631 = EDGE_CURVE('',#1622,#1632,#1634,.T.);
#1632 = VERTEX_POINT('',#1633);
#1633 = CARTESIAN_POINT('',(2.343925814034,3.797918001177,
    -1.117604483364));
#1634 = LINE('',#1635,#1636);
#1635 = CARTESIAN_POINT('',(3.243925814034,3.797917961837,
    -1.117604483364));
#1636 = VECTOR('',#1637,1.);
#1637 = DIRECTION('',(-1.,4.371138828674E-008,3.821369236263E-015));
#1638 = ORIENTED_EDGE('',*,*,#1639,.T.);
#1639 = EDGE_CURVE('',#1632,#1640,#1642,.T.);
#1640 = VERTEX_POINT('',#1641);
#1641 = CARTESIAN_POINT('',(2.343925814034,3.797918005985,
    -1.172604483364));
#1642 = LINE('',#1643,#1644);
#1643 = CARTESIAN_POINT('',(2.343925814034,3.797918001177,
    -1.117604483364));
#1644 = VECTOR('',#1645,1.);
#1645 = DIRECTION('',(-1.678841393868E-022,8.742273394091E-008,-1.));
#1646 = ORIENTED_EDGE('',*,*,#1647,.F.);
#1647 = EDGE_CURVE('',#1624,#1640,#1648,.T.);
#1648 = LINE('',#1649,#1650);
#1649 = CARTESIAN_POINT('',(3.243925814034,3.797917966645,
    -1.172604483364));
#1650 = VECTOR('',#1651,1.);
#1651 = DIRECTION('',(-1.,4.371138828674E-008,3.821369236263E-015));
#1652 = PLANE('',#1653);
#1653 = AXIS2_PLACEMENT_3D('',#1654,#1655,#1656);
#1654 = CARTESIAN_POINT('',(3.243925814034,3.797917961837,
    -1.117604483364));
#1655 = DIRECTION('',(-4.371138828674E-008,-1.,-8.742273394091E-008));
#1656 = DIRECTION('',(-1.678841393868E-022,8.742273394091E-008,-1.));
#1657 = ADVANCED_FACE('',(#1658),#1692,.T.);
#1658 = FACE_BOUND('',#1659,.T.);
#1659 = EDGE_LOOP('',(#1660,#1670,#1678,#1686));
#1660 = ORIENTED_EDGE('',*,*,#1661,.F.);
#1661 = EDGE_CURVE('',#1662,#1664,#1666,.T.);
#1662 = VERTEX_POINT('',#1663);
#1663 = CARTESIAN_POINT('',(3.243925748466,2.297917961837,
    -1.117604614498));
#1664 = VERTEX_POINT('',#1665);
#1665 = CARTESIAN_POINT('',(3.243925748466,2.297917966645,
    -1.172604614498));
#1666 = LINE('',#1667,#1668);
#1667 = CARTESIAN_POINT('',(3.243925748466,2.297917961837,
    -1.117604614498));
#1668 = VECTOR('',#1669,1.);
#1669 = DIRECTION('',(-1.678841393868E-022,8.742273394091E-008,-1.));
#1670 = ORIENTED_EDGE('',*,*,#1671,.T.);
#1671 = EDGE_CURVE('',#1662,#1672,#1674,.T.);
#1672 = VERTEX_POINT('',#1673);
#1673 = CARTESIAN_POINT('',(2.343925748466,2.297918001177,
    -1.117604614498));
#1674 = LINE('',#1675,#1676);
#1675 = CARTESIAN_POINT('',(3.243925748466,2.297917961837,
    -1.117604614498));
#1676 = VECTOR('',#1677,1.);
#1677 = DIRECTION('',(-1.,4.371138828674E-008,3.821369236263E-015));
#1678 = ORIENTED_EDGE('',*,*,#1679,.T.);
#1679 = EDGE_CURVE('',#1672,#1680,#1682,.T.);
#1680 = VERTEX_POINT('',#1681);
#1681 = CARTESIAN_POINT('',(2.343925748466,2.297918005985,
    -1.172604614498));
#1682 = LINE('',#1683,#1684);
#1683 = CARTESIAN_POINT('',(2.343925748466,2.297918001177,
    -1.117604614498));
#1684 = VECTOR('',#1685,1.);
#1685 = DIRECTION('',(-1.678841393868E-022,8.742273394091E-008,-1.));
#1686 = ORIENTED_EDGE('',*,*,#1687,.F.);
#1687 = EDGE_CURVE('',#1664,#1680,#1688,.T.);
#1688 = LINE('',#1689,#1690);
#1689 = CARTESIAN_POINT('',(3.243925748466,2.297917966645,
    -1.172604614498));
#1690 = VECTOR('',#1691,1.);
#1691 = DIRECTION('',(-1.,4.371138828674E-008,3.821369236263E-015));
#1692 = PLANE('',#1693);
#1693 = AXIS2_PLACEMENT_3D('',#1694,#1695,#1696);
#1694 = CARTESIAN_POINT('',(3.243925748466,2.297917961837,
    -1.117604614498));
#1695 = DIRECTION('',(-4.371138828674E-008,-1.,-8.742273394091E-008));
#1696 = DIRECTION('',(-1.678841393868E-022,8.742273394091E-008,-1.));
#1697 = ADVANCED_FACE('',(#1698),#1714,.F.);
#1698 = FACE_BOUND('',#1699,.F.);
#1699 = EDGE_LOOP('',(#1700,#1706,#1707,#1713));
#1700 = ORIENTED_EDGE('',*,*,#1701,.F.);
#1701 = EDGE_CURVE('',#1622,#1662,#1702,.T.);
#1702 = LINE('',#1703,#1704);
#1703 = CARTESIAN_POINT('',(3.243925814034,3.797917961837,
    -1.117604483364));
#1704 = VECTOR('',#1705,1.);
#1705 = DIRECTION('',(-4.371138828674E-008,-1.,-8.742273394091E-008));
#1706 = ORIENTED_EDGE('',*,*,#1621,.T.);
#1707 = ORIENTED_EDGE('',*,*,#1708,.T.);
#1708 = EDGE_CURVE('',#1624,#1664,#1709,.T.);
#1709 = LINE('',#1710,#1711);
#1710 = CARTESIAN_POINT('',(3.243925814034,3.797917966645,
    -1.172604483364));
#1711 = VECTOR('',#1712,1.);
#1712 = DIRECTION('',(-4.371138828674E-008,-1.,-8.742273394091E-008));
#1713 = ORIENTED_EDGE('',*,*,#1661,.F.);
#1714 = PLANE('',#1715);
#1715 = AXIS2_PLACEMENT_3D('',#1716,#1717,#1718);
#1716 = CARTESIAN_POINT('',(3.243925814034,3.797917961837,
    -1.117604483364));
#1717 = DIRECTION('',(-1.,4.371138828674E-008,3.821369236263E-015));
#1718 = DIRECTION('',(-1.678841393868E-022,8.742273394091E-008,-1.));
#1719 = ADVANCED_FACE('',(#1720),#1736,.T.);
#1720 = FACE_BOUND('',#1721,.T.);
#1721 = EDGE_LOOP('',(#1722,#1728,#1729,#1735));
#1722 = ORIENTED_EDGE('',*,*,#1723,.F.);
#1723 = EDGE_CURVE('',#1632,#1672,#1724,.T.);
#1724 = LINE('',#1725,#1726);
#1725 = CARTESIAN_POINT('',(2.343925814034,3.797918001177,
    -1.117604483364));
#1726 = VECTOR('',#1727,1.);
#1727 = DIRECTION('',(-4.371138828674E-008,-1.,-8.742273394091E-008));
#1728 = ORIENTED_EDGE('',*,*,#1639,.T.);
#1729 = ORIENTED_EDGE('',*,*,#1730,.T.);
#1730 = EDGE_CURVE('',#1640,#1680,#1731,.T.);
#1731 = LINE('',#1732,#1733);
#1732 = CARTESIAN_POINT('',(2.343925814034,3.797918005985,
    -1.172604483364));
#1733 = VECTOR('',#1734,1.);
#1734 = DIRECTION('',(-4.371138828674E-008,-1.,-8.742273394091E-008));
#1735 = ORIENTED_EDGE('',*,*,#1679,.F.);
#1736 = PLANE('',#1737);
#1737 = AXIS2_PLACEMENT_3D('',#1738,#1739,#1740);
#1738 = CARTESIAN_POINT('',(2.343925814034,3.797918001177,
    -1.117604483364));
#1739 = DIRECTION('',(-1.,4.371138828674E-008,3.821369236263E-015));
#1740 = DIRECTION('',(-1.678841393868E-022,8.742273394091E-008,-1.));
#1741 = ADVANCED_FACE('',(#1742),#1748,.F.);
#1742 = FACE_BOUND('',#1743,.F.);
#1743 = EDGE_LOOP('',(#1744,#1745,#1746,#1747));
#1744 = ORIENTED_EDGE('',*,*,#1631,.F.);
#1745 = ORIENTED_EDGE('',*,*,#1701,.T.);
#1746 = ORIENTED_EDGE('',*,*,#1671,.T.);
#1747 = ORIENTED_EDGE('',*,*,#1723,.F.);
#1748 = PLANE('',#1749);
#1749 = AXIS2_PLACEMENT_3D('',#1750,#1751,#1752);
#1750 = CARTESIAN_POINT('',(3.243925814034,3.797917961837,
    -1.117604483364));
#1751 = DIRECTION('',(-1.678841393868E-022,8.742273394091E-008,-1.));
#1752 = DIRECTION('',(-4.371138828674E-008,-1.,-8.742273394091E-008));
#1753 = ADVANCED_FACE('',(#1754),#1760,.T.);
#1754 = FACE_BOUND('',#1755,.T.);
#1755 = EDGE_LOOP('',(#1756,#1757,#1758,#1759));
#1756 = ORIENTED_EDGE('',*,*,#1647,.F.);
#1757 = ORIENTED_EDGE('',*,*,#1708,.T.);
#1758 = ORIENTED_EDGE('',*,*,#1687,.T.);
#1759 = ORIENTED_EDGE('',*,*,#1730,.F.);
#1760 = PLANE('',#1761);
#1761 = AXIS2_PLACEMENT_3D('',#1762,#1763,#1764);
#1762 = CARTESIAN_POINT('',(3.243925814034,3.797917966645,
    -1.172604483364));
#1763 = DIRECTION('',(-1.678841393868E-022,8.742273394091E-008,-1.));
#1764 = DIRECTION('',(-4.371138828674E-008,-1.,-8.742273394091E-008));
#1765 = MANIFOLD_SOLID_BREP('',#1766);
#1766 = CLOSED_SHELL('',(#1767,#1807,#1847,#1869,#1891,#1903));
#1767 = ADVANCED_FACE('',(#1768),#1802,.F.);
#1768 = FACE_BOUND('',#1769,.F.);
#1769 = EDGE_LOOP('',(#1770,#1780,#1788,#1796));
#1770 = ORIENTED_EDGE('',*,*,#1771,.F.);
#1771 = EDGE_CURVE('',#1772,#1774,#1776,.T.);
#1772 = VERTEX_POINT('',#1773);
#1773 = CARTESIAN_POINT('',(5.646080313322,2.298082018855,
    -1.117604614498));
#1774 = VERTEX_POINT('',#1775);
#1775 = CARTESIAN_POINT('',(5.646080313322,2.298082023664,
    -1.172604614498));
#1776 = LINE('',#1777,#1778);
#1777 = CARTESIAN_POINT('',(5.646080313322,2.298082018855,
    -1.117604614498));
#1778 = VECTOR('',#1779,1.);
#1779 = DIRECTION('',(-3.777050852833E-023,8.742273394091E-008,-1.));
#1780 = ORIENTED_EDGE('',*,*,#1781,.T.);
#1781 = EDGE_CURVE('',#1772,#1782,#1784,.T.);
#1782 = VERTEX_POINT('',#1783);
#1783 = CARTESIAN_POINT('',(6.546080313322,2.298082008123,
    -1.117604614498));
#1784 = LINE('',#1785,#1786);
#1785 = CARTESIAN_POINT('',(5.646080313322,2.298082018855,
    -1.117604614498));
#1786 = VECTOR('',#1787,1.);
#1787 = DIRECTION('',(1.,-1.19248806385E-008,-1.042505705107E-015));
#1788 = ORIENTED_EDGE('',*,*,#1789,.T.);
#1789 = EDGE_CURVE('',#1782,#1790,#1792,.T.);
#1790 = VERTEX_POINT('',#1791);
#1791 = CARTESIAN_POINT('',(6.546080313322,2.298082012931,
    -1.172604614498));
#1792 = LINE('',#1793,#1794);
#1793 = CARTESIAN_POINT('',(6.546080313322,2.298082008123,
    -1.117604614498));
#1794 = VECTOR('',#1795,1.);
#1795 = DIRECTION('',(-3.777050852833E-023,8.742273394091E-008,-1.));
#1796 = ORIENTED_EDGE('',*,*,#1797,.F.);
#1797 = EDGE_CURVE('',#1774,#1790,#1798,.T.);
#1798 = LINE('',#1799,#1800);
#1799 = CARTESIAN_POINT('',(5.646080313322,2.298082023664,
    -1.172604614498));
#1800 = VECTOR('',#1801,1.);
#1801 = DIRECTION('',(1.,-1.19248806385E-008,-1.042505705107E-015));
#1802 = PLANE('',#1803);
#1803 = AXIS2_PLACEMENT_3D('',#1804,#1805,#1806);
#1804 = CARTESIAN_POINT('',(5.646080313322,2.298082018855,
    -1.117604614498));
#1805 = DIRECTION('',(1.19248806385E-008,1.,8.742273394091E-008));
#1806 = DIRECTION('',(-3.777050852833E-023,8.742273394091E-008,-1.));
#1807 = ADVANCED_FACE('',(#1808),#1842,.T.);
#1808 = FACE_BOUND('',#1809,.T.);
#1809 = EDGE_LOOP('',(#1810,#1820,#1828,#1836));
#1810 = ORIENTED_EDGE('',*,*,#1811,.F.);
#1811 = EDGE_CURVE('',#1812,#1814,#1816,.T.);
#1812 = VERTEX_POINT('',#1813);
#1813 = CARTESIAN_POINT('',(5.646080331209,3.798082018855,
    -1.117604483364));
#1814 = VERTEX_POINT('',#1815);
#1815 = CARTESIAN_POINT('',(5.646080331209,3.798082023664,
    -1.172604483364));
#1816 = LINE('',#1817,#1818);
#1817 = CARTESIAN_POINT('',(5.646080331209,3.798082018855,
    -1.117604483364));
#1818 = VECTOR('',#1819,1.);
#1819 = DIRECTION('',(-3.777050852833E-023,8.742273394091E-008,-1.));
#1820 = ORIENTED_EDGE('',*,*,#1821,.T.);
#1821 = EDGE_CURVE('',#1812,#1822,#1824,.T.);
#1822 = VERTEX_POINT('',#1823);
#1823 = CARTESIAN_POINT('',(6.546080331209,3.798082008123,
    -1.117604483364));
#1824 = LINE('',#1825,#1826);
#1825 = CARTESIAN_POINT('',(5.646080331209,3.798082018855,
    -1.117604483364));
#1826 = VECTOR('',#1827,1.);
#1827 = DIRECTION('',(1.,-1.19248806385E-008,-1.042505705107E-015));
#1828 = ORIENTED_EDGE('',*,*,#1829,.T.);
#1829 = EDGE_CURVE('',#1822,#1830,#1832,.T.);
#1830 = VERTEX_POINT('',#1831);
#1831 = CARTESIAN_POINT('',(6.546080331209,3.798082012931,
    -1.172604483364));
#1832 = LINE('',#1833,#1834);
#1833 = CARTESIAN_POINT('',(6.546080331209,3.798082008123,
    -1.117604483364));
#1834 = VECTOR('',#1835,1.);
#1835 = DIRECTION('',(-3.777050852833E-023,8.742273394091E-008,-1.));
#1836 = ORIENTED_EDGE('',*,*,#1837,.F.);
#1837 = EDGE_CURVE('',#1814,#1830,#1838,.T.);
#1838 = LINE('',#1839,#1840);
#1839 = CARTESIAN_POINT('',(5.646080331209,3.798082023664,
    -1.172604483364));
#1840 = VECTOR('',#1841,1.);
#1841 = DIRECTION('',(1.,-1.19248806385E-008,-1.042505705107E-015));
#1842 = PLANE('',#1843);
#1843 = AXIS2_PLACEMENT_3D('',#1844,#1845,#1846);
#1844 = CARTESIAN_POINT('',(5.646080331209,3.798082018855,
    -1.117604483364));
#1845 = DIRECTION('',(1.19248806385E-008,1.,8.742273394091E-008));
#1846 = DIRECTION('',(-3.777050852833E-023,8.742273394091E-008,-1.));
#1847 = ADVANCED_FACE('',(#1848),#1864,.F.);
#1848 = FACE_BOUND('',#1849,.F.);
#1849 = EDGE_LOOP('',(#1850,#1856,#1857,#1863));
#1850 = ORIENTED_EDGE('',*,*,#1851,.F.);
#1851 = EDGE_CURVE('',#1772,#1812,#1852,.T.);
#1852 = LINE('',#1853,#1854);
#1853 = CARTESIAN_POINT('',(5.646080313322,2.298082018855,
    -1.117604614498));
#1854 = VECTOR('',#1855,1.);
#1855 = DIRECTION('',(1.19248806385E-008,1.,8.742273394091E-008));
#1856 = ORIENTED_EDGE('',*,*,#1771,.T.);
#1857 = ORIENTED_EDGE('',*,*,#1858,.T.);
#1858 = EDGE_CURVE('',#1774,#1814,#1859,.T.);
#1859 = LINE('',#1860,#1861);
#1860 = CARTESIAN_POINT('',(5.646080313322,2.298082023664,
    -1.172604614498));
#1861 = VECTOR('',#1862,1.);
#1862 = DIRECTION('',(1.19248806385E-008,1.,8.742273394091E-008));
#1863 = ORIENTED_EDGE('',*,*,#1811,.F.);
#1864 = PLANE('',#1865);
#1865 = AXIS2_PLACEMENT_3D('',#1866,#1867,#1868);
#1866 = CARTESIAN_POINT('',(5.646080313322,2.298082018855,
    -1.117604614498));
#1867 = DIRECTION('',(1.,-1.19248806385E-008,-1.042505705107E-015));
#1868 = DIRECTION('',(-3.777050852833E-023,8.742273394091E-008,-1.));
#1869 = ADVANCED_FACE('',(#1870),#1886,.T.);
#1870 = FACE_BOUND('',#1871,.T.);
#1871 = EDGE_LOOP('',(#1872,#1878,#1879,#1885));
#1872 = ORIENTED_EDGE('',*,*,#1873,.F.);
#1873 = EDGE_CURVE('',#1782,#1822,#1874,.T.);
#1874 = LINE('',#1875,#1876);
#1875 = CARTESIAN_POINT('',(6.546080313322,2.298082008123,
    -1.117604614498));
#1876 = VECTOR('',#1877,1.);
#1877 = DIRECTION('',(1.19248806385E-008,1.,8.742273394091E-008));
#1878 = ORIENTED_EDGE('',*,*,#1789,.T.);
#1879 = ORIENTED_EDGE('',*,*,#1880,.T.);
#1880 = EDGE_CURVE('',#1790,#1830,#1881,.T.);
#1881 = LINE('',#1882,#1883);
#1882 = CARTESIAN_POINT('',(6.546080313322,2.298082012931,
    -1.172604614498));
#1883 = VECTOR('',#1884,1.);
#1884 = DIRECTION('',(1.19248806385E-008,1.,8.742273394091E-008));
#1885 = ORIENTED_EDGE('',*,*,#1829,.F.);
#1886 = PLANE('',#1887);
#1887 = AXIS2_PLACEMENT_3D('',#1888,#1889,#1890);
#1888 = CARTESIAN_POINT('',(6.546080313322,2.298082008123,
    -1.117604614498));
#1889 = DIRECTION('',(1.,-1.19248806385E-008,-1.042505705107E-015));
#1890 = DIRECTION('',(-3.777050852833E-023,8.742273394091E-008,-1.));
#1891 = ADVANCED_FACE('',(#1892),#1898,.F.);
#1892 = FACE_BOUND('',#1893,.F.);
#1893 = EDGE_LOOP('',(#1894,#1895,#1896,#1897));
#1894 = ORIENTED_EDGE('',*,*,#1781,.F.);
#1895 = ORIENTED_EDGE('',*,*,#1851,.T.);
#1896 = ORIENTED_EDGE('',*,*,#1821,.T.);
#1897 = ORIENTED_EDGE('',*,*,#1873,.F.);
#1898 = PLANE('',#1899);
#1899 = AXIS2_PLACEMENT_3D('',#1900,#1901,#1902);
#1900 = CARTESIAN_POINT('',(5.646080313322,2.298082018855,
    -1.117604614498));
#1901 = DIRECTION('',(-3.777050852833E-023,8.742273394091E-008,-1.));
#1902 = DIRECTION('',(1.19248806385E-008,1.,8.742273394091E-008));
#1903 = ADVANCED_FACE('',(#1904),#1910,.T.);
#1904 = FACE_BOUND('',#1905,.T.);
#1905 = EDGE_LOOP('',(#1906,#1907,#1908,#1909));
#1906 = ORIENTED_EDGE('',*,*,#1797,.F.);
#1907 = ORIENTED_EDGE('',*,*,#1858,.T.);
#1908 = ORIENTED_EDGE('',*,*,#1837,.T.);
#1909 = ORIENTED_EDGE('',*,*,#1880,.F.);
#1910 = PLANE('',#1911);
#1911 = AXIS2_PLACEMENT_3D('',#1912,#1913,#1914);
#1912 = CARTESIAN_POINT('',(5.646080313322,2.298082023664,
    -1.172604614498));
#1913 = DIRECTION('',(-3.777050852833E-023,8.742273394091E-008,-1.));
#1914 = DIRECTION('',(1.19248806385E-008,1.,8.742273394091E-008));
#1915 = MANIFOLD_SOLID_BREP('',#1916);
#1916 = CLOSED_SHELL('',(#1917,#1957,#1997,#2019,#2041,#2053));
#1917 = ADVANCED_FACE('',(#1918),#1952,.F.);
#1918 = FACE_BOUND('',#1919,.F.);
#1919 = EDGE_LOOP('',(#1920,#1930,#1938,#1946));
#1920 = ORIENTED_EDGE('',*,*,#1921,.F.);
#1921 = EDGE_CURVE('',#1922,#1924,#1926,.T.);
#1922 = VERTEX_POINT('',#1923);
#1923 = CARTESIAN_POINT('',(3.614082632658,2.298082018855,
    -1.117604614498));
#1924 = VERTEX_POINT('',#1925);
#1925 = CARTESIAN_POINT('',(3.614082632658,2.298082023664,
    -1.172604614498));
#1926 = LINE('',#1927,#1928);
#1927 = CARTESIAN_POINT('',(3.614082632658,2.298082018855,
    -1.117604614498));
#1928 = VECTOR('',#1929,1.);
#1929 = DIRECTION('',(-3.777050852833E-023,8.742273394091E-008,-1.));
#1930 = ORIENTED_EDGE('',*,*,#1931,.T.);
#1931 = EDGE_CURVE('',#1922,#1932,#1934,.T.);
#1932 = VERTEX_POINT('',#1933);
#1933 = CARTESIAN_POINT('',(4.514082632658,2.298082008123,
    -1.117604614498));
#1934 = LINE('',#1935,#1936);
#1935 = CARTESIAN_POINT('',(3.614082632658,2.298082018855,
    -1.117604614498));
#1936 = VECTOR('',#1937,1.);
#1937 = DIRECTION('',(1.,-1.19248806385E-008,-1.042505705107E-015));
#1938 = ORIENTED_EDGE('',*,*,#1939,.T.);
#1939 = EDGE_CURVE('',#1932,#1940,#1942,.T.);
#1940 = VERTEX_POINT('',#1941);
#1941 = CARTESIAN_POINT('',(4.514082632658,2.298082012931,
    -1.172604614498));
#1942 = LINE('',#1943,#1944);
#1943 = CARTESIAN_POINT('',(4.514082632658,2.298082008123,
    -1.117604614498));
#1944 = VECTOR('',#1945,1.);
#1945 = DIRECTION('',(-3.777050852833E-023,8.742273394091E-008,-1.));
#1946 = ORIENTED_EDGE('',*,*,#1947,.F.);
#1947 = EDGE_CURVE('',#1924,#1940,#1948,.T.);
#1948 = LINE('',#1949,#1950);
#1949 = CARTESIAN_POINT('',(3.614082632658,2.298082023664,
    -1.172604614498));
#1950 = VECTOR('',#1951,1.);
#1951 = DIRECTION('',(1.,-1.19248806385E-008,-1.042505705107E-015));
#1952 = PLANE('',#1953);
#1953 = AXIS2_PLACEMENT_3D('',#1954,#1955,#1956);
#1954 = CARTESIAN_POINT('',(3.614082632658,2.298082018855,
    -1.117604614498));
#1955 = DIRECTION('',(1.19248806385E-008,1.,8.742273394091E-008));
#1956 = DIRECTION('',(-3.777050852833E-023,8.742273394091E-008,-1.));
#1957 = ADVANCED_FACE('',(#1958),#1992,.T.);
#1958 = FACE_BOUND('',#1959,.T.);
#1959 = EDGE_LOOP('',(#1960,#1970,#1978,#1986));
#1960 = ORIENTED_EDGE('',*,*,#1961,.F.);
#1961 = EDGE_CURVE('',#1962,#1964,#1966,.T.);
#1962 = VERTEX_POINT('',#1963);
#1963 = CARTESIAN_POINT('',(3.614082650545,3.798082018855,
    -1.117604483364));
#1964 = VERTEX_POINT('',#1965);
#1965 = CARTESIAN_POINT('',(3.614082650545,3.798082023664,
    -1.172604483364));
#1966 = LINE('',#1967,#1968);
#1967 = CARTESIAN_POINT('',(3.614082650545,3.798082018855,
    -1.117604483364));
#1968 = VECTOR('',#1969,1.);
#1969 = DIRECTION('',(-3.777050852833E-023,8.742273394091E-008,-1.));
#1970 = ORIENTED_EDGE('',*,*,#1971,.T.);
#1971 = EDGE_CURVE('',#1962,#1972,#1974,.T.);
#1972 = VERTEX_POINT('',#1973);
#1973 = CARTESIAN_POINT('',(4.514082650545,3.798082008123,
    -1.117604483364));
#1974 = LINE('',#1975,#1976);
#1975 = CARTESIAN_POINT('',(3.614082650545,3.798082018855,
    -1.117604483364));
#1976 = VECTOR('',#1977,1.);
#1977 = DIRECTION('',(1.,-1.19248806385E-008,-1.042505705107E-015));
#1978 = ORIENTED_EDGE('',*,*,#1979,.T.);
#1979 = EDGE_CURVE('',#1972,#1980,#1982,.T.);
#1980 = VERTEX_POINT('',#1981);
#1981 = CARTESIAN_POINT('',(4.514082650545,3.798082012931,
    -1.172604483364));
#1982 = LINE('',#1983,#1984);
#1983 = CARTESIAN_POINT('',(4.514082650545,3.798082008123,
    -1.117604483364));
#1984 = VECTOR('',#1985,1.);
#1985 = DIRECTION('',(-3.777050852833E-023,8.742273394091E-008,-1.));
#1986 = ORIENTED_EDGE('',*,*,#1987,.F.);
#1987 = EDGE_CURVE('',#1964,#1980,#1988,.T.);
#1988 = LINE('',#1989,#1990);
#1989 = CARTESIAN_POINT('',(3.614082650545,3.798082023664,
    -1.172604483364));
#1990 = VECTOR('',#1991,1.);
#1991 = DIRECTION('',(1.,-1.19248806385E-008,-1.042505705107E-015));
#1992 = PLANE('',#1993);
#1993 = AXIS2_PLACEMENT_3D('',#1994,#1995,#1996);
#1994 = CARTESIAN_POINT('',(3.614082650545,3.798082018855,
    -1.117604483364));
#1995 = DIRECTION('',(1.19248806385E-008,1.,8.742273394091E-008));
#1996 = DIRECTION('',(-3.777050852833E-023,8.742273394091E-008,-1.));
#1997 = ADVANCED_FACE('',(#1998),#2014,.F.);
#1998 = FACE_BOUND('',#1999,.F.);
#1999 = EDGE_LOOP('',(#2000,#2006,#2007,#2013));
#2000 = ORIENTED_EDGE('',*,*,#2001,.F.);
#2001 = EDGE_CURVE('',#1922,#1962,#2002,.T.);
#2002 = LINE('',#2003,#2004);
#2003 = CARTESIAN_POINT('',(3.614082632658,2.298082018855,
    -1.117604614498));
#2004 = VECTOR('',#2005,1.);
#2005 = DIRECTION('',(1.19248806385E-008,1.,8.742273394091E-008));
#2006 = ORIENTED_EDGE('',*,*,#1921,.T.);
#2007 = ORIENTED_EDGE('',*,*,#2008,.T.);
#2008 = EDGE_CURVE('',#1924,#1964,#2009,.T.);
#2009 = LINE('',#2010,#2011);
#2010 = CARTESIAN_POINT('',(3.614082632658,2.298082023664,
    -1.172604614498));
#2011 = VECTOR('',#2012,1.);
#2012 = DIRECTION('',(1.19248806385E-008,1.,8.742273394091E-008));
#2013 = ORIENTED_EDGE('',*,*,#1961,.F.);
#2014 = PLANE('',#2015);
#2015 = AXIS2_PLACEMENT_3D('',#2016,#2017,#2018);
#2016 = CARTESIAN_POINT('',(3.614082632658,2.298082018855,
    -1.117604614498));
#2017 = DIRECTION('',(1.,-1.19248806385E-008,-1.042505705107E-015));
#2018 = DIRECTION('',(-3.777050852833E-023,8.742273394091E-008,-1.));
#2019 = ADVANCED_FACE('',(#2020),#2036,.T.);
#2020 = FACE_BOUND('',#2021,.T.);
#2021 = EDGE_LOOP('',(#2022,#2028,#2029,#2035));
#2022 = ORIENTED_EDGE('',*,*,#2023,.F.);
#2023 = EDGE_CURVE('',#1932,#1972,#2024,.T.);
#2024 = LINE('',#2025,#2026);
#2025 = CARTESIAN_POINT('',(4.514082632658,2.298082008123,
    -1.117604614498));
#2026 = VECTOR('',#2027,1.);
#2027 = DIRECTION('',(1.19248806385E-008,1.,8.742273394091E-008));
#2028 = ORIENTED_EDGE('',*,*,#1939,.T.);
#2029 = ORIENTED_EDGE('',*,*,#2030,.T.);
#2030 = EDGE_CURVE('',#1940,#1980,#2031,.T.);
#2031 = LINE('',#2032,#2033);
#2032 = CARTESIAN_POINT('',(4.514082632658,2.298082012931,
    -1.172604614498));
#2033 = VECTOR('',#2034,1.);
#2034 = DIRECTION('',(1.19248806385E-008,1.,8.742273394091E-008));
#2035 = ORIENTED_EDGE('',*,*,#1979,.F.);
#2036 = PLANE('',#2037);
#2037 = AXIS2_PLACEMENT_3D('',#2038,#2039,#2040);
#2038 = CARTESIAN_POINT('',(4.514082632658,2.298082008123,
    -1.117604614498));
#2039 = DIRECTION('',(1.,-1.19248806385E-008,-1.042505705107E-015));
#2040 = DIRECTION('',(-3.777050852833E-023,8.742273394091E-008,-1.));
#2041 = ADVANCED_FACE('',(#2042),#2048,.F.);
#2042 = FACE_BOUND('',#2043,.F.);
#2043 = EDGE_LOOP('',(#2044,#2045,#2046,#2047));
#2044 = ORIENTED_EDGE('',*,*,#1931,.F.);
#2045 = ORIENTED_EDGE('',*,*,#2001,.T.);
#2046 = ORIENTED_EDGE('',*,*,#1971,.T.);
#2047 = ORIENTED_EDGE('',*,*,#2023,.F.);
#2048 = PLANE('',#2049);
#2049 = AXIS2_PLACEMENT_3D('',#2050,#2051,#2052);
#2050 = CARTESIAN_POINT('',(3.614082632658,2.298082018855,
    -1.117604614498));
#2051 = DIRECTION('',(-3.777050852833E-023,8.742273394091E-008,-1.));
#2052 = DIRECTION('',(1.19248806385E-008,1.,8.742273394091E-008));
#2053 = ADVANCED_FACE('',(#2054),#2060,.T.);
#2054 = FACE_BOUND('',#2055,.T.);
#2055 = EDGE_LOOP('',(#2056,#2057,#2058,#2059));
#2056 = ORIENTED_EDGE('',*,*,#1947,.F.);
#2057 = ORIENTED_EDGE('',*,*,#2008,.T.);
#2058 = ORIENTED_EDGE('',*,*,#1987,.T.);
#2059 = ORIENTED_EDGE('',*,*,#2030,.F.);
#2060 = PLANE('',#2061);
#2061 = AXIS2_PLACEMENT_3D('',#2062,#2063,#2064);
#2062 = CARTESIAN_POINT('',(3.614082632658,2.298082023664,
    -1.172604614498));
#2063 = DIRECTION('',(-3.777050852833E-023,8.742273394091E-008,-1.));
#2064 = DIRECTION('',(1.19248806385E-008,1.,8.742273394091E-008));
#2065 = MANIFOLD_SOLID_BREP('',#2066);
#2066 = CLOSED_SHELL('',(#2067,#2107,#2147,#2169,#2191,#2203));
#2067 = ADVANCED_FACE('',(#2068),#2102,.F.);
#2068 = FACE_BOUND('',#2069,.F.);
#2069 = EDGE_LOOP('',(#2070,#2080,#2088,#2096));
#2070 = ORIENTED_EDGE('',*,*,#2071,.F.);
#2071 = EDGE_CURVE('',#2072,#2074,#2076,.T.);
#2072 = VERTEX_POINT('',#2073);
#2073 = CARTESIAN_POINT('',(6.916084585783,2.298082018855,
    -1.117604614498));
#2074 = VERTEX_POINT('',#2075);
#2075 = CARTESIAN_POINT('',(6.916084585783,2.298082023664,
    -1.172604614498));
#2076 = LINE('',#2077,#2078);
#2077 = CARTESIAN_POINT('',(6.916084585783,2.298082018855,
    -1.117604614498));
#2078 = VECTOR('',#2079,1.);
#2079 = DIRECTION('',(-3.777050852833E-023,8.742273394091E-008,-1.));
#2080 = ORIENTED_EDGE('',*,*,#2081,.T.);
#2081 = EDGE_CURVE('',#2072,#2082,#2084,.T.);
#2082 = VERTEX_POINT('',#2083);
#2083 = CARTESIAN_POINT('',(7.816084585783,2.298082008123,
    -1.117604614498));
#2084 = LINE('',#2085,#2086);
#2085 = CARTESIAN_POINT('',(6.916084585783,2.298082018855,
    -1.117604614498));
#2086 = VECTOR('',#2087,1.);
#2087 = DIRECTION('',(1.,-1.19248806385E-008,-1.042505705107E-015));
#2088 = ORIENTED_EDGE('',*,*,#2089,.T.);
#2089 = EDGE_CURVE('',#2082,#2090,#2092,.T.);
#2090 = VERTEX_POINT('',#2091);
#2091 = CARTESIAN_POINT('',(7.816084585783,2.298082012931,
    -1.172604614498));
#2092 = LINE('',#2093,#2094);
#2093 = CARTESIAN_POINT('',(7.816084585783,2.298082008123,
    -1.117604614498));
#2094 = VECTOR('',#2095,1.);
#2095 = DIRECTION('',(-3.777050852833E-023,8.742273394091E-008,-1.));
#2096 = ORIENTED_EDGE('',*,*,#2097,.F.);
#2097 = EDGE_CURVE('',#2074,#2090,#2098,.T.);
#2098 = LINE('',#2099,#2100);
#2099 = CARTESIAN_POINT('',(6.916084585783,2.298082023664,
    -1.172604614498));
#2100 = VECTOR('',#2101,1.);
#2101 = DIRECTION('',(1.,-1.19248806385E-008,-1.042505705107E-015));
#2102 = PLANE('',#2103);
#2103 = AXIS2_PLACEMENT_3D('',#2104,#2105,#2106);
#2104 = CARTESIAN_POINT('',(6.916084585783,2.298082018855,
    -1.117604614498));
#2105 = DIRECTION('',(1.19248806385E-008,1.,8.742273394091E-008));
#2106 = DIRECTION('',(-3.777050852833E-023,8.742273394091E-008,-1.));
#2107 = ADVANCED_FACE('',(#2108),#2142,.T.);
#2108 = FACE_BOUND('',#2109,.T.);
#2109 = EDGE_LOOP('',(#2110,#2120,#2128,#2136));
#2110 = ORIENTED_EDGE('',*,*,#2111,.F.);
#2111 = EDGE_CURVE('',#2112,#2114,#2116,.T.);
#2112 = VERTEX_POINT('',#2113);
#2113 = CARTESIAN_POINT('',(6.91608460367,3.798082018855,-1.117604483364
    ));
#2114 = VERTEX_POINT('',#2115);
#2115 = CARTESIAN_POINT('',(6.91608460367,3.798082023664,-1.172604483364
    ));
#2116 = LINE('',#2117,#2118);
#2117 = CARTESIAN_POINT('',(6.91608460367,3.798082018855,-1.117604483364
    ));
#2118 = VECTOR('',#2119,1.);
#2119 = DIRECTION('',(-3.777050852833E-023,8.742273394091E-008,-1.));
#2120 = ORIENTED_EDGE('',*,*,#2121,.T.);
#2121 = EDGE_CURVE('',#2112,#2122,#2124,.T.);
#2122 = VERTEX_POINT('',#2123);
#2123 = CARTESIAN_POINT('',(7.81608460367,3.798082008123,-1.117604483364
    ));
#2124 = LINE('',#2125,#2126);
#2125 = CARTESIAN_POINT('',(6.91608460367,3.798082018855,-1.117604483364
    ));
#2126 = VECTOR('',#2127,1.);
#2127 = DIRECTION('',(1.,-1.19248806385E-008,-1.042505705107E-015));
#2128 = ORIENTED_EDGE('',*,*,#2129,.T.);
#2129 = EDGE_CURVE('',#2122,#2130,#2132,.T.);
#2130 = VERTEX_POINT('',#2131);
#2131 = CARTESIAN_POINT('',(7.81608460367,3.798082012931,-1.172604483364
    ));
#2132 = LINE('',#2133,#2134);
#2133 = CARTESIAN_POINT('',(7.81608460367,3.798082008123,-1.117604483364
    ));
#2134 = VECTOR('',#2135,1.);
#2135 = DIRECTION('',(-3.777050852833E-023,8.742273394091E-008,-1.));
#2136 = ORIENTED_EDGE('',*,*,#2137,.F.);
#2137 = EDGE_CURVE('',#2114,#2130,#2138,.T.);
#2138 = LINE('',#2139,#2140);
#2139 = CARTESIAN_POINT('',(6.91608460367,3.798082023664,-1.172604483364
    ));
#2140 = VECTOR('',#2141,1.);
#2141 = DIRECTION('',(1.,-1.19248806385E-008,-1.042505705107E-015));
#2142 = PLANE('',#2143);
#2143 = AXIS2_PLACEMENT_3D('',#2144,#2145,#2146);
#2144 = CARTESIAN_POINT('',(6.91608460367,3.798082018855,-1.117604483364
    ));
#2145 = DIRECTION('',(1.19248806385E-008,1.,8.742273394091E-008));
#2146 = DIRECTION('',(-3.777050852833E-023,8.742273394091E-008,-1.));
#2147 = ADVANCED_FACE('',(#2148),#2164,.F.);
#2148 = FACE_BOUND('',#2149,.F.);
#2149 = EDGE_LOOP('',(#2150,#2156,#2157,#2163));
#2150 = ORIENTED_EDGE('',*,*,#2151,.F.);
#2151 = EDGE_CURVE('',#2072,#2112,#2152,.T.);
#2152 = LINE('',#2153,#2154);
#2153 = CARTESIAN_POINT('',(6.916084585783,2.298082018855,
    -1.117604614498));
#2154 = VECTOR('',#2155,1.);
#2155 = DIRECTION('',(1.19248806385E-008,1.,8.742273394091E-008));
#2156 = ORIENTED_EDGE('',*,*,#2071,.T.);
#2157 = ORIENTED_EDGE('',*,*,#2158,.T.);
#2158 = EDGE_CURVE('',#2074,#2114,#2159,.T.);
#2159 = LINE('',#2160,#2161);
#2160 = CARTESIAN_POINT('',(6.916084585783,2.298082023664,
    -1.172604614498));
#2161 = VECTOR('',#2162,1.);
#2162 = DIRECTION('',(1.19248806385E-008,1.,8.742273394091E-008));
#2163 = ORIENTED_EDGE('',*,*,#2111,.F.);
#2164 = PLANE('',#2165);
#2165 = AXIS2_PLACEMENT_3D('',#2166,#2167,#2168);
#2166 = CARTESIAN_POINT('',(6.916084585783,2.298082018855,
    -1.117604614498));
#2167 = DIRECTION('',(1.,-1.19248806385E-008,-1.042505705107E-015));
#2168 = DIRECTION('',(-3.777050852833E-023,8.742273394091E-008,-1.));
#2169 = ADVANCED_FACE('',(#2170),#2186,.T.);
#2170 = FACE_BOUND('',#2171,.T.);
#2171 = EDGE_LOOP('',(#2172,#2178,#2179,#2185));
#2172 = ORIENTED_EDGE('',*,*,#2173,.F.);
#2173 = EDGE_CURVE('',#2082,#2122,#2174,.T.);
#2174 = LINE('',#2175,#2176);
#2175 = CARTESIAN_POINT('',(7.816084585783,2.298082008123,
    -1.117604614498));
#2176 = VECTOR('',#2177,1.);
#2177 = DIRECTION('',(1.19248806385E-008,1.,8.742273394091E-008));
#2178 = ORIENTED_EDGE('',*,*,#2089,.T.);
#2179 = ORIENTED_EDGE('',*,*,#2180,.T.);
#2180 = EDGE_CURVE('',#2090,#2130,#2181,.T.);
#2181 = LINE('',#2182,#2183);
#2182 = CARTESIAN_POINT('',(7.816084585783,2.298082012931,
    -1.172604614498));
#2183 = VECTOR('',#2184,1.);
#2184 = DIRECTION('',(1.19248806385E-008,1.,8.742273394091E-008));
#2185 = ORIENTED_EDGE('',*,*,#2129,.F.);
#2186 = PLANE('',#2187);
#2187 = AXIS2_PLACEMENT_3D('',#2188,#2189,#2190);
#2188 = CARTESIAN_POINT('',(7.816084585783,2.298082008123,
    -1.117604614498));
#2189 = DIRECTION('',(1.,-1.19248806385E-008,-1.042505705107E-015));
#2190 = DIRECTION('',(-3.777050852833E-023,8.742273394091E-008,-1.));
#2191 = ADVANCED_FACE('',(#2192),#2198,.F.);
#2192 = FACE_BOUND('',#2193,.F.);
#2193 = EDGE_LOOP('',(#2194,#2195,#2196,#2197));
#2194 = ORIENTED_EDGE('',*,*,#2081,.F.);
#2195 = ORIENTED_EDGE('',*,*,#2151,.T.);
#2196 = ORIENTED_EDGE('',*,*,#2121,.T.);
#2197 = ORIENTED_EDGE('',*,*,#2173,.F.);
#2198 = PLANE('',#2199);
#2199 = AXIS2_PLACEMENT_3D('',#2200,#2201,#2202);
#2200 = CARTESIAN_POINT('',(6.916084585783,2.298082018855,
    -1.117604614498));
#2201 = DIRECTION('',(-3.777050852833E-023,8.742273394091E-008,-1.));
#2202 = DIRECTION('',(1.19248806385E-008,1.,8.742273394091E-008));
#2203 = ADVANCED_FACE('',(#2204),#2210,.T.);
#2204 = FACE_BOUND('',#2205,.T.);
#2205 = EDGE_LOOP('',(#2206,#2207,#2208,#2209));
#2206 = ORIENTED_EDGE('',*,*,#2097,.F.);
#2207 = ORIENTED_EDGE('',*,*,#2158,.T.);
#2208 = ORIENTED_EDGE('',*,*,#2137,.T.);
#2209 = ORIENTED_EDGE('',*,*,#2180,.F.);
#2210 = PLANE('',#2211);
#2211 = AXIS2_PLACEMENT_3D('',#2212,#2213,#2214);
#2212 = CARTESIAN_POINT('',(6.916084585783,2.298082023664,
    -1.172604614498));
#2213 = DIRECTION('',(-3.777050852833E-023,8.742273394091E-008,-1.));
#2214 = DIRECTION('',(1.19248806385E-008,1.,8.742273394091E-008));
#2215 = MANIFOLD_SOLID_BREP('',#2216);
#2216 = CLOSED_SHELL('',(#2217,#2257,#2320,#2344,#2400,#2417,#2434,#2451
    ,#2468,#2485));
#2217 = ADVANCED_FACE('',(#2218),#2252,.F.);
#2218 = FACE_BOUND('',#2219,.F.);
#2219 = EDGE_LOOP('',(#2220,#2230,#2238,#2246));
#2220 = ORIENTED_EDGE('',*,*,#2221,.F.);
#2221 = EDGE_CURVE('',#2222,#2224,#2226,.T.);
#2222 = VERTEX_POINT('',#2223);
#2223 = CARTESIAN_POINT('',(3.243925818405,3.897917918562,
    -0.622604474622));
#2224 = VERTEX_POINT('',#2225);
#2225 = CARTESIAN_POINT('',(3.243925818405,3.897917966645,
    -1.172604474622));
#2226 = LINE('',#2227,#2228);
#2227 = CARTESIAN_POINT('',(3.243925818405,3.897917918562,
    -0.622604474622));
#2228 = VECTOR('',#2229,1.);
#2229 = DIRECTION('',(-1.678841393868E-022,8.742273394091E-008,-1.));
#2230 = ORIENTED_EDGE('',*,*,#2231,.T.);
#2231 = EDGE_CURVE('',#2222,#2232,#2234,.T.);
#2232 = VERTEX_POINT('',#2233);
#2233 = CARTESIAN_POINT('',(2.343925818405,3.897917957903,
    -0.622604474622));
#2234 = LINE('',#2235,#2236);
#2235 = CARTESIAN_POINT('',(3.243925818405,3.897917918562,
    -0.622604474622));
#2236 = VECTOR('',#2237,1.);
#2237 = DIRECTION('',(-1.,4.371138828674E-008,3.821369236263E-015));
#2238 = ORIENTED_EDGE('',*,*,#2239,.T.);
#2239 = EDGE_CURVE('',#2232,#2240,#2242,.T.);
#2240 = VERTEX_POINT('',#2241);
#2241 = CARTESIAN_POINT('',(2.343925818405,3.897918005985,
    -1.172604474622));
#2242 = LINE('',#2243,#2244);
#2243 = CARTESIAN_POINT('',(2.343925818405,3.897917957903,
    -0.622604474622));
#2244 = VECTOR('',#2245,1.);
#2245 = DIRECTION('',(-1.678841393868E-022,8.742273394091E-008,-1.));
#2246 = ORIENTED_EDGE('',*,*,#2247,.F.);
#2247 = EDGE_CURVE('',#2224,#2240,#2248,.T.);
#2248 = LINE('',#2249,#2250);
#2249 = CARTESIAN_POINT('',(3.243925818405,3.897917966645,
    -1.172604474622));
#2250 = VECTOR('',#2251,1.);
#2251 = DIRECTION('',(-1.,4.371138828674E-008,3.821369236263E-015));
#2252 = PLANE('',#2253);
#2253 = AXIS2_PLACEMENT_3D('',#2254,#2255,#2256);
#2254 = CARTESIAN_POINT('',(3.243925818405,3.897917918562,
    -0.622604474622));
#2255 = DIRECTION('',(-4.371138828674E-008,-1.,-8.742273394091E-008));
#2256 = DIRECTION('',(-1.678841393868E-022,8.742273394091E-008,-1.));
#2257 = ADVANCED_FACE('',(#2258),#2315,.F.);
#2258 = FACE_BOUND('',#2259,.F.);
#2259 = EDGE_LOOP('',(#2260,#2270,#2276,#2277,#2285,#2293,#2301,#2309));
#2260 = ORIENTED_EDGE('',*,*,#2261,.F.);
#2261 = EDGE_CURVE('',#2262,#2264,#2266,.T.);
#2262 = VERTEX_POINT('',#2263);
#2263 = CARTESIAN_POINT('',(3.243925814034,3.797917918562,
    -0.622604483364));
#2264 = VERTEX_POINT('',#2265);
#2265 = CARTESIAN_POINT('',(3.243925814034,3.797917923371,
    -0.677604483364));
#2266 = LINE('',#2267,#2268);
#2267 = CARTESIAN_POINT('',(3.243925814034,3.797917918562,
    -0.622604483364));
#2268 = VECTOR('',#2269,1.);
#2269 = DIRECTION('',(-1.678841393868E-022,8.742273394091E-008,-1.));
#2270 = ORIENTED_EDGE('',*,*,#2271,.F.);
#2271 = EDGE_CURVE('',#2222,#2262,#2272,.T.);
#2272 = LINE('',#2273,#2274);
#2273 = CARTESIAN_POINT('',(3.243925818405,3.897917918562,
    -0.622604474622));
#2274 = VECTOR('',#2275,1.);
#2275 = DIRECTION('',(-4.371138828674E-008,-1.,-8.742273394091E-008));
#2276 = ORIENTED_EDGE('',*,*,#2221,.T.);
#2277 = ORIENTED_EDGE('',*,*,#2278,.T.);
#2278 = EDGE_CURVE('',#2224,#2279,#2281,.T.);
#2279 = VERTEX_POINT('',#2280);
#2280 = CARTESIAN_POINT('',(3.243925814034,3.797917966645,
    -1.172604483364));
#2281 = LINE('',#2282,#2283);
#2282 = CARTESIAN_POINT('',(3.243925818405,3.897917966645,
    -1.172604474622));
#2283 = VECTOR('',#2284,1.);
#2284 = DIRECTION('',(-4.371138828674E-008,-1.,-8.742273394091E-008));
#2285 = ORIENTED_EDGE('',*,*,#2286,.F.);
#2286 = EDGE_CURVE('',#2287,#2279,#2289,.T.);
#2287 = VERTEX_POINT('',#2288);
#2288 = CARTESIAN_POINT('',(3.243925814034,3.797917961837,
    -1.117604483364));
#2289 = LINE('',#2290,#2291);
#2290 = CARTESIAN_POINT('',(3.243925814034,3.797917918562,
    -0.622604483364));
#2291 = VECTOR('',#2292,1.);
#2292 = DIRECTION('',(-1.678841393868E-022,8.742273394091E-008,-1.));
#2293 = ORIENTED_EDGE('',*,*,#2294,.F.);
#2294 = EDGE_CURVE('',#2295,#2287,#2297,.T.);
#2295 = VERTEX_POINT('',#2296);
#2296 = CARTESIAN_POINT('',(3.243925816001,3.842917961837,-1.11760447943
    ));
#2297 = LINE('',#2298,#2299);
#2298 = CARTESIAN_POINT('',(3.243925816001,3.842917961837,-1.11760447943
    ));
#2299 = VECTOR('',#2300,1.);
#2300 = DIRECTION('',(-4.371138828674E-008,-1.,-8.742273394091E-008));
#2301 = ORIENTED_EDGE('',*,*,#2302,.F.);
#2302 = EDGE_CURVE('',#2303,#2295,#2305,.T.);
#2303 = VERTEX_POINT('',#2304);
#2304 = CARTESIAN_POINT('',(3.243925816001,3.842917923371,-0.67760447943
    ));
#2305 = LINE('',#2306,#2307);
#2306 = CARTESIAN_POINT('',(3.243925816001,3.842917923371,-0.67760447943
    ));
#2307 = VECTOR('',#2308,1.);
#2308 = DIRECTION('',(-1.678841393868E-022,8.742273394091E-008,-1.));
#2309 = ORIENTED_EDGE('',*,*,#2310,.T.);
#2310 = EDGE_CURVE('',#2303,#2264,#2311,.T.);
#2311 = LINE('',#2312,#2313);
#2312 = CARTESIAN_POINT('',(3.243925816001,3.842917923371,-0.67760447943
    ));
#2313 = VECTOR('',#2314,1.);
#2314 = DIRECTION('',(-4.371138828674E-008,-1.,-8.742273394091E-008));
#2315 = PLANE('',#2316);
#2316 = AXIS2_PLACEMENT_3D('',#2317,#2318,#2319);
#2317 = CARTESIAN_POINT('',(3.243925818405,3.897917918562,
    -0.622604474622));
#2318 = DIRECTION('',(-1.,4.371138828674E-008,3.821369236263E-015));
#2319 = DIRECTION('',(-1.678841393868E-022,8.742273394091E-008,-1.));
#2320 = ADVANCED_FACE('',(#2321),#2339,.T.);
#2321 = FACE_BOUND('',#2322,.T.);
#2322 = EDGE_LOOP('',(#2323,#2324,#2325,#2333));
#2323 = ORIENTED_EDGE('',*,*,#2247,.F.);
#2324 = ORIENTED_EDGE('',*,*,#2278,.T.);
#2325 = ORIENTED_EDGE('',*,*,#2326,.T.);
#2326 = EDGE_CURVE('',#2279,#2327,#2329,.T.);
#2327 = VERTEX_POINT('',#2328);
#2328 = CARTESIAN_POINT('',(2.343925814034,3.797918005985,
    -1.172604483364));
#2329 = LINE('',#2330,#2331);
#2330 = CARTESIAN_POINT('',(3.243925814034,3.797917966645,
    -1.172604483364));
#2331 = VECTOR('',#2332,1.);
#2332 = DIRECTION('',(-1.,4.371138828674E-008,3.821369236263E-015));
#2333 = ORIENTED_EDGE('',*,*,#2334,.F.);
#2334 = EDGE_CURVE('',#2240,#2327,#2335,.T.);
#2335 = LINE('',#2336,#2337);
#2336 = CARTESIAN_POINT('',(2.343925818405,3.897918005985,
    -1.172604474622));
#2337 = VECTOR('',#2338,1.);
#2338 = DIRECTION('',(-4.371138828674E-008,-1.,-8.742273394091E-008));
#2339 = PLANE('',#2340);
#2340 = AXIS2_PLACEMENT_3D('',#2341,#2342,#2343);
#2341 = CARTESIAN_POINT('',(3.243925818405,3.897917966645,
    -1.172604474622));
#2342 = DIRECTION('',(-1.678841393868E-022,8.742273394091E-008,-1.));
#2343 = DIRECTION('',(-4.371138828674E-008,-1.,-8.742273394091E-008));
#2344 = ADVANCED_FACE('',(#2345),#2395,.T.);
#2345 = FACE_BOUND('',#2346,.T.);
#2346 = EDGE_LOOP('',(#2347,#2357,#2363,#2364,#2365,#2373,#2381,#2389));
#2347 = ORIENTED_EDGE('',*,*,#2348,.F.);
#2348 = EDGE_CURVE('',#2349,#2351,#2353,.T.);
#2349 = VERTEX_POINT('',#2350);
#2350 = CARTESIAN_POINT('',(2.343925814034,3.797917957903,
    -0.622604483364));
#2351 = VERTEX_POINT('',#2352);
#2352 = CARTESIAN_POINT('',(2.343925814034,3.797917962711,
    -0.677604483364));
#2353 = LINE('',#2354,#2355);
#2354 = CARTESIAN_POINT('',(2.343925814034,3.797917957903,
    -0.622604483364));
#2355 = VECTOR('',#2356,1.);
#2356 = DIRECTION('',(-1.678841393868E-022,8.742273394091E-008,-1.));
#2357 = ORIENTED_EDGE('',*,*,#2358,.F.);
#2358 = EDGE_CURVE('',#2232,#2349,#2359,.T.);
#2359 = LINE('',#2360,#2361);
#2360 = CARTESIAN_POINT('',(2.343925818405,3.897917957903,
    -0.622604474622));
#2361 = VECTOR('',#2362,1.);
#2362 = DIRECTION('',(-4.371138828674E-008,-1.,-8.742273394091E-008));
#2363 = ORIENTED_EDGE('',*,*,#2239,.T.);
#2364 = ORIENTED_EDGE('',*,*,#2334,.T.);
#2365 = ORIENTED_EDGE('',*,*,#2366,.F.);
#2366 = EDGE_CURVE('',#2367,#2327,#2369,.T.);
#2367 = VERTEX_POINT('',#2368);
#2368 = CARTESIAN_POINT('',(2.343925814034,3.797918001177,
    -1.117604483364));
#2369 = LINE('',#2370,#2371);
#2370 = CARTESIAN_POINT('',(2.343925814034,3.797917957903,
    -0.622604483364));
#2371 = VECTOR('',#2372,1.);
#2372 = DIRECTION('',(-1.678841393868E-022,8.742273394091E-008,-1.));
#2373 = ORIENTED_EDGE('',*,*,#2374,.F.);
#2374 = EDGE_CURVE('',#2375,#2367,#2377,.T.);
#2375 = VERTEX_POINT('',#2376);
#2376 = CARTESIAN_POINT('',(2.343925816001,3.842918001177,-1.11760447943
    ));
#2377 = LINE('',#2378,#2379);
#2378 = CARTESIAN_POINT('',(2.343925816001,3.842918001177,-1.11760447943
    ));
#2379 = VECTOR('',#2380,1.);
#2380 = DIRECTION('',(-4.371138828674E-008,-1.,-8.742273394091E-008));
#2381 = ORIENTED_EDGE('',*,*,#2382,.F.);
#2382 = EDGE_CURVE('',#2383,#2375,#2385,.T.);
#2383 = VERTEX_POINT('',#2384);
#2384 = CARTESIAN_POINT('',(2.343925816001,3.842917962711,-0.67760447943
    ));
#2385 = LINE('',#2386,#2387);
#2386 = CARTESIAN_POINT('',(2.343925816001,3.842917962711,-0.67760447943
    ));
#2387 = VECTOR('',#2388,1.);
#2388 = DIRECTION('',(-1.678841393868E-022,8.742273394091E-008,-1.));
#2389 = ORIENTED_EDGE('',*,*,#2390,.T.);
#2390 = EDGE_CURVE('',#2383,#2351,#2391,.T.);
#2391 = LINE('',#2392,#2393);
#2392 = CARTESIAN_POINT('',(2.343925816001,3.842917962711,-0.67760447943
    ));
#2393 = VECTOR('',#2394,1.);
#2394 = DIRECTION('',(-4.371138828674E-008,-1.,-8.742273394091E-008));
#2395 = PLANE('',#2396);
#2396 = AXIS2_PLACEMENT_3D('',#2397,#2398,#2399);
#2397 = CARTESIAN_POINT('',(2.343925818405,3.897917957903,
    -0.622604474622));
#2398 = DIRECTION('',(-1.,4.371138828674E-008,3.821369236263E-015));
#2399 = DIRECTION('',(-1.678841393868E-022,8.742273394091E-008,-1.));
#2400 = ADVANCED_FACE('',(#2401),#2412,.F.);
#2401 = FACE_BOUND('',#2402,.F.);
#2402 = EDGE_LOOP('',(#2403,#2404,#2405,#2411));
#2403 = ORIENTED_EDGE('',*,*,#2231,.F.);
#2404 = ORIENTED_EDGE('',*,*,#2271,.T.);
#2405 = ORIENTED_EDGE('',*,*,#2406,.T.);
#2406 = EDGE_CURVE('',#2262,#2349,#2407,.T.);
#2407 = LINE('',#2408,#2409);
#2408 = CARTESIAN_POINT('',(3.243925814034,3.797917918562,
    -0.622604483364));
#2409 = VECTOR('',#2410,1.);
#2410 = DIRECTION('',(-1.,4.371138828674E-008,3.821369236263E-015));
#2411 = ORIENTED_EDGE('',*,*,#2358,.F.);
#2412 = PLANE('',#2413);
#2413 = AXIS2_PLACEMENT_3D('',#2414,#2415,#2416);
#2414 = CARTESIAN_POINT('',(3.243925818405,3.897917918562,
    -0.622604474622));
#2415 = DIRECTION('',(-1.678841393868E-022,8.742273394091E-008,-1.));
#2416 = DIRECTION('',(-4.371138828674E-008,-1.,-8.742273394091E-008));
#2417 = ADVANCED_FACE('',(#2418),#2429,.T.);
#2418 = FACE_BOUND('',#2419,.T.);
#2419 = EDGE_LOOP('',(#2420,#2421,#2422,#2423));
#2420 = ORIENTED_EDGE('',*,*,#2261,.F.);
#2421 = ORIENTED_EDGE('',*,*,#2406,.T.);
#2422 = ORIENTED_EDGE('',*,*,#2348,.T.);
#2423 = ORIENTED_EDGE('',*,*,#2424,.T.);
#2424 = EDGE_CURVE('',#2351,#2264,#2425,.T.);
#2425 = LINE('',#2426,#2427);
#2426 = CARTESIAN_POINT('',(3.243925814034,3.797917923371,
    -0.677604483364));
#2427 = VECTOR('',#2428,1.);
#2428 = DIRECTION('',(1.,-4.371138828674E-008,-3.821369236263E-015));
#2429 = PLANE('',#2430);
#2430 = AXIS2_PLACEMENT_3D('',#2431,#2432,#2433);
#2431 = CARTESIAN_POINT('',(3.243925814034,3.797917918562,
    -0.622604483364));
#2432 = DIRECTION('',(-4.371138828674E-008,-1.,-8.742273394091E-008));
#2433 = DIRECTION('',(-1.678841393868E-022,8.742273394091E-008,-1.));
#2434 = ADVANCED_FACE('',(#2435),#2446,.T.);
#2435 = FACE_BOUND('',#2436,.T.);
#2436 = EDGE_LOOP('',(#2437,#2438,#2444,#2445));
#2437 = ORIENTED_EDGE('',*,*,#2390,.F.);
#2438 = ORIENTED_EDGE('',*,*,#2439,.F.);
#2439 = EDGE_CURVE('',#2303,#2383,#2440,.T.);
#2440 = LINE('',#2441,#2442);
#2441 = CARTESIAN_POINT('',(3.243925816001,3.842917923371,-0.67760447943
    ));
#2442 = VECTOR('',#2443,1.);
#2443 = DIRECTION('',(-1.,4.371138828674E-008,3.821369236263E-015));
#2444 = ORIENTED_EDGE('',*,*,#2310,.T.);
#2445 = ORIENTED_EDGE('',*,*,#2424,.F.);
#2446 = PLANE('',#2447);
#2447 = AXIS2_PLACEMENT_3D('',#2448,#2449,#2450);
#2448 = CARTESIAN_POINT('',(3.243925816001,3.842917923371,-0.67760447943
    ));
#2449 = DIRECTION('',(-1.678841393868E-022,8.742273394091E-008,-1.));
#2450 = DIRECTION('',(-4.371138828674E-008,-1.,-8.742273394091E-008));
#2451 = ADVANCED_FACE('',(#2452),#2463,.T.);
#2452 = FACE_BOUND('',#2453,.T.);
#2453 = EDGE_LOOP('',(#2454,#2455,#2456,#2457));
#2454 = ORIENTED_EDGE('',*,*,#2302,.F.);
#2455 = ORIENTED_EDGE('',*,*,#2439,.T.);
#2456 = ORIENTED_EDGE('',*,*,#2382,.T.);
#2457 = ORIENTED_EDGE('',*,*,#2458,.F.);
#2458 = EDGE_CURVE('',#2295,#2375,#2459,.T.);
#2459 = LINE('',#2460,#2461);
#2460 = CARTESIAN_POINT('',(3.243925816001,3.842917961837,-1.11760447943
    ));
#2461 = VECTOR('',#2462,1.);
#2462 = DIRECTION('',(-1.,4.371138828674E-008,3.821369236263E-015));
#2463 = PLANE('',#2464);
#2464 = AXIS2_PLACEMENT_3D('',#2465,#2466,#2467);
#2465 = CARTESIAN_POINT('',(3.243925816001,3.842917923371,-0.67760447943
    ));
#2466 = DIRECTION('',(-4.371138828674E-008,-1.,-8.742273394091E-008));
#2467 = DIRECTION('',(-1.678841393868E-022,8.742273394091E-008,-1.));
#2468 = ADVANCED_FACE('',(#2469),#2480,.F.);
#2469 = FACE_BOUND('',#2470,.F.);
#2470 = EDGE_LOOP('',(#2471,#2472,#2473,#2474));
#2471 = ORIENTED_EDGE('',*,*,#2374,.F.);
#2472 = ORIENTED_EDGE('',*,*,#2458,.F.);
#2473 = ORIENTED_EDGE('',*,*,#2294,.T.);
#2474 = ORIENTED_EDGE('',*,*,#2475,.F.);
#2475 = EDGE_CURVE('',#2367,#2287,#2476,.T.);
#2476 = LINE('',#2477,#2478);
#2477 = CARTESIAN_POINT('',(3.243925814034,3.797917961837,
    -1.117604483364));
#2478 = VECTOR('',#2479,1.);
#2479 = DIRECTION('',(1.,-4.371138828674E-008,-3.821369236263E-015));
#2480 = PLANE('',#2481);
#2481 = AXIS2_PLACEMENT_3D('',#2482,#2483,#2484);
#2482 = CARTESIAN_POINT('',(3.243925816001,3.842917961837,-1.11760447943
    ));
#2483 = DIRECTION('',(-1.678841393868E-022,8.742273394091E-008,-1.));
#2484 = DIRECTION('',(-4.371138828674E-008,-1.,-8.742273394091E-008));
#2485 = ADVANCED_FACE('',(#2486),#2492,.T.);
#2486 = FACE_BOUND('',#2487,.T.);
#2487 = EDGE_LOOP('',(#2488,#2489,#2490,#2491));
#2488 = ORIENTED_EDGE('',*,*,#2286,.F.);
#2489 = ORIENTED_EDGE('',*,*,#2475,.F.);
#2490 = ORIENTED_EDGE('',*,*,#2366,.T.);
#2491 = ORIENTED_EDGE('',*,*,#2326,.F.);
#2492 = PLANE('',#2493);
#2493 = AXIS2_PLACEMENT_3D('',#2494,#2495,#2496);
#2494 = CARTESIAN_POINT('',(3.243925814034,3.797917918562,
    -0.622604483364));
#2495 = DIRECTION('',(-4.371138828674E-008,-1.,-8.742273394091E-008));
#2496 = DIRECTION('',(-1.678841393868E-022,8.742273394091E-008,-1.));
#2497 = MANIFOLD_SOLID_BREP('',#2498);
#2498 = CLOSED_SHELL('',(#2499,#2539,#2602,#2626,#2682,#2699,#2716,#2733
    ,#2750,#2767));
#2499 = ADVANCED_FACE('',(#2500),#2534,.F.);
#2500 = FACE_BOUND('',#2501,.F.);
#2501 = EDGE_LOOP('',(#2502,#2512,#2520,#2528));
#2502 = ORIENTED_EDGE('',*,*,#2503,.F.);
#2503 = EDGE_CURVE('',#2504,#2506,#2508,.T.);
#2504 = VERTEX_POINT('',#2505);
#2505 = CARTESIAN_POINT('',(2.343925744095,2.197917957903,-0.62260462324
    ));
#2506 = VERTEX_POINT('',#2507);
#2507 = CARTESIAN_POINT('',(2.343925744095,2.197918005985,-1.17260462324
    ));
#2508 = LINE('',#2509,#2510);
#2509 = CARTESIAN_POINT('',(2.343925744095,2.197917957903,-0.62260462324
    ));
#2510 = VECTOR('',#2511,1.);
#2511 = DIRECTION('',(-1.678841393868E-022,8.742273394091E-008,-1.));
#2512 = ORIENTED_EDGE('',*,*,#2513,.T.);
#2513 = EDGE_CURVE('',#2504,#2514,#2516,.T.);
#2514 = VERTEX_POINT('',#2515);
#2515 = CARTESIAN_POINT('',(3.243925744095,2.197917918562,-0.62260462324
    ));
#2516 = LINE('',#2517,#2518);
#2517 = CARTESIAN_POINT('',(2.343925744095,2.197917957903,-0.62260462324
    ));
#2518 = VECTOR('',#2519,1.);
#2519 = DIRECTION('',(1.,-4.371138816427E-008,-3.821369225557E-015));
#2520 = ORIENTED_EDGE('',*,*,#2521,.T.);
#2521 = EDGE_CURVE('',#2514,#2522,#2524,.T.);
#2522 = VERTEX_POINT('',#2523);
#2523 = CARTESIAN_POINT('',(3.243925744095,2.197917966645,-1.17260462324
    ));
#2524 = LINE('',#2525,#2526);
#2525 = CARTESIAN_POINT('',(3.243925744095,2.197917918562,-0.62260462324
    ));
#2526 = VECTOR('',#2527,1.);
#2527 = DIRECTION('',(-1.678841393868E-022,8.742273394091E-008,-1.));
#2528 = ORIENTED_EDGE('',*,*,#2529,.F.);
#2529 = EDGE_CURVE('',#2506,#2522,#2530,.T.);
#2530 = LINE('',#2531,#2532);
#2531 = CARTESIAN_POINT('',(2.343925744095,2.197918005985,-1.17260462324
    ));
#2532 = VECTOR('',#2533,1.);
#2533 = DIRECTION('',(1.,-4.371138816427E-008,-3.821369225557E-015));
#2534 = PLANE('',#2535);
#2535 = AXIS2_PLACEMENT_3D('',#2536,#2537,#2538);
#2536 = CARTESIAN_POINT('',(2.343925744095,2.197917957903,-0.62260462324
    ));
#2537 = DIRECTION('',(4.371138816427E-008,1.,8.742273394091E-008));
#2538 = DIRECTION('',(-1.678841393868E-022,8.742273394091E-008,-1.));
#2539 = ADVANCED_FACE('',(#2540),#2597,.F.);
#2540 = FACE_BOUND('',#2541,.F.);
#2541 = EDGE_LOOP('',(#2542,#2552,#2558,#2559,#2567,#2575,#2583,#2591));
#2542 = ORIENTED_EDGE('',*,*,#2543,.F.);
#2543 = EDGE_CURVE('',#2544,#2546,#2548,.T.);
#2544 = VERTEX_POINT('',#2545);
#2545 = CARTESIAN_POINT('',(2.343925748466,2.297917957903,
    -0.622604614498));
#2546 = VERTEX_POINT('',#2547);
#2547 = CARTESIAN_POINT('',(2.343925748466,2.297917962711,
    -0.677604614498));
#2548 = LINE('',#2549,#2550);
#2549 = CARTESIAN_POINT('',(2.343925748466,2.297917957903,
    -0.622604614498));
#2550 = VECTOR('',#2551,1.);
#2551 = DIRECTION('',(-1.678841393868E-022,8.742273394091E-008,-1.));
#2552 = ORIENTED_EDGE('',*,*,#2553,.F.);
#2553 = EDGE_CURVE('',#2504,#2544,#2554,.T.);
#2554 = LINE('',#2555,#2556);
#2555 = CARTESIAN_POINT('',(2.343925744095,2.197917957903,-0.62260462324
    ));
#2556 = VECTOR('',#2557,1.);
#2557 = DIRECTION('',(4.371138816427E-008,1.,8.742273394091E-008));
#2558 = ORIENTED_EDGE('',*,*,#2503,.T.);
#2559 = ORIENTED_EDGE('',*,*,#2560,.T.);
#2560 = EDGE_CURVE('',#2506,#2561,#2563,.T.);
#2561 = VERTEX_POINT('',#2562);
#2562 = CARTESIAN_POINT('',(2.343925748466,2.297918005985,
    -1.172604614498));
#2563 = LINE('',#2564,#2565);
#2564 = CARTESIAN_POINT('',(2.343925744095,2.197918005985,-1.17260462324
    ));
#2565 = VECTOR('',#2566,1.);
#2566 = DIRECTION('',(4.371138816427E-008,1.,8.742273394091E-008));
#2567 = ORIENTED_EDGE('',*,*,#2568,.F.);
#2568 = EDGE_CURVE('',#2569,#2561,#2571,.T.);
#2569 = VERTEX_POINT('',#2570);
#2570 = CARTESIAN_POINT('',(2.343925748466,2.297918001177,
    -1.117604614498));
#2571 = LINE('',#2572,#2573);
#2572 = CARTESIAN_POINT('',(2.343925748466,2.297917957903,
    -0.622604614498));
#2573 = VECTOR('',#2574,1.);
#2574 = DIRECTION('',(-1.678841393868E-022,8.742273394091E-008,-1.));
#2575 = ORIENTED_EDGE('',*,*,#2576,.F.);
#2576 = EDGE_CURVE('',#2577,#2569,#2579,.T.);
#2577 = VERTEX_POINT('',#2578);
#2578 = CARTESIAN_POINT('',(2.343925746499,2.252918001177,
    -1.117604618432));
#2579 = LINE('',#2580,#2581);
#2580 = CARTESIAN_POINT('',(2.343925746499,2.252918001177,
    -1.117604618432));
#2581 = VECTOR('',#2582,1.);
#2582 = DIRECTION('',(4.371138816427E-008,1.,8.742273394091E-008));
#2583 = ORIENTED_EDGE('',*,*,#2584,.F.);
#2584 = EDGE_CURVE('',#2585,#2577,#2587,.T.);
#2585 = VERTEX_POINT('',#2586);
#2586 = CARTESIAN_POINT('',(2.343925746499,2.252917962711,
    -0.677604618432));
#2587 = LINE('',#2588,#2589);
#2588 = CARTESIAN_POINT('',(2.343925746499,2.252917962711,
    -0.677604618432));
#2589 = VECTOR('',#2590,1.);
#2590 = DIRECTION('',(-1.678841393868E-022,8.742273394091E-008,-1.));
#2591 = ORIENTED_EDGE('',*,*,#2592,.T.);
#2592 = EDGE_CURVE('',#2585,#2546,#2593,.T.);
#2593 = LINE('',#2594,#2595);
#2594 = CARTESIAN_POINT('',(2.343925746499,2.252917962711,
    -0.677604618432));
#2595 = VECTOR('',#2596,1.);
#2596 = DIRECTION('',(4.371138816427E-008,1.,8.742273394091E-008));
#2597 = PLANE('',#2598);
#2598 = AXIS2_PLACEMENT_3D('',#2599,#2600,#2601);
#2599 = CARTESIAN_POINT('',(2.343925744095,2.197917957903,-0.62260462324
    ));
#2600 = DIRECTION('',(1.,-4.371138816427E-008,-3.821369225557E-015));
#2601 = DIRECTION('',(-1.678841393868E-022,8.742273394091E-008,-1.));
#2602 = ADVANCED_FACE('',(#2603),#2621,.T.);
#2603 = FACE_BOUND('',#2604,.T.);
#2604 = EDGE_LOOP('',(#2605,#2606,#2607,#2615));
#2605 = ORIENTED_EDGE('',*,*,#2529,.F.);
#2606 = ORIENTED_EDGE('',*,*,#2560,.T.);
#2607 = ORIENTED_EDGE('',*,*,#2608,.T.);
#2608 = EDGE_CURVE('',#2561,#2609,#2611,.T.);
#2609 = VERTEX_POINT('',#2610);
#2610 = CARTESIAN_POINT('',(3.243925748466,2.297917966645,
    -1.172604614498));
#2611 = LINE('',#2612,#2613);
#2612 = CARTESIAN_POINT('',(2.343925748466,2.297918005985,
    -1.172604614498));
#2613 = VECTOR('',#2614,1.);
#2614 = DIRECTION('',(1.,-4.371138816427E-008,-3.821369225557E-015));
#2615 = ORIENTED_EDGE('',*,*,#2616,.F.);
#2616 = EDGE_CURVE('',#2522,#2609,#2617,.T.);
#2617 = LINE('',#2618,#2619);
#2618 = CARTESIAN_POINT('',(3.243925744095,2.197917966645,-1.17260462324
    ));
#2619 = VECTOR('',#2620,1.);
#2620 = DIRECTION('',(4.371138816427E-008,1.,8.742273394091E-008));
#2621 = PLANE('',#2622);
#2622 = AXIS2_PLACEMENT_3D('',#2623,#2624,#2625);
#2623 = CARTESIAN_POINT('',(2.343925744095,2.197918005985,-1.17260462324
    ));
#2624 = DIRECTION('',(-1.678841393868E-022,8.742273394091E-008,-1.));
#2625 = DIRECTION('',(4.371138816427E-008,1.,8.742273394091E-008));
#2626 = ADVANCED_FACE('',(#2627),#2677,.T.);
#2627 = FACE_BOUND('',#2628,.T.);
#2628 = EDGE_LOOP('',(#2629,#2639,#2645,#2646,#2647,#2655,#2663,#2671));
#2629 = ORIENTED_EDGE('',*,*,#2630,.F.);
#2630 = EDGE_CURVE('',#2631,#2633,#2635,.T.);
#2631 = VERTEX_POINT('',#2632);
#2632 = CARTESIAN_POINT('',(3.243925748466,2.297917918562,
    -0.622604614498));
#2633 = VERTEX_POINT('',#2634);
#2634 = CARTESIAN_POINT('',(3.243925748466,2.297917923371,
    -0.677604614498));
#2635 = LINE('',#2636,#2637);
#2636 = CARTESIAN_POINT('',(3.243925748466,2.297917918562,
    -0.622604614498));
#2637 = VECTOR('',#2638,1.);
#2638 = DIRECTION('',(-1.678841393868E-022,8.742273394091E-008,-1.));
#2639 = ORIENTED_EDGE('',*,*,#2640,.F.);
#2640 = EDGE_CURVE('',#2514,#2631,#2641,.T.);
#2641 = LINE('',#2642,#2643);
#2642 = CARTESIAN_POINT('',(3.243925744095,2.197917918562,-0.62260462324
    ));
#2643 = VECTOR('',#2644,1.);
#2644 = DIRECTION('',(4.371138816427E-008,1.,8.742273394091E-008));
#2645 = ORIENTED_EDGE('',*,*,#2521,.T.);
#2646 = ORIENTED_EDGE('',*,*,#2616,.T.);
#2647 = ORIENTED_EDGE('',*,*,#2648,.F.);
#2648 = EDGE_CURVE('',#2649,#2609,#2651,.T.);
#2649 = VERTEX_POINT('',#2650);
#2650 = CARTESIAN_POINT('',(3.243925748466,2.297917961837,
    -1.117604614498));
#2651 = LINE('',#2652,#2653);
#2652 = CARTESIAN_POINT('',(3.243925748466,2.297917918562,
    -0.622604614498));
#2653 = VECTOR('',#2654,1.);
#2654 = DIRECTION('',(-1.678841393868E-022,8.742273394091E-008,-1.));
#2655 = ORIENTED_EDGE('',*,*,#2656,.F.);
#2656 = EDGE_CURVE('',#2657,#2649,#2659,.T.);
#2657 = VERTEX_POINT('',#2658);
#2658 = CARTESIAN_POINT('',(3.243925746499,2.252917961837,
    -1.117604618432));
#2659 = LINE('',#2660,#2661);
#2660 = CARTESIAN_POINT('',(3.243925746499,2.252917961837,
    -1.117604618432));
#2661 = VECTOR('',#2662,1.);
#2662 = DIRECTION('',(4.371138816427E-008,1.,8.742273394091E-008));
#2663 = ORIENTED_EDGE('',*,*,#2664,.F.);
#2664 = EDGE_CURVE('',#2665,#2657,#2667,.T.);
#2665 = VERTEX_POINT('',#2666);
#2666 = CARTESIAN_POINT('',(3.243925746499,2.252917923371,
    -0.677604618432));
#2667 = LINE('',#2668,#2669);
#2668 = CARTESIAN_POINT('',(3.243925746499,2.252917923371,
    -0.677604618432));
#2669 = VECTOR('',#2670,1.);
#2670 = DIRECTION('',(-1.678841393868E-022,8.742273394091E-008,-1.));
#2671 = ORIENTED_EDGE('',*,*,#2672,.T.);
#2672 = EDGE_CURVE('',#2665,#2633,#2673,.T.);
#2673 = LINE('',#2674,#2675);
#2674 = CARTESIAN_POINT('',(3.243925746499,2.252917923371,
    -0.677604618432));
#2675 = VECTOR('',#2676,1.);
#2676 = DIRECTION('',(4.371138816427E-008,1.,8.742273394091E-008));
#2677 = PLANE('',#2678);
#2678 = AXIS2_PLACEMENT_3D('',#2679,#2680,#2681);
#2679 = CARTESIAN_POINT('',(3.243925744095,2.197917918562,-0.62260462324
    ));
#2680 = DIRECTION('',(1.,-4.371138816427E-008,-3.821369225557E-015));
#2681 = DIRECTION('',(-1.678841393868E-022,8.742273394091E-008,-1.));
#2682 = ADVANCED_FACE('',(#2683),#2694,.F.);
#2683 = FACE_BOUND('',#2684,.F.);
#2684 = EDGE_LOOP('',(#2685,#2686,#2687,#2693));
#2685 = ORIENTED_EDGE('',*,*,#2513,.F.);
#2686 = ORIENTED_EDGE('',*,*,#2553,.T.);
#2687 = ORIENTED_EDGE('',*,*,#2688,.T.);
#2688 = EDGE_CURVE('',#2544,#2631,#2689,.T.);
#2689 = LINE('',#2690,#2691);
#2690 = CARTESIAN_POINT('',(2.343925748466,2.297917957903,
    -0.622604614498));
#2691 = VECTOR('',#2692,1.);
#2692 = DIRECTION('',(1.,-4.371138816427E-008,-3.821369225557E-015));
#2693 = ORIENTED_EDGE('',*,*,#2640,.F.);
#2694 = PLANE('',#2695);
#2695 = AXIS2_PLACEMENT_3D('',#2696,#2697,#2698);
#2696 = CARTESIAN_POINT('',(2.343925744095,2.197917957903,-0.62260462324
    ));
#2697 = DIRECTION('',(-1.678841393868E-022,8.742273394091E-008,-1.));
#2698 = DIRECTION('',(4.371138816427E-008,1.,8.742273394091E-008));
#2699 = ADVANCED_FACE('',(#2700),#2711,.T.);
#2700 = FACE_BOUND('',#2701,.T.);
#2701 = EDGE_LOOP('',(#2702,#2703,#2704,#2705));
#2702 = ORIENTED_EDGE('',*,*,#2543,.F.);
#2703 = ORIENTED_EDGE('',*,*,#2688,.T.);
#2704 = ORIENTED_EDGE('',*,*,#2630,.T.);
#2705 = ORIENTED_EDGE('',*,*,#2706,.T.);
#2706 = EDGE_CURVE('',#2633,#2546,#2707,.T.);
#2707 = LINE('',#2708,#2709);
#2708 = CARTESIAN_POINT('',(2.343925748466,2.297917962711,
    -0.677604614498));
#2709 = VECTOR('',#2710,1.);
#2710 = DIRECTION('',(-1.,4.371138816427E-008,3.821369225557E-015));
#2711 = PLANE('',#2712);
#2712 = AXIS2_PLACEMENT_3D('',#2713,#2714,#2715);
#2713 = CARTESIAN_POINT('',(2.343925748466,2.297917957903,
    -0.622604614498));
#2714 = DIRECTION('',(4.371138816427E-008,1.,8.742273394091E-008));
#2715 = DIRECTION('',(-1.678841393868E-022,8.742273394091E-008,-1.));
#2716 = ADVANCED_FACE('',(#2717),#2728,.T.);
#2717 = FACE_BOUND('',#2718,.T.);
#2718 = EDGE_LOOP('',(#2719,#2720,#2726,#2727));
#2719 = ORIENTED_EDGE('',*,*,#2672,.F.);
#2720 = ORIENTED_EDGE('',*,*,#2721,.F.);
#2721 = EDGE_CURVE('',#2585,#2665,#2722,.T.);
#2722 = LINE('',#2723,#2724);
#2723 = CARTESIAN_POINT('',(2.343925746499,2.252917962711,
    -0.677604618432));
#2724 = VECTOR('',#2725,1.);
#2725 = DIRECTION('',(1.,-4.371138816427E-008,-3.821369225557E-015));
#2726 = ORIENTED_EDGE('',*,*,#2592,.T.);
#2727 = ORIENTED_EDGE('',*,*,#2706,.F.);
#2728 = PLANE('',#2729);
#2729 = AXIS2_PLACEMENT_3D('',#2730,#2731,#2732);
#2730 = CARTESIAN_POINT('',(2.343925746499,2.252917962711,
    -0.677604618432));
#2731 = DIRECTION('',(-1.678841393868E-022,8.742273394091E-008,-1.));
#2732 = DIRECTION('',(4.371138816427E-008,1.,8.742273394091E-008));
#2733 = ADVANCED_FACE('',(#2734),#2745,.T.);
#2734 = FACE_BOUND('',#2735,.T.);
#2735 = EDGE_LOOP('',(#2736,#2737,#2738,#2739));
#2736 = ORIENTED_EDGE('',*,*,#2584,.F.);
#2737 = ORIENTED_EDGE('',*,*,#2721,.T.);
#2738 = ORIENTED_EDGE('',*,*,#2664,.T.);
#2739 = ORIENTED_EDGE('',*,*,#2740,.F.);
#2740 = EDGE_CURVE('',#2577,#2657,#2741,.T.);
#2741 = LINE('',#2742,#2743);
#2742 = CARTESIAN_POINT('',(2.343925746499,2.252918001177,
    -1.117604618432));
#2743 = VECTOR('',#2744,1.);
#2744 = DIRECTION('',(1.,-4.371138816427E-008,-3.821369225557E-015));
#2745 = PLANE('',#2746);
#2746 = AXIS2_PLACEMENT_3D('',#2747,#2748,#2749);
#2747 = CARTESIAN_POINT('',(2.343925746499,2.252917962711,
    -0.677604618432));
#2748 = DIRECTION('',(4.371138816427E-008,1.,8.742273394091E-008));
#2749 = DIRECTION('',(-1.678841393868E-022,8.742273394091E-008,-1.));
#2750 = ADVANCED_FACE('',(#2751),#2762,.F.);
#2751 = FACE_BOUND('',#2752,.F.);
#2752 = EDGE_LOOP('',(#2753,#2754,#2755,#2756));
#2753 = ORIENTED_EDGE('',*,*,#2656,.F.);
#2754 = ORIENTED_EDGE('',*,*,#2740,.F.);
#2755 = ORIENTED_EDGE('',*,*,#2576,.T.);
#2756 = ORIENTED_EDGE('',*,*,#2757,.F.);
#2757 = EDGE_CURVE('',#2649,#2569,#2758,.T.);
#2758 = LINE('',#2759,#2760);
#2759 = CARTESIAN_POINT('',(2.343925748466,2.297918001177,
    -1.117604614498));
#2760 = VECTOR('',#2761,1.);
#2761 = DIRECTION('',(-1.,4.371138816427E-008,3.821369225557E-015));
#2762 = PLANE('',#2763);
#2763 = AXIS2_PLACEMENT_3D('',#2764,#2765,#2766);
#2764 = CARTESIAN_POINT('',(2.343925746499,2.252918001177,
    -1.117604618432));
#2765 = DIRECTION('',(-1.678841393868E-022,8.742273394091E-008,-1.));
#2766 = DIRECTION('',(4.371138816427E-008,1.,8.742273394091E-008));
#2767 = ADVANCED_FACE('',(#2768),#2774,.T.);
#2768 = FACE_BOUND('',#2769,.T.);
#2769 = EDGE_LOOP('',(#2770,#2771,#2772,#2773));
#2770 = ORIENTED_EDGE('',*,*,#2568,.F.);
#2771 = ORIENTED_EDGE('',*,*,#2757,.F.);
#2772 = ORIENTED_EDGE('',*,*,#2648,.T.);
#2773 = ORIENTED_EDGE('',*,*,#2608,.F.);
#2774 = PLANE('',#2775);
#2775 = AXIS2_PLACEMENT_3D('',#2776,#2777,#2778);
#2776 = CARTESIAN_POINT('',(2.343925748466,2.297917957903,
    -0.622604614498));
#2777 = DIRECTION('',(4.371138816427E-008,1.,8.742273394091E-008));
#2778 = DIRECTION('',(-1.678841393868E-022,8.742273394091E-008,-1.));
#2779 = MANIFOLD_SOLID_BREP('',#2780);
#2780 = CLOSED_SHELL('',(#2781,#2821,#2884,#2908,#2964,#2981,#2998,#3015
    ,#3032,#3049));
#2781 = ADVANCED_FACE('',(#2782),#2816,.F.);
#2782 = FACE_BOUND('',#2783,.F.);
#2783 = EDGE_LOOP('',(#2784,#2794,#2802,#2810));
#2784 = ORIENTED_EDGE('',*,*,#2785,.F.);
#2785 = EDGE_CURVE('',#2786,#2788,#2790,.T.);
#2786 = VERTEX_POINT('',#2787);
#2787 = CARTESIAN_POINT('',(5.646080312129,2.198081975581,-0.62260462324
    ));
#2788 = VERTEX_POINT('',#2789);
#2789 = CARTESIAN_POINT('',(5.646080312129,2.198082023664,-1.17260462324
    ));
#2790 = LINE('',#2791,#2792);
#2791 = CARTESIAN_POINT('',(5.646080312129,2.198081975581,-0.62260462324
    ));
#2792 = VECTOR('',#2793,1.);
#2793 = DIRECTION('',(-3.777050852833E-023,8.742273394091E-008,-1.));
#2794 = ORIENTED_EDGE('',*,*,#2795,.T.);
#2795 = EDGE_CURVE('',#2786,#2796,#2798,.T.);
#2796 = VERTEX_POINT('',#2797);
#2797 = CARTESIAN_POINT('',(6.546080312129,2.198081964849,-0.62260462324
    ));
#2798 = LINE('',#2799,#2800);
#2799 = CARTESIAN_POINT('',(5.646080312129,2.198081975581,-0.62260462324
    ));
#2800 = VECTOR('',#2801,1.);
#2801 = DIRECTION('',(1.,-1.19248806385E-008,-1.042505705107E-015));
#2802 = ORIENTED_EDGE('',*,*,#2803,.T.);
#2803 = EDGE_CURVE('',#2796,#2804,#2806,.T.);
#2804 = VERTEX_POINT('',#2805);
#2805 = CARTESIAN_POINT('',(6.546080312129,2.198082012931,-1.17260462324
    ));
#2806 = LINE('',#2807,#2808);
#2807 = CARTESIAN_POINT('',(6.546080312129,2.198081964849,-0.62260462324
    ));
#2808 = VECTOR('',#2809,1.);
#2809 = DIRECTION('',(-3.777050852833E-023,8.742273394091E-008,-1.));
#2810 = ORIENTED_EDGE('',*,*,#2811,.F.);
#2811 = EDGE_CURVE('',#2788,#2804,#2812,.T.);
#2812 = LINE('',#2813,#2814);
#2813 = CARTESIAN_POINT('',(5.646080312129,2.198082023664,-1.17260462324
    ));
#2814 = VECTOR('',#2815,1.);
#2815 = DIRECTION('',(1.,-1.19248806385E-008,-1.042505705107E-015));
#2816 = PLANE('',#2817);
#2817 = AXIS2_PLACEMENT_3D('',#2818,#2819,#2820);
#2818 = CARTESIAN_POINT('',(5.646080312129,2.198081975581,-0.62260462324
    ));
#2819 = DIRECTION('',(1.19248806385E-008,1.,8.742273394091E-008));
#2820 = DIRECTION('',(-3.777050852833E-023,8.742273394091E-008,-1.));
#2821 = ADVANCED_FACE('',(#2822),#2879,.F.);
#2822 = FACE_BOUND('',#2823,.F.);
#2823 = EDGE_LOOP('',(#2824,#2834,#2840,#2841,#2849,#2857,#2865,#2873));
#2824 = ORIENTED_EDGE('',*,*,#2825,.F.);
#2825 = EDGE_CURVE('',#2826,#2828,#2830,.T.);
#2826 = VERTEX_POINT('',#2827);
#2827 = CARTESIAN_POINT('',(5.646080313322,2.298081975581,
    -0.622604614498));
#2828 = VERTEX_POINT('',#2829);
#2829 = CARTESIAN_POINT('',(5.646080313322,2.298081980389,
    -0.677604614498));
#2830 = LINE('',#2831,#2832);
#2831 = CARTESIAN_POINT('',(5.646080313322,2.298081975581,
    -0.622604614498));
#2832 = VECTOR('',#2833,1.);
#2833 = DIRECTION('',(-3.777050852833E-023,8.742273394091E-008,-1.));
#2834 = ORIENTED_EDGE('',*,*,#2835,.F.);
#2835 = EDGE_CURVE('',#2786,#2826,#2836,.T.);
#2836 = LINE('',#2837,#2838);
#2837 = CARTESIAN_POINT('',(5.646080312129,2.198081975581,-0.62260462324
    ));
#2838 = VECTOR('',#2839,1.);
#2839 = DIRECTION('',(1.19248806385E-008,1.,8.742273394091E-008));
#2840 = ORIENTED_EDGE('',*,*,#2785,.T.);
#2841 = ORIENTED_EDGE('',*,*,#2842,.T.);
#2842 = EDGE_CURVE('',#2788,#2843,#2845,.T.);
#2843 = VERTEX_POINT('',#2844);
#2844 = CARTESIAN_POINT('',(5.646080313322,2.298082023664,
    -1.172604614498));
#2845 = LINE('',#2846,#2847);
#2846 = CARTESIAN_POINT('',(5.646080312129,2.198082023664,-1.17260462324
    ));
#2847 = VECTOR('',#2848,1.);
#2848 = DIRECTION('',(1.19248806385E-008,1.,8.742273394091E-008));
#2849 = ORIENTED_EDGE('',*,*,#2850,.F.);
#2850 = EDGE_CURVE('',#2851,#2843,#2853,.T.);
#2851 = VERTEX_POINT('',#2852);
#2852 = CARTESIAN_POINT('',(5.646080313322,2.298082018855,
    -1.117604614498));
#2853 = LINE('',#2854,#2855);
#2854 = CARTESIAN_POINT('',(5.646080313322,2.298081975581,
    -0.622604614498));
#2855 = VECTOR('',#2856,1.);
#2856 = DIRECTION('',(-3.777050852833E-023,8.742273394091E-008,-1.));
#2857 = ORIENTED_EDGE('',*,*,#2858,.F.);
#2858 = EDGE_CURVE('',#2859,#2851,#2861,.T.);
#2859 = VERTEX_POINT('',#2860);
#2860 = CARTESIAN_POINT('',(5.646080312785,2.253082018855,
    -1.117604618432));
#2861 = LINE('',#2862,#2863);
#2862 = CARTESIAN_POINT('',(5.646080312785,2.253082018855,
    -1.117604618432));
#2863 = VECTOR('',#2864,1.);
#2864 = DIRECTION('',(1.19248806385E-008,1.,8.742273394091E-008));
#2865 = ORIENTED_EDGE('',*,*,#2866,.F.);
#2866 = EDGE_CURVE('',#2867,#2859,#2869,.T.);
#2867 = VERTEX_POINT('',#2868);
#2868 = CARTESIAN_POINT('',(5.646080312785,2.253081980389,
    -0.677604618432));
#2869 = LINE('',#2870,#2871);
#2870 = CARTESIAN_POINT('',(5.646080312785,2.253081980389,
    -0.677604618432));
#2871 = VECTOR('',#2872,1.);
#2872 = DIRECTION('',(-3.777050852833E-023,8.742273394091E-008,-1.));
#2873 = ORIENTED_EDGE('',*,*,#2874,.T.);
#2874 = EDGE_CURVE('',#2867,#2828,#2875,.T.);
#2875 = LINE('',#2876,#2877);
#2876 = CARTESIAN_POINT('',(5.646080312785,2.253081980389,
    -0.677604618432));
#2877 = VECTOR('',#2878,1.);
#2878 = DIRECTION('',(1.19248806385E-008,1.,8.742273394091E-008));
#2879 = PLANE('',#2880);
#2880 = AXIS2_PLACEMENT_3D('',#2881,#2882,#2883);
#2881 = CARTESIAN_POINT('',(5.646080312129,2.198081975581,-0.62260462324
    ));
#2882 = DIRECTION('',(1.,-1.19248806385E-008,-1.042505705107E-015));
#2883 = DIRECTION('',(-3.777050852833E-023,8.742273394091E-008,-1.));
#2884 = ADVANCED_FACE('',(#2885),#2903,.T.);
#2885 = FACE_BOUND('',#2886,.T.);
#2886 = EDGE_LOOP('',(#2887,#2888,#2889,#2897));
#2887 = ORIENTED_EDGE('',*,*,#2811,.F.);
#2888 = ORIENTED_EDGE('',*,*,#2842,.T.);
#2889 = ORIENTED_EDGE('',*,*,#2890,.T.);
#2890 = EDGE_CURVE('',#2843,#2891,#2893,.T.);
#2891 = VERTEX_POINT('',#2892);
#2892 = CARTESIAN_POINT('',(6.546080313322,2.298082012931,
    -1.172604614498));
#2893 = LINE('',#2894,#2895);
#2894 = CARTESIAN_POINT('',(5.646080313322,2.298082023664,
    -1.172604614498));
#2895 = VECTOR('',#2896,1.);
#2896 = DIRECTION('',(1.,-1.19248806385E-008,-1.042505705107E-015));
#2897 = ORIENTED_EDGE('',*,*,#2898,.F.);
#2898 = EDGE_CURVE('',#2804,#2891,#2899,.T.);
#2899 = LINE('',#2900,#2901);
#2900 = CARTESIAN_POINT('',(6.546080312129,2.198082012931,-1.17260462324
    ));
#2901 = VECTOR('',#2902,1.);
#2902 = DIRECTION('',(1.19248806385E-008,1.,8.742273394091E-008));
#2903 = PLANE('',#2904);
#2904 = AXIS2_PLACEMENT_3D('',#2905,#2906,#2907);
#2905 = CARTESIAN_POINT('',(5.646080312129,2.198082023664,-1.17260462324
    ));
#2906 = DIRECTION('',(-3.777050852833E-023,8.742273394091E-008,-1.));
#2907 = DIRECTION('',(1.19248806385E-008,1.,8.742273394091E-008));
#2908 = ADVANCED_FACE('',(#2909),#2959,.T.);
#2909 = FACE_BOUND('',#2910,.T.);
#2910 = EDGE_LOOP('',(#2911,#2921,#2927,#2928,#2929,#2937,#2945,#2953));
#2911 = ORIENTED_EDGE('',*,*,#2912,.F.);
#2912 = EDGE_CURVE('',#2913,#2915,#2917,.T.);
#2913 = VERTEX_POINT('',#2914);
#2914 = CARTESIAN_POINT('',(6.546080313322,2.298081964849,
    -0.622604614498));
#2915 = VERTEX_POINT('',#2916);
#2916 = CARTESIAN_POINT('',(6.546080313322,2.298081969657,
    -0.677604614498));
#2917 = LINE('',#2918,#2919);
#2918 = CARTESIAN_POINT('',(6.546080313322,2.298081964849,
    -0.622604614498));
#2919 = VECTOR('',#2920,1.);
#2920 = DIRECTION('',(-3.777050852833E-023,8.742273394091E-008,-1.));
#2921 = ORIENTED_EDGE('',*,*,#2922,.F.);
#2922 = EDGE_CURVE('',#2796,#2913,#2923,.T.);
#2923 = LINE('',#2924,#2925);
#2924 = CARTESIAN_POINT('',(6.546080312129,2.198081964849,-0.62260462324
    ));
#2925 = VECTOR('',#2926,1.);
#2926 = DIRECTION('',(1.19248806385E-008,1.,8.742273394091E-008));
#2927 = ORIENTED_EDGE('',*,*,#2803,.T.);
#2928 = ORIENTED_EDGE('',*,*,#2898,.T.);
#2929 = ORIENTED_EDGE('',*,*,#2930,.F.);
#2930 = EDGE_CURVE('',#2931,#2891,#2933,.T.);
#2931 = VERTEX_POINT('',#2932);
#2932 = CARTESIAN_POINT('',(6.546080313322,2.298082008123,
    -1.117604614498));
#2933 = LINE('',#2934,#2935);
#2934 = CARTESIAN_POINT('',(6.546080313322,2.298081964849,
    -0.622604614498));
#2935 = VECTOR('',#2936,1.);
#2936 = DIRECTION('',(-3.777050852833E-023,8.742273394091E-008,-1.));
#2937 = ORIENTED_EDGE('',*,*,#2938,.F.);
#2938 = EDGE_CURVE('',#2939,#2931,#2941,.T.);
#2939 = VERTEX_POINT('',#2940);
#2940 = CARTESIAN_POINT('',(6.546080312785,2.253082008123,
    -1.117604618432));
#2941 = LINE('',#2942,#2943);
#2942 = CARTESIAN_POINT('',(6.546080312785,2.253082008123,
    -1.117604618432));
#2943 = VECTOR('',#2944,1.);
#2944 = DIRECTION('',(1.19248806385E-008,1.,8.742273394091E-008));
#2945 = ORIENTED_EDGE('',*,*,#2946,.F.);
#2946 = EDGE_CURVE('',#2947,#2939,#2949,.T.);
#2947 = VERTEX_POINT('',#2948);
#2948 = CARTESIAN_POINT('',(6.546080312785,2.253081969657,
    -0.677604618432));
#2949 = LINE('',#2950,#2951);
#2950 = CARTESIAN_POINT('',(6.546080312785,2.253081969657,
    -0.677604618432));
#2951 = VECTOR('',#2952,1.);
#2952 = DIRECTION('',(-3.777050852833E-023,8.742273394091E-008,-1.));
#2953 = ORIENTED_EDGE('',*,*,#2954,.T.);
#2954 = EDGE_CURVE('',#2947,#2915,#2955,.T.);
#2955 = LINE('',#2956,#2957);
#2956 = CARTESIAN_POINT('',(6.546080312785,2.253081969657,
    -0.677604618432));
#2957 = VECTOR('',#2958,1.);
#2958 = DIRECTION('',(1.19248806385E-008,1.,8.742273394091E-008));
#2959 = PLANE('',#2960);
#2960 = AXIS2_PLACEMENT_3D('',#2961,#2962,#2963);
#2961 = CARTESIAN_POINT('',(6.546080312129,2.198081964849,-0.62260462324
    ));
#2962 = DIRECTION('',(1.,-1.19248806385E-008,-1.042505705107E-015));
#2963 = DIRECTION('',(-3.777050852833E-023,8.742273394091E-008,-1.));
#2964 = ADVANCED_FACE('',(#2965),#2976,.F.);
#2965 = FACE_BOUND('',#2966,.F.);
#2966 = EDGE_LOOP('',(#2967,#2968,#2969,#2975));
#2967 = ORIENTED_EDGE('',*,*,#2795,.F.);
#2968 = ORIENTED_EDGE('',*,*,#2835,.T.);
#2969 = ORIENTED_EDGE('',*,*,#2970,.T.);
#2970 = EDGE_CURVE('',#2826,#2913,#2971,.T.);
#2971 = LINE('',#2972,#2973);
#2972 = CARTESIAN_POINT('',(5.646080313322,2.298081975581,
    -0.622604614498));
#2973 = VECTOR('',#2974,1.);
#2974 = DIRECTION('',(1.,-1.19248806385E-008,-1.042505705107E-015));
#2975 = ORIENTED_EDGE('',*,*,#2922,.F.);
#2976 = PLANE('',#2977);
#2977 = AXIS2_PLACEMENT_3D('',#2978,#2979,#2980);
#2978 = CARTESIAN_POINT('',(5.646080312129,2.198081975581,-0.62260462324
    ));
#2979 = DIRECTION('',(-3.777050852833E-023,8.742273394091E-008,-1.));
#2980 = DIRECTION('',(1.19248806385E-008,1.,8.742273394091E-008));
#2981 = ADVANCED_FACE('',(#2982),#2993,.T.);
#2982 = FACE_BOUND('',#2983,.T.);
#2983 = EDGE_LOOP('',(#2984,#2985,#2986,#2987));
#2984 = ORIENTED_EDGE('',*,*,#2825,.F.);
#2985 = ORIENTED_EDGE('',*,*,#2970,.T.);
#2986 = ORIENTED_EDGE('',*,*,#2912,.T.);
#2987 = ORIENTED_EDGE('',*,*,#2988,.T.);
#2988 = EDGE_CURVE('',#2915,#2828,#2989,.T.);
#2989 = LINE('',#2990,#2991);
#2990 = CARTESIAN_POINT('',(5.646080313322,2.298081980389,
    -0.677604614498));
#2991 = VECTOR('',#2992,1.);
#2992 = DIRECTION('',(-1.,1.19248806385E-008,1.042505705107E-015));
#2993 = PLANE('',#2994);
#2994 = AXIS2_PLACEMENT_3D('',#2995,#2996,#2997);
#2995 = CARTESIAN_POINT('',(5.646080313322,2.298081975581,
    -0.622604614498));
#2996 = DIRECTION('',(1.19248806385E-008,1.,8.742273394091E-008));
#2997 = DIRECTION('',(-3.777050852833E-023,8.742273394091E-008,-1.));
#2998 = ADVANCED_FACE('',(#2999),#3010,.T.);
#2999 = FACE_BOUND('',#3000,.T.);
#3000 = EDGE_LOOP('',(#3001,#3002,#3008,#3009));
#3001 = ORIENTED_EDGE('',*,*,#2954,.F.);
#3002 = ORIENTED_EDGE('',*,*,#3003,.F.);
#3003 = EDGE_CURVE('',#2867,#2947,#3004,.T.);
#3004 = LINE('',#3005,#3006);
#3005 = CARTESIAN_POINT('',(5.646080312785,2.253081980389,
    -0.677604618432));
#3006 = VECTOR('',#3007,1.);
#3007 = DIRECTION('',(1.,-1.19248806385E-008,-1.042505705107E-015));
#3008 = ORIENTED_EDGE('',*,*,#2874,.T.);
#3009 = ORIENTED_EDGE('',*,*,#2988,.F.);
#3010 = PLANE('',#3011);
#3011 = AXIS2_PLACEMENT_3D('',#3012,#3013,#3014);
#3012 = CARTESIAN_POINT('',(5.646080312785,2.253081980389,
    -0.677604618432));
#3013 = DIRECTION('',(-3.777050852833E-023,8.742273394091E-008,-1.));
#3014 = DIRECTION('',(1.19248806385E-008,1.,8.742273394091E-008));
#3015 = ADVANCED_FACE('',(#3016),#3027,.T.);
#3016 = FACE_BOUND('',#3017,.T.);
#3017 = EDGE_LOOP('',(#3018,#3019,#3020,#3021));
#3018 = ORIENTED_EDGE('',*,*,#2866,.F.);
#3019 = ORIENTED_EDGE('',*,*,#3003,.T.);
#3020 = ORIENTED_EDGE('',*,*,#2946,.T.);
#3021 = ORIENTED_EDGE('',*,*,#3022,.F.);
#3022 = EDGE_CURVE('',#2859,#2939,#3023,.T.);
#3023 = LINE('',#3024,#3025);
#3024 = CARTESIAN_POINT('',(5.646080312785,2.253082018855,
    -1.117604618432));
#3025 = VECTOR('',#3026,1.);
#3026 = DIRECTION('',(1.,-1.19248806385E-008,-1.042505705107E-015));
#3027 = PLANE('',#3028);
#3028 = AXIS2_PLACEMENT_3D('',#3029,#3030,#3031);
#3029 = CARTESIAN_POINT('',(5.646080312785,2.253081980389,
    -0.677604618432));
#3030 = DIRECTION('',(1.19248806385E-008,1.,8.742273394091E-008));
#3031 = DIRECTION('',(-3.777050852833E-023,8.742273394091E-008,-1.));
#3032 = ADVANCED_FACE('',(#3033),#3044,.F.);
#3033 = FACE_BOUND('',#3034,.F.);
#3034 = EDGE_LOOP('',(#3035,#3036,#3037,#3038));
#3035 = ORIENTED_EDGE('',*,*,#2938,.F.);
#3036 = ORIENTED_EDGE('',*,*,#3022,.F.);
#3037 = ORIENTED_EDGE('',*,*,#2858,.T.);
#3038 = ORIENTED_EDGE('',*,*,#3039,.F.);
#3039 = EDGE_CURVE('',#2931,#2851,#3040,.T.);
#3040 = LINE('',#3041,#3042);
#3041 = CARTESIAN_POINT('',(5.646080313322,2.298082018855,
    -1.117604614498));
#3042 = VECTOR('',#3043,1.);
#3043 = DIRECTION('',(-1.,1.19248806385E-008,1.042505705107E-015));
#3044 = PLANE('',#3045);
#3045 = AXIS2_PLACEMENT_3D('',#3046,#3047,#3048);
#3046 = CARTESIAN_POINT('',(5.646080312785,2.253082018855,
    -1.117604618432));
#3047 = DIRECTION('',(-3.777050852833E-023,8.742273394091E-008,-1.));
#3048 = DIRECTION('',(1.19248806385E-008,1.,8.742273394091E-008));
#3049 = ADVANCED_FACE('',(#3050),#3056,.T.);
#3050 = FACE_BOUND('',#3051,.T.);
#3051 = EDGE_LOOP('',(#3052,#3053,#3054,#3055));
#3052 = ORIENTED_EDGE('',*,*,#2850,.F.);
#3053 = ORIENTED_EDGE('',*,*,#3039,.F.);
#3054 = ORIENTED_EDGE('',*,*,#2930,.T.);
#3055 = ORIENTED_EDGE('',*,*,#2890,.F.);
#3056 = PLANE('',#3057);
#3057 = AXIS2_PLACEMENT_3D('',#3058,#3059,#3060);
#3058 = CARTESIAN_POINT('',(5.646080313322,2.298081975581,
    -0.622604614498));
#3059 = DIRECTION('',(1.19248806385E-008,1.,8.742273394091E-008));
#3060 = DIRECTION('',(-3.777050852833E-023,8.742273394091E-008,-1.));
#3061 = MANIFOLD_SOLID_BREP('',#3062);
#3062 = CLOSED_SHELL('',(#3063,#3103,#3166,#3190,#3246,#3263,#3280,#3297
    ,#3314,#3331));
#3063 = ADVANCED_FACE('',(#3064),#3098,.F.);
#3064 = FACE_BOUND('',#3065,.F.);
#3065 = EDGE_LOOP('',(#3066,#3076,#3084,#3092));
#3066 = ORIENTED_EDGE('',*,*,#3067,.F.);
#3067 = EDGE_CURVE('',#3068,#3070,#3072,.T.);
#3068 = VERTEX_POINT('',#3069);
#3069 = CARTESIAN_POINT('',(6.546080332402,3.898081964849,
    -0.622604474622));
#3070 = VERTEX_POINT('',#3071);
#3071 = CARTESIAN_POINT('',(6.546080332402,3.898082012931,
    -1.172604474622));
#3072 = LINE('',#3073,#3074);
#3073 = CARTESIAN_POINT('',(6.546080332402,3.898081964849,
    -0.622604474622));
#3074 = VECTOR('',#3075,1.);
#3075 = DIRECTION('',(-3.777050852833E-023,8.742273394091E-008,-1.));
#3076 = ORIENTED_EDGE('',*,*,#3077,.T.);
#3077 = EDGE_CURVE('',#3068,#3078,#3080,.T.);
#3078 = VERTEX_POINT('',#3079);
#3079 = CARTESIAN_POINT('',(5.646080332402,3.898081975581,
    -0.622604474622));
#3080 = LINE('',#3081,#3082);
#3081 = CARTESIAN_POINT('',(6.546080332402,3.898081964849,
    -0.622604474622));
#3082 = VECTOR('',#3083,1.);
#3083 = DIRECTION('',(-1.,1.192488051604E-008,1.042505694401E-015));
#3084 = ORIENTED_EDGE('',*,*,#3085,.T.);
#3085 = EDGE_CURVE('',#3078,#3086,#3088,.T.);
#3086 = VERTEX_POINT('',#3087);
#3087 = CARTESIAN_POINT('',(5.646080332402,3.898082023664,
    -1.172604474622));
#3088 = LINE('',#3089,#3090);
#3089 = CARTESIAN_POINT('',(5.646080332402,3.898081975581,
    -0.622604474622));
#3090 = VECTOR('',#3091,1.);
#3091 = DIRECTION('',(-3.777050852833E-023,8.742273394091E-008,-1.));
#3092 = ORIENTED_EDGE('',*,*,#3093,.F.);
#3093 = EDGE_CURVE('',#3070,#3086,#3094,.T.);
#3094 = LINE('',#3095,#3096);
#3095 = CARTESIAN_POINT('',(6.546080332402,3.898082012931,
    -1.172604474622));
#3096 = VECTOR('',#3097,1.);
#3097 = DIRECTION('',(-1.,1.192488051604E-008,1.042505694401E-015));
#3098 = PLANE('',#3099);
#3099 = AXIS2_PLACEMENT_3D('',#3100,#3101,#3102);
#3100 = CARTESIAN_POINT('',(6.546080332402,3.898081964849,
    -0.622604474622));
#3101 = DIRECTION('',(-1.192488051604E-008,-1.,-8.742273394091E-008));
#3102 = DIRECTION('',(-3.777050852833E-023,8.742273394091E-008,-1.));
#3103 = ADVANCED_FACE('',(#3104),#3161,.F.);
#3104 = FACE_BOUND('',#3105,.F.);
#3105 = EDGE_LOOP('',(#3106,#3116,#3122,#3123,#3131,#3139,#3147,#3155));
#3106 = ORIENTED_EDGE('',*,*,#3107,.F.);
#3107 = EDGE_CURVE('',#3108,#3110,#3112,.T.);
#3108 = VERTEX_POINT('',#3109);
#3109 = CARTESIAN_POINT('',(6.546080331209,3.798081964849,
    -0.622604483364));
#3110 = VERTEX_POINT('',#3111);
#3111 = CARTESIAN_POINT('',(6.546080331209,3.798081969657,
    -0.677604483364));
#3112 = LINE('',#3113,#3114);
#3113 = CARTESIAN_POINT('',(6.546080331209,3.798081964849,
    -0.622604483364));
#3114 = VECTOR('',#3115,1.);
#3115 = DIRECTION('',(-3.777050852833E-023,8.742273394091E-008,-1.));
#3116 = ORIENTED_EDGE('',*,*,#3117,.F.);
#3117 = EDGE_CURVE('',#3068,#3108,#3118,.T.);
#3118 = LINE('',#3119,#3120);
#3119 = CARTESIAN_POINT('',(6.546080332402,3.898081964849,
    -0.622604474622));
#3120 = VECTOR('',#3121,1.);
#3121 = DIRECTION('',(-1.192488051604E-008,-1.,-8.742273394091E-008));
#3122 = ORIENTED_EDGE('',*,*,#3067,.T.);
#3123 = ORIENTED_EDGE('',*,*,#3124,.T.);
#3124 = EDGE_CURVE('',#3070,#3125,#3127,.T.);
#3125 = VERTEX_POINT('',#3126);
#3126 = CARTESIAN_POINT('',(6.546080331209,3.798082012931,
    -1.172604483364));
#3127 = LINE('',#3128,#3129);
#3128 = CARTESIAN_POINT('',(6.546080332402,3.898082012931,
    -1.172604474622));
#3129 = VECTOR('',#3130,1.);
#3130 = DIRECTION('',(-1.192488051604E-008,-1.,-8.742273394091E-008));
#3131 = ORIENTED_EDGE('',*,*,#3132,.F.);
#3132 = EDGE_CURVE('',#3133,#3125,#3135,.T.);
#3133 = VERTEX_POINT('',#3134);
#3134 = CARTESIAN_POINT('',(6.546080331209,3.798082008123,
    -1.117604483364));
#3135 = LINE('',#3136,#3137);
#3136 = CARTESIAN_POINT('',(6.546080331209,3.798081964849,
    -0.622604483364));
#3137 = VECTOR('',#3138,1.);
#3138 = DIRECTION('',(-3.777050852833E-023,8.742273394091E-008,-1.));
#3139 = ORIENTED_EDGE('',*,*,#3140,.F.);
#3140 = EDGE_CURVE('',#3141,#3133,#3143,.T.);
#3141 = VERTEX_POINT('',#3142);
#3142 = CARTESIAN_POINT('',(6.546080331746,3.843082008123,-1.11760447943
    ));
#3143 = LINE('',#3144,#3145);
#3144 = CARTESIAN_POINT('',(6.546080331746,3.843082008123,-1.11760447943
    ));
#3145 = VECTOR('',#3146,1.);
#3146 = DIRECTION('',(-1.192488051604E-008,-1.,-8.742273394091E-008));
#3147 = ORIENTED_EDGE('',*,*,#3148,.F.);
#3148 = EDGE_CURVE('',#3149,#3141,#3151,.T.);
#3149 = VERTEX_POINT('',#3150);
#3150 = CARTESIAN_POINT('',(6.546080331746,3.843081969657,-0.67760447943
    ));
#3151 = LINE('',#3152,#3153);
#3152 = CARTESIAN_POINT('',(6.546080331746,3.843081969657,-0.67760447943
    ));
#3153 = VECTOR('',#3154,1.);
#3154 = DIRECTION('',(-3.777050852833E-023,8.742273394091E-008,-1.));
#3155 = ORIENTED_EDGE('',*,*,#3156,.T.);
#3156 = EDGE_CURVE('',#3149,#3110,#3157,.T.);
#3157 = LINE('',#3158,#3159);
#3158 = CARTESIAN_POINT('',(6.546080331746,3.843081969657,-0.67760447943
    ));
#3159 = VECTOR('',#3160,1.);
#3160 = DIRECTION('',(-1.192488051604E-008,-1.,-8.742273394091E-008));
#3161 = PLANE('',#3162);
#3162 = AXIS2_PLACEMENT_3D('',#3163,#3164,#3165);
#3163 = CARTESIAN_POINT('',(6.546080332402,3.898081964849,
    -0.622604474622));
#3164 = DIRECTION('',(-1.,1.192488051604E-008,1.042505694401E-015));
#3165 = DIRECTION('',(-3.777050852833E-023,8.742273394091E-008,-1.));
#3166 = ADVANCED_FACE('',(#3167),#3185,.T.);
#3167 = FACE_BOUND('',#3168,.T.);
#3168 = EDGE_LOOP('',(#3169,#3170,#3171,#3179));
#3169 = ORIENTED_EDGE('',*,*,#3093,.F.);
#3170 = ORIENTED_EDGE('',*,*,#3124,.T.);
#3171 = ORIENTED_EDGE('',*,*,#3172,.T.);
#3172 = EDGE_CURVE('',#3125,#3173,#3175,.T.);
#3173 = VERTEX_POINT('',#3174);
#3174 = CARTESIAN_POINT('',(5.646080331209,3.798082023664,
    -1.172604483364));
#3175 = LINE('',#3176,#3177);
#3176 = CARTESIAN_POINT('',(6.546080331209,3.798082012931,
    -1.172604483364));
#3177 = VECTOR('',#3178,1.);
#3178 = DIRECTION('',(-1.,1.192488051604E-008,1.042505694401E-015));
#3179 = ORIENTED_EDGE('',*,*,#3180,.F.);
#3180 = EDGE_CURVE('',#3086,#3173,#3181,.T.);
#3181 = LINE('',#3182,#3183);
#3182 = CARTESIAN_POINT('',(5.646080332402,3.898082023664,
    -1.172604474622));
#3183 = VECTOR('',#3184,1.);
#3184 = DIRECTION('',(-1.192488051604E-008,-1.,-8.742273394091E-008));
#3185 = PLANE('',#3186);
#3186 = AXIS2_PLACEMENT_3D('',#3187,#3188,#3189);
#3187 = CARTESIAN_POINT('',(6.546080332402,3.898082012931,
    -1.172604474622));
#3188 = DIRECTION('',(-3.777050852833E-023,8.742273394091E-008,-1.));
#3189 = DIRECTION('',(-1.192488051604E-008,-1.,-8.742273394091E-008));
#3190 = ADVANCED_FACE('',(#3191),#3241,.T.);
#3191 = FACE_BOUND('',#3192,.T.);
#3192 = EDGE_LOOP('',(#3193,#3203,#3209,#3210,#3211,#3219,#3227,#3235));
#3193 = ORIENTED_EDGE('',*,*,#3194,.F.);
#3194 = EDGE_CURVE('',#3195,#3197,#3199,.T.);
#3195 = VERTEX_POINT('',#3196);
#3196 = CARTESIAN_POINT('',(5.646080331209,3.798081975581,
    -0.622604483364));
#3197 = VERTEX_POINT('',#3198);
#3198 = CARTESIAN_POINT('',(5.646080331209,3.798081980389,
    -0.677604483364));
#3199 = LINE('',#3200,#3201);
#3200 = CARTESIAN_POINT('',(5.646080331209,3.798081975581,
    -0.622604483364));
#3201 = VECTOR('',#3202,1.);
#3202 = DIRECTION('',(-3.777050852833E-023,8.742273394091E-008,-1.));
#3203 = ORIENTED_EDGE('',*,*,#3204,.F.);
#3204 = EDGE_CURVE('',#3078,#3195,#3205,.T.);
#3205 = LINE('',#3206,#3207);
#3206 = CARTESIAN_POINT('',(5.646080332402,3.898081975581,
    -0.622604474622));
#3207 = VECTOR('',#3208,1.);
#3208 = DIRECTION('',(-1.192488051604E-008,-1.,-8.742273394091E-008));
#3209 = ORIENTED_EDGE('',*,*,#3085,.T.);
#3210 = ORIENTED_EDGE('',*,*,#3180,.T.);
#3211 = ORIENTED_EDGE('',*,*,#3212,.F.);
#3212 = EDGE_CURVE('',#3213,#3173,#3215,.T.);
#3213 = VERTEX_POINT('',#3214);
#3214 = CARTESIAN_POINT('',(5.646080331209,3.798082018855,
    -1.117604483364));
#3215 = LINE('',#3216,#3217);
#3216 = CARTESIAN_POINT('',(5.646080331209,3.798081975581,
    -0.622604483364));
#3217 = VECTOR('',#3218,1.);
#3218 = DIRECTION('',(-3.777050852833E-023,8.742273394091E-008,-1.));
#3219 = ORIENTED_EDGE('',*,*,#3220,.F.);
#3220 = EDGE_CURVE('',#3221,#3213,#3223,.T.);
#3221 = VERTEX_POINT('',#3222);
#3222 = CARTESIAN_POINT('',(5.646080331746,3.843082018855,-1.11760447943
    ));
#3223 = LINE('',#3224,#3225);
#3224 = CARTESIAN_POINT('',(5.646080331746,3.843082018855,-1.11760447943
    ));
#3225 = VECTOR('',#3226,1.);
#3226 = DIRECTION('',(-1.192488051604E-008,-1.,-8.742273394091E-008));
#3227 = ORIENTED_EDGE('',*,*,#3228,.F.);
#3228 = EDGE_CURVE('',#3229,#3221,#3231,.T.);
#3229 = VERTEX_POINT('',#3230);
#3230 = CARTESIAN_POINT('',(5.646080331746,3.843081980389,-0.67760447943
    ));
#3231 = LINE('',#3232,#3233);
#3232 = CARTESIAN_POINT('',(5.646080331746,3.843081980389,-0.67760447943
    ));
#3233 = VECTOR('',#3234,1.);
#3234 = DIRECTION('',(-3.777050852833E-023,8.742273394091E-008,-1.));
#3235 = ORIENTED_EDGE('',*,*,#3236,.T.);
#3236 = EDGE_CURVE('',#3229,#3197,#3237,.T.);
#3237 = LINE('',#3238,#3239);
#3238 = CARTESIAN_POINT('',(5.646080331746,3.843081980389,-0.67760447943
    ));
#3239 = VECTOR('',#3240,1.);
#3240 = DIRECTION('',(-1.192488051604E-008,-1.,-8.742273394091E-008));
#3241 = PLANE('',#3242);
#3242 = AXIS2_PLACEMENT_3D('',#3243,#3244,#3245);
#3243 = CARTESIAN_POINT('',(5.646080332402,3.898081975581,
    -0.622604474622));
#3244 = DIRECTION('',(-1.,1.192488051604E-008,1.042505694401E-015));
#3245 = DIRECTION('',(-3.777050852833E-023,8.742273394091E-008,-1.));
#3246 = ADVANCED_FACE('',(#3247),#3258,.F.);
#3247 = FACE_BOUND('',#3248,.F.);
#3248 = EDGE_LOOP('',(#3249,#3250,#3251,#3257));
#3249 = ORIENTED_EDGE('',*,*,#3077,.F.);
#3250 = ORIENTED_EDGE('',*,*,#3117,.T.);
#3251 = ORIENTED_EDGE('',*,*,#3252,.T.);
#3252 = EDGE_CURVE('',#3108,#3195,#3253,.T.);
#3253 = LINE('',#3254,#3255);
#3254 = CARTESIAN_POINT('',(6.546080331209,3.798081964849,
    -0.622604483364));
#3255 = VECTOR('',#3256,1.);
#3256 = DIRECTION('',(-1.,1.192488051604E-008,1.042505694401E-015));
#3257 = ORIENTED_EDGE('',*,*,#3204,.F.);
#3258 = PLANE('',#3259);
#3259 = AXIS2_PLACEMENT_3D('',#3260,#3261,#3262);
#3260 = CARTESIAN_POINT('',(6.546080332402,3.898081964849,
    -0.622604474622));
#3261 = DIRECTION('',(-3.777050852833E-023,8.742273394091E-008,-1.));
#3262 = DIRECTION('',(-1.192488051604E-008,-1.,-8.742273394091E-008));
#3263 = ADVANCED_FACE('',(#3264),#3275,.T.);
#3264 = FACE_BOUND('',#3265,.T.);
#3265 = EDGE_LOOP('',(#3266,#3267,#3268,#3269));
#3266 = ORIENTED_EDGE('',*,*,#3107,.F.);
#3267 = ORIENTED_EDGE('',*,*,#3252,.T.);
#3268 = ORIENTED_EDGE('',*,*,#3194,.T.);
#3269 = ORIENTED_EDGE('',*,*,#3270,.T.);
#3270 = EDGE_CURVE('',#3197,#3110,#3271,.T.);
#3271 = LINE('',#3272,#3273);
#3272 = CARTESIAN_POINT('',(6.546080331209,3.798081969657,
    -0.677604483364));
#3273 = VECTOR('',#3274,1.);
#3274 = DIRECTION('',(1.,-1.192488051604E-008,-1.042505694401E-015));
#3275 = PLANE('',#3276);
#3276 = AXIS2_PLACEMENT_3D('',#3277,#3278,#3279);
#3277 = CARTESIAN_POINT('',(6.546080331209,3.798081964849,
    -0.622604483364));
#3278 = DIRECTION('',(-1.192488051604E-008,-1.,-8.742273394091E-008));
#3279 = DIRECTION('',(-3.777050852833E-023,8.742273394091E-008,-1.));
#3280 = ADVANCED_FACE('',(#3281),#3292,.T.);
#3281 = FACE_BOUND('',#3282,.T.);
#3282 = EDGE_LOOP('',(#3283,#3284,#3290,#3291));
#3283 = ORIENTED_EDGE('',*,*,#3236,.F.);
#3284 = ORIENTED_EDGE('',*,*,#3285,.F.);
#3285 = EDGE_CURVE('',#3149,#3229,#3286,.T.);
#3286 = LINE('',#3287,#3288);
#3287 = CARTESIAN_POINT('',(6.546080331746,3.843081969657,-0.67760447943
    ));
#3288 = VECTOR('',#3289,1.);
#3289 = DIRECTION('',(-1.,1.192488051604E-008,1.042505694401E-015));
#3290 = ORIENTED_EDGE('',*,*,#3156,.T.);
#3291 = ORIENTED_EDGE('',*,*,#3270,.F.);
#3292 = PLANE('',#3293);
#3293 = AXIS2_PLACEMENT_3D('',#3294,#3295,#3296);
#3294 = CARTESIAN_POINT('',(6.546080331746,3.843081969657,-0.67760447943
    ));
#3295 = DIRECTION('',(-3.777050852833E-023,8.742273394091E-008,-1.));
#3296 = DIRECTION('',(-1.192488051604E-008,-1.,-8.742273394091E-008));
#3297 = ADVANCED_FACE('',(#3298),#3309,.T.);
#3298 = FACE_BOUND('',#3299,.T.);
#3299 = EDGE_LOOP('',(#3300,#3301,#3302,#3303));
#3300 = ORIENTED_EDGE('',*,*,#3148,.F.);
#3301 = ORIENTED_EDGE('',*,*,#3285,.T.);
#3302 = ORIENTED_EDGE('',*,*,#3228,.T.);
#3303 = ORIENTED_EDGE('',*,*,#3304,.F.);
#3304 = EDGE_CURVE('',#3141,#3221,#3305,.T.);
#3305 = LINE('',#3306,#3307);
#3306 = CARTESIAN_POINT('',(6.546080331746,3.843082008123,-1.11760447943
    ));
#3307 = VECTOR('',#3308,1.);
#3308 = DIRECTION('',(-1.,1.192488051604E-008,1.042505694401E-015));
#3309 = PLANE('',#3310);
#3310 = AXIS2_PLACEMENT_3D('',#3311,#3312,#3313);
#3311 = CARTESIAN_POINT('',(6.546080331746,3.843081969657,-0.67760447943
    ));
#3312 = DIRECTION('',(-1.192488051604E-008,-1.,-8.742273394091E-008));
#3313 = DIRECTION('',(-3.777050852833E-023,8.742273394091E-008,-1.));
#3314 = ADVANCED_FACE('',(#3315),#3326,.F.);
#3315 = FACE_BOUND('',#3316,.F.);
#3316 = EDGE_LOOP('',(#3317,#3318,#3319,#3320));
#3317 = ORIENTED_EDGE('',*,*,#3220,.F.);
#3318 = ORIENTED_EDGE('',*,*,#3304,.F.);
#3319 = ORIENTED_EDGE('',*,*,#3140,.T.);
#3320 = ORIENTED_EDGE('',*,*,#3321,.F.);
#3321 = EDGE_CURVE('',#3213,#3133,#3322,.T.);
#3322 = LINE('',#3323,#3324);
#3323 = CARTESIAN_POINT('',(6.546080331209,3.798082008123,
    -1.117604483364));
#3324 = VECTOR('',#3325,1.);
#3325 = DIRECTION('',(1.,-1.192488051604E-008,-1.042505694401E-015));
#3326 = PLANE('',#3327);
#3327 = AXIS2_PLACEMENT_3D('',#3328,#3329,#3330);
#3328 = CARTESIAN_POINT('',(6.546080331746,3.843082008123,-1.11760447943
    ));
#3329 = DIRECTION('',(-3.777050852833E-023,8.742273394091E-008,-1.));
#3330 = DIRECTION('',(-1.192488051604E-008,-1.,-8.742273394091E-008));
#3331 = ADVANCED_FACE('',(#3332),#3338,.T.);
#3332 = FACE_BOUND('',#3333,.T.);
#3333 = EDGE_LOOP('',(#3334,#3335,#3336,#3337));
#3334 = ORIENTED_EDGE('',*,*,#3132,.F.);
#3335 = ORIENTED_EDGE('',*,*,#3321,.F.);
#3336 = ORIENTED_EDGE('',*,*,#3212,.T.);
#3337 = ORIENTED_EDGE('',*,*,#3172,.F.);
#3338 = PLANE('',#3339);
#3339 = AXIS2_PLACEMENT_3D('',#3340,#3341,#3342);
#3340 = CARTESIAN_POINT('',(6.546080331209,3.798081964849,
    -0.622604483364));
#3341 = DIRECTION('',(-1.192488051604E-008,-1.,-8.742273394091E-008));
#3342 = DIRECTION('',(-3.777050852833E-023,8.742273394091E-008,-1.));
#3343 = MANIFOLD_SOLID_BREP('',#3344);
#3344 = CLOSED_SHELL('',(#3345,#3385,#3448,#3472,#3528,#3545,#3562,#3579
    ,#3596,#3613));
#3345 = ADVANCED_FACE('',(#3346),#3380,.F.);
#3346 = FACE_BOUND('',#3347,.F.);
#3347 = EDGE_LOOP('',(#3348,#3358,#3366,#3374));
#3348 = ORIENTED_EDGE('',*,*,#3349,.F.);
#3349 = EDGE_CURVE('',#3350,#3352,#3354,.T.);
#3350 = VERTEX_POINT('',#3351);
#3351 = CARTESIAN_POINT('',(3.614082631465,2.198081975581,-0.62260462324
    ));
#3352 = VERTEX_POINT('',#3353);
#3353 = CARTESIAN_POINT('',(3.614082631465,2.198082023664,-1.17260462324
    ));
#3354 = LINE('',#3355,#3356);
#3355 = CARTESIAN_POINT('',(3.614082631465,2.198081975581,-0.62260462324
    ));
#3356 = VECTOR('',#3357,1.);
#3357 = DIRECTION('',(-3.777050852833E-023,8.742273394091E-008,-1.));
#3358 = ORIENTED_EDGE('',*,*,#3359,.T.);
#3359 = EDGE_CURVE('',#3350,#3360,#3362,.T.);
#3360 = VERTEX_POINT('',#3361);
#3361 = CARTESIAN_POINT('',(4.514082631465,2.198081964849,-0.62260462324
    ));
#3362 = LINE('',#3363,#3364);
#3363 = CARTESIAN_POINT('',(3.614082631465,2.198081975581,-0.62260462324
    ));
#3364 = VECTOR('',#3365,1.);
#3365 = DIRECTION('',(1.,-1.19248806385E-008,-1.042505705107E-015));
#3366 = ORIENTED_EDGE('',*,*,#3367,.T.);
#3367 = EDGE_CURVE('',#3360,#3368,#3370,.T.);
#3368 = VERTEX_POINT('',#3369);
#3369 = CARTESIAN_POINT('',(4.514082631465,2.198082012931,-1.17260462324
    ));
#3370 = LINE('',#3371,#3372);
#3371 = CARTESIAN_POINT('',(4.514082631465,2.198081964849,-0.62260462324
    ));
#3372 = VECTOR('',#3373,1.);
#3373 = DIRECTION('',(-3.777050852833E-023,8.742273394091E-008,-1.));
#3374 = ORIENTED_EDGE('',*,*,#3375,.F.);
#3375 = EDGE_CURVE('',#3352,#3368,#3376,.T.);
#3376 = LINE('',#3377,#3378);
#3377 = CARTESIAN_POINT('',(3.614082631465,2.198082023664,-1.17260462324
    ));
#3378 = VECTOR('',#3379,1.);
#3379 = DIRECTION('',(1.,-1.19248806385E-008,-1.042505705107E-015));
#3380 = PLANE('',#3381);
#3381 = AXIS2_PLACEMENT_3D('',#3382,#3383,#3384);
#3382 = CARTESIAN_POINT('',(3.614082631465,2.198081975581,-0.62260462324
    ));
#3383 = DIRECTION('',(1.19248806385E-008,1.,8.742273394091E-008));
#3384 = DIRECTION('',(-3.777050852833E-023,8.742273394091E-008,-1.));
#3385 = ADVANCED_FACE('',(#3386),#3443,.F.);
#3386 = FACE_BOUND('',#3387,.F.);
#3387 = EDGE_LOOP('',(#3388,#3398,#3404,#3405,#3413,#3421,#3429,#3437));
#3388 = ORIENTED_EDGE('',*,*,#3389,.F.);
#3389 = EDGE_CURVE('',#3390,#3392,#3394,.T.);
#3390 = VERTEX_POINT('',#3391);
#3391 = CARTESIAN_POINT('',(3.614082632658,2.298081975581,
    -0.622604614498));
#3392 = VERTEX_POINT('',#3393);
#3393 = CARTESIAN_POINT('',(3.614082632658,2.298081980389,
    -0.677604614498));
#3394 = LINE('',#3395,#3396);
#3395 = CARTESIAN_POINT('',(3.614082632658,2.298081975581,
    -0.622604614498));
#3396 = VECTOR('',#3397,1.);
#3397 = DIRECTION('',(-3.777050852833E-023,8.742273394091E-008,-1.));
#3398 = ORIENTED_EDGE('',*,*,#3399,.F.);
#3399 = EDGE_CURVE('',#3350,#3390,#3400,.T.);
#3400 = LINE('',#3401,#3402);
#3401 = CARTESIAN_POINT('',(3.614082631465,2.198081975581,-0.62260462324
    ));
#3402 = VECTOR('',#3403,1.);
#3403 = DIRECTION('',(1.19248806385E-008,1.,8.742273394091E-008));
#3404 = ORIENTED_EDGE('',*,*,#3349,.T.);
#3405 = ORIENTED_EDGE('',*,*,#3406,.T.);
#3406 = EDGE_CURVE('',#3352,#3407,#3409,.T.);
#3407 = VERTEX_POINT('',#3408);
#3408 = CARTESIAN_POINT('',(3.614082632658,2.298082023664,
    -1.172604614498));
#3409 = LINE('',#3410,#3411);
#3410 = CARTESIAN_POINT('',(3.614082631465,2.198082023664,-1.17260462324
    ));
#3411 = VECTOR('',#3412,1.);
#3412 = DIRECTION('',(1.19248806385E-008,1.,8.742273394091E-008));
#3413 = ORIENTED_EDGE('',*,*,#3414,.F.);
#3414 = EDGE_CURVE('',#3415,#3407,#3417,.T.);
#3415 = VERTEX_POINT('',#3416);
#3416 = CARTESIAN_POINT('',(3.614082632658,2.298082018855,
    -1.117604614498));
#3417 = LINE('',#3418,#3419);
#3418 = CARTESIAN_POINT('',(3.614082632658,2.298081975581,
    -0.622604614498));
#3419 = VECTOR('',#3420,1.);
#3420 = DIRECTION('',(-3.777050852833E-023,8.742273394091E-008,-1.));
#3421 = ORIENTED_EDGE('',*,*,#3422,.F.);
#3422 = EDGE_CURVE('',#3423,#3415,#3425,.T.);
#3423 = VERTEX_POINT('',#3424);
#3424 = CARTESIAN_POINT('',(3.614082632121,2.253082018855,
    -1.117604618432));
#3425 = LINE('',#3426,#3427);
#3426 = CARTESIAN_POINT('',(3.614082632121,2.253082018855,
    -1.117604618432));
#3427 = VECTOR('',#3428,1.);
#3428 = DIRECTION('',(1.19248806385E-008,1.,8.742273394091E-008));
#3429 = ORIENTED_EDGE('',*,*,#3430,.F.);
#3430 = EDGE_CURVE('',#3431,#3423,#3433,.T.);
#3431 = VERTEX_POINT('',#3432);
#3432 = CARTESIAN_POINT('',(3.614082632121,2.253081980389,
    -0.677604618432));
#3433 = LINE('',#3434,#3435);
#3434 = CARTESIAN_POINT('',(3.614082632121,2.253081980389,
    -0.677604618432));
#3435 = VECTOR('',#3436,1.);
#3436 = DIRECTION('',(-3.777050852833E-023,8.742273394091E-008,-1.));
#3437 = ORIENTED_EDGE('',*,*,#3438,.T.);
#3438 = EDGE_CURVE('',#3431,#3392,#3439,.T.);
#3439 = LINE('',#3440,#3441);
#3440 = CARTESIAN_POINT('',(3.614082632121,2.253081980389,
    -0.677604618432));
#3441 = VECTOR('',#3442,1.);
#3442 = DIRECTION('',(1.19248806385E-008,1.,8.742273394091E-008));
#3443 = PLANE('',#3444);
#3444 = AXIS2_PLACEMENT_3D('',#3445,#3446,#3447);
#3445 = CARTESIAN_POINT('',(3.614082631465,2.198081975581,-0.62260462324
    ));
#3446 = DIRECTION('',(1.,-1.19248806385E-008,-1.042505705107E-015));
#3447 = DIRECTION('',(-3.777050852833E-023,8.742273394091E-008,-1.));
#3448 = ADVANCED_FACE('',(#3449),#3467,.T.);
#3449 = FACE_BOUND('',#3450,.T.);
#3450 = EDGE_LOOP('',(#3451,#3452,#3453,#3461));
#3451 = ORIENTED_EDGE('',*,*,#3375,.F.);
#3452 = ORIENTED_EDGE('',*,*,#3406,.T.);
#3453 = ORIENTED_EDGE('',*,*,#3454,.T.);
#3454 = EDGE_CURVE('',#3407,#3455,#3457,.T.);
#3455 = VERTEX_POINT('',#3456);
#3456 = CARTESIAN_POINT('',(4.514082632658,2.298082012931,
    -1.172604614498));
#3457 = LINE('',#3458,#3459);
#3458 = CARTESIAN_POINT('',(3.614082632658,2.298082023664,
    -1.172604614498));
#3459 = VECTOR('',#3460,1.);
#3460 = DIRECTION('',(1.,-1.19248806385E-008,-1.042505705107E-015));
#3461 = ORIENTED_EDGE('',*,*,#3462,.F.);
#3462 = EDGE_CURVE('',#3368,#3455,#3463,.T.);
#3463 = LINE('',#3464,#3465);
#3464 = CARTESIAN_POINT('',(4.514082631465,2.198082012931,-1.17260462324
    ));
#3465 = VECTOR('',#3466,1.);
#3466 = DIRECTION('',(1.19248806385E-008,1.,8.742273394091E-008));
#3467 = PLANE('',#3468);
#3468 = AXIS2_PLACEMENT_3D('',#3469,#3470,#3471);
#3469 = CARTESIAN_POINT('',(3.614082631465,2.198082023664,-1.17260462324
    ));
#3470 = DIRECTION('',(-3.777050852833E-023,8.742273394091E-008,-1.));
#3471 = DIRECTION('',(1.19248806385E-008,1.,8.742273394091E-008));
#3472 = ADVANCED_FACE('',(#3473),#3523,.T.);
#3473 = FACE_BOUND('',#3474,.T.);
#3474 = EDGE_LOOP('',(#3475,#3485,#3491,#3492,#3493,#3501,#3509,#3517));
#3475 = ORIENTED_EDGE('',*,*,#3476,.F.);
#3476 = EDGE_CURVE('',#3477,#3479,#3481,.T.);
#3477 = VERTEX_POINT('',#3478);
#3478 = CARTESIAN_POINT('',(4.514082632658,2.298081964849,
    -0.622604614498));
#3479 = VERTEX_POINT('',#3480);
#3480 = CARTESIAN_POINT('',(4.514082632658,2.298081969657,
    -0.677604614498));
#3481 = LINE('',#3482,#3483);
#3482 = CARTESIAN_POINT('',(4.514082632658,2.298081964849,
    -0.622604614498));
#3483 = VECTOR('',#3484,1.);
#3484 = DIRECTION('',(-3.777050852833E-023,8.742273394091E-008,-1.));
#3485 = ORIENTED_EDGE('',*,*,#3486,.F.);
#3486 = EDGE_CURVE('',#3360,#3477,#3487,.T.);
#3487 = LINE('',#3488,#3489);
#3488 = CARTESIAN_POINT('',(4.514082631465,2.198081964849,-0.62260462324
    ));
#3489 = VECTOR('',#3490,1.);
#3490 = DIRECTION('',(1.19248806385E-008,1.,8.742273394091E-008));
#3491 = ORIENTED_EDGE('',*,*,#3367,.T.);
#3492 = ORIENTED_EDGE('',*,*,#3462,.T.);
#3493 = ORIENTED_EDGE('',*,*,#3494,.F.);
#3494 = EDGE_CURVE('',#3495,#3455,#3497,.T.);
#3495 = VERTEX_POINT('',#3496);
#3496 = CARTESIAN_POINT('',(4.514082632658,2.298082008123,
    -1.117604614498));
#3497 = LINE('',#3498,#3499);
#3498 = CARTESIAN_POINT('',(4.514082632658,2.298081964849,
    -0.622604614498));
#3499 = VECTOR('',#3500,1.);
#3500 = DIRECTION('',(-3.777050852833E-023,8.742273394091E-008,-1.));
#3501 = ORIENTED_EDGE('',*,*,#3502,.F.);
#3502 = EDGE_CURVE('',#3503,#3495,#3505,.T.);
#3503 = VERTEX_POINT('',#3504);
#3504 = CARTESIAN_POINT('',(4.514082632121,2.253082008123,
    -1.117604618432));
#3505 = LINE('',#3506,#3507);
#3506 = CARTESIAN_POINT('',(4.514082632121,2.253082008123,
    -1.117604618432));
#3507 = VECTOR('',#3508,1.);
#3508 = DIRECTION('',(1.19248806385E-008,1.,8.742273394091E-008));
#3509 = ORIENTED_EDGE('',*,*,#3510,.F.);
#3510 = EDGE_CURVE('',#3511,#3503,#3513,.T.);
#3511 = VERTEX_POINT('',#3512);
#3512 = CARTESIAN_POINT('',(4.514082632121,2.253081969657,
    -0.677604618432));
#3513 = LINE('',#3514,#3515);
#3514 = CARTESIAN_POINT('',(4.514082632121,2.253081969657,
    -0.677604618432));
#3515 = VECTOR('',#3516,1.);
#3516 = DIRECTION('',(-3.777050852833E-023,8.742273394091E-008,-1.));
#3517 = ORIENTED_EDGE('',*,*,#3518,.T.);
#3518 = EDGE_CURVE('',#3511,#3479,#3519,.T.);
#3519 = LINE('',#3520,#3521);
#3520 = CARTESIAN_POINT('',(4.514082632121,2.253081969657,
    -0.677604618432));
#3521 = VECTOR('',#3522,1.);
#3522 = DIRECTION('',(1.19248806385E-008,1.,8.742273394091E-008));
#3523 = PLANE('',#3524);
#3524 = AXIS2_PLACEMENT_3D('',#3525,#3526,#3527);
#3525 = CARTESIAN_POINT('',(4.514082631465,2.198081964849,-0.62260462324
    ));
#3526 = DIRECTION('',(1.,-1.19248806385E-008,-1.042505705107E-015));
#3527 = DIRECTION('',(-3.777050852833E-023,8.742273394091E-008,-1.));
#3528 = ADVANCED_FACE('',(#3529),#3540,.F.);
#3529 = FACE_BOUND('',#3530,.F.);
#3530 = EDGE_LOOP('',(#3531,#3532,#3533,#3539));
#3531 = ORIENTED_EDGE('',*,*,#3359,.F.);
#3532 = ORIENTED_EDGE('',*,*,#3399,.T.);
#3533 = ORIENTED_EDGE('',*,*,#3534,.T.);
#3534 = EDGE_CURVE('',#3390,#3477,#3535,.T.);
#3535 = LINE('',#3536,#3537);
#3536 = CARTESIAN_POINT('',(3.614082632658,2.298081975581,
    -0.622604614498));
#3537 = VECTOR('',#3538,1.);
#3538 = DIRECTION('',(1.,-1.19248806385E-008,-1.042505705107E-015));
#3539 = ORIENTED_EDGE('',*,*,#3486,.F.);
#3540 = PLANE('',#3541);
#3541 = AXIS2_PLACEMENT_3D('',#3542,#3543,#3544);
#3542 = CARTESIAN_POINT('',(3.614082631465,2.198081975581,-0.62260462324
    ));
#3543 = DIRECTION('',(-3.777050852833E-023,8.742273394091E-008,-1.));
#3544 = DIRECTION('',(1.19248806385E-008,1.,8.742273394091E-008));
#3545 = ADVANCED_FACE('',(#3546),#3557,.T.);
#3546 = FACE_BOUND('',#3547,.T.);
#3547 = EDGE_LOOP('',(#3548,#3549,#3550,#3551));
#3548 = ORIENTED_EDGE('',*,*,#3389,.F.);
#3549 = ORIENTED_EDGE('',*,*,#3534,.T.);
#3550 = ORIENTED_EDGE('',*,*,#3476,.T.);
#3551 = ORIENTED_EDGE('',*,*,#3552,.T.);
#3552 = EDGE_CURVE('',#3479,#3392,#3553,.T.);
#3553 = LINE('',#3554,#3555);
#3554 = CARTESIAN_POINT('',(3.614082632658,2.298081980389,
    -0.677604614498));
#3555 = VECTOR('',#3556,1.);
#3556 = DIRECTION('',(-1.,1.19248806385E-008,1.042505705107E-015));
#3557 = PLANE('',#3558);
#3558 = AXIS2_PLACEMENT_3D('',#3559,#3560,#3561);
#3559 = CARTESIAN_POINT('',(3.614082632658,2.298081975581,
    -0.622604614498));
#3560 = DIRECTION('',(1.19248806385E-008,1.,8.742273394091E-008));
#3561 = DIRECTION('',(-3.777050852833E-023,8.742273394091E-008,-1.));
#3562 = ADVANCED_FACE('',(#3563),#3574,.T.);
#3563 = FACE_BOUND('',#3564,.T.);
#3564 = EDGE_LOOP('',(#3565,#3566,#3572,#3573));
#3565 = ORIENTED_EDGE('',*,*,#3518,.F.);
#3566 = ORIENTED_EDGE('',*,*,#3567,.F.);
#3567 = EDGE_CURVE('',#3431,#3511,#3568,.T.);
#3568 = LINE('',#3569,#3570);
#3569 = CARTESIAN_POINT('',(3.614082632121,2.253081980389,
    -0.677604618432));
#3570 = VECTOR('',#3571,1.);
#3571 = DIRECTION('',(1.,-1.19248806385E-008,-1.042505705107E-015));
#3572 = ORIENTED_EDGE('',*,*,#3438,.T.);
#3573 = ORIENTED_EDGE('',*,*,#3552,.F.);
#3574 = PLANE('',#3575);
#3575 = AXIS2_PLACEMENT_3D('',#3576,#3577,#3578);
#3576 = CARTESIAN_POINT('',(3.614082632121,2.253081980389,
    -0.677604618432));
#3577 = DIRECTION('',(-3.777050852833E-023,8.742273394091E-008,-1.));
#3578 = DIRECTION('',(1.19248806385E-008,1.,8.742273394091E-008));
#3579 = ADVANCED_FACE('',(#3580),#3591,.T.);
#3580 = FACE_BOUND('',#3581,.T.);
#3581 = EDGE_LOOP('',(#3582,#3583,#3584,#3585));
#3582 = ORIENTED_EDGE('',*,*,#3430,.F.);
#3583 = ORIENTED_EDGE('',*,*,#3567,.T.);
#3584 = ORIENTED_EDGE('',*,*,#3510,.T.);
#3585 = ORIENTED_EDGE('',*,*,#3586,.F.);
#3586 = EDGE_CURVE('',#3423,#3503,#3587,.T.);
#3587 = LINE('',#3588,#3589);
#3588 = CARTESIAN_POINT('',(3.614082632121,2.253082018855,
    -1.117604618432));
#3589 = VECTOR('',#3590,1.);
#3590 = DIRECTION('',(1.,-1.19248806385E-008,-1.042505705107E-015));
#3591 = PLANE('',#3592);
#3592 = AXIS2_PLACEMENT_3D('',#3593,#3594,#3595);
#3593 = CARTESIAN_POINT('',(3.614082632121,2.253081980389,
    -0.677604618432));
#3594 = DIRECTION('',(1.19248806385E-008,1.,8.742273394091E-008));
#3595 = DIRECTION('',(-3.777050852833E-023,8.742273394091E-008,-1.));
#3596 = ADVANCED_FACE('',(#3597),#3608,.F.);
#3597 = FACE_BOUND('',#3598,.F.);
#3598 = EDGE_LOOP('',(#3599,#3600,#3601,#3602));
#3599 = ORIENTED_EDGE('',*,*,#3502,.F.);
#3600 = ORIENTED_EDGE('',*,*,#3586,.F.);
#3601 = ORIENTED_EDGE('',*,*,#3422,.T.);
#3602 = ORIENTED_EDGE('',*,*,#3603,.F.);
#3603 = EDGE_CURVE('',#3495,#3415,#3604,.T.);
#3604 = LINE('',#3605,#3606);
#3605 = CARTESIAN_POINT('',(3.614082632658,2.298082018855,
    -1.117604614498));
#3606 = VECTOR('',#3607,1.);
#3607 = DIRECTION('',(-1.,1.19248806385E-008,1.042505705107E-015));
#3608 = PLANE('',#3609);
#3609 = AXIS2_PLACEMENT_3D('',#3610,#3611,#3612);
#3610 = CARTESIAN_POINT('',(3.614082632121,2.253082018855,
    -1.117604618432));
#3611 = DIRECTION('',(-3.777050852833E-023,8.742273394091E-008,-1.));
#3612 = DIRECTION('',(1.19248806385E-008,1.,8.742273394091E-008));
#3613 = ADVANCED_FACE('',(#3614),#3620,.T.);
#3614 = FACE_BOUND('',#3615,.T.);
#3615 = EDGE_LOOP('',(#3616,#3617,#3618,#3619));
#3616 = ORIENTED_EDGE('',*,*,#3414,.F.);
#3617 = ORIENTED_EDGE('',*,*,#3603,.F.);
#3618 = ORIENTED_EDGE('',*,*,#3494,.T.);
#3619 = ORIENTED_EDGE('',*,*,#3454,.F.);
#3620 = PLANE('',#3621);
#3621 = AXIS2_PLACEMENT_3D('',#3622,#3623,#3624);
#3622 = CARTESIAN_POINT('',(3.614082632658,2.298081975581,
    -0.622604614498));
#3623 = DIRECTION('',(1.19248806385E-008,1.,8.742273394091E-008));
#3624 = DIRECTION('',(-3.777050852833E-023,8.742273394091E-008,-1.));
#3625 = MANIFOLD_SOLID_BREP('',#3626);
#3626 = CLOSED_SHELL('',(#3627,#3667,#3730,#3754,#3810,#3827,#3844,#3861
    ,#3878,#3895));
#3627 = ADVANCED_FACE('',(#3628),#3662,.F.);
#3628 = FACE_BOUND('',#3629,.F.);
#3629 = EDGE_LOOP('',(#3630,#3640,#3648,#3656));
#3630 = ORIENTED_EDGE('',*,*,#3631,.F.);
#3631 = EDGE_CURVE('',#3632,#3634,#3636,.T.);
#3632 = VERTEX_POINT('',#3633);
#3633 = CARTESIAN_POINT('',(4.514082651738,3.898081964849,
    -0.622604474622));
#3634 = VERTEX_POINT('',#3635);
#3635 = CARTESIAN_POINT('',(4.514082651738,3.898082012931,
    -1.172604474622));
#3636 = LINE('',#3637,#3638);
#3637 = CARTESIAN_POINT('',(4.514082651738,3.898081964849,
    -0.622604474622));
#3638 = VECTOR('',#3639,1.);
#3639 = DIRECTION('',(-3.777050852833E-023,8.742273394091E-008,-1.));
#3640 = ORIENTED_EDGE('',*,*,#3641,.T.);
#3641 = EDGE_CURVE('',#3632,#3642,#3644,.T.);
#3642 = VERTEX_POINT('',#3643);
#3643 = CARTESIAN_POINT('',(3.614082651738,3.898081975581,
    -0.622604474622));
#3644 = LINE('',#3645,#3646);
#3645 = CARTESIAN_POINT('',(4.514082651738,3.898081964849,
    -0.622604474622));
#3646 = VECTOR('',#3647,1.);
#3647 = DIRECTION('',(-1.,1.192488051604E-008,1.042505694401E-015));
#3648 = ORIENTED_EDGE('',*,*,#3649,.T.);
#3649 = EDGE_CURVE('',#3642,#3650,#3652,.T.);
#3650 = VERTEX_POINT('',#3651);
#3651 = CARTESIAN_POINT('',(3.614082651738,3.898082023664,
    -1.172604474622));
#3652 = LINE('',#3653,#3654);
#3653 = CARTESIAN_POINT('',(3.614082651738,3.898081975581,
    -0.622604474622));
#3654 = VECTOR('',#3655,1.);
#3655 = DIRECTION('',(-3.777050852833E-023,8.742273394091E-008,-1.));
#3656 = ORIENTED_EDGE('',*,*,#3657,.F.);
#3657 = EDGE_CURVE('',#3634,#3650,#3658,.T.);
#3658 = LINE('',#3659,#3660);
#3659 = CARTESIAN_POINT('',(4.514082651738,3.898082012931,
    -1.172604474622));
#3660 = VECTOR('',#3661,1.);
#3661 = DIRECTION('',(-1.,1.192488051604E-008,1.042505694401E-015));
#3662 = PLANE('',#3663);
#3663 = AXIS2_PLACEMENT_3D('',#3664,#3665,#3666);
#3664 = CARTESIAN_POINT('',(4.514082651738,3.898081964849,
    -0.622604474622));
#3665 = DIRECTION('',(-1.192488051604E-008,-1.,-8.742273394091E-008));
#3666 = DIRECTION('',(-3.777050852833E-023,8.742273394091E-008,-1.));
#3667 = ADVANCED_FACE('',(#3668),#3725,.F.);
#3668 = FACE_BOUND('',#3669,.F.);
#3669 = EDGE_LOOP('',(#3670,#3680,#3686,#3687,#3695,#3703,#3711,#3719));
#3670 = ORIENTED_EDGE('',*,*,#3671,.F.);
#3671 = EDGE_CURVE('',#3672,#3674,#3676,.T.);
#3672 = VERTEX_POINT('',#3673);
#3673 = CARTESIAN_POINT('',(4.514082650545,3.798081964849,
    -0.622604483364));
#3674 = VERTEX_POINT('',#3675);
#3675 = CARTESIAN_POINT('',(4.514082650545,3.798081969657,
    -0.677604483364));
#3676 = LINE('',#3677,#3678);
#3677 = CARTESIAN_POINT('',(4.514082650545,3.798081964849,
    -0.622604483364));
#3678 = VECTOR('',#3679,1.);
#3679 = DIRECTION('',(-3.777050852833E-023,8.742273394091E-008,-1.));
#3680 = ORIENTED_EDGE('',*,*,#3681,.F.);
#3681 = EDGE_CURVE('',#3632,#3672,#3682,.T.);
#3682 = LINE('',#3683,#3684);
#3683 = CARTESIAN_POINT('',(4.514082651738,3.898081964849,
    -0.622604474622));
#3684 = VECTOR('',#3685,1.);
#3685 = DIRECTION('',(-1.192488051604E-008,-1.,-8.742273394091E-008));
#3686 = ORIENTED_EDGE('',*,*,#3631,.T.);
#3687 = ORIENTED_EDGE('',*,*,#3688,.T.);
#3688 = EDGE_CURVE('',#3634,#3689,#3691,.T.);
#3689 = VERTEX_POINT('',#3690);
#3690 = CARTESIAN_POINT('',(4.514082650545,3.798082012931,
    -1.172604483364));
#3691 = LINE('',#3692,#3693);
#3692 = CARTESIAN_POINT('',(4.514082651738,3.898082012931,
    -1.172604474622));
#3693 = VECTOR('',#3694,1.);
#3694 = DIRECTION('',(-1.192488051604E-008,-1.,-8.742273394091E-008));
#3695 = ORIENTED_EDGE('',*,*,#3696,.F.);
#3696 = EDGE_CURVE('',#3697,#3689,#3699,.T.);
#3697 = VERTEX_POINT('',#3698);
#3698 = CARTESIAN_POINT('',(4.514082650545,3.798082008123,
    -1.117604483364));
#3699 = LINE('',#3700,#3701);
#3700 = CARTESIAN_POINT('',(4.514082650545,3.798081964849,
    -0.622604483364));
#3701 = VECTOR('',#3702,1.);
#3702 = DIRECTION('',(-3.777050852833E-023,8.742273394091E-008,-1.));
#3703 = ORIENTED_EDGE('',*,*,#3704,.F.);
#3704 = EDGE_CURVE('',#3705,#3697,#3707,.T.);
#3705 = VERTEX_POINT('',#3706);
#3706 = CARTESIAN_POINT('',(4.514082651082,3.843082008123,-1.11760447943
    ));
#3707 = LINE('',#3708,#3709);
#3708 = CARTESIAN_POINT('',(4.514082651082,3.843082008123,-1.11760447943
    ));
#3709 = VECTOR('',#3710,1.);
#3710 = DIRECTION('',(-1.192488051604E-008,-1.,-8.742273394091E-008));
#3711 = ORIENTED_EDGE('',*,*,#3712,.F.);
#3712 = EDGE_CURVE('',#3713,#3705,#3715,.T.);
#3713 = VERTEX_POINT('',#3714);
#3714 = CARTESIAN_POINT('',(4.514082651082,3.843081969657,-0.67760447943
    ));
#3715 = LINE('',#3716,#3717);
#3716 = CARTESIAN_POINT('',(4.514082651082,3.843081969657,-0.67760447943
    ));
#3717 = VECTOR('',#3718,1.);
#3718 = DIRECTION('',(-3.777050852833E-023,8.742273394091E-008,-1.));
#3719 = ORIENTED_EDGE('',*,*,#3720,.T.);
#3720 = EDGE_CURVE('',#3713,#3674,#3721,.T.);
#3721 = LINE('',#3722,#3723);
#3722 = CARTESIAN_POINT('',(4.514082651082,3.843081969657,-0.67760447943
    ));
#3723 = VECTOR('',#3724,1.);
#3724 = DIRECTION('',(-1.192488051604E-008,-1.,-8.742273394091E-008));
#3725 = PLANE('',#3726);
#3726 = AXIS2_PLACEMENT_3D('',#3727,#3728,#3729);
#3727 = CARTESIAN_POINT('',(4.514082651738,3.898081964849,
    -0.622604474622));
#3728 = DIRECTION('',(-1.,1.192488051604E-008,1.042505694401E-015));
#3729 = DIRECTION('',(-3.777050852833E-023,8.742273394091E-008,-1.));
#3730 = ADVANCED_FACE('',(#3731),#3749,.T.);
#3731 = FACE_BOUND('',#3732,.T.);
#3732 = EDGE_LOOP('',(#3733,#3734,#3735,#3743));
#3733 = ORIENTED_EDGE('',*,*,#3657,.F.);
#3734 = ORIENTED_EDGE('',*,*,#3688,.T.);
#3735 = ORIENTED_EDGE('',*,*,#3736,.T.);
#3736 = EDGE_CURVE('',#3689,#3737,#3739,.T.);
#3737 = VERTEX_POINT('',#3738);
#3738 = CARTESIAN_POINT('',(3.614082650545,3.798082023664,
    -1.172604483364));
#3739 = LINE('',#3740,#3741);
#3740 = CARTESIAN_POINT('',(4.514082650545,3.798082012931,
    -1.172604483364));
#3741 = VECTOR('',#3742,1.);
#3742 = DIRECTION('',(-1.,1.192488051604E-008,1.042505694401E-015));
#3743 = ORIENTED_EDGE('',*,*,#3744,.F.);
#3744 = EDGE_CURVE('',#3650,#3737,#3745,.T.);
#3745 = LINE('',#3746,#3747);
#3746 = CARTESIAN_POINT('',(3.614082651738,3.898082023664,
    -1.172604474622));
#3747 = VECTOR('',#3748,1.);
#3748 = DIRECTION('',(-1.192488051604E-008,-1.,-8.742273394091E-008));
#3749 = PLANE('',#3750);
#3750 = AXIS2_PLACEMENT_3D('',#3751,#3752,#3753);
#3751 = CARTESIAN_POINT('',(4.514082651738,3.898082012931,
    -1.172604474622));
#3752 = DIRECTION('',(-3.777050852833E-023,8.742273394091E-008,-1.));
#3753 = DIRECTION('',(-1.192488051604E-008,-1.,-8.742273394091E-008));
#3754 = ADVANCED_FACE('',(#3755),#3805,.T.);
#3755 = FACE_BOUND('',#3756,.T.);
#3756 = EDGE_LOOP('',(#3757,#3767,#3773,#3774,#3775,#3783,#3791,#3799));
#3757 = ORIENTED_EDGE('',*,*,#3758,.F.);
#3758 = EDGE_CURVE('',#3759,#3761,#3763,.T.);
#3759 = VERTEX_POINT('',#3760);
#3760 = CARTESIAN_POINT('',(3.614082650545,3.798081975581,
    -0.622604483364));
#3761 = VERTEX_POINT('',#3762);
#3762 = CARTESIAN_POINT('',(3.614082650545,3.798081980389,
    -0.677604483364));
#3763 = LINE('',#3764,#3765);
#3764 = CARTESIAN_POINT('',(3.614082650545,3.798081975581,
    -0.622604483364));
#3765 = VECTOR('',#3766,1.);
#3766 = DIRECTION('',(-3.777050852833E-023,8.742273394091E-008,-1.));
#3767 = ORIENTED_EDGE('',*,*,#3768,.F.);
#3768 = EDGE_CURVE('',#3642,#3759,#3769,.T.);
#3769 = LINE('',#3770,#3771);
#3770 = CARTESIAN_POINT('',(3.614082651738,3.898081975581,
    -0.622604474622));
#3771 = VECTOR('',#3772,1.);
#3772 = DIRECTION('',(-1.192488051604E-008,-1.,-8.742273394091E-008));
#3773 = ORIENTED_EDGE('',*,*,#3649,.T.);
#3774 = ORIENTED_EDGE('',*,*,#3744,.T.);
#3775 = ORIENTED_EDGE('',*,*,#3776,.F.);
#3776 = EDGE_CURVE('',#3777,#3737,#3779,.T.);
#3777 = VERTEX_POINT('',#3778);
#3778 = CARTESIAN_POINT('',(3.614082650545,3.798082018855,
    -1.117604483364));
#3779 = LINE('',#3780,#3781);
#3780 = CARTESIAN_POINT('',(3.614082650545,3.798081975581,
    -0.622604483364));
#3781 = VECTOR('',#3782,1.);
#3782 = DIRECTION('',(-3.777050852833E-023,8.742273394091E-008,-1.));
#3783 = ORIENTED_EDGE('',*,*,#3784,.F.);
#3784 = EDGE_CURVE('',#3785,#3777,#3787,.T.);
#3785 = VERTEX_POINT('',#3786);
#3786 = CARTESIAN_POINT('',(3.614082651082,3.843082018855,-1.11760447943
    ));
#3787 = LINE('',#3788,#3789);
#3788 = CARTESIAN_POINT('',(3.614082651082,3.843082018855,-1.11760447943
    ));
#3789 = VECTOR('',#3790,1.);
#3790 = DIRECTION('',(-1.192488051604E-008,-1.,-8.742273394091E-008));
#3791 = ORIENTED_EDGE('',*,*,#3792,.F.);
#3792 = EDGE_CURVE('',#3793,#3785,#3795,.T.);
#3793 = VERTEX_POINT('',#3794);
#3794 = CARTESIAN_POINT('',(3.614082651082,3.843081980389,-0.67760447943
    ));
#3795 = LINE('',#3796,#3797);
#3796 = CARTESIAN_POINT('',(3.614082651082,3.843081980389,-0.67760447943
    ));
#3797 = VECTOR('',#3798,1.);
#3798 = DIRECTION('',(-3.777050852833E-023,8.742273394091E-008,-1.));
#3799 = ORIENTED_EDGE('',*,*,#3800,.T.);
#3800 = EDGE_CURVE('',#3793,#3761,#3801,.T.);
#3801 = LINE('',#3802,#3803);
#3802 = CARTESIAN_POINT('',(3.614082651082,3.843081980389,-0.67760447943
    ));
#3803 = VECTOR('',#3804,1.);
#3804 = DIRECTION('',(-1.192488051604E-008,-1.,-8.742273394091E-008));
#3805 = PLANE('',#3806);
#3806 = AXIS2_PLACEMENT_3D('',#3807,#3808,#3809);
#3807 = CARTESIAN_POINT('',(3.614082651738,3.898081975581,
    -0.622604474622));
#3808 = DIRECTION('',(-1.,1.192488051604E-008,1.042505694401E-015));
#3809 = DIRECTION('',(-3.777050852833E-023,8.742273394091E-008,-1.));
#3810 = ADVANCED_FACE('',(#3811),#3822,.F.);
#3811 = FACE_BOUND('',#3812,.F.);
#3812 = EDGE_LOOP('',(#3813,#3814,#3815,#3821));
#3813 = ORIENTED_EDGE('',*,*,#3641,.F.);
#3814 = ORIENTED_EDGE('',*,*,#3681,.T.);
#3815 = ORIENTED_EDGE('',*,*,#3816,.T.);
#3816 = EDGE_CURVE('',#3672,#3759,#3817,.T.);
#3817 = LINE('',#3818,#3819);
#3818 = CARTESIAN_POINT('',(4.514082650545,3.798081964849,
    -0.622604483364));
#3819 = VECTOR('',#3820,1.);
#3820 = DIRECTION('',(-1.,1.192488051604E-008,1.042505694401E-015));
#3821 = ORIENTED_EDGE('',*,*,#3768,.F.);
#3822 = PLANE('',#3823);
#3823 = AXIS2_PLACEMENT_3D('',#3824,#3825,#3826);
#3824 = CARTESIAN_POINT('',(4.514082651738,3.898081964849,
    -0.622604474622));
#3825 = DIRECTION('',(-3.777050852833E-023,8.742273394091E-008,-1.));
#3826 = DIRECTION('',(-1.192488051604E-008,-1.,-8.742273394091E-008));
#3827 = ADVANCED_FACE('',(#3828),#3839,.T.);
#3828 = FACE_BOUND('',#3829,.T.);
#3829 = EDGE_LOOP('',(#3830,#3831,#3832,#3833));
#3830 = ORIENTED_EDGE('',*,*,#3671,.F.);
#3831 = ORIENTED_EDGE('',*,*,#3816,.T.);
#3832 = ORIENTED_EDGE('',*,*,#3758,.T.);
#3833 = ORIENTED_EDGE('',*,*,#3834,.T.);
#3834 = EDGE_CURVE('',#3761,#3674,#3835,.T.);
#3835 = LINE('',#3836,#3837);
#3836 = CARTESIAN_POINT('',(4.514082650545,3.798081969657,
    -0.677604483364));
#3837 = VECTOR('',#3838,1.);
#3838 = DIRECTION('',(1.,-1.192488051604E-008,-1.042505694401E-015));
#3839 = PLANE('',#3840);
#3840 = AXIS2_PLACEMENT_3D('',#3841,#3842,#3843);
#3841 = CARTESIAN_POINT('',(4.514082650545,3.798081964849,
    -0.622604483364));
#3842 = DIRECTION('',(-1.192488051604E-008,-1.,-8.742273394091E-008));
#3843 = DIRECTION('',(-3.777050852833E-023,8.742273394091E-008,-1.));
#3844 = ADVANCED_FACE('',(#3845),#3856,.T.);
#3845 = FACE_BOUND('',#3846,.T.);
#3846 = EDGE_LOOP('',(#3847,#3848,#3854,#3855));
#3847 = ORIENTED_EDGE('',*,*,#3800,.F.);
#3848 = ORIENTED_EDGE('',*,*,#3849,.F.);
#3849 = EDGE_CURVE('',#3713,#3793,#3850,.T.);
#3850 = LINE('',#3851,#3852);
#3851 = CARTESIAN_POINT('',(4.514082651082,3.843081969657,-0.67760447943
    ));
#3852 = VECTOR('',#3853,1.);
#3853 = DIRECTION('',(-1.,1.192488051604E-008,1.042505694401E-015));
#3854 = ORIENTED_EDGE('',*,*,#3720,.T.);
#3855 = ORIENTED_EDGE('',*,*,#3834,.F.);
#3856 = PLANE('',#3857);
#3857 = AXIS2_PLACEMENT_3D('',#3858,#3859,#3860);
#3858 = CARTESIAN_POINT('',(4.514082651082,3.843081969657,-0.67760447943
    ));
#3859 = DIRECTION('',(-3.777050852833E-023,8.742273394091E-008,-1.));
#3860 = DIRECTION('',(-1.192488051604E-008,-1.,-8.742273394091E-008));
#3861 = ADVANCED_FACE('',(#3862),#3873,.T.);
#3862 = FACE_BOUND('',#3863,.T.);
#3863 = EDGE_LOOP('',(#3864,#3865,#3866,#3867));
#3864 = ORIENTED_EDGE('',*,*,#3712,.F.);
#3865 = ORIENTED_EDGE('',*,*,#3849,.T.);
#3866 = ORIENTED_EDGE('',*,*,#3792,.T.);
#3867 = ORIENTED_EDGE('',*,*,#3868,.F.);
#3868 = EDGE_CURVE('',#3705,#3785,#3869,.T.);
#3869 = LINE('',#3870,#3871);
#3870 = CARTESIAN_POINT('',(4.514082651082,3.843082008123,-1.11760447943
    ));
#3871 = VECTOR('',#3872,1.);
#3872 = DIRECTION('',(-1.,1.192488051604E-008,1.042505694401E-015));
#3873 = PLANE('',#3874);
#3874 = AXIS2_PLACEMENT_3D('',#3875,#3876,#3877);
#3875 = CARTESIAN_POINT('',(4.514082651082,3.843081969657,-0.67760447943
    ));
#3876 = DIRECTION('',(-1.192488051604E-008,-1.,-8.742273394091E-008));
#3877 = DIRECTION('',(-3.777050852833E-023,8.742273394091E-008,-1.));
#3878 = ADVANCED_FACE('',(#3879),#3890,.F.);
#3879 = FACE_BOUND('',#3880,.F.);
#3880 = EDGE_LOOP('',(#3881,#3882,#3883,#3884));
#3881 = ORIENTED_EDGE('',*,*,#3784,.F.);
#3882 = ORIENTED_EDGE('',*,*,#3868,.F.);
#3883 = ORIENTED_EDGE('',*,*,#3704,.T.);
#3884 = ORIENTED_EDGE('',*,*,#3885,.F.);
#3885 = EDGE_CURVE('',#3777,#3697,#3886,.T.);
#3886 = LINE('',#3887,#3888);
#3887 = CARTESIAN_POINT('',(4.514082650545,3.798082008123,
    -1.117604483364));
#3888 = VECTOR('',#3889,1.);
#3889 = DIRECTION('',(1.,-1.192488051604E-008,-1.042505694401E-015));
#3890 = PLANE('',#3891);
#3891 = AXIS2_PLACEMENT_3D('',#3892,#3893,#3894);
#3892 = CARTESIAN_POINT('',(4.514082651082,3.843082008123,-1.11760447943
    ));
#3893 = DIRECTION('',(-3.777050852833E-023,8.742273394091E-008,-1.));
#3894 = DIRECTION('',(-1.192488051604E-008,-1.,-8.742273394091E-008));
#3895 = ADVANCED_FACE('',(#3896),#3902,.T.);
#3896 = FACE_BOUND('',#3897,.T.);
#3897 = EDGE_LOOP('',(#3898,#3899,#3900,#3901));
#3898 = ORIENTED_EDGE('',*,*,#3696,.F.);
#3899 = ORIENTED_EDGE('',*,*,#3885,.F.);
#3900 = ORIENTED_EDGE('',*,*,#3776,.T.);
#3901 = ORIENTED_EDGE('',*,*,#3736,.F.);
#3902 = PLANE('',#3903);
#3903 = AXIS2_PLACEMENT_3D('',#3904,#3905,#3906);
#3904 = CARTESIAN_POINT('',(4.514082650545,3.798081964849,
    -0.622604483364));
#3905 = DIRECTION('',(-1.192488051604E-008,-1.,-8.742273394091E-008));
#3906 = DIRECTION('',(-3.777050852833E-023,8.742273394091E-008,-1.));
#3907 = MANIFOLD_SOLID_BREP('',#3908);
#3908 = CLOSED_SHELL('',(#3909,#3949,#4012,#4036,#4092,#4109,#4126,#4143
    ,#4160,#4177));
#3909 = ADVANCED_FACE('',(#3910),#3944,.F.);
#3910 = FACE_BOUND('',#3911,.F.);
#3911 = EDGE_LOOP('',(#3912,#3922,#3930,#3938));
#3912 = ORIENTED_EDGE('',*,*,#3913,.F.);
#3913 = EDGE_CURVE('',#3914,#3916,#3918,.T.);
#3914 = VERTEX_POINT('',#3915);
#3915 = CARTESIAN_POINT('',(6.91608458459,2.198081975581,-0.62260462324)
  );
#3916 = VERTEX_POINT('',#3917);
#3917 = CARTESIAN_POINT('',(6.91608458459,2.198082023664,-1.17260462324)
  );
#3918 = LINE('',#3919,#3920);
#3919 = CARTESIAN_POINT('',(6.91608458459,2.198081975581,-0.62260462324)
  );
#3920 = VECTOR('',#3921,1.);
#3921 = DIRECTION('',(-3.777050852833E-023,8.742273394091E-008,-1.));
#3922 = ORIENTED_EDGE('',*,*,#3923,.T.);
#3923 = EDGE_CURVE('',#3914,#3924,#3926,.T.);
#3924 = VERTEX_POINT('',#3925);
#3925 = CARTESIAN_POINT('',(7.81608458459,2.198081964849,-0.62260462324)
  );
#3926 = LINE('',#3927,#3928);
#3927 = CARTESIAN_POINT('',(6.91608458459,2.198081975581,-0.62260462324)
  );
#3928 = VECTOR('',#3929,1.);
#3929 = DIRECTION('',(1.,-1.19248806385E-008,-1.042505705107E-015));
#3930 = ORIENTED_EDGE('',*,*,#3931,.T.);
#3931 = EDGE_CURVE('',#3924,#3932,#3934,.T.);
#3932 = VERTEX_POINT('',#3933);
#3933 = CARTESIAN_POINT('',(7.81608458459,2.198082012931,-1.17260462324)
  );
#3934 = LINE('',#3935,#3936);
#3935 = CARTESIAN_POINT('',(7.81608458459,2.198081964849,-0.62260462324)
  );
#3936 = VECTOR('',#3937,1.);
#3937 = DIRECTION('',(-3.777050852833E-023,8.742273394091E-008,-1.));
#3938 = ORIENTED_EDGE('',*,*,#3939,.F.);
#3939 = EDGE_CURVE('',#3916,#3932,#3940,.T.);
#3940 = LINE('',#3941,#3942);
#3941 = CARTESIAN_POINT('',(6.91608458459,2.198082023664,-1.17260462324)
  );
#3942 = VECTOR('',#3943,1.);
#3943 = DIRECTION('',(1.,-1.19248806385E-008,-1.042505705107E-015));
#3944 = PLANE('',#3945);
#3945 = AXIS2_PLACEMENT_3D('',#3946,#3947,#3948);
#3946 = CARTESIAN_POINT('',(6.91608458459,2.198081975581,-0.62260462324)
  );
#3947 = DIRECTION('',(1.19248806385E-008,1.,8.742273394091E-008));
#3948 = DIRECTION('',(-3.777050852833E-023,8.742273394091E-008,-1.));
#3949 = ADVANCED_FACE('',(#3950),#4007,.F.);
#3950 = FACE_BOUND('',#3951,.F.);
#3951 = EDGE_LOOP('',(#3952,#3962,#3968,#3969,#3977,#3985,#3993,#4001));
#3952 = ORIENTED_EDGE('',*,*,#3953,.F.);
#3953 = EDGE_CURVE('',#3954,#3956,#3958,.T.);
#3954 = VERTEX_POINT('',#3955);
#3955 = CARTESIAN_POINT('',(6.916084585783,2.298081975581,
    -0.622604614498));
#3956 = VERTEX_POINT('',#3957);
#3957 = CARTESIAN_POINT('',(6.916084585783,2.298081980389,
    -0.677604614498));
#3958 = LINE('',#3959,#3960);
#3959 = CARTESIAN_POINT('',(6.916084585783,2.298081975581,
    -0.622604614498));
#3960 = VECTOR('',#3961,1.);
#3961 = DIRECTION('',(-3.777050852833E-023,8.742273394091E-008,-1.));
#3962 = ORIENTED_EDGE('',*,*,#3963,.F.);
#3963 = EDGE_CURVE('',#3914,#3954,#3964,.T.);
#3964 = LINE('',#3965,#3966);
#3965 = CARTESIAN_POINT('',(6.91608458459,2.198081975581,-0.62260462324)
  );
#3966 = VECTOR('',#3967,1.);
#3967 = DIRECTION('',(1.19248806385E-008,1.,8.742273394091E-008));
#3968 = ORIENTED_EDGE('',*,*,#3913,.T.);
#3969 = ORIENTED_EDGE('',*,*,#3970,.T.);
#3970 = EDGE_CURVE('',#3916,#3971,#3973,.T.);
#3971 = VERTEX_POINT('',#3972);
#3972 = CARTESIAN_POINT('',(6.916084585783,2.298082023664,
    -1.172604614498));
#3973 = LINE('',#3974,#3975);
#3974 = CARTESIAN_POINT('',(6.91608458459,2.198082023664,-1.17260462324)
  );
#3975 = VECTOR('',#3976,1.);
#3976 = DIRECTION('',(1.19248806385E-008,1.,8.742273394091E-008));
#3977 = ORIENTED_EDGE('',*,*,#3978,.F.);
#3978 = EDGE_CURVE('',#3979,#3971,#3981,.T.);
#3979 = VERTEX_POINT('',#3980);
#3980 = CARTESIAN_POINT('',(6.916084585783,2.298082018855,
    -1.117604614498));
#3981 = LINE('',#3982,#3983);
#3982 = CARTESIAN_POINT('',(6.916084585783,2.298081975581,
    -0.622604614498));
#3983 = VECTOR('',#3984,1.);
#3984 = DIRECTION('',(-3.777050852833E-023,8.742273394091E-008,-1.));
#3985 = ORIENTED_EDGE('',*,*,#3986,.F.);
#3986 = EDGE_CURVE('',#3987,#3979,#3989,.T.);
#3987 = VERTEX_POINT('',#3988);
#3988 = CARTESIAN_POINT('',(6.916084585246,2.253082018855,
    -1.117604618432));
#3989 = LINE('',#3990,#3991);
#3990 = CARTESIAN_POINT('',(6.916084585246,2.253082018855,
    -1.117604618432));
#3991 = VECTOR('',#3992,1.);
#3992 = DIRECTION('',(1.19248806385E-008,1.,8.742273394091E-008));
#3993 = ORIENTED_EDGE('',*,*,#3994,.F.);
#3994 = EDGE_CURVE('',#3995,#3987,#3997,.T.);
#3995 = VERTEX_POINT('',#3996);
#3996 = CARTESIAN_POINT('',(6.916084585246,2.253081980389,
    -0.677604618432));
#3997 = LINE('',#3998,#3999);
#3998 = CARTESIAN_POINT('',(6.916084585246,2.253081980389,
    -0.677604618432));
#3999 = VECTOR('',#4000,1.);
#4000 = DIRECTION('',(-3.777050852833E-023,8.742273394091E-008,-1.));
#4001 = ORIENTED_EDGE('',*,*,#4002,.T.);
#4002 = EDGE_CURVE('',#3995,#3956,#4003,.T.);
#4003 = LINE('',#4004,#4005);
#4004 = CARTESIAN_POINT('',(6.916084585246,2.253081980389,
    -0.677604618432));
#4005 = VECTOR('',#4006,1.);
#4006 = DIRECTION('',(1.19248806385E-008,1.,8.742273394091E-008));
#4007 = PLANE('',#4008);
#4008 = AXIS2_PLACEMENT_3D('',#4009,#4010,#4011);
#4009 = CARTESIAN_POINT('',(6.91608458459,2.198081975581,-0.62260462324)
  );
#4010 = DIRECTION('',(1.,-1.19248806385E-008,-1.042505705107E-015));
#4011 = DIRECTION('',(-3.777050852833E-023,8.742273394091E-008,-1.));
#4012 = ADVANCED_FACE('',(#4013),#4031,.T.);
#4013 = FACE_BOUND('',#4014,.T.);
#4014 = EDGE_LOOP('',(#4015,#4016,#4017,#4025));
#4015 = ORIENTED_EDGE('',*,*,#3939,.F.);
#4016 = ORIENTED_EDGE('',*,*,#3970,.T.);
#4017 = ORIENTED_EDGE('',*,*,#4018,.T.);
#4018 = EDGE_CURVE('',#3971,#4019,#4021,.T.);
#4019 = VERTEX_POINT('',#4020);
#4020 = CARTESIAN_POINT('',(7.816084585783,2.298082012931,
    -1.172604614498));
#4021 = LINE('',#4022,#4023);
#4022 = CARTESIAN_POINT('',(6.916084585783,2.298082023664,
    -1.172604614498));
#4023 = VECTOR('',#4024,1.);
#4024 = DIRECTION('',(1.,-1.19248806385E-008,-1.042505705107E-015));
#4025 = ORIENTED_EDGE('',*,*,#4026,.F.);
#4026 = EDGE_CURVE('',#3932,#4019,#4027,.T.);
#4027 = LINE('',#4028,#4029);
#4028 = CARTESIAN_POINT('',(7.81608458459,2.198082012931,-1.17260462324)
  );
#4029 = VECTOR('',#4030,1.);
#4030 = DIRECTION('',(1.19248806385E-008,1.,8.742273394091E-008));
#4031 = PLANE('',#4032);
#4032 = AXIS2_PLACEMENT_3D('',#4033,#4034,#4035);
#4033 = CARTESIAN_POINT('',(6.91608458459,2.198082023664,-1.17260462324)
  );
#4034 = DIRECTION('',(-3.777050852833E-023,8.742273394091E-008,-1.));
#4035 = DIRECTION('',(1.19248806385E-008,1.,8.742273394091E-008));
#4036 = ADVANCED_FACE('',(#4037),#4087,.T.);
#4037 = FACE_BOUND('',#4038,.T.);
#4038 = EDGE_LOOP('',(#4039,#4049,#4055,#4056,#4057,#4065,#4073,#4081));
#4039 = ORIENTED_EDGE('',*,*,#4040,.F.);
#4040 = EDGE_CURVE('',#4041,#4043,#4045,.T.);
#4041 = VERTEX_POINT('',#4042);
#4042 = CARTESIAN_POINT('',(7.816084585783,2.298081964849,
    -0.622604614498));
#4043 = VERTEX_POINT('',#4044);
#4044 = CARTESIAN_POINT('',(7.816084585783,2.298081969657,
    -0.677604614498));
#4045 = LINE('',#4046,#4047);
#4046 = CARTESIAN_POINT('',(7.816084585783,2.298081964849,
    -0.622604614498));
#4047 = VECTOR('',#4048,1.);
#4048 = DIRECTION('',(-3.777050852833E-023,8.742273394091E-008,-1.));
#4049 = ORIENTED_EDGE('',*,*,#4050,.F.);
#4050 = EDGE_CURVE('',#3924,#4041,#4051,.T.);
#4051 = LINE('',#4052,#4053);
#4052 = CARTESIAN_POINT('',(7.81608458459,2.198081964849,-0.62260462324)
  );
#4053 = VECTOR('',#4054,1.);
#4054 = DIRECTION('',(1.19248806385E-008,1.,8.742273394091E-008));
#4055 = ORIENTED_EDGE('',*,*,#3931,.T.);
#4056 = ORIENTED_EDGE('',*,*,#4026,.T.);
#4057 = ORIENTED_EDGE('',*,*,#4058,.F.);
#4058 = EDGE_CURVE('',#4059,#4019,#4061,.T.);
#4059 = VERTEX_POINT('',#4060);
#4060 = CARTESIAN_POINT('',(7.816084585783,2.298082008123,
    -1.117604614498));
#4061 = LINE('',#4062,#4063);
#4062 = CARTESIAN_POINT('',(7.816084585783,2.298081964849,
    -0.622604614498));
#4063 = VECTOR('',#4064,1.);
#4064 = DIRECTION('',(-3.777050852833E-023,8.742273394091E-008,-1.));
#4065 = ORIENTED_EDGE('',*,*,#4066,.F.);
#4066 = EDGE_CURVE('',#4067,#4059,#4069,.T.);
#4067 = VERTEX_POINT('',#4068);
#4068 = CARTESIAN_POINT('',(7.816084585246,2.253082008123,
    -1.117604618432));
#4069 = LINE('',#4070,#4071);
#4070 = CARTESIAN_POINT('',(7.816084585246,2.253082008123,
    -1.117604618432));
#4071 = VECTOR('',#4072,1.);
#4072 = DIRECTION('',(1.19248806385E-008,1.,8.742273394091E-008));
#4073 = ORIENTED_EDGE('',*,*,#4074,.F.);
#4074 = EDGE_CURVE('',#4075,#4067,#4077,.T.);
#4075 = VERTEX_POINT('',#4076);
#4076 = CARTESIAN_POINT('',(7.816084585246,2.253081969657,
    -0.677604618432));
#4077 = LINE('',#4078,#4079);
#4078 = CARTESIAN_POINT('',(7.816084585246,2.253081969657,
    -0.677604618432));
#4079 = VECTOR('',#4080,1.);
#4080 = DIRECTION('',(-3.777050852833E-023,8.742273394091E-008,-1.));
#4081 = ORIENTED_EDGE('',*,*,#4082,.T.);
#4082 = EDGE_CURVE('',#4075,#4043,#4083,.T.);
#4083 = LINE('',#4084,#4085);
#4084 = CARTESIAN_POINT('',(7.816084585246,2.253081969657,
    -0.677604618432));
#4085 = VECTOR('',#4086,1.);
#4086 = DIRECTION('',(1.19248806385E-008,1.,8.742273394091E-008));
#4087 = PLANE('',#4088);
#4088 = AXIS2_PLACEMENT_3D('',#4089,#4090,#4091);
#4089 = CARTESIAN_POINT('',(7.81608458459,2.198081964849,-0.62260462324)
  );
#4090 = DIRECTION('',(1.,-1.19248806385E-008,-1.042505705107E-015));
#4091 = DIRECTION('',(-3.777050852833E-023,8.742273394091E-008,-1.));
#4092 = ADVANCED_FACE('',(#4093),#4104,.F.);
#4093 = FACE_BOUND('',#4094,.F.);
#4094 = EDGE_LOOP('',(#4095,#4096,#4097,#4103));
#4095 = ORIENTED_EDGE('',*,*,#3923,.F.);
#4096 = ORIENTED_EDGE('',*,*,#3963,.T.);
#4097 = ORIENTED_EDGE('',*,*,#4098,.T.);
#4098 = EDGE_CURVE('',#3954,#4041,#4099,.T.);
#4099 = LINE('',#4100,#4101);
#4100 = CARTESIAN_POINT('',(6.916084585783,2.298081975581,
    -0.622604614498));
#4101 = VECTOR('',#4102,1.);
#4102 = DIRECTION('',(1.,-1.19248806385E-008,-1.042505705107E-015));
#4103 = ORIENTED_EDGE('',*,*,#4050,.F.);
#4104 = PLANE('',#4105);
#4105 = AXIS2_PLACEMENT_3D('',#4106,#4107,#4108);
#4106 = CARTESIAN_POINT('',(6.91608458459,2.198081975581,-0.62260462324)
  );
#4107 = DIRECTION('',(-3.777050852833E-023,8.742273394091E-008,-1.));
#4108 = DIRECTION('',(1.19248806385E-008,1.,8.742273394091E-008));
#4109 = ADVANCED_FACE('',(#4110),#4121,.T.);
#4110 = FACE_BOUND('',#4111,.T.);
#4111 = EDGE_LOOP('',(#4112,#4113,#4114,#4115));
#4112 = ORIENTED_EDGE('',*,*,#3953,.F.);
#4113 = ORIENTED_EDGE('',*,*,#4098,.T.);
#4114 = ORIENTED_EDGE('',*,*,#4040,.T.);
#4115 = ORIENTED_EDGE('',*,*,#4116,.T.);
#4116 = EDGE_CURVE('',#4043,#3956,#4117,.T.);
#4117 = LINE('',#4118,#4119);
#4118 = CARTESIAN_POINT('',(6.916084585783,2.298081980389,
    -0.677604614498));
#4119 = VECTOR('',#4120,1.);
#4120 = DIRECTION('',(-1.,1.19248806385E-008,1.042505705107E-015));
#4121 = PLANE('',#4122);
#4122 = AXIS2_PLACEMENT_3D('',#4123,#4124,#4125);
#4123 = CARTESIAN_POINT('',(6.916084585783,2.298081975581,
    -0.622604614498));
#4124 = DIRECTION('',(1.19248806385E-008,1.,8.742273394091E-008));
#4125 = DIRECTION('',(-3.777050852833E-023,8.742273394091E-008,-1.));
#4126 = ADVANCED_FACE('',(#4127),#4138,.T.);
#4127 = FACE_BOUND('',#4128,.T.);
#4128 = EDGE_LOOP('',(#4129,#4130,#4136,#4137));
#4129 = ORIENTED_EDGE('',*,*,#4082,.F.);
#4130 = ORIENTED_EDGE('',*,*,#4131,.F.);
#4131 = EDGE_CURVE('',#3995,#4075,#4132,.T.);
#4132 = LINE('',#4133,#4134);
#4133 = CARTESIAN_POINT('',(6.916084585246,2.253081980389,
    -0.677604618432));
#4134 = VECTOR('',#4135,1.);
#4135 = DIRECTION('',(1.,-1.19248806385E-008,-1.042505705107E-015));
#4136 = ORIENTED_EDGE('',*,*,#4002,.T.);
#4137 = ORIENTED_EDGE('',*,*,#4116,.F.);
#4138 = PLANE('',#4139);
#4139 = AXIS2_PLACEMENT_3D('',#4140,#4141,#4142);
#4140 = CARTESIAN_POINT('',(6.916084585246,2.253081980389,
    -0.677604618432));
#4141 = DIRECTION('',(-3.777050852833E-023,8.742273394091E-008,-1.));
#4142 = DIRECTION('',(1.19248806385E-008,1.,8.742273394091E-008));
#4143 = ADVANCED_FACE('',(#4144),#4155,.T.);
#4144 = FACE_BOUND('',#4145,.T.);
#4145 = EDGE_LOOP('',(#4146,#4147,#4148,#4149));
#4146 = ORIENTED_EDGE('',*,*,#3994,.F.);
#4147 = ORIENTED_EDGE('',*,*,#4131,.T.);
#4148 = ORIENTED_EDGE('',*,*,#4074,.T.);
#4149 = ORIENTED_EDGE('',*,*,#4150,.F.);
#4150 = EDGE_CURVE('',#3987,#4067,#4151,.T.);
#4151 = LINE('',#4152,#4153);
#4152 = CARTESIAN_POINT('',(6.916084585246,2.253082018855,
    -1.117604618432));
#4153 = VECTOR('',#4154,1.);
#4154 = DIRECTION('',(1.,-1.19248806385E-008,-1.042505705107E-015));
#4155 = PLANE('',#4156);
#4156 = AXIS2_PLACEMENT_3D('',#4157,#4158,#4159);
#4157 = CARTESIAN_POINT('',(6.916084585246,2.253081980389,
    -0.677604618432));
#4158 = DIRECTION('',(1.19248806385E-008,1.,8.742273394091E-008));
#4159 = DIRECTION('',(-3.777050852833E-023,8.742273394091E-008,-1.));
#4160 = ADVANCED_FACE('',(#4161),#4172,.F.);
#4161 = FACE_BOUND('',#4162,.F.);
#4162 = EDGE_LOOP('',(#4163,#4164,#4165,#4166));
#4163 = ORIENTED_EDGE('',*,*,#4066,.F.);
#4164 = ORIENTED_EDGE('',*,*,#4150,.F.);
#4165 = ORIENTED_EDGE('',*,*,#3986,.T.);
#4166 = ORIENTED_EDGE('',*,*,#4167,.F.);
#4167 = EDGE_CURVE('',#4059,#3979,#4168,.T.);
#4168 = LINE('',#4169,#4170);
#4169 = CARTESIAN_POINT('',(6.916084585783,2.298082018855,
    -1.117604614498));
#4170 = VECTOR('',#4171,1.);
#4171 = DIRECTION('',(-1.,1.19248806385E-008,1.042505705107E-015));
#4172 = PLANE('',#4173);
#4173 = AXIS2_PLACEMENT_3D('',#4174,#4175,#4176);
#4174 = CARTESIAN_POINT('',(6.916084585246,2.253082018855,
    -1.117604618432));
#4175 = DIRECTION('',(-3.777050852833E-023,8.742273394091E-008,-1.));
#4176 = DIRECTION('',(1.19248806385E-008,1.,8.742273394091E-008));
#4177 = ADVANCED_FACE('',(#4178),#4184,.T.);
#4178 = FACE_BOUND('',#4179,.T.);
#4179 = EDGE_LOOP('',(#4180,#4181,#4182,#4183));
#4180 = ORIENTED_EDGE('',*,*,#3978,.F.);
#4181 = ORIENTED_EDGE('',*,*,#4167,.F.);
#4182 = ORIENTED_EDGE('',*,*,#4058,.T.);
#4183 = ORIENTED_EDGE('',*,*,#4018,.F.);
#4184 = PLANE('',#4185);
#4185 = AXIS2_PLACEMENT_3D('',#4186,#4187,#4188);
#4186 = CARTESIAN_POINT('',(6.916084585783,2.298081975581,
    -0.622604614498));
#4187 = DIRECTION('',(1.19248806385E-008,1.,8.742273394091E-008));
#4188 = DIRECTION('',(-3.777050852833E-023,8.742273394091E-008,-1.));
#4189 = MANIFOLD_SOLID_BREP('',#4190);
#4190 = CLOSED_SHELL('',(#4191,#4231,#4294,#4318,#4374,#4391,#4408,#4425
    ,#4442,#4459));
#4191 = ADVANCED_FACE('',(#4192),#4226,.F.);
#4192 = FACE_BOUND('',#4193,.F.);
#4193 = EDGE_LOOP('',(#4194,#4204,#4212,#4220));
#4194 = ORIENTED_EDGE('',*,*,#4195,.F.);
#4195 = EDGE_CURVE('',#4196,#4198,#4200,.T.);
#4196 = VERTEX_POINT('',#4197);
#4197 = CARTESIAN_POINT('',(7.816084604863,3.898081964849,
    -0.622604474622));
#4198 = VERTEX_POINT('',#4199);
#4199 = CARTESIAN_POINT('',(7.816084604863,3.898082012931,
    -1.172604474622));
#4200 = LINE('',#4201,#4202);
#4201 = CARTESIAN_POINT('',(7.816084604863,3.898081964849,
    -0.622604474622));
#4202 = VECTOR('',#4203,1.);
#4203 = DIRECTION('',(-3.777050852833E-023,8.742273394091E-008,-1.));
#4204 = ORIENTED_EDGE('',*,*,#4205,.T.);
#4205 = EDGE_CURVE('',#4196,#4206,#4208,.T.);
#4206 = VERTEX_POINT('',#4207);
#4207 = CARTESIAN_POINT('',(6.916084604863,3.898081975581,
    -0.622604474622));
#4208 = LINE('',#4209,#4210);
#4209 = CARTESIAN_POINT('',(7.816084604863,3.898081964849,
    -0.622604474622));
#4210 = VECTOR('',#4211,1.);
#4211 = DIRECTION('',(-1.,1.192488051604E-008,1.042505694401E-015));
#4212 = ORIENTED_EDGE('',*,*,#4213,.T.);
#4213 = EDGE_CURVE('',#4206,#4214,#4216,.T.);
#4214 = VERTEX_POINT('',#4215);
#4215 = CARTESIAN_POINT('',(6.916084604863,3.898082023664,
    -1.172604474622));
#4216 = LINE('',#4217,#4218);
#4217 = CARTESIAN_POINT('',(6.916084604863,3.898081975581,
    -0.622604474622));
#4218 = VECTOR('',#4219,1.);
#4219 = DIRECTION('',(-3.777050852833E-023,8.742273394091E-008,-1.));
#4220 = ORIENTED_EDGE('',*,*,#4221,.F.);
#4221 = EDGE_CURVE('',#4198,#4214,#4222,.T.);
#4222 = LINE('',#4223,#4224);
#4223 = CARTESIAN_POINT('',(7.816084604863,3.898082012931,
    -1.172604474622));
#4224 = VECTOR('',#4225,1.);
#4225 = DIRECTION('',(-1.,1.192488051604E-008,1.042505694401E-015));
#4226 = PLANE('',#4227);
#4227 = AXIS2_PLACEMENT_3D('',#4228,#4229,#4230);
#4228 = CARTESIAN_POINT('',(7.816084604863,3.898081964849,
    -0.622604474622));
#4229 = DIRECTION('',(-1.192488051604E-008,-1.,-8.742273394091E-008));
#4230 = DIRECTION('',(-3.777050852833E-023,8.742273394091E-008,-1.));
#4231 = ADVANCED_FACE('',(#4232),#4289,.F.);
#4232 = FACE_BOUND('',#4233,.F.);
#4233 = EDGE_LOOP('',(#4234,#4244,#4250,#4251,#4259,#4267,#4275,#4283));
#4234 = ORIENTED_EDGE('',*,*,#4235,.F.);
#4235 = EDGE_CURVE('',#4236,#4238,#4240,.T.);
#4236 = VERTEX_POINT('',#4237);
#4237 = CARTESIAN_POINT('',(7.81608460367,3.798081964849,-0.622604483364
    ));
#4238 = VERTEX_POINT('',#4239);
#4239 = CARTESIAN_POINT('',(7.81608460367,3.798081969657,-0.677604483364
    ));
#4240 = LINE('',#4241,#4242);
#4241 = CARTESIAN_POINT('',(7.81608460367,3.798081964849,-0.622604483364
    ));
#4242 = VECTOR('',#4243,1.);
#4243 = DIRECTION('',(-3.777050852833E-023,8.742273394091E-008,-1.));
#4244 = ORIENTED_EDGE('',*,*,#4245,.F.);
#4245 = EDGE_CURVE('',#4196,#4236,#4246,.T.);
#4246 = LINE('',#4247,#4248);
#4247 = CARTESIAN_POINT('',(7.816084604863,3.898081964849,
    -0.622604474622));
#4248 = VECTOR('',#4249,1.);
#4249 = DIRECTION('',(-1.192488051604E-008,-1.,-8.742273394091E-008));
#4250 = ORIENTED_EDGE('',*,*,#4195,.T.);
#4251 = ORIENTED_EDGE('',*,*,#4252,.T.);
#4252 = EDGE_CURVE('',#4198,#4253,#4255,.T.);
#4253 = VERTEX_POINT('',#4254);
#4254 = CARTESIAN_POINT('',(7.81608460367,3.798082012931,-1.172604483364
    ));
#4255 = LINE('',#4256,#4257);
#4256 = CARTESIAN_POINT('',(7.816084604863,3.898082012931,
    -1.172604474622));
#4257 = VECTOR('',#4258,1.);
#4258 = DIRECTION('',(-1.192488051604E-008,-1.,-8.742273394091E-008));
#4259 = ORIENTED_EDGE('',*,*,#4260,.F.);
#4260 = EDGE_CURVE('',#4261,#4253,#4263,.T.);
#4261 = VERTEX_POINT('',#4262);
#4262 = CARTESIAN_POINT('',(7.81608460367,3.798082008123,-1.117604483364
    ));
#4263 = LINE('',#4264,#4265);
#4264 = CARTESIAN_POINT('',(7.81608460367,3.798081964849,-0.622604483364
    ));
#4265 = VECTOR('',#4266,1.);
#4266 = DIRECTION('',(-3.777050852833E-023,8.742273394091E-008,-1.));
#4267 = ORIENTED_EDGE('',*,*,#4268,.F.);
#4268 = EDGE_CURVE('',#4269,#4261,#4271,.T.);
#4269 = VERTEX_POINT('',#4270);
#4270 = CARTESIAN_POINT('',(7.816084604207,3.843082008123,-1.11760447943
    ));
#4271 = LINE('',#4272,#4273);
#4272 = CARTESIAN_POINT('',(7.816084604207,3.843082008123,-1.11760447943
    ));
#4273 = VECTOR('',#4274,1.);
#4274 = DIRECTION('',(-1.192488051604E-008,-1.,-8.742273394091E-008));
#4275 = ORIENTED_EDGE('',*,*,#4276,.F.);
#4276 = EDGE_CURVE('',#4277,#4269,#4279,.T.);
#4277 = VERTEX_POINT('',#4278);
#4278 = CARTESIAN_POINT('',(7.816084604207,3.843081969657,-0.67760447943
    ));
#4279 = LINE('',#4280,#4281);
#4280 = CARTESIAN_POINT('',(7.816084604207,3.843081969657,-0.67760447943
    ));
#4281 = VECTOR('',#4282,1.);
#4282 = DIRECTION('',(-3.777050852833E-023,8.742273394091E-008,-1.));
#4283 = ORIENTED_EDGE('',*,*,#4284,.T.);
#4284 = EDGE_CURVE('',#4277,#4238,#4285,.T.);
#4285 = LINE('',#4286,#4287);
#4286 = CARTESIAN_POINT('',(7.816084604207,3.843081969657,-0.67760447943
    ));
#4287 = VECTOR('',#4288,1.);
#4288 = DIRECTION('',(-1.192488051604E-008,-1.,-8.742273394091E-008));
#4289 = PLANE('',#4290);
#4290 = AXIS2_PLACEMENT_3D('',#4291,#4292,#4293);
#4291 = CARTESIAN_POINT('',(7.816084604863,3.898081964849,
    -0.622604474622));
#4292 = DIRECTION('',(-1.,1.192488051604E-008,1.042505694401E-015));
#4293 = DIRECTION('',(-3.777050852833E-023,8.742273394091E-008,-1.));
#4294 = ADVANCED_FACE('',(#4295),#4313,.T.);
#4295 = FACE_BOUND('',#4296,.T.);
#4296 = EDGE_LOOP('',(#4297,#4298,#4299,#4307));
#4297 = ORIENTED_EDGE('',*,*,#4221,.F.);
#4298 = ORIENTED_EDGE('',*,*,#4252,.T.);
#4299 = ORIENTED_EDGE('',*,*,#4300,.T.);
#4300 = EDGE_CURVE('',#4253,#4301,#4303,.T.);
#4301 = VERTEX_POINT('',#4302);
#4302 = CARTESIAN_POINT('',(6.91608460367,3.798082023664,-1.172604483364
    ));
#4303 = LINE('',#4304,#4305);
#4304 = CARTESIAN_POINT('',(7.81608460367,3.798082012931,-1.172604483364
    ));
#4305 = VECTOR('',#4306,1.);
#4306 = DIRECTION('',(-1.,1.192488051604E-008,1.042505694401E-015));
#4307 = ORIENTED_EDGE('',*,*,#4308,.F.);
#4308 = EDGE_CURVE('',#4214,#4301,#4309,.T.);
#4309 = LINE('',#4310,#4311);
#4310 = CARTESIAN_POINT('',(6.916084604863,3.898082023664,
    -1.172604474622));
#4311 = VECTOR('',#4312,1.);
#4312 = DIRECTION('',(-1.192488051604E-008,-1.,-8.742273394091E-008));
#4313 = PLANE('',#4314);
#4314 = AXIS2_PLACEMENT_3D('',#4315,#4316,#4317);
#4315 = CARTESIAN_POINT('',(7.816084604863,3.898082012931,
    -1.172604474622));
#4316 = DIRECTION('',(-3.777050852833E-023,8.742273394091E-008,-1.));
#4317 = DIRECTION('',(-1.192488051604E-008,-1.,-8.742273394091E-008));
#4318 = ADVANCED_FACE('',(#4319),#4369,.T.);
#4319 = FACE_BOUND('',#4320,.T.);
#4320 = EDGE_LOOP('',(#4321,#4331,#4337,#4338,#4339,#4347,#4355,#4363));
#4321 = ORIENTED_EDGE('',*,*,#4322,.F.);
#4322 = EDGE_CURVE('',#4323,#4325,#4327,.T.);
#4323 = VERTEX_POINT('',#4324);
#4324 = CARTESIAN_POINT('',(6.91608460367,3.798081975581,-0.622604483364
    ));
#4325 = VERTEX_POINT('',#4326);
#4326 = CARTESIAN_POINT('',(6.91608460367,3.798081980389,-0.677604483364
    ));
#4327 = LINE('',#4328,#4329);
#4328 = CARTESIAN_POINT('',(6.91608460367,3.798081975581,-0.622604483364
    ));
#4329 = VECTOR('',#4330,1.);
#4330 = DIRECTION('',(-3.777050852833E-023,8.742273394091E-008,-1.));
#4331 = ORIENTED_EDGE('',*,*,#4332,.F.);
#4332 = EDGE_CURVE('',#4206,#4323,#4333,.T.);
#4333 = LINE('',#4334,#4335);
#4334 = CARTESIAN_POINT('',(6.916084604863,3.898081975581,
    -0.622604474622));
#4335 = VECTOR('',#4336,1.);
#4336 = DIRECTION('',(-1.192488051604E-008,-1.,-8.742273394091E-008));
#4337 = ORIENTED_EDGE('',*,*,#4213,.T.);
#4338 = ORIENTED_EDGE('',*,*,#4308,.T.);
#4339 = ORIENTED_EDGE('',*,*,#4340,.F.);
#4340 = EDGE_CURVE('',#4341,#4301,#4343,.T.);
#4341 = VERTEX_POINT('',#4342);
#4342 = CARTESIAN_POINT('',(6.91608460367,3.798082018855,-1.117604483364
    ));
#4343 = LINE('',#4344,#4345);
#4344 = CARTESIAN_POINT('',(6.91608460367,3.798081975581,-0.622604483364
    ));
#4345 = VECTOR('',#4346,1.);
#4346 = DIRECTION('',(-3.777050852833E-023,8.742273394091E-008,-1.));
#4347 = ORIENTED_EDGE('',*,*,#4348,.F.);
#4348 = EDGE_CURVE('',#4349,#4341,#4351,.T.);
#4349 = VERTEX_POINT('',#4350);
#4350 = CARTESIAN_POINT('',(6.916084604207,3.843082018855,-1.11760447943
    ));
#4351 = LINE('',#4352,#4353);
#4352 = CARTESIAN_POINT('',(6.916084604207,3.843082018855,-1.11760447943
    ));
#4353 = VECTOR('',#4354,1.);
#4354 = DIRECTION('',(-1.192488051604E-008,-1.,-8.742273394091E-008));
#4355 = ORIENTED_EDGE('',*,*,#4356,.F.);
#4356 = EDGE_CURVE('',#4357,#4349,#4359,.T.);
#4357 = VERTEX_POINT('',#4358);
#4358 = CARTESIAN_POINT('',(6.916084604207,3.843081980389,-0.67760447943
    ));
#4359 = LINE('',#4360,#4361);
#4360 = CARTESIAN_POINT('',(6.916084604207,3.843081980389,-0.67760447943
    ));
#4361 = VECTOR('',#4362,1.);
#4362 = DIRECTION('',(-3.777050852833E-023,8.742273394091E-008,-1.));
#4363 = ORIENTED_EDGE('',*,*,#4364,.T.);
#4364 = EDGE_CURVE('',#4357,#4325,#4365,.T.);
#4365 = LINE('',#4366,#4367);
#4366 = CARTESIAN_POINT('',(6.916084604207,3.843081980389,-0.67760447943
    ));
#4367 = VECTOR('',#4368,1.);
#4368 = DIRECTION('',(-1.192488051604E-008,-1.,-8.742273394091E-008));
#4369 = PLANE('',#4370);
#4370 = AXIS2_PLACEMENT_3D('',#4371,#4372,#4373);
#4371 = CARTESIAN_POINT('',(6.916084604863,3.898081975581,
    -0.622604474622));
#4372 = DIRECTION('',(-1.,1.192488051604E-008,1.042505694401E-015));
#4373 = DIRECTION('',(-3.777050852833E-023,8.742273394091E-008,-1.));
#4374 = ADVANCED_FACE('',(#4375),#4386,.F.);
#4375 = FACE_BOUND('',#4376,.F.);
#4376 = EDGE_LOOP('',(#4377,#4378,#4379,#4385));
#4377 = ORIENTED_EDGE('',*,*,#4205,.F.);
#4378 = ORIENTED_EDGE('',*,*,#4245,.T.);
#4379 = ORIENTED_EDGE('',*,*,#4380,.T.);
#4380 = EDGE_CURVE('',#4236,#4323,#4381,.T.);
#4381 = LINE('',#4382,#4383);
#4382 = CARTESIAN_POINT('',(7.81608460367,3.798081964849,-0.622604483364
    ));
#4383 = VECTOR('',#4384,1.);
#4384 = DIRECTION('',(-1.,1.192488051604E-008,1.042505694401E-015));
#4385 = ORIENTED_EDGE('',*,*,#4332,.F.);
#4386 = PLANE('',#4387);
#4387 = AXIS2_PLACEMENT_3D('',#4388,#4389,#4390);
#4388 = CARTESIAN_POINT('',(7.816084604863,3.898081964849,
    -0.622604474622));
#4389 = DIRECTION('',(-3.777050852833E-023,8.742273394091E-008,-1.));
#4390 = DIRECTION('',(-1.192488051604E-008,-1.,-8.742273394091E-008));
#4391 = ADVANCED_FACE('',(#4392),#4403,.T.);
#4392 = FACE_BOUND('',#4393,.T.);
#4393 = EDGE_LOOP('',(#4394,#4395,#4396,#4397));
#4394 = ORIENTED_EDGE('',*,*,#4235,.F.);
#4395 = ORIENTED_EDGE('',*,*,#4380,.T.);
#4396 = ORIENTED_EDGE('',*,*,#4322,.T.);
#4397 = ORIENTED_EDGE('',*,*,#4398,.T.);
#4398 = EDGE_CURVE('',#4325,#4238,#4399,.T.);
#4399 = LINE('',#4400,#4401);
#4400 = CARTESIAN_POINT('',(7.81608460367,3.798081969657,-0.677604483364
    ));
#4401 = VECTOR('',#4402,1.);
#4402 = DIRECTION('',(1.,-1.192488051604E-008,-1.042505694401E-015));
#4403 = PLANE('',#4404);
#4404 = AXIS2_PLACEMENT_3D('',#4405,#4406,#4407);
#4405 = CARTESIAN_POINT('',(7.81608460367,3.798081964849,-0.622604483364
    ));
#4406 = DIRECTION('',(-1.192488051604E-008,-1.,-8.742273394091E-008));
#4407 = DIRECTION('',(-3.777050852833E-023,8.742273394091E-008,-1.));
#4408 = ADVANCED_FACE('',(#4409),#4420,.T.);
#4409 = FACE_BOUND('',#4410,.T.);
#4410 = EDGE_LOOP('',(#4411,#4412,#4418,#4419));
#4411 = ORIENTED_EDGE('',*,*,#4364,.F.);
#4412 = ORIENTED_EDGE('',*,*,#4413,.F.);
#4413 = EDGE_CURVE('',#4277,#4357,#4414,.T.);
#4414 = LINE('',#4415,#4416);
#4415 = CARTESIAN_POINT('',(7.816084604207,3.843081969657,-0.67760447943
    ));
#4416 = VECTOR('',#4417,1.);
#4417 = DIRECTION('',(-1.,1.192488051604E-008,1.042505694401E-015));
#4418 = ORIENTED_EDGE('',*,*,#4284,.T.);
#4419 = ORIENTED_EDGE('',*,*,#4398,.F.);
#4420 = PLANE('',#4421);
#4421 = AXIS2_PLACEMENT_3D('',#4422,#4423,#4424);
#4422 = CARTESIAN_POINT('',(7.816084604207,3.843081969657,-0.67760447943
    ));
#4423 = DIRECTION('',(-3.777050852833E-023,8.742273394091E-008,-1.));
#4424 = DIRECTION('',(-1.192488051604E-008,-1.,-8.742273394091E-008));
#4425 = ADVANCED_FACE('',(#4426),#4437,.T.);
#4426 = FACE_BOUND('',#4427,.T.);
#4427 = EDGE_LOOP('',(#4428,#4429,#4430,#4431));
#4428 = ORIENTED_EDGE('',*,*,#4276,.F.);
#4429 = ORIENTED_EDGE('',*,*,#4413,.T.);
#4430 = ORIENTED_EDGE('',*,*,#4356,.T.);
#4431 = ORIENTED_EDGE('',*,*,#4432,.F.);
#4432 = EDGE_CURVE('',#4269,#4349,#4433,.T.);
#4433 = LINE('',#4434,#4435);
#4434 = CARTESIAN_POINT('',(7.816084604207,3.843082008123,-1.11760447943
    ));
#4435 = VECTOR('',#4436,1.);
#4436 = DIRECTION('',(-1.,1.192488051604E-008,1.042505694401E-015));
#4437 = PLANE('',#4438);
#4438 = AXIS2_PLACEMENT_3D('',#4439,#4440,#4441);
#4439 = CARTESIAN_POINT('',(7.816084604207,3.843081969657,-0.67760447943
    ));
#4440 = DIRECTION('',(-1.192488051604E-008,-1.,-8.742273394091E-008));
#4441 = DIRECTION('',(-3.777050852833E-023,8.742273394091E-008,-1.));
#4442 = ADVANCED_FACE('',(#4443),#4454,.F.);
#4443 = FACE_BOUND('',#4444,.F.);
#4444 = EDGE_LOOP('',(#4445,#4446,#4447,#4448));
#4445 = ORIENTED_EDGE('',*,*,#4348,.F.);
#4446 = ORIENTED_EDGE('',*,*,#4432,.F.);
#4447 = ORIENTED_EDGE('',*,*,#4268,.T.);
#4448 = ORIENTED_EDGE('',*,*,#4449,.F.);
#4449 = EDGE_CURVE('',#4341,#4261,#4450,.T.);
#4450 = LINE('',#4451,#4452);
#4451 = CARTESIAN_POINT('',(7.81608460367,3.798082008123,-1.117604483364
    ));
#4452 = VECTOR('',#4453,1.);
#4453 = DIRECTION('',(1.,-1.192488051604E-008,-1.042505694401E-015));
#4454 = PLANE('',#4455);
#4455 = AXIS2_PLACEMENT_3D('',#4456,#4457,#4458);
#4456 = CARTESIAN_POINT('',(7.816084604207,3.843082008123,-1.11760447943
    ));
#4457 = DIRECTION('',(-3.777050852833E-023,8.742273394091E-008,-1.));
#4458 = DIRECTION('',(-1.192488051604E-008,-1.,-8.742273394091E-008));
#4459 = ADVANCED_FACE('',(#4460),#4466,.T.);
#4460 = FACE_BOUND('',#4461,.T.);
#4461 = EDGE_LOOP('',(#4462,#4463,#4464,#4465));
#4462 = ORIENTED_EDGE('',*,*,#4260,.F.);
#4463 = ORIENTED_EDGE('',*,*,#4449,.F.);
#4464 = ORIENTED_EDGE('',*,*,#4340,.T.);
#4465 = ORIENTED_EDGE('',*,*,#4300,.F.);
#4466 = PLANE('',#4467);
#4467 = AXIS2_PLACEMENT_3D('',#4468,#4469,#4470);
#4468 = CARTESIAN_POINT('',(7.81608460367,3.798081964849,-0.622604483364
    ));
#4469 = DIRECTION('',(-1.192488051604E-008,-1.,-8.742273394091E-008));
#4470 = DIRECTION('',(-3.777050852833E-023,8.742273394091E-008,-1.));
#4471 = MANIFOLD_SOLID_BREP('',#4472);
#4472 = CLOSED_SHELL('',(#4473,#4513,#4546,#4579,#4612,#4645,#4662,#4679
    ,#4710,#4741,#4758,#4789,#4806,#4837,#4855,#4873,#4901,#4913));
#4473 = ADVANCED_FACE('',(#4474),#4508,.F.);
#4474 = FACE_BOUND('',#4475,.F.);
#4475 = EDGE_LOOP('',(#4476,#4486,#4494,#4502));
#4476 = ORIENTED_EDGE('',*,*,#4477,.F.);
#4477 = EDGE_CURVE('',#4478,#4480,#4482,.T.);
#4478 = VERTEX_POINT('',#4479);
#4479 = CARTESIAN_POINT('',(4.405995448429,11.576000287932,5.E-002));
#4480 = VERTEX_POINT('',#4481);
#4481 = CARTESIAN_POINT('',(4.405995448429,11.576000287932,0.85));
#4482 = LINE('',#4483,#4484);
#4483 = CARTESIAN_POINT('',(4.405995448429,11.576000287932,0.E+000));
#4484 = VECTOR('',#4485,1.);
#4485 = DIRECTION('',(0.E+000,0.E+000,1.));
#4486 = ORIENTED_EDGE('',*,*,#4487,.T.);
#4487 = EDGE_CURVE('',#4478,#4488,#4490,.T.);
#4488 = VERTEX_POINT('',#4489);
#4489 = CARTESIAN_POINT('',(4.405995518368,10.776000287932,5.E-002));
#4490 = LINE('',#4491,#4492);
#4491 = CARTESIAN_POINT('',(4.405995444058,11.626000287932,5.E-002));
#4492 = VECTOR('',#4493,1.);
#4493 = DIRECTION('',(8.742277657348E-008,-1.,0.E+000));
#4494 = ORIENTED_EDGE('',*,*,#4495,.T.);
#4495 = EDGE_CURVE('',#4488,#4496,#4498,.T.);
#4496 = VERTEX_POINT('',#4497);
#4497 = CARTESIAN_POINT('',(4.405995518368,10.776000287932,0.85));
#4498 = LINE('',#4499,#4500);
#4499 = CARTESIAN_POINT('',(4.405995518368,10.776000287932,0.E+000));
#4500 = VECTOR('',#4501,1.);
#4501 = DIRECTION('',(0.E+000,0.E+000,1.));
#4502 = ORIENTED_EDGE('',*,*,#4503,.F.);
#4503 = EDGE_CURVE('',#4480,#4496,#4504,.T.);
#4504 = LINE('',#4505,#4506);
#4505 = CARTESIAN_POINT('',(4.405995444058,11.626000287932,0.85));
#4506 = VECTOR('',#4507,1.);
#4507 = DIRECTION('',(8.742277657348E-008,-1.,0.E+000));
#4508 = PLANE('',#4509);
#4509 = AXIS2_PLACEMENT_3D('',#4510,#4511,#4512);
#4510 = CARTESIAN_POINT('',(4.405995444058,11.626000287932,0.E+000));
#4511 = DIRECTION('',(-1.,-8.742277657348E-008,0.E+000));
#4512 = DIRECTION('',(0.E+000,0.E+000,1.));
#4513 = ADVANCED_FACE('',(#4514),#4541,.T.);
#4514 = FACE_BOUND('',#4515,.T.);
#4515 = EDGE_LOOP('',(#4516,#4517,#4526,#4534));
#4516 = ORIENTED_EDGE('',*,*,#4477,.F.);
#4517 = ORIENTED_EDGE('',*,*,#4518,.T.);
#4518 = EDGE_CURVE('',#4478,#4519,#4521,.T.);
#4519 = VERTEX_POINT('',#4520);
#4520 = CARTESIAN_POINT('',(4.355995444058,11.626000283561,5.E-002));
#4521 = CIRCLE('',#4522,5.E-002);
#4522 = AXIS2_PLACEMENT_3D('',#4523,#4524,#4525);
#4523 = CARTESIAN_POINT('',(4.355995448429,11.576000283561,5.E-002));
#4524 = DIRECTION('',(0.E+000,-0.E+000,1.));
#4525 = DIRECTION('',(1.,8.742277657348E-008,0.E+000));
#4526 = ORIENTED_EDGE('',*,*,#4527,.T.);
#4527 = EDGE_CURVE('',#4519,#4528,#4530,.T.);
#4528 = VERTEX_POINT('',#4529);
#4529 = CARTESIAN_POINT('',(4.355995444058,11.626000283561,0.85));
#4530 = LINE('',#4531,#4532);
#4531 = CARTESIAN_POINT('',(4.355995444058,11.626000283561,0.E+000));
#4532 = VECTOR('',#4533,1.);
#4533 = DIRECTION('',(0.E+000,0.E+000,1.));
#4534 = ORIENTED_EDGE('',*,*,#4535,.F.);
#4535 = EDGE_CURVE('',#4480,#4528,#4536,.T.);
#4536 = CIRCLE('',#4537,5.E-002);
#4537 = AXIS2_PLACEMENT_3D('',#4538,#4539,#4540);
#4538 = CARTESIAN_POINT('',(4.355995448429,11.576000283561,0.85));
#4539 = DIRECTION('',(0.E+000,-0.E+000,1.));
#4540 = DIRECTION('',(1.,8.742277657348E-008,0.E+000));
#4541 = CYLINDRICAL_SURFACE('',#4542,5.E-002);
#4542 = AXIS2_PLACEMENT_3D('',#4543,#4544,#4545);
#4543 = CARTESIAN_POINT('',(4.355995448429,11.576000283561,0.E+000));
#4544 = DIRECTION('',(0.E+000,0.E+000,1.));
#4545 = DIRECTION('',(1.,8.742277657348E-008,0.E+000));
#4546 = ADVANCED_FACE('',(#4547),#4574,.T.);
#4547 = FACE_BOUND('',#4548,.T.);
#4548 = EDGE_LOOP('',(#4549,#4550,#4559,#4567));
#4549 = ORIENTED_EDGE('',*,*,#4487,.T.);
#4550 = ORIENTED_EDGE('',*,*,#4551,.F.);
#4551 = EDGE_CURVE('',#4552,#4488,#4554,.T.);
#4552 = VERTEX_POINT('',#4553);
#4553 = CARTESIAN_POINT('',(4.355995518368,10.776000283561,0.E+000));
#4554 = CIRCLE('',#4555,5.E-002);
#4555 = AXIS2_PLACEMENT_3D('',#4556,#4557,#4558);
#4556 = CARTESIAN_POINT('',(4.355995518368,10.776000283561,5.E-002));
#4557 = DIRECTION('',(8.742277657348E-008,-1.,0.E+000));
#4558 = DIRECTION('',(1.,8.742277657348E-008,0.E+000));
#4559 = ORIENTED_EDGE('',*,*,#4560,.F.);
#4560 = EDGE_CURVE('',#4561,#4552,#4563,.T.);
#4561 = VERTEX_POINT('',#4562);
#4562 = CARTESIAN_POINT('',(4.355995448429,11.576000283561,0.E+000));
#4563 = LINE('',#4564,#4565);
#4564 = CARTESIAN_POINT('',(4.355995444058,11.626000283561,
    -6.938893903907E-018));
#4565 = VECTOR('',#4566,1.);
#4566 = DIRECTION('',(8.742277657348E-008,-1.,0.E+000));
#4567 = ORIENTED_EDGE('',*,*,#4568,.T.);
#4568 = EDGE_CURVE('',#4561,#4478,#4569,.T.);
#4569 = CIRCLE('',#4570,5.E-002);
#4570 = AXIS2_PLACEMENT_3D('',#4571,#4572,#4573);
#4571 = CARTESIAN_POINT('',(4.355995448429,11.576000283561,5.E-002));
#4572 = DIRECTION('',(8.742277657348E-008,-1.,0.E+000));
#4573 = DIRECTION('',(1.,8.742277657348E-008,0.E+000));
#4574 = CYLINDRICAL_SURFACE('',#4575,5.E-002);
#4575 = AXIS2_PLACEMENT_3D('',#4576,#4577,#4578);
#4576 = CARTESIAN_POINT('',(4.355995444058,11.626000283561,5.E-002));
#4577 = DIRECTION('',(8.742277657348E-008,-1.,0.E+000));
#4578 = DIRECTION('',(1.,8.742277657348E-008,0.E+000));
#4579 = ADVANCED_FACE('',(#4580),#4607,.T.);
#4580 = FACE_BOUND('',#4581,.T.);
#4581 = EDGE_LOOP('',(#4582,#4591,#4599,#4606));
#4582 = ORIENTED_EDGE('',*,*,#4583,.F.);
#4583 = EDGE_CURVE('',#4584,#4480,#4586,.T.);
#4584 = VERTEX_POINT('',#4585);
#4585 = CARTESIAN_POINT('',(4.355995448429,11.576000283561,0.9));
#4586 = CIRCLE('',#4587,5.E-002);
#4587 = AXIS2_PLACEMENT_3D('',#4588,#4589,#4590);
#4588 = CARTESIAN_POINT('',(4.355995448429,11.576000283561,0.85));
#4589 = DIRECTION('',(-8.742277657348E-008,1.,0.E+000));
#4590 = DIRECTION('',(1.,8.742277657348E-008,0.E+000));
#4591 = ORIENTED_EDGE('',*,*,#4592,.T.);
#4592 = EDGE_CURVE('',#4584,#4593,#4595,.T.);
#4593 = VERTEX_POINT('',#4594);
#4594 = CARTESIAN_POINT('',(4.355995518368,10.776000283561,0.9));
#4595 = LINE('',#4596,#4597);
#4596 = CARTESIAN_POINT('',(4.355995444058,11.626000283561,0.9));
#4597 = VECTOR('',#4598,1.);
#4598 = DIRECTION('',(8.742277657348E-008,-1.,0.E+000));
#4599 = ORIENTED_EDGE('',*,*,#4600,.F.);
#4600 = EDGE_CURVE('',#4496,#4593,#4601,.T.);
#4601 = CIRCLE('',#4602,5.E-002);
#4602 = AXIS2_PLACEMENT_3D('',#4603,#4604,#4605);
#4603 = CARTESIAN_POINT('',(4.355995518368,10.776000283561,0.85));
#4604 = DIRECTION('',(8.742277657348E-008,-1.,0.E+000));
#4605 = DIRECTION('',(1.,8.742277657348E-008,0.E+000));
#4606 = ORIENTED_EDGE('',*,*,#4503,.F.);
#4607 = CYLINDRICAL_SURFACE('',#4608,5.E-002);
#4608 = AXIS2_PLACEMENT_3D('',#4609,#4610,#4611);
#4609 = CARTESIAN_POINT('',(4.355995444058,11.626000283561,0.85));
#4610 = DIRECTION('',(8.742277657348E-008,-1.,0.E+000));
#4611 = DIRECTION('',(1.,8.742277657348E-008,0.E+000));
#4612 = ADVANCED_FACE('',(#4613),#4640,.T.);
#4613 = FACE_BOUND('',#4614,.T.);
#4614 = EDGE_LOOP('',(#4615,#4624,#4632,#4639));
#4615 = ORIENTED_EDGE('',*,*,#4616,.F.);
#4616 = EDGE_CURVE('',#4617,#4496,#4619,.T.);
#4617 = VERTEX_POINT('',#4618);
#4618 = CARTESIAN_POINT('',(4.355995522739,10.726000283561,0.85));
#4619 = CIRCLE('',#4620,5.E-002);
#4620 = AXIS2_PLACEMENT_3D('',#4621,#4622,#4623);
#4621 = CARTESIAN_POINT('',(4.355995518368,10.776000283561,0.85));
#4622 = DIRECTION('',(0.E+000,-0.E+000,1.));
#4623 = DIRECTION('',(1.,8.742277657348E-008,0.E+000));
#4624 = ORIENTED_EDGE('',*,*,#4625,.F.);
#4625 = EDGE_CURVE('',#4626,#4617,#4628,.T.);
#4626 = VERTEX_POINT('',#4627);
#4627 = CARTESIAN_POINT('',(4.355995522739,10.726000283561,5.E-002));
#4628 = LINE('',#4629,#4630);
#4629 = CARTESIAN_POINT('',(4.355995522739,10.726000283561,0.E+000));
#4630 = VECTOR('',#4631,1.);
#4631 = DIRECTION('',(0.E+000,0.E+000,1.));
#4632 = ORIENTED_EDGE('',*,*,#4633,.F.);
#4633 = EDGE_CURVE('',#4488,#4626,#4634,.T.);
#4634 = CIRCLE('',#4635,5.E-002);
#4635 = AXIS2_PLACEMENT_3D('',#4636,#4637,#4638);
#4636 = CARTESIAN_POINT('',(4.355995518368,10.776000283561,5.E-002));
#4637 = DIRECTION('',(0.E+000,0.E+000,-1.));
#4638 = DIRECTION('',(1.,8.742277657348E-008,0.E+000));
#4639 = ORIENTED_EDGE('',*,*,#4495,.T.);
#4640 = CYLINDRICAL_SURFACE('',#4641,5.E-002);
#4641 = AXIS2_PLACEMENT_3D('',#4642,#4643,#4644);
#4642 = CARTESIAN_POINT('',(4.355995518368,10.776000283561,0.E+000));
#4643 = DIRECTION('',(0.E+000,0.E+000,1.));
#4644 = DIRECTION('',(1.,8.742277657348E-008,0.E+000));
#4645 = ADVANCED_FACE('',(#4646),#4657,.T.);
#4646 = FACE_BOUND('',#4647,.T.);
#4647 = EDGE_LOOP('',(#4648,#4649,#4656));
#4648 = ORIENTED_EDGE('',*,*,#4568,.F.);
#4649 = ORIENTED_EDGE('',*,*,#4650,.T.);
#4650 = EDGE_CURVE('',#4561,#4519,#4651,.T.);
#4651 = CIRCLE('',#4652,5.E-002);
#4652 = AXIS2_PLACEMENT_3D('',#4653,#4654,#4655);
#4653 = CARTESIAN_POINT('',(4.355995448429,11.576000283561,5.E-002));
#4654 = DIRECTION('',(1.,8.742277651224E-008,-0.E+000));
#4655 = DIRECTION('',(-8.742277651224E-008,1.,0.E+000));
#4656 = ORIENTED_EDGE('',*,*,#4518,.F.);
#4657 = SPHERICAL_SURFACE('',#4658,5.E-002);
#4658 = AXIS2_PLACEMENT_3D('',#4659,#4660,#4661);
#4659 = CARTESIAN_POINT('',(4.355995448429,11.576000283561,5.E-002));
#4660 = DIRECTION('',(0.E+000,0.E+000,1.));
#4661 = DIRECTION('',(1.,8.742277657348E-008,0.E+000));
#4662 = ADVANCED_FACE('',(#4663),#4674,.T.);
#4663 = FACE_BOUND('',#4664,.T.);
#4664 = EDGE_LOOP('',(#4665,#4666,#4673));
#4665 = ORIENTED_EDGE('',*,*,#4535,.T.);
#4666 = ORIENTED_EDGE('',*,*,#4667,.F.);
#4667 = EDGE_CURVE('',#4584,#4528,#4668,.T.);
#4668 = CIRCLE('',#4669,5.E-002);
#4669 = AXIS2_PLACEMENT_3D('',#4670,#4671,#4672);
#4670 = CARTESIAN_POINT('',(4.355995448429,11.576000283561,0.85));
#4671 = DIRECTION('',(-1.,-8.742277651224E-008,0.E+000));
#4672 = DIRECTION('',(-8.742277651224E-008,1.,0.E+000));
#4673 = ORIENTED_EDGE('',*,*,#4583,.T.);
#4674 = SPHERICAL_SURFACE('',#4675,5.E-002);
#4675 = AXIS2_PLACEMENT_3D('',#4676,#4677,#4678);
#4676 = CARTESIAN_POINT('',(4.355995448429,11.576000283561,0.85));
#4677 = DIRECTION('',(0.E+000,0.E+000,-1.));
#4678 = DIRECTION('',(1.,8.742277657348E-008,0.E+000));
#4679 = ADVANCED_FACE('',(#4680),#4705,.F.);
#4680 = FACE_BOUND('',#4681,.F.);
#4681 = EDGE_LOOP('',(#4682,#4690,#4691,#4699));
#4682 = ORIENTED_EDGE('',*,*,#4683,.F.);
#4683 = EDGE_CURVE('',#4519,#4684,#4686,.T.);
#4684 = VERTEX_POINT('',#4685);
#4685 = CARTESIAN_POINT('',(4.205995444058,11.626000270448,5.E-002));
#4686 = LINE('',#4687,#4688);
#4687 = CARTESIAN_POINT('',(4.405995444058,11.626000287932,5.E-002));
#4688 = VECTOR('',#4689,1.);
#4689 = DIRECTION('',(-1.,-8.742277657348E-008,0.E+000));
#4690 = ORIENTED_EDGE('',*,*,#4527,.T.);
#4691 = ORIENTED_EDGE('',*,*,#4692,.T.);
#4692 = EDGE_CURVE('',#4528,#4693,#4695,.T.);
#4693 = VERTEX_POINT('',#4694);
#4694 = CARTESIAN_POINT('',(4.205995444058,11.626000270448,0.85));
#4695 = LINE('',#4696,#4697);
#4696 = CARTESIAN_POINT('',(4.405995444058,11.626000287932,0.85));
#4697 = VECTOR('',#4698,1.);
#4698 = DIRECTION('',(-1.,-8.742277657348E-008,0.E+000));
#4699 = ORIENTED_EDGE('',*,*,#4700,.F.);
#4700 = EDGE_CURVE('',#4684,#4693,#4701,.T.);
#4701 = LINE('',#4702,#4703);
#4702 = CARTESIAN_POINT('',(4.205995444058,11.626000270448,0.E+000));
#4703 = VECTOR('',#4704,1.);
#4704 = DIRECTION('',(0.E+000,0.E+000,1.));
#4705 = PLANE('',#4706);
#4706 = AXIS2_PLACEMENT_3D('',#4707,#4708,#4709);
#4707 = CARTESIAN_POINT('',(4.405995444058,11.626000287932,0.E+000));
#4708 = DIRECTION('',(8.742277657348E-008,-1.,0.E+000));
#4709 = DIRECTION('',(0.E+000,0.E+000,1.));
#4710 = ADVANCED_FACE('',(#4711),#4736,.F.);
#4711 = FACE_BOUND('',#4712,.F.);
#4712 = EDGE_LOOP('',(#4713,#4714,#4722,#4730));
#4713 = ORIENTED_EDGE('',*,*,#4560,.F.);
#4714 = ORIENTED_EDGE('',*,*,#4715,.T.);
#4715 = EDGE_CURVE('',#4561,#4716,#4718,.T.);
#4716 = VERTEX_POINT('',#4717);
#4717 = CARTESIAN_POINT('',(4.205995448429,11.576000270448,
    -3.469446951954E-018));
#4718 = LINE('',#4719,#4720);
#4719 = CARTESIAN_POINT('',(4.405995448429,11.576000287932,
    -6.938893903907E-018));
#4720 = VECTOR('',#4721,1.);
#4721 = DIRECTION('',(-1.,-8.742277657348E-008,0.E+000));
#4722 = ORIENTED_EDGE('',*,*,#4723,.T.);
#4723 = EDGE_CURVE('',#4716,#4724,#4726,.T.);
#4724 = VERTEX_POINT('',#4725);
#4725 = CARTESIAN_POINT('',(4.205995518368,10.776000270448,
    -3.469446951954E-018));
#4726 = LINE('',#4727,#4728);
#4727 = CARTESIAN_POINT('',(4.205995444058,11.626000270448,0.E+000));
#4728 = VECTOR('',#4729,1.);
#4729 = DIRECTION('',(8.742277657348E-008,-1.,0.E+000));
#4730 = ORIENTED_EDGE('',*,*,#4731,.F.);
#4731 = EDGE_CURVE('',#4552,#4724,#4732,.T.);
#4732 = LINE('',#4733,#4734);
#4733 = CARTESIAN_POINT('',(4.405995518368,10.776000287932,
    -6.938893903907E-018));
#4734 = VECTOR('',#4735,1.);
#4735 = DIRECTION('',(-1.,-8.742277657348E-008,0.E+000));
#4736 = PLANE('',#4737);
#4737 = AXIS2_PLACEMENT_3D('',#4738,#4739,#4740);
#4738 = CARTESIAN_POINT('',(4.405995444058,11.626000287932,0.E+000));
#4739 = DIRECTION('',(0.E+000,0.E+000,1.));
#4740 = DIRECTION('',(-1.,-8.742277657348E-008,0.E+000));
#4741 = ADVANCED_FACE('',(#4742),#4753,.T.);
#4742 = FACE_BOUND('',#4743,.T.);
#4743 = EDGE_LOOP('',(#4744,#4745,#4752));
#4744 = ORIENTED_EDGE('',*,*,#4633,.T.);
#4745 = ORIENTED_EDGE('',*,*,#4746,.F.);
#4746 = EDGE_CURVE('',#4552,#4626,#4747,.T.);
#4747 = CIRCLE('',#4748,5.E-002);
#4748 = AXIS2_PLACEMENT_3D('',#4749,#4750,#4751);
#4749 = CARTESIAN_POINT('',(4.355995518368,10.776000283561,5.E-002));
#4750 = DIRECTION('',(-1.,-8.742277663471E-008,0.E+000));
#4751 = DIRECTION('',(8.742277663471E-008,-1.,0.E+000));
#4752 = ORIENTED_EDGE('',*,*,#4551,.T.);
#4753 = SPHERICAL_SURFACE('',#4754,5.E-002);
#4754 = AXIS2_PLACEMENT_3D('',#4755,#4756,#4757);
#4755 = CARTESIAN_POINT('',(4.355995518368,10.776000283561,5.E-002));
#4756 = DIRECTION('',(0.E+000,0.E+000,1.));
#4757 = DIRECTION('',(1.,8.742277657348E-008,0.E+000));
#4758 = ADVANCED_FACE('',(#4759),#4784,.T.);
#4759 = FACE_BOUND('',#4760,.T.);
#4760 = EDGE_LOOP('',(#4761,#4762,#4770,#4778));
#4761 = ORIENTED_EDGE('',*,*,#4592,.F.);
#4762 = ORIENTED_EDGE('',*,*,#4763,.T.);
#4763 = EDGE_CURVE('',#4584,#4764,#4766,.T.);
#4764 = VERTEX_POINT('',#4765);
#4765 = CARTESIAN_POINT('',(4.205995448429,11.576000270448,0.9));
#4766 = LINE('',#4767,#4768);
#4767 = CARTESIAN_POINT('',(4.405995448429,11.576000287932,0.9));
#4768 = VECTOR('',#4769,1.);
#4769 = DIRECTION('',(-1.,-8.742277657348E-008,0.E+000));
#4770 = ORIENTED_EDGE('',*,*,#4771,.T.);
#4771 = EDGE_CURVE('',#4764,#4772,#4774,.T.);
#4772 = VERTEX_POINT('',#4773);
#4773 = CARTESIAN_POINT('',(4.205995518368,10.776000270448,0.9));
#4774 = LINE('',#4775,#4776);
#4775 = CARTESIAN_POINT('',(4.205995444058,11.626000270448,0.9));
#4776 = VECTOR('',#4777,1.);
#4777 = DIRECTION('',(8.742277657348E-008,-1.,0.E+000));
#4778 = ORIENTED_EDGE('',*,*,#4779,.F.);
#4779 = EDGE_CURVE('',#4593,#4772,#4780,.T.);
#4780 = LINE('',#4781,#4782);
#4781 = CARTESIAN_POINT('',(4.405995518368,10.776000287932,0.9));
#4782 = VECTOR('',#4783,1.);
#4783 = DIRECTION('',(-1.,-8.742277657348E-008,0.E+000));
#4784 = PLANE('',#4785);
#4785 = AXIS2_PLACEMENT_3D('',#4786,#4787,#4788);
#4786 = CARTESIAN_POINT('',(4.405995444058,11.626000287932,0.9));
#4787 = DIRECTION('',(0.E+000,0.E+000,1.));
#4788 = DIRECTION('',(-1.,-8.742277657348E-008,0.E+000));
#4789 = ADVANCED_FACE('',(#4790),#4801,.T.);
#4790 = FACE_BOUND('',#4791,.T.);
#4791 = EDGE_LOOP('',(#4792,#4793,#4800));
#4792 = ORIENTED_EDGE('',*,*,#4600,.T.);
#4793 = ORIENTED_EDGE('',*,*,#4794,.F.);
#4794 = EDGE_CURVE('',#4617,#4593,#4795,.T.);
#4795 = CIRCLE('',#4796,5.E-002);
#4796 = AXIS2_PLACEMENT_3D('',#4797,#4798,#4799);
#4797 = CARTESIAN_POINT('',(4.355995518368,10.776000283561,0.85));
#4798 = DIRECTION('',(-1.,-8.742277657348E-008,6.123233995737E-017));
#4799 = DIRECTION('',(6.123233995737E-017,5.353101175164E-024,1.));
#4800 = ORIENTED_EDGE('',*,*,#4616,.T.);
#4801 = SPHERICAL_SURFACE('',#4802,5.E-002);
#4802 = AXIS2_PLACEMENT_3D('',#4803,#4804,#4805);
#4803 = CARTESIAN_POINT('',(4.355995518368,10.776000283561,0.85));
#4804 = DIRECTION('',(-8.742277657348E-008,1.,0.E+000));
#4805 = DIRECTION('',(1.,8.742277657348E-008,0.E+000));
#4806 = ADVANCED_FACE('',(#4807),#4832,.T.);
#4807 = FACE_BOUND('',#4808,.T.);
#4808 = EDGE_LOOP('',(#4809,#4817,#4818,#4826));
#4809 = ORIENTED_EDGE('',*,*,#4810,.F.);
#4810 = EDGE_CURVE('',#4626,#4811,#4813,.T.);
#4811 = VERTEX_POINT('',#4812);
#4812 = CARTESIAN_POINT('',(4.205995522739,10.726000270448,5.E-002));
#4813 = LINE('',#4814,#4815);
#4814 = CARTESIAN_POINT('',(4.405995522739,10.726000287932,5.E-002));
#4815 = VECTOR('',#4816,1.);
#4816 = DIRECTION('',(-1.,-8.742277657348E-008,0.E+000));
#4817 = ORIENTED_EDGE('',*,*,#4625,.T.);
#4818 = ORIENTED_EDGE('',*,*,#4819,.T.);
#4819 = EDGE_CURVE('',#4617,#4820,#4822,.T.);
#4820 = VERTEX_POINT('',#4821);
#4821 = CARTESIAN_POINT('',(4.205995522739,10.726000270448,0.85));
#4822 = LINE('',#4823,#4824);
#4823 = CARTESIAN_POINT('',(4.405995522739,10.726000287932,0.85));
#4824 = VECTOR('',#4825,1.);
#4825 = DIRECTION('',(-1.,-8.742277657348E-008,0.E+000));
#4826 = ORIENTED_EDGE('',*,*,#4827,.F.);
#4827 = EDGE_CURVE('',#4811,#4820,#4828,.T.);
#4828 = LINE('',#4829,#4830);
#4829 = CARTESIAN_POINT('',(4.205995522739,10.726000270448,0.E+000));
#4830 = VECTOR('',#4831,1.);
#4831 = DIRECTION('',(0.E+000,0.E+000,1.));
#4832 = PLANE('',#4833);
#4833 = AXIS2_PLACEMENT_3D('',#4834,#4835,#4836);
#4834 = CARTESIAN_POINT('',(4.405995522739,10.726000287932,0.E+000));
#4835 = DIRECTION('',(8.742277657348E-008,-1.,0.E+000));
#4836 = DIRECTION('',(0.E+000,0.E+000,1.));
#4837 = ADVANCED_FACE('',(#4838),#4850,.T.);
#4838 = FACE_BOUND('',#4839,.T.);
#4839 = EDGE_LOOP('',(#4840,#4841,#4842,#4849));
#4840 = ORIENTED_EDGE('',*,*,#4650,.F.);
#4841 = ORIENTED_EDGE('',*,*,#4715,.T.);
#4842 = ORIENTED_EDGE('',*,*,#4843,.F.);
#4843 = EDGE_CURVE('',#4684,#4716,#4844,.T.);
#4844 = CIRCLE('',#4845,5.E-002);
#4845 = AXIS2_PLACEMENT_3D('',#4846,#4847,#4848);
#4846 = CARTESIAN_POINT('',(4.205995448429,11.576000270448,5.E-002));
#4847 = DIRECTION('',(-1.,-8.742277657348E-008,0.E+000));
#4848 = DIRECTION('',(-8.742277657348E-008,1.,0.E+000));
#4849 = ORIENTED_EDGE('',*,*,#4683,.F.);
#4850 = CYLINDRICAL_SURFACE('',#4851,5.E-002);
#4851 = AXIS2_PLACEMENT_3D('',#4852,#4853,#4854);
#4852 = CARTESIAN_POINT('',(4.405995448429,11.576000287932,5.E-002));
#4853 = DIRECTION('',(-1.,-8.742277657348E-008,0.E+000));
#4854 = DIRECTION('',(-8.742277657348E-008,1.,0.E+000));
#4855 = ADVANCED_FACE('',(#4856),#4868,.T.);
#4856 = FACE_BOUND('',#4857,.T.);
#4857 = EDGE_LOOP('',(#4858,#4859,#4866,#4867));
#4858 = ORIENTED_EDGE('',*,*,#4692,.T.);
#4859 = ORIENTED_EDGE('',*,*,#4860,.F.);
#4860 = EDGE_CURVE('',#4764,#4693,#4861,.T.);
#4861 = CIRCLE('',#4862,5.E-002);
#4862 = AXIS2_PLACEMENT_3D('',#4863,#4864,#4865);
#4863 = CARTESIAN_POINT('',(4.205995448429,11.576000270448,0.85));
#4864 = DIRECTION('',(-1.,-8.742277657348E-008,0.E+000));
#4865 = DIRECTION('',(-8.742277657348E-008,1.,0.E+000));
#4866 = ORIENTED_EDGE('',*,*,#4763,.F.);
#4867 = ORIENTED_EDGE('',*,*,#4667,.T.);
#4868 = CYLINDRICAL_SURFACE('',#4869,5.E-002);
#4869 = AXIS2_PLACEMENT_3D('',#4870,#4871,#4872);
#4870 = CARTESIAN_POINT('',(4.405995448429,11.576000287932,0.85));
#4871 = DIRECTION('',(-1.,-8.742277657348E-008,0.E+000));
#4872 = DIRECTION('',(-8.742277657348E-008,1.,0.E+000));
#4873 = ADVANCED_FACE('',(#4874),#4896,.T.);
#4874 = FACE_BOUND('',#4875,.T.);
#4875 = EDGE_LOOP('',(#4876,#4877,#4878,#4879,#4886,#4887,#4894,#4895));
#4876 = ORIENTED_EDGE('',*,*,#4700,.F.);
#4877 = ORIENTED_EDGE('',*,*,#4843,.T.);
#4878 = ORIENTED_EDGE('',*,*,#4723,.T.);
#4879 = ORIENTED_EDGE('',*,*,#4880,.T.);
#4880 = EDGE_CURVE('',#4724,#4811,#4881,.T.);
#4881 = CIRCLE('',#4882,5.E-002);
#4882 = AXIS2_PLACEMENT_3D('',#4883,#4884,#4885);
#4883 = CARTESIAN_POINT('',(4.205995518368,10.776000270448,5.E-002));
#4884 = DIRECTION('',(-1.,-8.742277657348E-008,0.E+000));
#4885 = DIRECTION('',(8.742277657348E-008,-1.,0.E+000));
#4886 = ORIENTED_EDGE('',*,*,#4827,.T.);
#4887 = ORIENTED_EDGE('',*,*,#4888,.T.);
#4888 = EDGE_CURVE('',#4820,#4772,#4889,.T.);
#4889 = CIRCLE('',#4890,5.E-002);
#4890 = AXIS2_PLACEMENT_3D('',#4891,#4892,#4893);
#4891 = CARTESIAN_POINT('',(4.205995518368,10.776000270448,0.85));
#4892 = DIRECTION('',(-1.,-8.742277657348E-008,0.E+000));
#4893 = DIRECTION('',(8.742277657348E-008,-1.,0.E+000));
#4894 = ORIENTED_EDGE('',*,*,#4771,.F.);
#4895 = ORIENTED_EDGE('',*,*,#4860,.T.);
#4896 = PLANE('',#4897);
#4897 = AXIS2_PLACEMENT_3D('',#4898,#4899,#4900);
#4898 = CARTESIAN_POINT('',(4.205995444058,11.626000270448,0.E+000));
#4899 = DIRECTION('',(-1.,-8.742277657348E-008,0.E+000));
#4900 = DIRECTION('',(0.E+000,0.E+000,1.));
#4901 = ADVANCED_FACE('',(#4902),#4908,.T.);
#4902 = FACE_BOUND('',#4903,.T.);
#4903 = EDGE_LOOP('',(#4904,#4905,#4906,#4907));
#4904 = ORIENTED_EDGE('',*,*,#4810,.T.);
#4905 = ORIENTED_EDGE('',*,*,#4880,.F.);
#4906 = ORIENTED_EDGE('',*,*,#4731,.F.);
#4907 = ORIENTED_EDGE('',*,*,#4746,.T.);
#4908 = CYLINDRICAL_SURFACE('',#4909,5.E-002);
#4909 = AXIS2_PLACEMENT_3D('',#4910,#4911,#4912);
#4910 = CARTESIAN_POINT('',(4.405995518368,10.776000287932,5.E-002));
#4911 = DIRECTION('',(-1.,-8.742277657348E-008,0.E+000));
#4912 = DIRECTION('',(8.742277657348E-008,-1.,0.E+000));
#4913 = ADVANCED_FACE('',(#4914),#4920,.T.);
#4914 = FACE_BOUND('',#4915,.T.);
#4915 = EDGE_LOOP('',(#4916,#4917,#4918,#4919));
#4916 = ORIENTED_EDGE('',*,*,#4819,.F.);
#4917 = ORIENTED_EDGE('',*,*,#4794,.T.);
#4918 = ORIENTED_EDGE('',*,*,#4779,.T.);
#4919 = ORIENTED_EDGE('',*,*,#4888,.F.);
#4920 = CYLINDRICAL_SURFACE('',#4921,5.E-002);
#4921 = AXIS2_PLACEMENT_3D('',#4922,#4923,#4924);
#4922 = CARTESIAN_POINT('',(4.405995518368,10.776000287932,0.85));
#4923 = DIRECTION('',(-1.,-8.742277657348E-008,0.E+000));
#4924 = DIRECTION('',(8.742277657348E-008,-1.,0.E+000));
#4925 = MANIFOLD_SOLID_BREP('',#4926);
#4926 = CLOSED_SHELL('',(#4927,#4967,#5000,#5033,#5066,#5117,#5134,#5158
    ,#5189,#5206,#5230,#5255,#5280,#5297,#5315,#5333,#5357,#5368));
#4927 = ADVANCED_FACE('',(#4928),#4962,.F.);
#4928 = FACE_BOUND('',#4929,.F.);
#4929 = EDGE_LOOP('',(#4930,#4940,#4948,#4956));
#4930 = ORIENTED_EDGE('',*,*,#4931,.F.);
#4931 = EDGE_CURVE('',#4932,#4934,#4936,.T.);
#4932 = VERTEX_POINT('',#4933);
#4933 = CARTESIAN_POINT('',(2.905995444058,11.626000156798,5.E-002));
#4934 = VERTEX_POINT('',#4935);
#4935 = CARTESIAN_POINT('',(2.755995444058,11.626000143685,5.E-002));
#4936 = LINE('',#4937,#4938);
#4937 = CARTESIAN_POINT('',(4.405995444058,11.626000287932,5.E-002));
#4938 = VECTOR('',#4939,1.);
#4939 = DIRECTION('',(-1.,-8.742277657348E-008,0.E+000));
#4940 = ORIENTED_EDGE('',*,*,#4941,.T.);
#4941 = EDGE_CURVE('',#4932,#4942,#4944,.T.);
#4942 = VERTEX_POINT('',#4943);
#4943 = CARTESIAN_POINT('',(2.905995444058,11.626000156798,0.85));
#4944 = LINE('',#4945,#4946);
#4945 = CARTESIAN_POINT('',(2.905995444058,11.626000156798,0.E+000));
#4946 = VECTOR('',#4947,1.);
#4947 = DIRECTION('',(0.E+000,0.E+000,1.));
#4948 = ORIENTED_EDGE('',*,*,#4949,.T.);
#4949 = EDGE_CURVE('',#4942,#4950,#4952,.T.);
#4950 = VERTEX_POINT('',#4951);
#4951 = CARTESIAN_POINT('',(2.755995444058,11.626000143685,0.85));
#4952 = LINE('',#4953,#4954);
#4953 = CARTESIAN_POINT('',(4.405995444058,11.626000287932,0.85));
#4954 = VECTOR('',#4955,1.);
#4955 = DIRECTION('',(-1.,-8.742277657348E-008,0.E+000));
#4956 = ORIENTED_EDGE('',*,*,#4957,.F.);
#4957 = EDGE_CURVE('',#4934,#4950,#4958,.T.);
#4958 = LINE('',#4959,#4960);
#4959 = CARTESIAN_POINT('',(2.755995444058,11.626000143685,0.E+000));
#4960 = VECTOR('',#4961,1.);
#4961 = DIRECTION('',(0.E+000,0.E+000,1.));
#4962 = PLANE('',#4963);
#4963 = AXIS2_PLACEMENT_3D('',#4964,#4965,#4966);
#4964 = CARTESIAN_POINT('',(4.405995444058,11.626000287932,0.E+000));
#4965 = DIRECTION('',(8.742277657348E-008,-1.,0.E+000));
#4966 = DIRECTION('',(0.E+000,0.E+000,1.));
#4967 = ADVANCED_FACE('',(#4968),#4995,.T.);
#4968 = FACE_BOUND('',#4969,.T.);
#4969 = EDGE_LOOP('',(#4970,#4979,#4987,#4994));
#4970 = ORIENTED_EDGE('',*,*,#4971,.T.);
#4971 = EDGE_CURVE('',#4932,#4972,#4974,.T.);
#4972 = VERTEX_POINT('',#4973);
#4973 = CARTESIAN_POINT('',(2.905995448429,11.576000156798,
    -3.469446951954E-018));
#4974 = CIRCLE('',#4975,5.E-002);
#4975 = AXIS2_PLACEMENT_3D('',#4976,#4977,#4978);
#4976 = CARTESIAN_POINT('',(2.905995448429,11.576000156798,5.E-002));
#4977 = DIRECTION('',(-1.,-8.742277657348E-008,0.E+000));
#4978 = DIRECTION('',(-8.742277657348E-008,1.,0.E+000));
#4979 = ORIENTED_EDGE('',*,*,#4980,.T.);
#4980 = EDGE_CURVE('',#4972,#4981,#4983,.T.);
#4981 = VERTEX_POINT('',#4982);
#4982 = CARTESIAN_POINT('',(2.755995448429,11.576000143685,0.E+000));
#4983 = LINE('',#4984,#4985);
#4984 = CARTESIAN_POINT('',(4.405995448429,11.576000287932,
    -6.938893903907E-018));
#4985 = VECTOR('',#4986,1.);
#4986 = DIRECTION('',(-1.,-8.742277657348E-008,0.E+000));
#4987 = ORIENTED_EDGE('',*,*,#4988,.T.);
#4988 = EDGE_CURVE('',#4981,#4934,#4989,.T.);
#4989 = CIRCLE('',#4990,5.E-002);
#4990 = AXIS2_PLACEMENT_3D('',#4991,#4992,#4993);
#4991 = CARTESIAN_POINT('',(2.755995448429,11.576000143685,5.E-002));
#4992 = DIRECTION('',(1.,8.742277663471E-008,-0.E+000));
#4993 = DIRECTION('',(-8.742277663471E-008,1.,0.E+000));
#4994 = ORIENTED_EDGE('',*,*,#4931,.F.);
#4995 = CYLINDRICAL_SURFACE('',#4996,5.E-002);
#4996 = AXIS2_PLACEMENT_3D('',#4997,#4998,#4999);
#4997 = CARTESIAN_POINT('',(4.405995448429,11.576000287932,5.E-002));
#4998 = DIRECTION('',(-1.,-8.742277657348E-008,0.E+000));
#4999 = DIRECTION('',(-8.742277657348E-008,1.,0.E+000));
#5000 = ADVANCED_FACE('',(#5001),#5028,.T.);
#5001 = FACE_BOUND('',#5002,.T.);
#5002 = EDGE_LOOP('',(#5003,#5012,#5013,#5022));
#5003 = ORIENTED_EDGE('',*,*,#5004,.T.);
#5004 = EDGE_CURVE('',#5005,#4950,#5007,.T.);
#5005 = VERTEX_POINT('',#5006);
#5006 = CARTESIAN_POINT('',(2.705995448429,11.576000139314,0.85));
#5007 = CIRCLE('',#5008,5.E-002);
#5008 = AXIS2_PLACEMENT_3D('',#5009,#5010,#5011);
#5009 = CARTESIAN_POINT('',(2.755995448429,11.576000143685,0.85));
#5010 = DIRECTION('',(-0.E+000,0.E+000,-1.));
#5011 = DIRECTION('',(-1.,-8.742277657348E-008,0.E+000));
#5012 = ORIENTED_EDGE('',*,*,#4957,.F.);
#5013 = ORIENTED_EDGE('',*,*,#5014,.F.);
#5014 = EDGE_CURVE('',#5015,#4934,#5017,.T.);
#5015 = VERTEX_POINT('',#5016);
#5016 = CARTESIAN_POINT('',(2.705995448429,11.576000139314,5.E-002));
#5017 = CIRCLE('',#5018,5.E-002);
#5018 = AXIS2_PLACEMENT_3D('',#5019,#5020,#5021);
#5019 = CARTESIAN_POINT('',(2.755995448429,11.576000143685,5.E-002));
#5020 = DIRECTION('',(-0.E+000,0.E+000,-1.));
#5021 = DIRECTION('',(-1.,-8.742277657348E-008,0.E+000));
#5022 = ORIENTED_EDGE('',*,*,#5023,.T.);
#5023 = EDGE_CURVE('',#5015,#5005,#5024,.T.);
#5024 = LINE('',#5025,#5026);
#5025 = CARTESIAN_POINT('',(2.705995448429,11.576000139314,0.E+000));
#5026 = VECTOR('',#5027,1.);
#5027 = DIRECTION('',(0.E+000,0.E+000,1.));
#5028 = CYLINDRICAL_SURFACE('',#5029,5.E-002);
#5029 = AXIS2_PLACEMENT_3D('',#5030,#5031,#5032);
#5030 = CARTESIAN_POINT('',(2.755995448429,11.576000143685,0.E+000));
#5031 = DIRECTION('',(0.E+000,0.E+000,1.));
#5032 = DIRECTION('',(-1.,-8.742277657348E-008,0.E+000));
#5033 = ADVANCED_FACE('',(#5034),#5061,.T.);
#5034 = FACE_BOUND('',#5035,.T.);
#5035 = EDGE_LOOP('',(#5036,#5037,#5046,#5054));
#5036 = ORIENTED_EDGE('',*,*,#4949,.T.);
#5037 = ORIENTED_EDGE('',*,*,#5038,.F.);
#5038 = EDGE_CURVE('',#5039,#4950,#5041,.T.);
#5039 = VERTEX_POINT('',#5040);
#5040 = CARTESIAN_POINT('',(2.755995448429,11.576000143685,0.9));
#5041 = CIRCLE('',#5042,5.E-002);
#5042 = AXIS2_PLACEMENT_3D('',#5043,#5044,#5045);
#5043 = CARTESIAN_POINT('',(2.755995448429,11.576000143685,0.85));
#5044 = DIRECTION('',(-1.,-8.742277663471E-008,0.E+000));
#5045 = DIRECTION('',(-8.742277663471E-008,1.,0.E+000));
#5046 = ORIENTED_EDGE('',*,*,#5047,.F.);
#5047 = EDGE_CURVE('',#5048,#5039,#5050,.T.);
#5048 = VERTEX_POINT('',#5049);
#5049 = CARTESIAN_POINT('',(2.905995448429,11.576000156798,0.9));
#5050 = LINE('',#5051,#5052);
#5051 = CARTESIAN_POINT('',(4.405995448429,11.576000287932,0.9));
#5052 = VECTOR('',#5053,1.);
#5053 = DIRECTION('',(-1.,-8.742277657348E-008,0.E+000));
#5054 = ORIENTED_EDGE('',*,*,#5055,.T.);
#5055 = EDGE_CURVE('',#5048,#4942,#5056,.T.);
#5056 = CIRCLE('',#5057,5.E-002);
#5057 = AXIS2_PLACEMENT_3D('',#5058,#5059,#5060);
#5058 = CARTESIAN_POINT('',(2.905995448429,11.576000156798,0.85));
#5059 = DIRECTION('',(-1.,-8.742277657348E-008,0.E+000));
#5060 = DIRECTION('',(-8.742277657348E-008,1.,0.E+000));
#5061 = CYLINDRICAL_SURFACE('',#5062,5.E-002);
#5062 = AXIS2_PLACEMENT_3D('',#5063,#5064,#5065);
#5063 = CARTESIAN_POINT('',(4.405995448429,11.576000287932,0.85));
#5064 = DIRECTION('',(-1.,-8.742277657348E-008,0.E+000));
#5065 = DIRECTION('',(-8.742277657348E-008,1.,0.E+000));
#5066 = ADVANCED_FACE('',(#5067),#5112,.F.);
#5067 = FACE_BOUND('',#5068,.F.);
#5068 = EDGE_LOOP('',(#5069,#5070,#5071,#5079,#5088,#5096,#5105,#5111));
#5069 = ORIENTED_EDGE('',*,*,#4941,.F.);
#5070 = ORIENTED_EDGE('',*,*,#4971,.T.);
#5071 = ORIENTED_EDGE('',*,*,#5072,.T.);
#5072 = EDGE_CURVE('',#4972,#5073,#5075,.T.);
#5073 = VERTEX_POINT('',#5074);
#5074 = CARTESIAN_POINT('',(2.905995518368,10.776000156798,
    -3.469446951954E-018));
#5075 = LINE('',#5076,#5077);
#5076 = CARTESIAN_POINT('',(2.905995444058,11.626000156798,0.E+000));
#5077 = VECTOR('',#5078,1.);
#5078 = DIRECTION('',(8.742277657348E-008,-1.,0.E+000));
#5079 = ORIENTED_EDGE('',*,*,#5080,.T.);
#5080 = EDGE_CURVE('',#5073,#5081,#5083,.T.);
#5081 = VERTEX_POINT('',#5082);
#5082 = CARTESIAN_POINT('',(2.905995522739,10.726000156798,5.E-002));
#5083 = CIRCLE('',#5084,5.E-002);
#5084 = AXIS2_PLACEMENT_3D('',#5085,#5086,#5087);
#5085 = CARTESIAN_POINT('',(2.905995518368,10.776000156798,5.E-002));
#5086 = DIRECTION('',(-1.,-8.742277657348E-008,0.E+000));
#5087 = DIRECTION('',(8.742277657348E-008,-1.,0.E+000));
#5088 = ORIENTED_EDGE('',*,*,#5089,.T.);
#5089 = EDGE_CURVE('',#5081,#5090,#5092,.T.);
#5090 = VERTEX_POINT('',#5091);
#5091 = CARTESIAN_POINT('',(2.905995522739,10.726000156798,0.85));
#5092 = LINE('',#5093,#5094);
#5093 = CARTESIAN_POINT('',(2.905995522739,10.726000156798,0.E+000));
#5094 = VECTOR('',#5095,1.);
#5095 = DIRECTION('',(0.E+000,0.E+000,1.));
#5096 = ORIENTED_EDGE('',*,*,#5097,.T.);
#5097 = EDGE_CURVE('',#5090,#5098,#5100,.T.);
#5098 = VERTEX_POINT('',#5099);
#5099 = CARTESIAN_POINT('',(2.905995518368,10.776000156798,0.9));
#5100 = CIRCLE('',#5101,5.E-002);
#5101 = AXIS2_PLACEMENT_3D('',#5102,#5103,#5104);
#5102 = CARTESIAN_POINT('',(2.905995518368,10.776000156798,0.85));
#5103 = DIRECTION('',(-1.,-8.742277657348E-008,0.E+000));
#5104 = DIRECTION('',(8.742277657348E-008,-1.,0.E+000));
#5105 = ORIENTED_EDGE('',*,*,#5106,.F.);
#5106 = EDGE_CURVE('',#5048,#5098,#5107,.T.);
#5107 = LINE('',#5108,#5109);
#5108 = CARTESIAN_POINT('',(2.905995444058,11.626000156798,0.9));
#5109 = VECTOR('',#5110,1.);
#5110 = DIRECTION('',(8.742277657348E-008,-1.,0.E+000));
#5111 = ORIENTED_EDGE('',*,*,#5055,.T.);
#5112 = PLANE('',#5113);
#5113 = AXIS2_PLACEMENT_3D('',#5114,#5115,#5116);
#5114 = CARTESIAN_POINT('',(2.905995444058,11.626000156798,0.E+000));
#5115 = DIRECTION('',(-1.,-8.742277657348E-008,0.E+000));
#5116 = DIRECTION('',(0.E+000,0.E+000,1.));
#5117 = ADVANCED_FACE('',(#5118),#5129,.T.);
#5118 = FACE_BOUND('',#5119,.T.);
#5119 = EDGE_LOOP('',(#5120,#5121,#5122));
#5120 = ORIENTED_EDGE('',*,*,#5014,.T.);
#5121 = ORIENTED_EDGE('',*,*,#4988,.F.);
#5122 = ORIENTED_EDGE('',*,*,#5123,.T.);
#5123 = EDGE_CURVE('',#4981,#5015,#5124,.T.);
#5124 = CIRCLE('',#5125,5.E-002);
#5125 = AXIS2_PLACEMENT_3D('',#5126,#5127,#5128);
#5126 = CARTESIAN_POINT('',(2.755995448429,11.576000143685,5.E-002));
#5127 = DIRECTION('',(-8.742277657348E-008,1.,0.E+000));
#5128 = DIRECTION('',(-1.,-8.742277657348E-008,0.E+000));
#5129 = SPHERICAL_SURFACE('',#5130,5.E-002);
#5130 = AXIS2_PLACEMENT_3D('',#5131,#5132,#5133);
#5131 = CARTESIAN_POINT('',(2.755995448429,11.576000143685,5.E-002));
#5132 = DIRECTION('',(0.E+000,0.E+000,1.));
#5133 = DIRECTION('',(-1.,-8.742277657348E-008,0.E+000));
#5134 = ADVANCED_FACE('',(#5135),#5153,.F.);
#5135 = FACE_BOUND('',#5136,.F.);
#5136 = EDGE_LOOP('',(#5137,#5138,#5139,#5147));
#5137 = ORIENTED_EDGE('',*,*,#5072,.F.);
#5138 = ORIENTED_EDGE('',*,*,#4980,.T.);
#5139 = ORIENTED_EDGE('',*,*,#5140,.T.);
#5140 = EDGE_CURVE('',#4981,#5141,#5143,.T.);
#5141 = VERTEX_POINT('',#5142);
#5142 = CARTESIAN_POINT('',(2.755995518368,10.776000143685,0.E+000));
#5143 = LINE('',#5144,#5145);
#5144 = CARTESIAN_POINT('',(2.755995444058,11.626000143685,
    -6.938893903907E-018));
#5145 = VECTOR('',#5146,1.);
#5146 = DIRECTION('',(8.742277657348E-008,-1.,0.E+000));
#5147 = ORIENTED_EDGE('',*,*,#5148,.F.);
#5148 = EDGE_CURVE('',#5073,#5141,#5149,.T.);
#5149 = LINE('',#5150,#5151);
#5150 = CARTESIAN_POINT('',(4.405995518368,10.776000287932,
    -6.938893903907E-018));
#5151 = VECTOR('',#5152,1.);
#5152 = DIRECTION('',(-1.,-8.742277657348E-008,0.E+000));
#5153 = PLANE('',#5154);
#5154 = AXIS2_PLACEMENT_3D('',#5155,#5156,#5157);
#5155 = CARTESIAN_POINT('',(4.405995444058,11.626000287932,0.E+000));
#5156 = DIRECTION('',(0.E+000,0.E+000,1.));
#5157 = DIRECTION('',(-1.,-8.742277657348E-008,0.E+000));
#5158 = ADVANCED_FACE('',(#5159),#5184,.T.);
#5159 = FACE_BOUND('',#5160,.T.);
#5160 = EDGE_LOOP('',(#5161,#5162,#5170,#5178));
#5161 = ORIENTED_EDGE('',*,*,#5023,.F.);
#5162 = ORIENTED_EDGE('',*,*,#5163,.T.);
#5163 = EDGE_CURVE('',#5015,#5164,#5166,.T.);
#5164 = VERTEX_POINT('',#5165);
#5165 = CARTESIAN_POINT('',(2.705995518368,10.776000139314,5.E-002));
#5166 = LINE('',#5167,#5168);
#5167 = CARTESIAN_POINT('',(2.705995444058,11.626000139314,5.E-002));
#5168 = VECTOR('',#5169,1.);
#5169 = DIRECTION('',(8.742277657348E-008,-1.,0.E+000));
#5170 = ORIENTED_EDGE('',*,*,#5171,.T.);
#5171 = EDGE_CURVE('',#5164,#5172,#5174,.T.);
#5172 = VERTEX_POINT('',#5173);
#5173 = CARTESIAN_POINT('',(2.705995518368,10.776000139314,0.85));
#5174 = LINE('',#5175,#5176);
#5175 = CARTESIAN_POINT('',(2.705995518368,10.776000139314,0.E+000));
#5176 = VECTOR('',#5177,1.);
#5177 = DIRECTION('',(0.E+000,0.E+000,1.));
#5178 = ORIENTED_EDGE('',*,*,#5179,.F.);
#5179 = EDGE_CURVE('',#5005,#5172,#5180,.T.);
#5180 = LINE('',#5181,#5182);
#5181 = CARTESIAN_POINT('',(2.705995444058,11.626000139314,0.85));
#5182 = VECTOR('',#5183,1.);
#5183 = DIRECTION('',(8.742277657348E-008,-1.,0.E+000));
#5184 = PLANE('',#5185);
#5185 = AXIS2_PLACEMENT_3D('',#5186,#5187,#5188);
#5186 = CARTESIAN_POINT('',(2.705995444058,11.626000139314,0.E+000));
#5187 = DIRECTION('',(-1.,-8.742277657348E-008,0.E+000));
#5188 = DIRECTION('',(0.E+000,0.E+000,1.));
#5189 = ADVANCED_FACE('',(#5190),#5201,.T.);
#5190 = FACE_BOUND('',#5191,.T.);
#5191 = EDGE_LOOP('',(#5192,#5199,#5200));
#5192 = ORIENTED_EDGE('',*,*,#5193,.F.);
#5193 = EDGE_CURVE('',#5039,#5005,#5194,.T.);
#5194 = CIRCLE('',#5195,5.E-002);
#5195 = AXIS2_PLACEMENT_3D('',#5196,#5197,#5198);
#5196 = CARTESIAN_POINT('',(2.755995448429,11.576000143685,0.85));
#5197 = DIRECTION('',(8.742277657348E-008,-1.,0.E+000));
#5198 = DIRECTION('',(-1.,-8.742277657348E-008,0.E+000));
#5199 = ORIENTED_EDGE('',*,*,#5038,.T.);
#5200 = ORIENTED_EDGE('',*,*,#5004,.F.);
#5201 = SPHERICAL_SURFACE('',#5202,5.E-002);
#5202 = AXIS2_PLACEMENT_3D('',#5203,#5204,#5205);
#5203 = CARTESIAN_POINT('',(2.755995448429,11.576000143685,0.85));
#5204 = DIRECTION('',(0.E+000,0.E+000,-1.));
#5205 = DIRECTION('',(-1.,-8.742277657348E-008,0.E+000));
#5206 = ADVANCED_FACE('',(#5207),#5225,.T.);
#5207 = FACE_BOUND('',#5208,.T.);
#5208 = EDGE_LOOP('',(#5209,#5210,#5211,#5219));
#5209 = ORIENTED_EDGE('',*,*,#5106,.F.);
#5210 = ORIENTED_EDGE('',*,*,#5047,.T.);
#5211 = ORIENTED_EDGE('',*,*,#5212,.T.);
#5212 = EDGE_CURVE('',#5039,#5213,#5215,.T.);
#5213 = VERTEX_POINT('',#5214);
#5214 = CARTESIAN_POINT('',(2.755995518368,10.776000143685,0.9));
#5215 = LINE('',#5216,#5217);
#5216 = CARTESIAN_POINT('',(2.755995444058,11.626000143685,0.9));
#5217 = VECTOR('',#5218,1.);
#5218 = DIRECTION('',(8.742277657348E-008,-1.,0.E+000));
#5219 = ORIENTED_EDGE('',*,*,#5220,.F.);
#5220 = EDGE_CURVE('',#5098,#5213,#5221,.T.);
#5221 = LINE('',#5222,#5223);
#5222 = CARTESIAN_POINT('',(4.405995518368,10.776000287932,0.9));
#5223 = VECTOR('',#5224,1.);
#5224 = DIRECTION('',(-1.,-8.742277657348E-008,0.E+000));
#5225 = PLANE('',#5226);
#5226 = AXIS2_PLACEMENT_3D('',#5227,#5228,#5229);
#5227 = CARTESIAN_POINT('',(4.405995444058,11.626000287932,0.9));
#5228 = DIRECTION('',(0.E+000,0.E+000,1.));
#5229 = DIRECTION('',(-1.,-8.742277657348E-008,0.E+000));
#5230 = ADVANCED_FACE('',(#5231),#5250,.T.);
#5231 = FACE_BOUND('',#5232,.T.);
#5232 = EDGE_LOOP('',(#5233,#5241,#5248,#5249));
#5233 = ORIENTED_EDGE('',*,*,#5234,.T.);
#5234 = EDGE_CURVE('',#5081,#5235,#5237,.T.);
#5235 = VERTEX_POINT('',#5236);
#5236 = CARTESIAN_POINT('',(2.755995522739,10.726000143685,5.E-002));
#5237 = LINE('',#5238,#5239);
#5238 = CARTESIAN_POINT('',(4.405995522739,10.726000287932,5.E-002));
#5239 = VECTOR('',#5240,1.);
#5240 = DIRECTION('',(-1.,-8.742277657348E-008,0.E+000));
#5241 = ORIENTED_EDGE('',*,*,#5242,.F.);
#5242 = EDGE_CURVE('',#5141,#5235,#5243,.T.);
#5243 = CIRCLE('',#5244,5.E-002);
#5244 = AXIS2_PLACEMENT_3D('',#5245,#5246,#5247);
#5245 = CARTESIAN_POINT('',(2.755995518368,10.776000143685,5.E-002));
#5246 = DIRECTION('',(-1.,-8.742277651224E-008,0.E+000));
#5247 = DIRECTION('',(8.742277651224E-008,-1.,0.E+000));
#5248 = ORIENTED_EDGE('',*,*,#5148,.F.);
#5249 = ORIENTED_EDGE('',*,*,#5080,.T.);
#5250 = CYLINDRICAL_SURFACE('',#5251,5.E-002);
#5251 = AXIS2_PLACEMENT_3D('',#5252,#5253,#5254);
#5252 = CARTESIAN_POINT('',(4.405995518368,10.776000287932,5.E-002));
#5253 = DIRECTION('',(-1.,-8.742277657348E-008,0.E+000));
#5254 = DIRECTION('',(8.742277657348E-008,-1.,0.E+000));
#5255 = ADVANCED_FACE('',(#5256),#5275,.T.);
#5256 = FACE_BOUND('',#5257,.T.);
#5257 = EDGE_LOOP('',(#5258,#5266,#5267,#5268));
#5258 = ORIENTED_EDGE('',*,*,#5259,.F.);
#5259 = EDGE_CURVE('',#5090,#5260,#5262,.T.);
#5260 = VERTEX_POINT('',#5261);
#5261 = CARTESIAN_POINT('',(2.755995522739,10.726000143685,0.85));
#5262 = LINE('',#5263,#5264);
#5263 = CARTESIAN_POINT('',(4.405995522739,10.726000287932,0.85));
#5264 = VECTOR('',#5265,1.);
#5265 = DIRECTION('',(-1.,-8.742277657348E-008,0.E+000));
#5266 = ORIENTED_EDGE('',*,*,#5097,.T.);
#5267 = ORIENTED_EDGE('',*,*,#5220,.T.);
#5268 = ORIENTED_EDGE('',*,*,#5269,.F.);
#5269 = EDGE_CURVE('',#5260,#5213,#5270,.T.);
#5270 = CIRCLE('',#5271,5.E-002);
#5271 = AXIS2_PLACEMENT_3D('',#5272,#5273,#5274);
#5272 = CARTESIAN_POINT('',(2.755995518368,10.776000143685,0.85));
#5273 = DIRECTION('',(-1.,-8.742277657348E-008,-6.123233995737E-017));
#5274 = DIRECTION('',(-6.123233995737E-017,-5.353101175164E-024,1.));
#5275 = CYLINDRICAL_SURFACE('',#5276,5.E-002);
#5276 = AXIS2_PLACEMENT_3D('',#5277,#5278,#5279);
#5277 = CARTESIAN_POINT('',(4.405995518368,10.776000287932,0.85));
#5278 = DIRECTION('',(-1.,-8.742277657348E-008,0.E+000));
#5279 = DIRECTION('',(8.742277657348E-008,-1.,0.E+000));
#5280 = ADVANCED_FACE('',(#5281),#5292,.T.);
#5281 = FACE_BOUND('',#5282,.T.);
#5282 = EDGE_LOOP('',(#5283,#5284,#5285,#5286));
#5283 = ORIENTED_EDGE('',*,*,#5234,.F.);
#5284 = ORIENTED_EDGE('',*,*,#5089,.T.);
#5285 = ORIENTED_EDGE('',*,*,#5259,.T.);
#5286 = ORIENTED_EDGE('',*,*,#5287,.F.);
#5287 = EDGE_CURVE('',#5235,#5260,#5288,.T.);
#5288 = LINE('',#5289,#5290);
#5289 = CARTESIAN_POINT('',(2.755995522739,10.726000143685,0.E+000));
#5290 = VECTOR('',#5291,1.);
#5291 = DIRECTION('',(0.E+000,0.E+000,1.));
#5292 = PLANE('',#5293);
#5293 = AXIS2_PLACEMENT_3D('',#5294,#5295,#5296);
#5294 = CARTESIAN_POINT('',(4.405995522739,10.726000287932,0.E+000));
#5295 = DIRECTION('',(8.742277657348E-008,-1.,0.E+000));
#5296 = DIRECTION('',(0.E+000,0.E+000,1.));
#5297 = ADVANCED_FACE('',(#5298),#5310,.T.);
#5298 = FACE_BOUND('',#5299,.T.);
#5299 = EDGE_LOOP('',(#5300,#5301,#5302,#5309));
#5300 = ORIENTED_EDGE('',*,*,#5123,.F.);
#5301 = ORIENTED_EDGE('',*,*,#5140,.T.);
#5302 = ORIENTED_EDGE('',*,*,#5303,.T.);
#5303 = EDGE_CURVE('',#5141,#5164,#5304,.T.);
#5304 = CIRCLE('',#5305,5.E-002);
#5305 = AXIS2_PLACEMENT_3D('',#5306,#5307,#5308);
#5306 = CARTESIAN_POINT('',(2.755995518368,10.776000143685,5.E-002));
#5307 = DIRECTION('',(-8.742277657348E-008,1.,0.E+000));
#5308 = DIRECTION('',(-1.,-8.742277657348E-008,0.E+000));
#5309 = ORIENTED_EDGE('',*,*,#5163,.F.);
#5310 = CYLINDRICAL_SURFACE('',#5311,5.E-002);
#5311 = AXIS2_PLACEMENT_3D('',#5312,#5313,#5314);
#5312 = CARTESIAN_POINT('',(2.755995444058,11.626000143685,5.E-002));
#5313 = DIRECTION('',(8.742277657348E-008,-1.,0.E+000));
#5314 = DIRECTION('',(-1.,-8.742277657348E-008,0.E+000));
#5315 = ADVANCED_FACE('',(#5316),#5328,.T.);
#5316 = FACE_BOUND('',#5317,.T.);
#5317 = EDGE_LOOP('',(#5318,#5319,#5326,#5327));
#5318 = ORIENTED_EDGE('',*,*,#5179,.T.);
#5319 = ORIENTED_EDGE('',*,*,#5320,.T.);
#5320 = EDGE_CURVE('',#5172,#5213,#5321,.T.);
#5321 = CIRCLE('',#5322,5.E-002);
#5322 = AXIS2_PLACEMENT_3D('',#5323,#5324,#5325);
#5323 = CARTESIAN_POINT('',(2.755995518368,10.776000143685,0.85));
#5324 = DIRECTION('',(-8.742277657348E-008,1.,0.E+000));
#5325 = DIRECTION('',(-1.,-8.742277657348E-008,0.E+000));
#5326 = ORIENTED_EDGE('',*,*,#5212,.F.);
#5327 = ORIENTED_EDGE('',*,*,#5193,.T.);
#5328 = CYLINDRICAL_SURFACE('',#5329,5.E-002);
#5329 = AXIS2_PLACEMENT_3D('',#5330,#5331,#5332);
#5330 = CARTESIAN_POINT('',(2.755995444058,11.626000143685,0.85));
#5331 = DIRECTION('',(8.742277657348E-008,-1.,0.E+000));
#5332 = DIRECTION('',(-1.,-8.742277657348E-008,0.E+000));
#5333 = ADVANCED_FACE('',(#5334),#5352,.T.);
#5334 = FACE_BOUND('',#5335,.T.);
#5335 = EDGE_LOOP('',(#5336,#5337,#5344,#5345));
#5336 = ORIENTED_EDGE('',*,*,#5171,.F.);
#5337 = ORIENTED_EDGE('',*,*,#5338,.T.);
#5338 = EDGE_CURVE('',#5164,#5235,#5339,.T.);
#5339 = CIRCLE('',#5340,5.E-002);
#5340 = AXIS2_PLACEMENT_3D('',#5341,#5342,#5343);
#5341 = CARTESIAN_POINT('',(2.755995518368,10.776000143685,5.E-002));
#5342 = DIRECTION('',(0.E+000,0.E+000,1.));
#5343 = DIRECTION('',(-1.,-8.742277657348E-008,0.E+000));
#5344 = ORIENTED_EDGE('',*,*,#5287,.T.);
#5345 = ORIENTED_EDGE('',*,*,#5346,.T.);
#5346 = EDGE_CURVE('',#5260,#5172,#5347,.T.);
#5347 = CIRCLE('',#5348,5.E-002);
#5348 = AXIS2_PLACEMENT_3D('',#5349,#5350,#5351);
#5349 = CARTESIAN_POINT('',(2.755995518368,10.776000143685,0.85));
#5350 = DIRECTION('',(-0.E+000,0.E+000,-1.));
#5351 = DIRECTION('',(-1.,-8.742277657348E-008,0.E+000));
#5352 = CYLINDRICAL_SURFACE('',#5353,5.E-002);
#5353 = AXIS2_PLACEMENT_3D('',#5354,#5355,#5356);
#5354 = CARTESIAN_POINT('',(2.755995518368,10.776000143685,0.E+000));
#5355 = DIRECTION('',(0.E+000,0.E+000,1.));
#5356 = DIRECTION('',(-1.,-8.742277657348E-008,0.E+000));
#5357 = ADVANCED_FACE('',(#5358),#5363,.T.);
#5358 = FACE_BOUND('',#5359,.T.);
#5359 = EDGE_LOOP('',(#5360,#5361,#5362));
#5360 = ORIENTED_EDGE('',*,*,#5303,.F.);
#5361 = ORIENTED_EDGE('',*,*,#5242,.T.);
#5362 = ORIENTED_EDGE('',*,*,#5338,.F.);
#5363 = SPHERICAL_SURFACE('',#5364,5.E-002);
#5364 = AXIS2_PLACEMENT_3D('',#5365,#5366,#5367);
#5365 = CARTESIAN_POINT('',(2.755995518368,10.776000143685,5.E-002));
#5366 = DIRECTION('',(0.E+000,0.E+000,1.));
#5367 = DIRECTION('',(-1.,-8.742277657348E-008,0.E+000));
#5368 = ADVANCED_FACE('',(#5369),#5374,.T.);
#5369 = FACE_BOUND('',#5370,.T.);
#5370 = EDGE_LOOP('',(#5371,#5372,#5373));
#5371 = ORIENTED_EDGE('',*,*,#5346,.F.);
#5372 = ORIENTED_EDGE('',*,*,#5269,.T.);
#5373 = ORIENTED_EDGE('',*,*,#5320,.F.);
#5374 = SPHERICAL_SURFACE('',#5375,5.E-002);
#5375 = AXIS2_PLACEMENT_3D('',#5376,#5377,#5378);
#5376 = CARTESIAN_POINT('',(2.755995518368,10.776000143685,0.85));
#5377 = DIRECTION('',(-8.742277657348E-008,1.,0.E+000));
#5378 = DIRECTION('',(-1.,-8.742277657348E-008,0.E+000));
#5379 = MANIFOLD_SOLID_BREP('',#5380);
#5380 = CLOSED_SHELL('',(#5381,#5421,#5454,#5487,#5520,#5553,#5570,#5587
    ,#5618,#5649,#5666,#5697,#5714,#5745,#5763,#5781,#5809,#5821));
#5381 = ADVANCED_FACE('',(#5382),#5416,.F.);
#5382 = FACE_BOUND('',#5383,.F.);
#5383 = EDGE_LOOP('',(#5384,#5394,#5402,#5410));
#5384 = ORIENTED_EDGE('',*,*,#5385,.F.);
#5385 = EDGE_CURVE('',#5386,#5388,#5390,.T.);
#5386 = VERTEX_POINT('',#5387);
#5387 = CARTESIAN_POINT('',(4.405995448429,2.940000608367,5.E-002));
#5388 = VERTEX_POINT('',#5389);
#5389 = CARTESIAN_POINT('',(4.405995448429,2.940000608367,0.85));
#5390 = LINE('',#5391,#5392);
#5391 = CARTESIAN_POINT('',(4.405995448429,2.940000608367,0.E+000));
#5392 = VECTOR('',#5393,1.);
#5393 = DIRECTION('',(0.E+000,0.E+000,1.));
#5394 = ORIENTED_EDGE('',*,*,#5395,.T.);
#5395 = EDGE_CURVE('',#5386,#5396,#5398,.T.);
#5396 = VERTEX_POINT('',#5397);
#5397 = CARTESIAN_POINT('',(4.405995518368,2.140000608367,5.E-002));
#5398 = LINE('',#5399,#5400);
#5399 = CARTESIAN_POINT('',(4.405995444058,2.990000608367,5.E-002));
#5400 = VECTOR('',#5401,1.);
#5401 = DIRECTION('',(8.742277657348E-008,-1.,0.E+000));
#5402 = ORIENTED_EDGE('',*,*,#5403,.T.);
#5403 = EDGE_CURVE('',#5396,#5404,#5406,.T.);
#5404 = VERTEX_POINT('',#5405);
#5405 = CARTESIAN_POINT('',(4.405995518368,2.140000608367,0.85));
#5406 = LINE('',#5407,#5408);
#5407 = CARTESIAN_POINT('',(4.405995518368,2.140000608367,0.E+000));
#5408 = VECTOR('',#5409,1.);
#5409 = DIRECTION('',(0.E+000,0.E+000,1.));
#5410 = ORIENTED_EDGE('',*,*,#5411,.F.);
#5411 = EDGE_CURVE('',#5388,#5404,#5412,.T.);
#5412 = LINE('',#5413,#5414);
#5413 = CARTESIAN_POINT('',(4.405995444058,2.990000608367,0.85));
#5414 = VECTOR('',#5415,1.);
#5415 = DIRECTION('',(8.742277657348E-008,-1.,0.E+000));
#5416 = PLANE('',#5417);
#5417 = AXIS2_PLACEMENT_3D('',#5418,#5419,#5420);
#5418 = CARTESIAN_POINT('',(4.405995444058,2.990000608367,0.E+000));
#5419 = DIRECTION('',(-1.,-8.742277657348E-008,0.E+000));
#5420 = DIRECTION('',(0.E+000,0.E+000,1.));
#5421 = ADVANCED_FACE('',(#5422),#5449,.T.);
#5422 = FACE_BOUND('',#5423,.T.);
#5423 = EDGE_LOOP('',(#5424,#5425,#5434,#5442));
#5424 = ORIENTED_EDGE('',*,*,#5385,.F.);
#5425 = ORIENTED_EDGE('',*,*,#5426,.T.);
#5426 = EDGE_CURVE('',#5386,#5427,#5429,.T.);
#5427 = VERTEX_POINT('',#5428);
#5428 = CARTESIAN_POINT('',(4.355995444058,2.990000603996,5.E-002));
#5429 = CIRCLE('',#5430,5.E-002);
#5430 = AXIS2_PLACEMENT_3D('',#5431,#5432,#5433);
#5431 = CARTESIAN_POINT('',(4.355995448429,2.940000603996,5.E-002));
#5432 = DIRECTION('',(0.E+000,-0.E+000,1.));
#5433 = DIRECTION('',(1.,8.742277657348E-008,0.E+000));
#5434 = ORIENTED_EDGE('',*,*,#5435,.T.);
#5435 = EDGE_CURVE('',#5427,#5436,#5438,.T.);
#5436 = VERTEX_POINT('',#5437);
#5437 = CARTESIAN_POINT('',(4.355995444058,2.990000603996,0.85));
#5438 = LINE('',#5439,#5440);
#5439 = CARTESIAN_POINT('',(4.355995444058,2.990000603996,0.E+000));
#5440 = VECTOR('',#5441,1.);
#5441 = DIRECTION('',(0.E+000,0.E+000,1.));
#5442 = ORIENTED_EDGE('',*,*,#5443,.F.);
#5443 = EDGE_CURVE('',#5388,#5436,#5444,.T.);
#5444 = CIRCLE('',#5445,5.E-002);
#5445 = AXIS2_PLACEMENT_3D('',#5446,#5447,#5448);
#5446 = CARTESIAN_POINT('',(4.355995448429,2.940000603996,0.85));
#5447 = DIRECTION('',(0.E+000,-0.E+000,1.));
#5448 = DIRECTION('',(1.,8.742277657348E-008,0.E+000));
#5449 = CYLINDRICAL_SURFACE('',#5450,5.E-002);
#5450 = AXIS2_PLACEMENT_3D('',#5451,#5452,#5453);
#5451 = CARTESIAN_POINT('',(4.355995448429,2.940000603996,0.E+000));
#5452 = DIRECTION('',(0.E+000,0.E+000,1.));
#5453 = DIRECTION('',(1.,8.742277657348E-008,0.E+000));
#5454 = ADVANCED_FACE('',(#5455),#5482,.T.);
#5455 = FACE_BOUND('',#5456,.T.);
#5456 = EDGE_LOOP('',(#5457,#5458,#5467,#5475));
#5457 = ORIENTED_EDGE('',*,*,#5395,.T.);
#5458 = ORIENTED_EDGE('',*,*,#5459,.F.);
#5459 = EDGE_CURVE('',#5460,#5396,#5462,.T.);
#5460 = VERTEX_POINT('',#5461);
#5461 = CARTESIAN_POINT('',(4.355995518368,2.140000603996,0.E+000));
#5462 = CIRCLE('',#5463,5.E-002);
#5463 = AXIS2_PLACEMENT_3D('',#5464,#5465,#5466);
#5464 = CARTESIAN_POINT('',(4.355995518368,2.140000603996,5.E-002));
#5465 = DIRECTION('',(8.742277657348E-008,-1.,0.E+000));
#5466 = DIRECTION('',(1.,8.742277657348E-008,0.E+000));
#5467 = ORIENTED_EDGE('',*,*,#5468,.F.);
#5468 = EDGE_CURVE('',#5469,#5460,#5471,.T.);
#5469 = VERTEX_POINT('',#5470);
#5470 = CARTESIAN_POINT('',(4.355995448429,2.940000603996,0.E+000));
#5471 = LINE('',#5472,#5473);
#5472 = CARTESIAN_POINT('',(4.355995444058,2.990000603996,
    -6.938893903907E-018));
#5473 = VECTOR('',#5474,1.);
#5474 = DIRECTION('',(8.742277657348E-008,-1.,0.E+000));
#5475 = ORIENTED_EDGE('',*,*,#5476,.T.);
#5476 = EDGE_CURVE('',#5469,#5386,#5477,.T.);
#5477 = CIRCLE('',#5478,5.E-002);
#5478 = AXIS2_PLACEMENT_3D('',#5479,#5480,#5481);
#5479 = CARTESIAN_POINT('',(4.355995448429,2.940000603996,5.E-002));
#5480 = DIRECTION('',(8.742277657348E-008,-1.,0.E+000));
#5481 = DIRECTION('',(1.,8.742277657348E-008,0.E+000));
#5482 = CYLINDRICAL_SURFACE('',#5483,5.E-002);
#5483 = AXIS2_PLACEMENT_3D('',#5484,#5485,#5486);
#5484 = CARTESIAN_POINT('',(4.355995444058,2.990000603996,5.E-002));
#5485 = DIRECTION('',(8.742277657348E-008,-1.,0.E+000));
#5486 = DIRECTION('',(1.,8.742277657348E-008,0.E+000));
#5487 = ADVANCED_FACE('',(#5488),#5515,.T.);
#5488 = FACE_BOUND('',#5489,.T.);
#5489 = EDGE_LOOP('',(#5490,#5499,#5507,#5514));
#5490 = ORIENTED_EDGE('',*,*,#5491,.F.);
#5491 = EDGE_CURVE('',#5492,#5388,#5494,.T.);
#5492 = VERTEX_POINT('',#5493);
#5493 = CARTESIAN_POINT('',(4.355995448429,2.940000603996,0.9));
#5494 = CIRCLE('',#5495,5.E-002);
#5495 = AXIS2_PLACEMENT_3D('',#5496,#5497,#5498);
#5496 = CARTESIAN_POINT('',(4.355995448429,2.940000603996,0.85));
#5497 = DIRECTION('',(-8.742277657348E-008,1.,0.E+000));
#5498 = DIRECTION('',(1.,8.742277657348E-008,0.E+000));
#5499 = ORIENTED_EDGE('',*,*,#5500,.T.);
#5500 = EDGE_CURVE('',#5492,#5501,#5503,.T.);
#5501 = VERTEX_POINT('',#5502);
#5502 = CARTESIAN_POINT('',(4.355995518368,2.140000603996,0.9));
#5503 = LINE('',#5504,#5505);
#5504 = CARTESIAN_POINT('',(4.355995444058,2.990000603996,0.9));
#5505 = VECTOR('',#5506,1.);
#5506 = DIRECTION('',(8.742277657348E-008,-1.,0.E+000));
#5507 = ORIENTED_EDGE('',*,*,#5508,.F.);
#5508 = EDGE_CURVE('',#5404,#5501,#5509,.T.);
#5509 = CIRCLE('',#5510,5.E-002);
#5510 = AXIS2_PLACEMENT_3D('',#5511,#5512,#5513);
#5511 = CARTESIAN_POINT('',(4.355995518368,2.140000603996,0.85));
#5512 = DIRECTION('',(8.742277657348E-008,-1.,0.E+000));
#5513 = DIRECTION('',(1.,8.742277657348E-008,0.E+000));
#5514 = ORIENTED_EDGE('',*,*,#5411,.F.);
#5515 = CYLINDRICAL_SURFACE('',#5516,5.E-002);
#5516 = AXIS2_PLACEMENT_3D('',#5517,#5518,#5519);
#5517 = CARTESIAN_POINT('',(4.355995444058,2.990000603996,0.85));
#5518 = DIRECTION('',(8.742277657348E-008,-1.,0.E+000));
#5519 = DIRECTION('',(1.,8.742277657348E-008,0.E+000));
#5520 = ADVANCED_FACE('',(#5521),#5548,.T.);
#5521 = FACE_BOUND('',#5522,.T.);
#5522 = EDGE_LOOP('',(#5523,#5532,#5540,#5547));
#5523 = ORIENTED_EDGE('',*,*,#5524,.F.);
#5524 = EDGE_CURVE('',#5525,#5404,#5527,.T.);
#5525 = VERTEX_POINT('',#5526);
#5526 = CARTESIAN_POINT('',(4.355995522739,2.090000603996,0.85));
#5527 = CIRCLE('',#5528,5.E-002);
#5528 = AXIS2_PLACEMENT_3D('',#5529,#5530,#5531);
#5529 = CARTESIAN_POINT('',(4.355995518368,2.140000603996,0.85));
#5530 = DIRECTION('',(0.E+000,-0.E+000,1.));
#5531 = DIRECTION('',(1.,8.742277657348E-008,0.E+000));
#5532 = ORIENTED_EDGE('',*,*,#5533,.F.);
#5533 = EDGE_CURVE('',#5534,#5525,#5536,.T.);
#5534 = VERTEX_POINT('',#5535);
#5535 = CARTESIAN_POINT('',(4.355995522739,2.090000603996,5.E-002));
#5536 = LINE('',#5537,#5538);
#5537 = CARTESIAN_POINT('',(4.355995522739,2.090000603996,0.E+000));
#5538 = VECTOR('',#5539,1.);
#5539 = DIRECTION('',(0.E+000,0.E+000,1.));
#5540 = ORIENTED_EDGE('',*,*,#5541,.F.);
#5541 = EDGE_CURVE('',#5396,#5534,#5542,.T.);
#5542 = CIRCLE('',#5543,5.E-002);
#5543 = AXIS2_PLACEMENT_3D('',#5544,#5545,#5546);
#5544 = CARTESIAN_POINT('',(4.355995518368,2.140000603996,5.E-002));
#5545 = DIRECTION('',(0.E+000,0.E+000,-1.));
#5546 = DIRECTION('',(1.,8.742277657348E-008,0.E+000));
#5547 = ORIENTED_EDGE('',*,*,#5403,.T.);
#5548 = CYLINDRICAL_SURFACE('',#5549,5.E-002);
#5549 = AXIS2_PLACEMENT_3D('',#5550,#5551,#5552);
#5550 = CARTESIAN_POINT('',(4.355995518368,2.140000603996,0.E+000));
#5551 = DIRECTION('',(0.E+000,0.E+000,1.));
#5552 = DIRECTION('',(1.,8.742277657348E-008,0.E+000));
#5553 = ADVANCED_FACE('',(#5554),#5565,.T.);
#5554 = FACE_BOUND('',#5555,.T.);
#5555 = EDGE_LOOP('',(#5556,#5557,#5564));
#5556 = ORIENTED_EDGE('',*,*,#5476,.F.);
#5557 = ORIENTED_EDGE('',*,*,#5558,.T.);
#5558 = EDGE_CURVE('',#5469,#5427,#5559,.T.);
#5559 = CIRCLE('',#5560,5.E-002);
#5560 = AXIS2_PLACEMENT_3D('',#5561,#5562,#5563);
#5561 = CARTESIAN_POINT('',(4.355995448429,2.940000603996,5.E-002));
#5562 = DIRECTION('',(1.,8.742277651224E-008,-0.E+000));
#5563 = DIRECTION('',(-8.742277651224E-008,1.,0.E+000));
#5564 = ORIENTED_EDGE('',*,*,#5426,.F.);
#5565 = SPHERICAL_SURFACE('',#5566,5.E-002);
#5566 = AXIS2_PLACEMENT_3D('',#5567,#5568,#5569);
#5567 = CARTESIAN_POINT('',(4.355995448429,2.940000603996,5.E-002));
#5568 = DIRECTION('',(0.E+000,0.E+000,1.));
#5569 = DIRECTION('',(1.,8.742277657348E-008,0.E+000));
#5570 = ADVANCED_FACE('',(#5571),#5582,.T.);
#5571 = FACE_BOUND('',#5572,.T.);
#5572 = EDGE_LOOP('',(#5573,#5574,#5581));
#5573 = ORIENTED_EDGE('',*,*,#5443,.T.);
#5574 = ORIENTED_EDGE('',*,*,#5575,.F.);
#5575 = EDGE_CURVE('',#5492,#5436,#5576,.T.);
#5576 = CIRCLE('',#5577,5.E-002);
#5577 = AXIS2_PLACEMENT_3D('',#5578,#5579,#5580);
#5578 = CARTESIAN_POINT('',(4.355995448429,2.940000603996,0.85));
#5579 = DIRECTION('',(-1.,-8.742277651224E-008,0.E+000));
#5580 = DIRECTION('',(-8.742277651224E-008,1.,0.E+000));
#5581 = ORIENTED_EDGE('',*,*,#5491,.T.);
#5582 = SPHERICAL_SURFACE('',#5583,5.E-002);
#5583 = AXIS2_PLACEMENT_3D('',#5584,#5585,#5586);
#5584 = CARTESIAN_POINT('',(4.355995448429,2.940000603996,0.85));
#5585 = DIRECTION('',(0.E+000,0.E+000,-1.));
#5586 = DIRECTION('',(1.,8.742277657348E-008,0.E+000));
#5587 = ADVANCED_FACE('',(#5588),#5613,.F.);
#5588 = FACE_BOUND('',#5589,.F.);
#5589 = EDGE_LOOP('',(#5590,#5598,#5599,#5607));
#5590 = ORIENTED_EDGE('',*,*,#5591,.F.);
#5591 = EDGE_CURVE('',#5427,#5592,#5594,.T.);
#5592 = VERTEX_POINT('',#5593);
#5593 = CARTESIAN_POINT('',(4.205995444058,2.990000590882,5.E-002));
#5594 = LINE('',#5595,#5596);
#5595 = CARTESIAN_POINT('',(4.405995444058,2.990000608367,5.E-002));
#5596 = VECTOR('',#5597,1.);
#5597 = DIRECTION('',(-1.,-8.742277657348E-008,0.E+000));
#5598 = ORIENTED_EDGE('',*,*,#5435,.T.);
#5599 = ORIENTED_EDGE('',*,*,#5600,.T.);
#5600 = EDGE_CURVE('',#5436,#5601,#5603,.T.);
#5601 = VERTEX_POINT('',#5602);
#5602 = CARTESIAN_POINT('',(4.205995444058,2.990000590882,0.85));
#5603 = LINE('',#5604,#5605);
#5604 = CARTESIAN_POINT('',(4.405995444058,2.990000608367,0.85));
#5605 = VECTOR('',#5606,1.);
#5606 = DIRECTION('',(-1.,-8.742277657348E-008,0.E+000));
#5607 = ORIENTED_EDGE('',*,*,#5608,.F.);
#5608 = EDGE_CURVE('',#5592,#5601,#5609,.T.);
#5609 = LINE('',#5610,#5611);
#5610 = CARTESIAN_POINT('',(4.205995444058,2.990000590882,0.E+000));
#5611 = VECTOR('',#5612,1.);
#5612 = DIRECTION('',(0.E+000,0.E+000,1.));
#5613 = PLANE('',#5614);
#5614 = AXIS2_PLACEMENT_3D('',#5615,#5616,#5617);
#5615 = CARTESIAN_POINT('',(4.405995444058,2.990000608367,0.E+000));
#5616 = DIRECTION('',(8.742277657348E-008,-1.,0.E+000));
#5617 = DIRECTION('',(0.E+000,0.E+000,1.));
#5618 = ADVANCED_FACE('',(#5619),#5644,.F.);
#5619 = FACE_BOUND('',#5620,.F.);
#5620 = EDGE_LOOP('',(#5621,#5622,#5630,#5638));
#5621 = ORIENTED_EDGE('',*,*,#5468,.F.);
#5622 = ORIENTED_EDGE('',*,*,#5623,.T.);
#5623 = EDGE_CURVE('',#5469,#5624,#5626,.T.);
#5624 = VERTEX_POINT('',#5625);
#5625 = CARTESIAN_POINT('',(4.205995448429,2.940000590882,
    -3.469446951954E-018));
#5626 = LINE('',#5627,#5628);
#5627 = CARTESIAN_POINT('',(4.405995448429,2.940000608367,
    -6.938893903907E-018));
#5628 = VECTOR('',#5629,1.);
#5629 = DIRECTION('',(-1.,-8.742277657348E-008,0.E+000));
#5630 = ORIENTED_EDGE('',*,*,#5631,.T.);
#5631 = EDGE_CURVE('',#5624,#5632,#5634,.T.);
#5632 = VERTEX_POINT('',#5633);
#5633 = CARTESIAN_POINT('',(4.205995518368,2.140000590882,
    -3.469446951954E-018));
#5634 = LINE('',#5635,#5636);
#5635 = CARTESIAN_POINT('',(4.205995444058,2.990000590882,0.E+000));
#5636 = VECTOR('',#5637,1.);
#5637 = DIRECTION('',(8.742277657348E-008,-1.,0.E+000));
#5638 = ORIENTED_EDGE('',*,*,#5639,.F.);
#5639 = EDGE_CURVE('',#5460,#5632,#5640,.T.);
#5640 = LINE('',#5641,#5642);
#5641 = CARTESIAN_POINT('',(4.405995518368,2.140000608367,
    -6.938893903907E-018));
#5642 = VECTOR('',#5643,1.);
#5643 = DIRECTION('',(-1.,-8.742277657348E-008,0.E+000));
#5644 = PLANE('',#5645);
#5645 = AXIS2_PLACEMENT_3D('',#5646,#5647,#5648);
#5646 = CARTESIAN_POINT('',(4.405995444058,2.990000608367,0.E+000));
#5647 = DIRECTION('',(0.E+000,0.E+000,1.));
#5648 = DIRECTION('',(-1.,-8.742277657348E-008,0.E+000));
#5649 = ADVANCED_FACE('',(#5650),#5661,.T.);
#5650 = FACE_BOUND('',#5651,.T.);
#5651 = EDGE_LOOP('',(#5652,#5653,#5660));
#5652 = ORIENTED_EDGE('',*,*,#5541,.T.);
#5653 = ORIENTED_EDGE('',*,*,#5654,.F.);
#5654 = EDGE_CURVE('',#5460,#5534,#5655,.T.);
#5655 = CIRCLE('',#5656,5.E-002);
#5656 = AXIS2_PLACEMENT_3D('',#5657,#5658,#5659);
#5657 = CARTESIAN_POINT('',(4.355995518368,2.140000603996,5.E-002));
#5658 = DIRECTION('',(-1.,-8.742277663471E-008,0.E+000));
#5659 = DIRECTION('',(8.742277663471E-008,-1.,0.E+000));
#5660 = ORIENTED_EDGE('',*,*,#5459,.T.);
#5661 = SPHERICAL_SURFACE('',#5662,5.E-002);
#5662 = AXIS2_PLACEMENT_3D('',#5663,#5664,#5665);
#5663 = CARTESIAN_POINT('',(4.355995518368,2.140000603996,5.E-002));
#5664 = DIRECTION('',(0.E+000,0.E+000,1.));
#5665 = DIRECTION('',(1.,8.742277657348E-008,0.E+000));
#5666 = ADVANCED_FACE('',(#5667),#5692,.T.);
#5667 = FACE_BOUND('',#5668,.T.);
#5668 = EDGE_LOOP('',(#5669,#5670,#5678,#5686));
#5669 = ORIENTED_EDGE('',*,*,#5500,.F.);
#5670 = ORIENTED_EDGE('',*,*,#5671,.T.);
#5671 = EDGE_CURVE('',#5492,#5672,#5674,.T.);
#5672 = VERTEX_POINT('',#5673);
#5673 = CARTESIAN_POINT('',(4.205995448429,2.940000590882,0.9));
#5674 = LINE('',#5675,#5676);
#5675 = CARTESIAN_POINT('',(4.405995448429,2.940000608367,0.9));
#5676 = VECTOR('',#5677,1.);
#5677 = DIRECTION('',(-1.,-8.742277657348E-008,0.E+000));
#5678 = ORIENTED_EDGE('',*,*,#5679,.T.);
#5679 = EDGE_CURVE('',#5672,#5680,#5682,.T.);
#5680 = VERTEX_POINT('',#5681);
#5681 = CARTESIAN_POINT('',(4.205995518368,2.140000590882,0.9));
#5682 = LINE('',#5683,#5684);
#5683 = CARTESIAN_POINT('',(4.205995444058,2.990000590882,0.9));
#5684 = VECTOR('',#5685,1.);
#5685 = DIRECTION('',(8.742277657348E-008,-1.,0.E+000));
#5686 = ORIENTED_EDGE('',*,*,#5687,.F.);
#5687 = EDGE_CURVE('',#5501,#5680,#5688,.T.);
#5688 = LINE('',#5689,#5690);
#5689 = CARTESIAN_POINT('',(4.405995518368,2.140000608367,0.9));
#5690 = VECTOR('',#5691,1.);
#5691 = DIRECTION('',(-1.,-8.742277657348E-008,0.E+000));
#5692 = PLANE('',#5693);
#5693 = AXIS2_PLACEMENT_3D('',#5694,#5695,#5696);
#5694 = CARTESIAN_POINT('',(4.405995444058,2.990000608367,0.9));
#5695 = DIRECTION('',(0.E+000,0.E+000,1.));
#5696 = DIRECTION('',(-1.,-8.742277657348E-008,0.E+000));
#5697 = ADVANCED_FACE('',(#5698),#5709,.T.);
#5698 = FACE_BOUND('',#5699,.T.);
#5699 = EDGE_LOOP('',(#5700,#5701,#5708));
#5700 = ORIENTED_EDGE('',*,*,#5508,.T.);
#5701 = ORIENTED_EDGE('',*,*,#5702,.F.);
#5702 = EDGE_CURVE('',#5525,#5501,#5703,.T.);
#5703 = CIRCLE('',#5704,5.E-002);
#5704 = AXIS2_PLACEMENT_3D('',#5705,#5706,#5707);
#5705 = CARTESIAN_POINT('',(4.355995518368,2.140000603996,0.85));
#5706 = DIRECTION('',(-1.,-8.742277657348E-008,6.123233995737E-017));
#5707 = DIRECTION('',(6.123233995737E-017,5.353101175164E-024,1.));
#5708 = ORIENTED_EDGE('',*,*,#5524,.T.);
#5709 = SPHERICAL_SURFACE('',#5710,5.E-002);
#5710 = AXIS2_PLACEMENT_3D('',#5711,#5712,#5713);
#5711 = CARTESIAN_POINT('',(4.355995518368,2.140000603996,0.85));
#5712 = DIRECTION('',(-8.742277657348E-008,1.,0.E+000));
#5713 = DIRECTION('',(1.,8.742277657348E-008,0.E+000));
#5714 = ADVANCED_FACE('',(#5715),#5740,.T.);
#5715 = FACE_BOUND('',#5716,.T.);
#5716 = EDGE_LOOP('',(#5717,#5725,#5726,#5734));
#5717 = ORIENTED_EDGE('',*,*,#5718,.F.);
#5718 = EDGE_CURVE('',#5534,#5719,#5721,.T.);
#5719 = VERTEX_POINT('',#5720);
#5720 = CARTESIAN_POINT('',(4.205995522739,2.090000590882,5.E-002));
#5721 = LINE('',#5722,#5723);
#5722 = CARTESIAN_POINT('',(4.405995522739,2.090000608367,5.E-002));
#5723 = VECTOR('',#5724,1.);
#5724 = DIRECTION('',(-1.,-8.742277657348E-008,0.E+000));
#5725 = ORIENTED_EDGE('',*,*,#5533,.T.);
#5726 = ORIENTED_EDGE('',*,*,#5727,.T.);
#5727 = EDGE_CURVE('',#5525,#5728,#5730,.T.);
#5728 = VERTEX_POINT('',#5729);
#5729 = CARTESIAN_POINT('',(4.205995522739,2.090000590882,0.85));
#5730 = LINE('',#5731,#5732);
#5731 = CARTESIAN_POINT('',(4.405995522739,2.090000608367,0.85));
#5732 = VECTOR('',#5733,1.);
#5733 = DIRECTION('',(-1.,-8.742277657348E-008,0.E+000));
#5734 = ORIENTED_EDGE('',*,*,#5735,.F.);
#5735 = EDGE_CURVE('',#5719,#5728,#5736,.T.);
#5736 = LINE('',#5737,#5738);
#5737 = CARTESIAN_POINT('',(4.205995522739,2.090000590882,0.E+000));
#5738 = VECTOR('',#5739,1.);
#5739 = DIRECTION('',(0.E+000,0.E+000,1.));
#5740 = PLANE('',#5741);
#5741 = AXIS2_PLACEMENT_3D('',#5742,#5743,#5744);
#5742 = CARTESIAN_POINT('',(4.405995522739,2.090000608367,0.E+000));
#5743 = DIRECTION('',(8.742277657348E-008,-1.,0.E+000));
#5744 = DIRECTION('',(0.E+000,0.E+000,1.));
#5745 = ADVANCED_FACE('',(#5746),#5758,.T.);
#5746 = FACE_BOUND('',#5747,.T.);
#5747 = EDGE_LOOP('',(#5748,#5749,#5750,#5757));
#5748 = ORIENTED_EDGE('',*,*,#5558,.F.);
#5749 = ORIENTED_EDGE('',*,*,#5623,.T.);
#5750 = ORIENTED_EDGE('',*,*,#5751,.F.);
#5751 = EDGE_CURVE('',#5592,#5624,#5752,.T.);
#5752 = CIRCLE('',#5753,5.E-002);
#5753 = AXIS2_PLACEMENT_3D('',#5754,#5755,#5756);
#5754 = CARTESIAN_POINT('',(4.205995448429,2.940000590882,5.E-002));
#5755 = DIRECTION('',(-1.,-8.742277657348E-008,0.E+000));
#5756 = DIRECTION('',(-8.742277657348E-008,1.,0.E+000));
#5757 = ORIENTED_EDGE('',*,*,#5591,.F.);
#5758 = CYLINDRICAL_SURFACE('',#5759,5.E-002);
#5759 = AXIS2_PLACEMENT_3D('',#5760,#5761,#5762);
#5760 = CARTESIAN_POINT('',(4.405995448429,2.940000608367,5.E-002));
#5761 = DIRECTION('',(-1.,-8.742277657348E-008,0.E+000));
#5762 = DIRECTION('',(-8.742277657348E-008,1.,0.E+000));
#5763 = ADVANCED_FACE('',(#5764),#5776,.T.);
#5764 = FACE_BOUND('',#5765,.T.);
#5765 = EDGE_LOOP('',(#5766,#5767,#5774,#5775));
#5766 = ORIENTED_EDGE('',*,*,#5600,.T.);
#5767 = ORIENTED_EDGE('',*,*,#5768,.F.);
#5768 = EDGE_CURVE('',#5672,#5601,#5769,.T.);
#5769 = CIRCLE('',#5770,5.E-002);
#5770 = AXIS2_PLACEMENT_3D('',#5771,#5772,#5773);
#5771 = CARTESIAN_POINT('',(4.205995448429,2.940000590882,0.85));
#5772 = DIRECTION('',(-1.,-8.742277657348E-008,0.E+000));
#5773 = DIRECTION('',(-8.742277657348E-008,1.,0.E+000));
#5774 = ORIENTED_EDGE('',*,*,#5671,.F.);
#5775 = ORIENTED_EDGE('',*,*,#5575,.T.);
#5776 = CYLINDRICAL_SURFACE('',#5777,5.E-002);
#5777 = AXIS2_PLACEMENT_3D('',#5778,#5779,#5780);
#5778 = CARTESIAN_POINT('',(4.405995448429,2.940000608367,0.85));
#5779 = DIRECTION('',(-1.,-8.742277657348E-008,0.E+000));
#5780 = DIRECTION('',(-8.742277657348E-008,1.,0.E+000));
#5781 = ADVANCED_FACE('',(#5782),#5804,.T.);
#5782 = FACE_BOUND('',#5783,.T.);
#5783 = EDGE_LOOP('',(#5784,#5785,#5786,#5787,#5794,#5795,#5802,#5803));
#5784 = ORIENTED_EDGE('',*,*,#5608,.F.);
#5785 = ORIENTED_EDGE('',*,*,#5751,.T.);
#5786 = ORIENTED_EDGE('',*,*,#5631,.T.);
#5787 = ORIENTED_EDGE('',*,*,#5788,.T.);
#5788 = EDGE_CURVE('',#5632,#5719,#5789,.T.);
#5789 = CIRCLE('',#5790,5.E-002);
#5790 = AXIS2_PLACEMENT_3D('',#5791,#5792,#5793);
#5791 = CARTESIAN_POINT('',(4.205995518368,2.140000590882,5.E-002));
#5792 = DIRECTION('',(-1.,-8.742277657348E-008,0.E+000));
#5793 = DIRECTION('',(8.742277657348E-008,-1.,0.E+000));
#5794 = ORIENTED_EDGE('',*,*,#5735,.T.);
#5795 = ORIENTED_EDGE('',*,*,#5796,.T.);
#5796 = EDGE_CURVE('',#5728,#5680,#5797,.T.);
#5797 = CIRCLE('',#5798,5.E-002);
#5798 = AXIS2_PLACEMENT_3D('',#5799,#5800,#5801);
#5799 = CARTESIAN_POINT('',(4.205995518368,2.140000590882,0.85));
#5800 = DIRECTION('',(-1.,-8.742277657348E-008,0.E+000));
#5801 = DIRECTION('',(8.742277657348E-008,-1.,0.E+000));
#5802 = ORIENTED_EDGE('',*,*,#5679,.F.);
#5803 = ORIENTED_EDGE('',*,*,#5768,.T.);
#5804 = PLANE('',#5805);
#5805 = AXIS2_PLACEMENT_3D('',#5806,#5807,#5808);
#5806 = CARTESIAN_POINT('',(4.205995444058,2.990000590882,0.E+000));
#5807 = DIRECTION('',(-1.,-8.742277657348E-008,0.E+000));
#5808 = DIRECTION('',(0.E+000,0.E+000,1.));
#5809 = ADVANCED_FACE('',(#5810),#5816,.T.);
#5810 = FACE_BOUND('',#5811,.T.);
#5811 = EDGE_LOOP('',(#5812,#5813,#5814,#5815));
#5812 = ORIENTED_EDGE('',*,*,#5718,.T.);
#5813 = ORIENTED_EDGE('',*,*,#5788,.F.);
#5814 = ORIENTED_EDGE('',*,*,#5639,.F.);
#5815 = ORIENTED_EDGE('',*,*,#5654,.T.);
#5816 = CYLINDRICAL_SURFACE('',#5817,5.E-002);
#5817 = AXIS2_PLACEMENT_3D('',#5818,#5819,#5820);
#5818 = CARTESIAN_POINT('',(4.405995518368,2.140000608367,5.E-002));
#5819 = DIRECTION('',(-1.,-8.742277657348E-008,0.E+000));
#5820 = DIRECTION('',(8.742277657348E-008,-1.,0.E+000));
#5821 = ADVANCED_FACE('',(#5822),#5828,.T.);
#5822 = FACE_BOUND('',#5823,.T.);
#5823 = EDGE_LOOP('',(#5824,#5825,#5826,#5827));
#5824 = ORIENTED_EDGE('',*,*,#5727,.F.);
#5825 = ORIENTED_EDGE('',*,*,#5702,.T.);
#5826 = ORIENTED_EDGE('',*,*,#5687,.T.);
#5827 = ORIENTED_EDGE('',*,*,#5796,.F.);
#5828 = CYLINDRICAL_SURFACE('',#5829,5.E-002);
#5829 = AXIS2_PLACEMENT_3D('',#5830,#5831,#5832);
#5830 = CARTESIAN_POINT('',(4.405995518368,2.140000608367,0.85));
#5831 = DIRECTION('',(-1.,-8.742277657348E-008,0.E+000));
#5832 = DIRECTION('',(8.742277657348E-008,-1.,0.E+000));
#5833 = MANIFOLD_SOLID_BREP('',#5834);
#5834 = CLOSED_SHELL('',(#5835,#5875,#5908,#5941,#5974,#6025,#6042,#6066
    ,#6097,#6114,#6138,#6163,#6188,#6205,#6223,#6241,#6265,#6276));
#5835 = ADVANCED_FACE('',(#5836),#5870,.F.);
#5836 = FACE_BOUND('',#5837,.F.);
#5837 = EDGE_LOOP('',(#5838,#5848,#5856,#5864));
#5838 = ORIENTED_EDGE('',*,*,#5839,.F.);
#5839 = EDGE_CURVE('',#5840,#5842,#5844,.T.);
#5840 = VERTEX_POINT('',#5841);
#5841 = CARTESIAN_POINT('',(2.905995444058,2.990000477233,5.E-002));
#5842 = VERTEX_POINT('',#5843);
#5843 = CARTESIAN_POINT('',(2.755995444058,2.990000464119,5.E-002));
#5844 = LINE('',#5845,#5846);
#5845 = CARTESIAN_POINT('',(4.405995444058,2.990000608367,5.E-002));
#5846 = VECTOR('',#5847,1.);
#5847 = DIRECTION('',(-1.,-8.742277657348E-008,0.E+000));
#5848 = ORIENTED_EDGE('',*,*,#5849,.T.);
#5849 = EDGE_CURVE('',#5840,#5850,#5852,.T.);
#5850 = VERTEX_POINT('',#5851);
#5851 = CARTESIAN_POINT('',(2.905995444058,2.990000477233,0.85));
#5852 = LINE('',#5853,#5854);
#5853 = CARTESIAN_POINT('',(2.905995444058,2.990000477233,0.E+000));
#5854 = VECTOR('',#5855,1.);
#5855 = DIRECTION('',(0.E+000,0.E+000,1.));
#5856 = ORIENTED_EDGE('',*,*,#5857,.T.);
#5857 = EDGE_CURVE('',#5850,#5858,#5860,.T.);
#5858 = VERTEX_POINT('',#5859);
#5859 = CARTESIAN_POINT('',(2.755995444058,2.990000464119,0.85));
#5860 = LINE('',#5861,#5862);
#5861 = CARTESIAN_POINT('',(4.405995444058,2.990000608367,0.85));
#5862 = VECTOR('',#5863,1.);
#5863 = DIRECTION('',(-1.,-8.742277657348E-008,0.E+000));
#5864 = ORIENTED_EDGE('',*,*,#5865,.F.);
#5865 = EDGE_CURVE('',#5842,#5858,#5866,.T.);
#5866 = LINE('',#5867,#5868);
#5867 = CARTESIAN_POINT('',(2.755995444058,2.990000464119,0.E+000));
#5868 = VECTOR('',#5869,1.);
#5869 = DIRECTION('',(0.E+000,0.E+000,1.));
#5870 = PLANE('',#5871);
#5871 = AXIS2_PLACEMENT_3D('',#5872,#5873,#5874);
#5872 = CARTESIAN_POINT('',(4.405995444058,2.990000608367,0.E+000));
#5873 = DIRECTION('',(8.742277657348E-008,-1.,0.E+000));
#5874 = DIRECTION('',(0.E+000,0.E+000,1.));
#5875 = ADVANCED_FACE('',(#5876),#5903,.T.);
#5876 = FACE_BOUND('',#5877,.T.);
#5877 = EDGE_LOOP('',(#5878,#5887,#5895,#5902));
#5878 = ORIENTED_EDGE('',*,*,#5879,.T.);
#5879 = EDGE_CURVE('',#5840,#5880,#5882,.T.);
#5880 = VERTEX_POINT('',#5881);
#5881 = CARTESIAN_POINT('',(2.905995448429,2.940000477233,
    -3.469446951954E-018));
#5882 = CIRCLE('',#5883,5.E-002);
#5883 = AXIS2_PLACEMENT_3D('',#5884,#5885,#5886);
#5884 = CARTESIAN_POINT('',(2.905995448429,2.940000477233,5.E-002));
#5885 = DIRECTION('',(-1.,-8.742277657348E-008,0.E+000));
#5886 = DIRECTION('',(-8.742277657348E-008,1.,0.E+000));
#5887 = ORIENTED_EDGE('',*,*,#5888,.T.);
#5888 = EDGE_CURVE('',#5880,#5889,#5891,.T.);
#5889 = VERTEX_POINT('',#5890);
#5890 = CARTESIAN_POINT('',(2.755995448429,2.940000464119,0.E+000));
#5891 = LINE('',#5892,#5893);
#5892 = CARTESIAN_POINT('',(4.405995448429,2.940000608367,
    -6.938893903907E-018));
#5893 = VECTOR('',#5894,1.);
#5894 = DIRECTION('',(-1.,-8.742277657348E-008,0.E+000));
#5895 = ORIENTED_EDGE('',*,*,#5896,.T.);
#5896 = EDGE_CURVE('',#5889,#5842,#5897,.T.);
#5897 = CIRCLE('',#5898,5.E-002);
#5898 = AXIS2_PLACEMENT_3D('',#5899,#5900,#5901);
#5899 = CARTESIAN_POINT('',(2.755995448429,2.940000464119,5.E-002));
#5900 = DIRECTION('',(1.,8.742277663471E-008,-0.E+000));
#5901 = DIRECTION('',(-8.742277663471E-008,1.,0.E+000));
#5902 = ORIENTED_EDGE('',*,*,#5839,.F.);
#5903 = CYLINDRICAL_SURFACE('',#5904,5.E-002);
#5904 = AXIS2_PLACEMENT_3D('',#5905,#5906,#5907);
#5905 = CARTESIAN_POINT('',(4.405995448429,2.940000608367,5.E-002));
#5906 = DIRECTION('',(-1.,-8.742277657348E-008,0.E+000));
#5907 = DIRECTION('',(-8.742277657348E-008,1.,0.E+000));
#5908 = ADVANCED_FACE('',(#5909),#5936,.T.);
#5909 = FACE_BOUND('',#5910,.T.);
#5910 = EDGE_LOOP('',(#5911,#5920,#5921,#5930));
#5911 = ORIENTED_EDGE('',*,*,#5912,.T.);
#5912 = EDGE_CURVE('',#5913,#5858,#5915,.T.);
#5913 = VERTEX_POINT('',#5914);
#5914 = CARTESIAN_POINT('',(2.705995448429,2.940000459748,0.85));
#5915 = CIRCLE('',#5916,5.E-002);
#5916 = AXIS2_PLACEMENT_3D('',#5917,#5918,#5919);
#5917 = CARTESIAN_POINT('',(2.755995448429,2.940000464119,0.85));
#5918 = DIRECTION('',(-0.E+000,0.E+000,-1.));
#5919 = DIRECTION('',(-1.,-8.742277657348E-008,0.E+000));
#5920 = ORIENTED_EDGE('',*,*,#5865,.F.);
#5921 = ORIENTED_EDGE('',*,*,#5922,.F.);
#5922 = EDGE_CURVE('',#5923,#5842,#5925,.T.);
#5923 = VERTEX_POINT('',#5924);
#5924 = CARTESIAN_POINT('',(2.705995448429,2.940000459748,5.E-002));
#5925 = CIRCLE('',#5926,5.E-002);
#5926 = AXIS2_PLACEMENT_3D('',#5927,#5928,#5929);
#5927 = CARTESIAN_POINT('',(2.755995448429,2.940000464119,5.E-002));
#5928 = DIRECTION('',(-0.E+000,0.E+000,-1.));
#5929 = DIRECTION('',(-1.,-8.742277657348E-008,0.E+000));
#5930 = ORIENTED_EDGE('',*,*,#5931,.T.);
#5931 = EDGE_CURVE('',#5923,#5913,#5932,.T.);
#5932 = LINE('',#5933,#5934);
#5933 = CARTESIAN_POINT('',(2.705995448429,2.940000459748,0.E+000));
#5934 = VECTOR('',#5935,1.);
#5935 = DIRECTION('',(0.E+000,0.E+000,1.));
#5936 = CYLINDRICAL_SURFACE('',#5937,5.E-002);
#5937 = AXIS2_PLACEMENT_3D('',#5938,#5939,#5940);
#5938 = CARTESIAN_POINT('',(2.755995448429,2.940000464119,0.E+000));
#5939 = DIRECTION('',(0.E+000,0.E+000,1.));
#5940 = DIRECTION('',(-1.,-8.742277657348E-008,0.E+000));
#5941 = ADVANCED_FACE('',(#5942),#5969,.T.);
#5942 = FACE_BOUND('',#5943,.T.);
#5943 = EDGE_LOOP('',(#5944,#5945,#5954,#5962));
#5944 = ORIENTED_EDGE('',*,*,#5857,.T.);
#5945 = ORIENTED_EDGE('',*,*,#5946,.F.);
#5946 = EDGE_CURVE('',#5947,#5858,#5949,.T.);
#5947 = VERTEX_POINT('',#5948);
#5948 = CARTESIAN_POINT('',(2.755995448429,2.940000464119,0.9));
#5949 = CIRCLE('',#5950,5.E-002);
#5950 = AXIS2_PLACEMENT_3D('',#5951,#5952,#5953);
#5951 = CARTESIAN_POINT('',(2.755995448429,2.940000464119,0.85));
#5952 = DIRECTION('',(-1.,-8.742277663471E-008,0.E+000));
#5953 = DIRECTION('',(-8.742277663471E-008,1.,0.E+000));
#5954 = ORIENTED_EDGE('',*,*,#5955,.F.);
#5955 = EDGE_CURVE('',#5956,#5947,#5958,.T.);
#5956 = VERTEX_POINT('',#5957);
#5957 = CARTESIAN_POINT('',(2.905995448429,2.940000477233,0.9));
#5958 = LINE('',#5959,#5960);
#5959 = CARTESIAN_POINT('',(4.405995448429,2.940000608367,0.9));
#5960 = VECTOR('',#5961,1.);
#5961 = DIRECTION('',(-1.,-8.742277657348E-008,0.E+000));
#5962 = ORIENTED_EDGE('',*,*,#5963,.T.);
#5963 = EDGE_CURVE('',#5956,#5850,#5964,.T.);
#5964 = CIRCLE('',#5965,5.E-002);
#5965 = AXIS2_PLACEMENT_3D('',#5966,#5967,#5968);
#5966 = CARTESIAN_POINT('',(2.905995448429,2.940000477233,0.85));
#5967 = DIRECTION('',(-1.,-8.742277657348E-008,0.E+000));
#5968 = DIRECTION('',(-8.742277657348E-008,1.,0.E+000));
#5969 = CYLINDRICAL_SURFACE('',#5970,5.E-002);
#5970 = AXIS2_PLACEMENT_3D('',#5971,#5972,#5973);
#5971 = CARTESIAN_POINT('',(4.405995448429,2.940000608367,0.85));
#5972 = DIRECTION('',(-1.,-8.742277657348E-008,0.E+000));
#5973 = DIRECTION('',(-8.742277657348E-008,1.,0.E+000));
#5974 = ADVANCED_FACE('',(#5975),#6020,.F.);
#5975 = FACE_BOUND('',#5976,.F.);
#5976 = EDGE_LOOP('',(#5977,#5978,#5979,#5987,#5996,#6004,#6013,#6019));
#5977 = ORIENTED_EDGE('',*,*,#5849,.F.);
#5978 = ORIENTED_EDGE('',*,*,#5879,.T.);
#5979 = ORIENTED_EDGE('',*,*,#5980,.T.);
#5980 = EDGE_CURVE('',#5880,#5981,#5983,.T.);
#5981 = VERTEX_POINT('',#5982);
#5982 = CARTESIAN_POINT('',(2.905995518368,2.140000477233,
    -3.469446951954E-018));
#5983 = LINE('',#5984,#5985);
#5984 = CARTESIAN_POINT('',(2.905995444058,2.990000477233,0.E+000));
#5985 = VECTOR('',#5986,1.);
#5986 = DIRECTION('',(8.742277657348E-008,-1.,0.E+000));
#5987 = ORIENTED_EDGE('',*,*,#5988,.T.);
#5988 = EDGE_CURVE('',#5981,#5989,#5991,.T.);
#5989 = VERTEX_POINT('',#5990);
#5990 = CARTESIAN_POINT('',(2.905995522739,2.090000477233,5.E-002));
#5991 = CIRCLE('',#5992,5.E-002);
#5992 = AXIS2_PLACEMENT_3D('',#5993,#5994,#5995);
#5993 = CARTESIAN_POINT('',(2.905995518368,2.140000477233,5.E-002));
#5994 = DIRECTION('',(-1.,-8.742277657348E-008,0.E+000));
#5995 = DIRECTION('',(8.742277657348E-008,-1.,0.E+000));
#5996 = ORIENTED_EDGE('',*,*,#5997,.T.);
#5997 = EDGE_CURVE('',#5989,#5998,#6000,.T.);
#5998 = VERTEX_POINT('',#5999);
#5999 = CARTESIAN_POINT('',(2.905995522739,2.090000477233,0.85));
#6000 = LINE('',#6001,#6002);
#6001 = CARTESIAN_POINT('',(2.905995522739,2.090000477233,0.E+000));
#6002 = VECTOR('',#6003,1.);
#6003 = DIRECTION('',(0.E+000,0.E+000,1.));
#6004 = ORIENTED_EDGE('',*,*,#6005,.T.);
#6005 = EDGE_CURVE('',#5998,#6006,#6008,.T.);
#6006 = VERTEX_POINT('',#6007);
#6007 = CARTESIAN_POINT('',(2.905995518368,2.140000477233,0.9));
#6008 = CIRCLE('',#6009,5.E-002);
#6009 = AXIS2_PLACEMENT_3D('',#6010,#6011,#6012);
#6010 = CARTESIAN_POINT('',(2.905995518368,2.140000477233,0.85));
#6011 = DIRECTION('',(-1.,-8.742277657348E-008,0.E+000));
#6012 = DIRECTION('',(8.742277657348E-008,-1.,0.E+000));
#6013 = ORIENTED_EDGE('',*,*,#6014,.F.);
#6014 = EDGE_CURVE('',#5956,#6006,#6015,.T.);
#6015 = LINE('',#6016,#6017);
#6016 = CARTESIAN_POINT('',(2.905995444058,2.990000477233,0.9));
#6017 = VECTOR('',#6018,1.);
#6018 = DIRECTION('',(8.742277657348E-008,-1.,0.E+000));
#6019 = ORIENTED_EDGE('',*,*,#5963,.T.);
#6020 = PLANE('',#6021);
#6021 = AXIS2_PLACEMENT_3D('',#6022,#6023,#6024);
#6022 = CARTESIAN_POINT('',(2.905995444058,2.990000477233,0.E+000));
#6023 = DIRECTION('',(-1.,-8.742277657348E-008,0.E+000));
#6024 = DIRECTION('',(0.E+000,0.E+000,1.));
#6025 = ADVANCED_FACE('',(#6026),#6037,.T.);
#6026 = FACE_BOUND('',#6027,.T.);
#6027 = EDGE_LOOP('',(#6028,#6029,#6030));
#6028 = ORIENTED_EDGE('',*,*,#5922,.T.);
#6029 = ORIENTED_EDGE('',*,*,#5896,.F.);
#6030 = ORIENTED_EDGE('',*,*,#6031,.T.);
#6031 = EDGE_CURVE('',#5889,#5923,#6032,.T.);
#6032 = CIRCLE('',#6033,5.E-002);
#6033 = AXIS2_PLACEMENT_3D('',#6034,#6035,#6036);
#6034 = CARTESIAN_POINT('',(2.755995448429,2.940000464119,5.E-002));
#6035 = DIRECTION('',(-8.742277657348E-008,1.,0.E+000));
#6036 = DIRECTION('',(-1.,-8.742277657348E-008,0.E+000));
#6037 = SPHERICAL_SURFACE('',#6038,5.E-002);
#6038 = AXIS2_PLACEMENT_3D('',#6039,#6040,#6041);
#6039 = CARTESIAN_POINT('',(2.755995448429,2.940000464119,5.E-002));
#6040 = DIRECTION('',(0.E+000,0.E+000,1.));
#6041 = DIRECTION('',(-1.,-8.742277657348E-008,0.E+000));
#6042 = ADVANCED_FACE('',(#6043),#6061,.F.);
#6043 = FACE_BOUND('',#6044,.F.);
#6044 = EDGE_LOOP('',(#6045,#6046,#6047,#6055));
#6045 = ORIENTED_EDGE('',*,*,#5980,.F.);
#6046 = ORIENTED_EDGE('',*,*,#5888,.T.);
#6047 = ORIENTED_EDGE('',*,*,#6048,.T.);
#6048 = EDGE_CURVE('',#5889,#6049,#6051,.T.);
#6049 = VERTEX_POINT('',#6050);
#6050 = CARTESIAN_POINT('',(2.755995518368,2.140000464119,0.E+000));
#6051 = LINE('',#6052,#6053);
#6052 = CARTESIAN_POINT('',(2.755995444058,2.990000464119,
    -6.938893903907E-018));
#6053 = VECTOR('',#6054,1.);
#6054 = DIRECTION('',(8.742277657348E-008,-1.,0.E+000));
#6055 = ORIENTED_EDGE('',*,*,#6056,.F.);
#6056 = EDGE_CURVE('',#5981,#6049,#6057,.T.);
#6057 = LINE('',#6058,#6059);
#6058 = CARTESIAN_POINT('',(4.405995518368,2.140000608367,
    -6.938893903907E-018));
#6059 = VECTOR('',#6060,1.);
#6060 = DIRECTION('',(-1.,-8.742277657348E-008,0.E+000));
#6061 = PLANE('',#6062);
#6062 = AXIS2_PLACEMENT_3D('',#6063,#6064,#6065);
#6063 = CARTESIAN_POINT('',(4.405995444058,2.990000608367,0.E+000));
#6064 = DIRECTION('',(0.E+000,0.E+000,1.));
#6065 = DIRECTION('',(-1.,-8.742277657348E-008,0.E+000));
#6066 = ADVANCED_FACE('',(#6067),#6092,.T.);
#6067 = FACE_BOUND('',#6068,.T.);
#6068 = EDGE_LOOP('',(#6069,#6070,#6078,#6086));
#6069 = ORIENTED_EDGE('',*,*,#5931,.F.);
#6070 = ORIENTED_EDGE('',*,*,#6071,.T.);
#6071 = EDGE_CURVE('',#5923,#6072,#6074,.T.);
#6072 = VERTEX_POINT('',#6073);
#6073 = CARTESIAN_POINT('',(2.705995518368,2.140000459748,5.E-002));
#6074 = LINE('',#6075,#6076);
#6075 = CARTESIAN_POINT('',(2.705995444058,2.990000459748,5.E-002));
#6076 = VECTOR('',#6077,1.);
#6077 = DIRECTION('',(8.742277657348E-008,-1.,0.E+000));
#6078 = ORIENTED_EDGE('',*,*,#6079,.T.);
#6079 = EDGE_CURVE('',#6072,#6080,#6082,.T.);
#6080 = VERTEX_POINT('',#6081);
#6081 = CARTESIAN_POINT('',(2.705995518368,2.140000459748,0.85));
#6082 = LINE('',#6083,#6084);
#6083 = CARTESIAN_POINT('',(2.705995518368,2.140000459748,0.E+000));
#6084 = VECTOR('',#6085,1.);
#6085 = DIRECTION('',(0.E+000,0.E+000,1.));
#6086 = ORIENTED_EDGE('',*,*,#6087,.F.);
#6087 = EDGE_CURVE('',#5913,#6080,#6088,.T.);
#6088 = LINE('',#6089,#6090);
#6089 = CARTESIAN_POINT('',(2.705995444058,2.990000459748,0.85));
#6090 = VECTOR('',#6091,1.);
#6091 = DIRECTION('',(8.742277657348E-008,-1.,0.E+000));
#6092 = PLANE('',#6093);
#6093 = AXIS2_PLACEMENT_3D('',#6094,#6095,#6096);
#6094 = CARTESIAN_POINT('',(2.705995444058,2.990000459748,0.E+000));
#6095 = DIRECTION('',(-1.,-8.742277657348E-008,0.E+000));
#6096 = DIRECTION('',(0.E+000,0.E+000,1.));
#6097 = ADVANCED_FACE('',(#6098),#6109,.T.);
#6098 = FACE_BOUND('',#6099,.T.);
#6099 = EDGE_LOOP('',(#6100,#6107,#6108));
#6100 = ORIENTED_EDGE('',*,*,#6101,.F.);
#6101 = EDGE_CURVE('',#5947,#5913,#6102,.T.);
#6102 = CIRCLE('',#6103,5.E-002);
#6103 = AXIS2_PLACEMENT_3D('',#6104,#6105,#6106);
#6104 = CARTESIAN_POINT('',(2.755995448429,2.940000464119,0.85));
#6105 = DIRECTION('',(8.742277657348E-008,-1.,0.E+000));
#6106 = DIRECTION('',(-1.,-8.742277657348E-008,0.E+000));
#6107 = ORIENTED_EDGE('',*,*,#5946,.T.);
#6108 = ORIENTED_EDGE('',*,*,#5912,.F.);
#6109 = SPHERICAL_SURFACE('',#6110,5.E-002);
#6110 = AXIS2_PLACEMENT_3D('',#6111,#6112,#6113);
#6111 = CARTESIAN_POINT('',(2.755995448429,2.940000464119,0.85));
#6112 = DIRECTION('',(0.E+000,0.E+000,-1.));
#6113 = DIRECTION('',(-1.,-8.742277657348E-008,0.E+000));
#6114 = ADVANCED_FACE('',(#6115),#6133,.T.);
#6115 = FACE_BOUND('',#6116,.T.);
#6116 = EDGE_LOOP('',(#6117,#6118,#6119,#6127));
#6117 = ORIENTED_EDGE('',*,*,#6014,.F.);
#6118 = ORIENTED_EDGE('',*,*,#5955,.T.);
#6119 = ORIENTED_EDGE('',*,*,#6120,.T.);
#6120 = EDGE_CURVE('',#5947,#6121,#6123,.T.);
#6121 = VERTEX_POINT('',#6122);
#6122 = CARTESIAN_POINT('',(2.755995518368,2.140000464119,0.9));
#6123 = LINE('',#6124,#6125);
#6124 = CARTESIAN_POINT('',(2.755995444058,2.990000464119,0.9));
#6125 = VECTOR('',#6126,1.);
#6126 = DIRECTION('',(8.742277657348E-008,-1.,0.E+000));
#6127 = ORIENTED_EDGE('',*,*,#6128,.F.);
#6128 = EDGE_CURVE('',#6006,#6121,#6129,.T.);
#6129 = LINE('',#6130,#6131);
#6130 = CARTESIAN_POINT('',(4.405995518368,2.140000608367,0.9));
#6131 = VECTOR('',#6132,1.);
#6132 = DIRECTION('',(-1.,-8.742277657348E-008,0.E+000));
#6133 = PLANE('',#6134);
#6134 = AXIS2_PLACEMENT_3D('',#6135,#6136,#6137);
#6135 = CARTESIAN_POINT('',(4.405995444058,2.990000608367,0.9));
#6136 = DIRECTION('',(0.E+000,0.E+000,1.));
#6137 = DIRECTION('',(-1.,-8.742277657348E-008,0.E+000));
#6138 = ADVANCED_FACE('',(#6139),#6158,.T.);
#6139 = FACE_BOUND('',#6140,.T.);
#6140 = EDGE_LOOP('',(#6141,#6149,#6156,#6157));
#6141 = ORIENTED_EDGE('',*,*,#6142,.T.);
#6142 = EDGE_CURVE('',#5989,#6143,#6145,.T.);
#6143 = VERTEX_POINT('',#6144);
#6144 = CARTESIAN_POINT('',(2.755995522739,2.090000464119,5.E-002));
#6145 = LINE('',#6146,#6147);
#6146 = CARTESIAN_POINT('',(4.405995522739,2.090000608367,5.E-002));
#6147 = VECTOR('',#6148,1.);
#6148 = DIRECTION('',(-1.,-8.742277657348E-008,0.E+000));
#6149 = ORIENTED_EDGE('',*,*,#6150,.F.);
#6150 = EDGE_CURVE('',#6049,#6143,#6151,.T.);
#6151 = CIRCLE('',#6152,5.E-002);
#6152 = AXIS2_PLACEMENT_3D('',#6153,#6154,#6155);
#6153 = CARTESIAN_POINT('',(2.755995518368,2.140000464119,5.E-002));
#6154 = DIRECTION('',(-1.,-8.742277651224E-008,0.E+000));
#6155 = DIRECTION('',(8.742277651224E-008,-1.,0.E+000));
#6156 = ORIENTED_EDGE('',*,*,#6056,.F.);
#6157 = ORIENTED_EDGE('',*,*,#5988,.T.);
#6158 = CYLINDRICAL_SURFACE('',#6159,5.E-002);
#6159 = AXIS2_PLACEMENT_3D('',#6160,#6161,#6162);
#6160 = CARTESIAN_POINT('',(4.405995518368,2.140000608367,5.E-002));
#6161 = DIRECTION('',(-1.,-8.742277657348E-008,0.E+000));
#6162 = DIRECTION('',(8.742277657348E-008,-1.,0.E+000));
#6163 = ADVANCED_FACE('',(#6164),#6183,.T.);
#6164 = FACE_BOUND('',#6165,.T.);
#6165 = EDGE_LOOP('',(#6166,#6174,#6175,#6176));
#6166 = ORIENTED_EDGE('',*,*,#6167,.F.);
#6167 = EDGE_CURVE('',#5998,#6168,#6170,.T.);
#6168 = VERTEX_POINT('',#6169);
#6169 = CARTESIAN_POINT('',(2.755995522739,2.090000464119,0.85));
#6170 = LINE('',#6171,#6172);
#6171 = CARTESIAN_POINT('',(4.405995522739,2.090000608367,0.85));
#6172 = VECTOR('',#6173,1.);
#6173 = DIRECTION('',(-1.,-8.742277657348E-008,0.E+000));
#6174 = ORIENTED_EDGE('',*,*,#6005,.T.);
#6175 = ORIENTED_EDGE('',*,*,#6128,.T.);
#6176 = ORIENTED_EDGE('',*,*,#6177,.F.);
#6177 = EDGE_CURVE('',#6168,#6121,#6178,.T.);
#6178 = CIRCLE('',#6179,5.E-002);
#6179 = AXIS2_PLACEMENT_3D('',#6180,#6181,#6182);
#6180 = CARTESIAN_POINT('',(2.755995518368,2.140000464119,0.85));
#6181 = DIRECTION('',(-1.,-8.742277657348E-008,-6.123233995737E-017));
#6182 = DIRECTION('',(-6.123233995737E-017,-5.353101175164E-024,1.));
#6183 = CYLINDRICAL_SURFACE('',#6184,5.E-002);
#6184 = AXIS2_PLACEMENT_3D('',#6185,#6186,#6187);
#6185 = CARTESIAN_POINT('',(4.405995518368,2.140000608367,0.85));
#6186 = DIRECTION('',(-1.,-8.742277657348E-008,0.E+000));
#6187 = DIRECTION('',(8.742277657348E-008,-1.,0.E+000));
#6188 = ADVANCED_FACE('',(#6189),#6200,.T.);
#6189 = FACE_BOUND('',#6190,.T.);
#6190 = EDGE_LOOP('',(#6191,#6192,#6193,#6194));
#6191 = ORIENTED_EDGE('',*,*,#6142,.F.);
#6192 = ORIENTED_EDGE('',*,*,#5997,.T.);
#6193 = ORIENTED_EDGE('',*,*,#6167,.T.);
#6194 = ORIENTED_EDGE('',*,*,#6195,.F.);
#6195 = EDGE_CURVE('',#6143,#6168,#6196,.T.);
#6196 = LINE('',#6197,#6198);
#6197 = CARTESIAN_POINT('',(2.755995522739,2.090000464119,0.E+000));
#6198 = VECTOR('',#6199,1.);
#6199 = DIRECTION('',(0.E+000,0.E+000,1.));
#6200 = PLANE('',#6201);
#6201 = AXIS2_PLACEMENT_3D('',#6202,#6203,#6204);
#6202 = CARTESIAN_POINT('',(4.405995522739,2.090000608367,0.E+000));
#6203 = DIRECTION('',(8.742277657348E-008,-1.,0.E+000));
#6204 = DIRECTION('',(0.E+000,0.E+000,1.));
#6205 = ADVANCED_FACE('',(#6206),#6218,.T.);
#6206 = FACE_BOUND('',#6207,.T.);
#6207 = EDGE_LOOP('',(#6208,#6209,#6210,#6217));
#6208 = ORIENTED_EDGE('',*,*,#6031,.F.);
#6209 = ORIENTED_EDGE('',*,*,#6048,.T.);
#6210 = ORIENTED_EDGE('',*,*,#6211,.T.);
#6211 = EDGE_CURVE('',#6049,#6072,#6212,.T.);
#6212 = CIRCLE('',#6213,5.E-002);
#6213 = AXIS2_PLACEMENT_3D('',#6214,#6215,#6216);
#6214 = CARTESIAN_POINT('',(2.755995518368,2.140000464119,5.E-002));
#6215 = DIRECTION('',(-8.742277657348E-008,1.,0.E+000));
#6216 = DIRECTION('',(-1.,-8.742277657348E-008,0.E+000));
#6217 = ORIENTED_EDGE('',*,*,#6071,.F.);
#6218 = CYLINDRICAL_SURFACE('',#6219,5.E-002);
#6219 = AXIS2_PLACEMENT_3D('',#6220,#6221,#6222);
#6220 = CARTESIAN_POINT('',(2.755995444058,2.990000464119,5.E-002));
#6221 = DIRECTION('',(8.742277657348E-008,-1.,0.E+000));
#6222 = DIRECTION('',(-1.,-8.742277657348E-008,0.E+000));
#6223 = ADVANCED_FACE('',(#6224),#6236,.T.);
#6224 = FACE_BOUND('',#6225,.T.);
#6225 = EDGE_LOOP('',(#6226,#6227,#6234,#6235));
#6226 = ORIENTED_EDGE('',*,*,#6087,.T.);
#6227 = ORIENTED_EDGE('',*,*,#6228,.T.);
#6228 = EDGE_CURVE('',#6080,#6121,#6229,.T.);
#6229 = CIRCLE('',#6230,5.E-002);
#6230 = AXIS2_PLACEMENT_3D('',#6231,#6232,#6233);
#6231 = CARTESIAN_POINT('',(2.755995518368,2.140000464119,0.85));
#6232 = DIRECTION('',(-8.742277657348E-008,1.,0.E+000));
#6233 = DIRECTION('',(-1.,-8.742277657348E-008,0.E+000));
#6234 = ORIENTED_EDGE('',*,*,#6120,.F.);
#6235 = ORIENTED_EDGE('',*,*,#6101,.T.);
#6236 = CYLINDRICAL_SURFACE('',#6237,5.E-002);
#6237 = AXIS2_PLACEMENT_3D('',#6238,#6239,#6240);
#6238 = CARTESIAN_POINT('',(2.755995444058,2.990000464119,0.85));
#6239 = DIRECTION('',(8.742277657348E-008,-1.,0.E+000));
#6240 = DIRECTION('',(-1.,-8.742277657348E-008,0.E+000));
#6241 = ADVANCED_FACE('',(#6242),#6260,.T.);
#6242 = FACE_BOUND('',#6243,.T.);
#6243 = EDGE_LOOP('',(#6244,#6245,#6252,#6253));
#6244 = ORIENTED_EDGE('',*,*,#6079,.F.);
#6245 = ORIENTED_EDGE('',*,*,#6246,.T.);
#6246 = EDGE_CURVE('',#6072,#6143,#6247,.T.);
#6247 = CIRCLE('',#6248,5.E-002);
#6248 = AXIS2_PLACEMENT_3D('',#6249,#6250,#6251);
#6249 = CARTESIAN_POINT('',(2.755995518368,2.140000464119,5.E-002));
#6250 = DIRECTION('',(0.E+000,0.E+000,1.));
#6251 = DIRECTION('',(-1.,-8.742277657348E-008,0.E+000));
#6252 = ORIENTED_EDGE('',*,*,#6195,.T.);
#6253 = ORIENTED_EDGE('',*,*,#6254,.T.);
#6254 = EDGE_CURVE('',#6168,#6080,#6255,.T.);
#6255 = CIRCLE('',#6256,5.E-002);
#6256 = AXIS2_PLACEMENT_3D('',#6257,#6258,#6259);
#6257 = CARTESIAN_POINT('',(2.755995518368,2.140000464119,0.85));
#6258 = DIRECTION('',(-0.E+000,0.E+000,-1.));
#6259 = DIRECTION('',(-1.,-8.742277657348E-008,0.E+000));
#6260 = CYLINDRICAL_SURFACE('',#6261,5.E-002);
#6261 = AXIS2_PLACEMENT_3D('',#6262,#6263,#6264);
#6262 = CARTESIAN_POINT('',(2.755995518368,2.140000464119,0.E+000));
#6263 = DIRECTION('',(0.E+000,0.E+000,1.));
#6264 = DIRECTION('',(-1.,-8.742277657348E-008,0.E+000));
#6265 = ADVANCED_FACE('',(#6266),#6271,.T.);
#6266 = FACE_BOUND('',#6267,.T.);
#6267 = EDGE_LOOP('',(#6268,#6269,#6270));
#6268 = ORIENTED_EDGE('',*,*,#6211,.F.);
#6269 = ORIENTED_EDGE('',*,*,#6150,.T.);
#6270 = ORIENTED_EDGE('',*,*,#6246,.F.);
#6271 = SPHERICAL_SURFACE('',#6272,5.E-002);
#6272 = AXIS2_PLACEMENT_3D('',#6273,#6274,#6275);
#6273 = CARTESIAN_POINT('',(2.755995518368,2.140000464119,5.E-002));
#6274 = DIRECTION('',(0.E+000,0.E+000,1.));
#6275 = DIRECTION('',(-1.,-8.742277657348E-008,0.E+000));
#6276 = ADVANCED_FACE('',(#6277),#6282,.T.);
#6277 = FACE_BOUND('',#6278,.T.);
#6278 = EDGE_LOOP('',(#6279,#6280,#6281));
#6279 = ORIENTED_EDGE('',*,*,#6254,.F.);
#6280 = ORIENTED_EDGE('',*,*,#6177,.T.);
#6281 = ORIENTED_EDGE('',*,*,#6228,.F.);
#6282 = SPHERICAL_SURFACE('',#6283,5.E-002);
#6283 = AXIS2_PLACEMENT_3D('',#6284,#6285,#6286);
#6284 = CARTESIAN_POINT('',(2.755995518368,2.140000464119,0.85));
#6285 = DIRECTION('',(-8.742277657348E-008,1.,0.E+000));
#6286 = DIRECTION('',(-1.,-8.742277657348E-008,0.E+000));
#6287 = MANIFOLD_SOLID_BREP('',#6288);
#6288 = CLOSED_SHELL('',(#6289,#6329,#6362,#6395,#6428,#6461,#6478,#6495
    ,#6526,#6557,#6574,#6605,#6622,#6653,#6671,#6689,#6717,#6729));
#6289 = ADVANCED_FACE('',(#6290),#6324,.F.);
#6290 = FACE_BOUND('',#6291,.F.);
#6291 = EDGE_LOOP('',(#6292,#6302,#6310,#6318));
#6292 = ORIENTED_EDGE('',*,*,#6293,.F.);
#6293 = EDGE_CURVE('',#6294,#6296,#6298,.T.);
#6294 = VERTEX_POINT('',#6295);
#6295 = CARTESIAN_POINT('',(4.229997558594,5.479999546607,
    -0.672604513962));
#6296 = VERTEX_POINT('',#6297);
#6297 = CARTESIAN_POINT('',(4.229997558594,5.479999616546,
    -1.472604513962));
#6298 = LINE('',#6299,#6300);
#6299 = CARTESIAN_POINT('',(4.229997558594,5.479999542236,
    -0.622604513962));
#6300 = VECTOR('',#6301,1.);
#6301 = DIRECTION('',(0.E+000,8.742273394091E-008,-1.));
#6302 = ORIENTED_EDGE('',*,*,#6303,.T.);
#6303 = EDGE_CURVE('',#6294,#6304,#6306,.T.);
#6304 = VERTEX_POINT('',#6305);
#6305 = CARTESIAN_POINT('',(4.229997558594,4.679999546607,-0.6726045839)
  );
#6306 = LINE('',#6307,#6308);
#6307 = CARTESIAN_POINT('',(4.229997558594,5.529999546607,
    -0.672604509591));
#6308 = VECTOR('',#6309,1.);
#6309 = DIRECTION('',(0.E+000,-1.,-8.742273394091E-008));
#6310 = ORIENTED_EDGE('',*,*,#6311,.T.);
#6311 = EDGE_CURVE('',#6304,#6312,#6314,.T.);
#6312 = VERTEX_POINT('',#6313);
#6313 = CARTESIAN_POINT('',(4.229997558594,4.679999616546,-1.4726045839)
  );
#6314 = LINE('',#6315,#6316);
#6315 = CARTESIAN_POINT('',(4.229997558594,4.679999542236,-0.6226045839)
  );
#6316 = VECTOR('',#6317,1.);
#6317 = DIRECTION('',(0.E+000,8.742273394091E-008,-1.));
#6318 = ORIENTED_EDGE('',*,*,#6319,.F.);
#6319 = EDGE_CURVE('',#6296,#6312,#6320,.T.);
#6320 = LINE('',#6321,#6322);
#6321 = CARTESIAN_POINT('',(4.229997558594,5.529999616546,
    -1.472604509591));
#6322 = VECTOR('',#6323,1.);
#6323 = DIRECTION('',(0.E+000,-1.,-8.742273394091E-008));
#6324 = PLANE('',#6325);
#6325 = AXIS2_PLACEMENT_3D('',#6326,#6327,#6328);
#6326 = CARTESIAN_POINT('',(4.229997558594,5.529999542236,
    -0.622604509591));
#6327 = DIRECTION('',(1.,0.E+000,0.E+000));
#6328 = DIRECTION('',(0.E+000,8.742273394091E-008,-1.));
#6329 = ADVANCED_FACE('',(#6330),#6357,.T.);
#6330 = FACE_BOUND('',#6331,.T.);
#6331 = EDGE_LOOP('',(#6332,#6333,#6342,#6350));
#6332 = ORIENTED_EDGE('',*,*,#6293,.F.);
#6333 = ORIENTED_EDGE('',*,*,#6334,.T.);
#6334 = EDGE_CURVE('',#6294,#6335,#6337,.T.);
#6335 = VERTEX_POINT('',#6336);
#6336 = CARTESIAN_POINT('',(4.279997558594,5.529999546607,
    -0.672604509591));
#6337 = CIRCLE('',#6338,5.E-002);
#6338 = AXIS2_PLACEMENT_3D('',#6339,#6340,#6341);
#6339 = CARTESIAN_POINT('',(4.279997558594,5.479999546607,
    -0.672604513962));
#6340 = DIRECTION('',(0.E+000,8.742273394091E-008,-1.));
#6341 = DIRECTION('',(-1.,0.E+000,-0.E+000));
#6342 = ORIENTED_EDGE('',*,*,#6343,.T.);
#6343 = EDGE_CURVE('',#6335,#6344,#6346,.T.);
#6344 = VERTEX_POINT('',#6345);
#6345 = CARTESIAN_POINT('',(4.279997558594,5.529999616546,
    -1.472604509591));
#6346 = LINE('',#6347,#6348);
#6347 = CARTESIAN_POINT('',(4.279997558594,5.529999542236,
    -0.622604509591));
#6348 = VECTOR('',#6349,1.);
#6349 = DIRECTION('',(0.E+000,8.742273394091E-008,-1.));
#6350 = ORIENTED_EDGE('',*,*,#6351,.F.);
#6351 = EDGE_CURVE('',#6296,#6344,#6352,.T.);
#6352 = CIRCLE('',#6353,5.E-002);
#6353 = AXIS2_PLACEMENT_3D('',#6354,#6355,#6356);
#6354 = CARTESIAN_POINT('',(4.279997558594,5.479999616546,
    -1.472604513962));
#6355 = DIRECTION('',(0.E+000,8.742273394091E-008,-1.));
#6356 = DIRECTION('',(-1.,0.E+000,-0.E+000));
#6357 = CYLINDRICAL_SURFACE('',#6358,5.E-002);
#6358 = AXIS2_PLACEMENT_3D('',#6359,#6360,#6361);
#6359 = CARTESIAN_POINT('',(4.279997558594,5.479999542236,
    -0.622604513962));
#6360 = DIRECTION('',(0.E+000,8.742273394091E-008,-1.));
#6361 = DIRECTION('',(-1.,0.E+000,0.E+000));
#6362 = ADVANCED_FACE('',(#6363),#6390,.T.);
#6363 = FACE_BOUND('',#6364,.T.);
#6364 = EDGE_LOOP('',(#6365,#6366,#6375,#6383));
#6365 = ORIENTED_EDGE('',*,*,#6303,.T.);
#6366 = ORIENTED_EDGE('',*,*,#6367,.F.);
#6367 = EDGE_CURVE('',#6368,#6304,#6370,.T.);
#6368 = VERTEX_POINT('',#6369);
#6369 = CARTESIAN_POINT('',(4.279997558594,4.679999542236,-0.6226045839)
  );
#6370 = CIRCLE('',#6371,5.E-002);
#6371 = AXIS2_PLACEMENT_3D('',#6372,#6373,#6374);
#6372 = CARTESIAN_POINT('',(4.279997558594,4.679999546607,-0.6726045839)
  );
#6373 = DIRECTION('',(0.E+000,-1.,-8.742273394091E-008));
#6374 = DIRECTION('',(-1.,0.E+000,-0.E+000));
#6375 = ORIENTED_EDGE('',*,*,#6376,.F.);
#6376 = EDGE_CURVE('',#6377,#6368,#6379,.T.);
#6377 = VERTEX_POINT('',#6378);
#6378 = CARTESIAN_POINT('',(4.279997558594,5.479999542236,
    -0.622604513962));
#6379 = LINE('',#6380,#6381);
#6380 = CARTESIAN_POINT('',(4.279997558594,5.529999542236,
    -0.622604509591));
#6381 = VECTOR('',#6382,1.);
#6382 = DIRECTION('',(0.E+000,-1.,-8.742273394091E-008));
#6383 = ORIENTED_EDGE('',*,*,#6384,.T.);
#6384 = EDGE_CURVE('',#6377,#6294,#6385,.T.);
#6385 = CIRCLE('',#6386,5.E-002);
#6386 = AXIS2_PLACEMENT_3D('',#6387,#6388,#6389);
#6387 = CARTESIAN_POINT('',(4.279997558594,5.479999546607,
    -0.672604513962));
#6388 = DIRECTION('',(0.E+000,-1.,-8.742273394091E-008));
#6389 = DIRECTION('',(-1.,0.E+000,-0.E+000));
#6390 = CYLINDRICAL_SURFACE('',#6391,5.E-002);
#6391 = AXIS2_PLACEMENT_3D('',#6392,#6393,#6394);
#6392 = CARTESIAN_POINT('',(4.279997558594,5.529999546607,
    -0.672604509591));
#6393 = DIRECTION('',(0.E+000,-1.,-8.742273394091E-008));
#6394 = DIRECTION('',(-1.,0.E+000,0.E+000));
#6395 = ADVANCED_FACE('',(#6396),#6423,.T.);
#6396 = FACE_BOUND('',#6397,.T.);
#6397 = EDGE_LOOP('',(#6398,#6407,#6415,#6422));
#6398 = ORIENTED_EDGE('',*,*,#6399,.F.);
#6399 = EDGE_CURVE('',#6400,#6296,#6402,.T.);
#6400 = VERTEX_POINT('',#6401);
#6401 = CARTESIAN_POINT('',(4.279997558594,5.479999620917,
    -1.522604513962));
#6402 = CIRCLE('',#6403,5.E-002);
#6403 = AXIS2_PLACEMENT_3D('',#6404,#6405,#6406);
#6404 = CARTESIAN_POINT('',(4.279997558594,5.479999616546,
    -1.472604513962));
#6405 = DIRECTION('',(0.E+000,1.,8.742273394091E-008));
#6406 = DIRECTION('',(-1.,0.E+000,-0.E+000));
#6407 = ORIENTED_EDGE('',*,*,#6408,.T.);
#6408 = EDGE_CURVE('',#6400,#6409,#6411,.T.);
#6409 = VERTEX_POINT('',#6410);
#6410 = CARTESIAN_POINT('',(4.279997558594,4.679999620917,-1.5226045839)
  );
#6411 = LINE('',#6412,#6413);
#6412 = CARTESIAN_POINT('',(4.279997558594,5.529999620917,
    -1.522604509591));
#6413 = VECTOR('',#6414,1.);
#6414 = DIRECTION('',(0.E+000,-1.,-8.742273394091E-008));
#6415 = ORIENTED_EDGE('',*,*,#6416,.F.);
#6416 = EDGE_CURVE('',#6312,#6409,#6417,.T.);
#6417 = CIRCLE('',#6418,5.E-002);
#6418 = AXIS2_PLACEMENT_3D('',#6419,#6420,#6421);
#6419 = CARTESIAN_POINT('',(4.279997558594,4.679999616546,-1.4726045839)
  );
#6420 = DIRECTION('',(-0.E+000,-1.,-8.742273394091E-008));
#6421 = DIRECTION('',(-1.,0.E+000,0.E+000));
#6422 = ORIENTED_EDGE('',*,*,#6319,.F.);
#6423 = CYLINDRICAL_SURFACE('',#6424,5.E-002);
#6424 = AXIS2_PLACEMENT_3D('',#6425,#6426,#6427);
#6425 = CARTESIAN_POINT('',(4.279997558594,5.529999616546,
    -1.472604509591));
#6426 = DIRECTION('',(0.E+000,-1.,-8.742273394091E-008));
#6427 = DIRECTION('',(-1.,0.E+000,0.E+000));
#6428 = ADVANCED_FACE('',(#6429),#6456,.T.);
#6429 = FACE_BOUND('',#6430,.T.);
#6430 = EDGE_LOOP('',(#6431,#6440,#6448,#6455));
#6431 = ORIENTED_EDGE('',*,*,#6432,.F.);
#6432 = EDGE_CURVE('',#6433,#6312,#6435,.T.);
#6433 = VERTEX_POINT('',#6434);
#6434 = CARTESIAN_POINT('',(4.279997558594,4.629999616546,
    -1.472604588271));
#6435 = CIRCLE('',#6436,5.E-002);
#6436 = AXIS2_PLACEMENT_3D('',#6437,#6438,#6439);
#6437 = CARTESIAN_POINT('',(4.279997558594,4.679999616546,-1.4726045839)
  );
#6438 = DIRECTION('',(0.E+000,8.742273394091E-008,-1.));
#6439 = DIRECTION('',(-1.,0.E+000,0.E+000));
#6440 = ORIENTED_EDGE('',*,*,#6441,.F.);
#6441 = EDGE_CURVE('',#6442,#6433,#6444,.T.);
#6442 = VERTEX_POINT('',#6443);
#6443 = CARTESIAN_POINT('',(4.279997558594,4.629999546607,
    -0.672604588271));
#6444 = LINE('',#6445,#6446);
#6445 = CARTESIAN_POINT('',(4.279997558594,4.629999542236,
    -0.622604588271));
#6446 = VECTOR('',#6447,1.);
#6447 = DIRECTION('',(0.E+000,8.742273394091E-008,-1.));
#6448 = ORIENTED_EDGE('',*,*,#6449,.F.);
#6449 = EDGE_CURVE('',#6304,#6442,#6450,.T.);
#6450 = CIRCLE('',#6451,5.E-002);
#6451 = AXIS2_PLACEMENT_3D('',#6452,#6453,#6454);
#6452 = CARTESIAN_POINT('',(4.279997558594,4.679999546607,-0.6726045839)
  );
#6453 = DIRECTION('',(-0.E+000,-8.742273394091E-008,1.));
#6454 = DIRECTION('',(-1.,0.E+000,-0.E+000));
#6455 = ORIENTED_EDGE('',*,*,#6311,.T.);
#6456 = CYLINDRICAL_SURFACE('',#6457,5.E-002);
#6457 = AXIS2_PLACEMENT_3D('',#6458,#6459,#6460);
#6458 = CARTESIAN_POINT('',(4.279997558594,4.679999542236,-0.6226045839)
  );
#6459 = DIRECTION('',(0.E+000,8.742273394091E-008,-1.));
#6460 = DIRECTION('',(-1.,0.E+000,0.E+000));
#6461 = ADVANCED_FACE('',(#6462),#6473,.T.);
#6462 = FACE_BOUND('',#6463,.T.);
#6463 = EDGE_LOOP('',(#6464,#6465,#6472));
#6464 = ORIENTED_EDGE('',*,*,#6384,.F.);
#6465 = ORIENTED_EDGE('',*,*,#6466,.T.);
#6466 = EDGE_CURVE('',#6377,#6335,#6467,.T.);
#6467 = CIRCLE('',#6468,5.E-002);
#6468 = AXIS2_PLACEMENT_3D('',#6469,#6470,#6471);
#6469 = CARTESIAN_POINT('',(4.279997558594,5.479999546607,
    -0.672604513962));
#6470 = DIRECTION('',(-1.,-6.123233995737E-017,-5.353098564673E-024));
#6471 = DIRECTION('',(-6.123233995737E-017,1.,8.742273394091E-008));
#6472 = ORIENTED_EDGE('',*,*,#6334,.F.);
#6473 = SPHERICAL_SURFACE('',#6474,5.E-002);
#6474 = AXIS2_PLACEMENT_3D('',#6475,#6476,#6477);
#6475 = CARTESIAN_POINT('',(4.279997558594,5.479999546607,
    -0.672604513962));
#6476 = DIRECTION('',(0.E+000,8.742273394091E-008,-1.));
#6477 = DIRECTION('',(-1.,0.E+000,-0.E+000));
#6478 = ADVANCED_FACE('',(#6479),#6490,.T.);
#6479 = FACE_BOUND('',#6480,.T.);
#6480 = EDGE_LOOP('',(#6481,#6482,#6489));
#6481 = ORIENTED_EDGE('',*,*,#6351,.T.);
#6482 = ORIENTED_EDGE('',*,*,#6483,.F.);
#6483 = EDGE_CURVE('',#6400,#6344,#6484,.T.);
#6484 = CIRCLE('',#6485,5.E-002);
#6485 = AXIS2_PLACEMENT_3D('',#6486,#6487,#6488);
#6486 = CARTESIAN_POINT('',(4.279997558594,5.479999616546,
    -1.472604513962));
#6487 = DIRECTION('',(1.,6.123233995737E-017,5.353098564673E-024));
#6488 = DIRECTION('',(-6.123233995737E-017,1.,8.742273394091E-008));
#6489 = ORIENTED_EDGE('',*,*,#6399,.T.);
#6490 = SPHERICAL_SURFACE('',#6491,5.E-002);
#6491 = AXIS2_PLACEMENT_3D('',#6492,#6493,#6494);
#6492 = CARTESIAN_POINT('',(4.279997558594,5.479999616546,
    -1.472604513962));
#6493 = DIRECTION('',(-0.E+000,-8.742273394091E-008,1.));
#6494 = DIRECTION('',(-1.,0.E+000,-0.E+000));
#6495 = ADVANCED_FACE('',(#6496),#6521,.F.);
#6496 = FACE_BOUND('',#6497,.F.);
#6497 = EDGE_LOOP('',(#6498,#6506,#6507,#6515));
#6498 = ORIENTED_EDGE('',*,*,#6499,.F.);
#6499 = EDGE_CURVE('',#6335,#6500,#6502,.T.);
#6500 = VERTEX_POINT('',#6501);
#6501 = CARTESIAN_POINT('',(4.429997558594,5.529999546607,
    -0.672604509591));
#6502 = LINE('',#6503,#6504);
#6503 = CARTESIAN_POINT('',(4.229997558594,5.529999546607,
    -0.672604509591));
#6504 = VECTOR('',#6505,1.);
#6505 = DIRECTION('',(1.,0.E+000,0.E+000));
#6506 = ORIENTED_EDGE('',*,*,#6343,.T.);
#6507 = ORIENTED_EDGE('',*,*,#6508,.T.);
#6508 = EDGE_CURVE('',#6344,#6509,#6511,.T.);
#6509 = VERTEX_POINT('',#6510);
#6510 = CARTESIAN_POINT('',(4.429997558594,5.529999616546,
    -1.472604509591));
#6511 = LINE('',#6512,#6513);
#6512 = CARTESIAN_POINT('',(4.229997558594,5.529999616546,
    -1.472604509591));
#6513 = VECTOR('',#6514,1.);
#6514 = DIRECTION('',(1.,0.E+000,0.E+000));
#6515 = ORIENTED_EDGE('',*,*,#6516,.F.);
#6516 = EDGE_CURVE('',#6500,#6509,#6517,.T.);
#6517 = LINE('',#6518,#6519);
#6518 = CARTESIAN_POINT('',(4.429997558594,5.529999542236,
    -0.622604509591));
#6519 = VECTOR('',#6520,1.);
#6520 = DIRECTION('',(0.E+000,8.742273394091E-008,-1.));
#6521 = PLANE('',#6522);
#6522 = AXIS2_PLACEMENT_3D('',#6523,#6524,#6525);
#6523 = CARTESIAN_POINT('',(4.229997558594,5.529999542236,
    -0.622604509591));
#6524 = DIRECTION('',(0.E+000,-1.,-8.742273394091E-008));
#6525 = DIRECTION('',(0.E+000,8.742273394091E-008,-1.));
#6526 = ADVANCED_FACE('',(#6527),#6552,.F.);
#6527 = FACE_BOUND('',#6528,.F.);
#6528 = EDGE_LOOP('',(#6529,#6530,#6538,#6546));
#6529 = ORIENTED_EDGE('',*,*,#6376,.F.);
#6530 = ORIENTED_EDGE('',*,*,#6531,.T.);
#6531 = EDGE_CURVE('',#6377,#6532,#6534,.T.);
#6532 = VERTEX_POINT('',#6533);
#6533 = CARTESIAN_POINT('',(4.429997558594,5.479999542236,
    -0.622604513962));
#6534 = LINE('',#6535,#6536);
#6535 = CARTESIAN_POINT('',(4.229997558594,5.479999542236,
    -0.622604513962));
#6536 = VECTOR('',#6537,1.);
#6537 = DIRECTION('',(1.,0.E+000,0.E+000));
#6538 = ORIENTED_EDGE('',*,*,#6539,.T.);
#6539 = EDGE_CURVE('',#6532,#6540,#6542,.T.);
#6540 = VERTEX_POINT('',#6541);
#6541 = CARTESIAN_POINT('',(4.429997558594,4.679999542236,-0.6226045839)
  );
#6542 = LINE('',#6543,#6544);
#6543 = CARTESIAN_POINT('',(4.429997558594,5.529999542236,
    -0.622604509591));
#6544 = VECTOR('',#6545,1.);
#6545 = DIRECTION('',(0.E+000,-1.,-8.742273394091E-008));
#6546 = ORIENTED_EDGE('',*,*,#6547,.F.);
#6547 = EDGE_CURVE('',#6368,#6540,#6548,.T.);
#6548 = LINE('',#6549,#6550);
#6549 = CARTESIAN_POINT('',(4.229997558594,4.679999542236,-0.6226045839)
  );
#6550 = VECTOR('',#6551,1.);
#6551 = DIRECTION('',(1.,0.E+000,0.E+000));
#6552 = PLANE('',#6553);
#6553 = AXIS2_PLACEMENT_3D('',#6554,#6555,#6556);
#6554 = CARTESIAN_POINT('',(4.229997558594,5.529999542236,
    -0.622604509591));
#6555 = DIRECTION('',(0.E+000,8.742273394091E-008,-1.));
#6556 = DIRECTION('',(1.,0.E+000,0.E+000));
#6557 = ADVANCED_FACE('',(#6558),#6569,.T.);
#6558 = FACE_BOUND('',#6559,.T.);
#6559 = EDGE_LOOP('',(#6560,#6561,#6568));
#6560 = ORIENTED_EDGE('',*,*,#6449,.T.);
#6561 = ORIENTED_EDGE('',*,*,#6562,.F.);
#6562 = EDGE_CURVE('',#6368,#6442,#6563,.T.);
#6563 = CIRCLE('',#6564,5.E-002);
#6564 = AXIS2_PLACEMENT_3D('',#6565,#6566,#6567);
#6565 = CARTESIAN_POINT('',(4.279997558594,4.679999546607,-0.6726045839)
  );
#6566 = DIRECTION('',(1.,-6.123233995737E-017,-5.353098564673E-024));
#6567 = DIRECTION('',(-6.123233995737E-017,-1.,-8.742273394091E-008));
#6568 = ORIENTED_EDGE('',*,*,#6367,.T.);
#6569 = SPHERICAL_SURFACE('',#6570,5.E-002);
#6570 = AXIS2_PLACEMENT_3D('',#6571,#6572,#6573);
#6571 = CARTESIAN_POINT('',(4.279997558594,4.679999546607,-0.6726045839)
  );
#6572 = DIRECTION('',(0.E+000,8.742273394091E-008,-1.));
#6573 = DIRECTION('',(-1.,0.E+000,-0.E+000));
#6574 = ADVANCED_FACE('',(#6575),#6600,.T.);
#6575 = FACE_BOUND('',#6576,.T.);
#6576 = EDGE_LOOP('',(#6577,#6578,#6586,#6594));
#6577 = ORIENTED_EDGE('',*,*,#6408,.F.);
#6578 = ORIENTED_EDGE('',*,*,#6579,.T.);
#6579 = EDGE_CURVE('',#6400,#6580,#6582,.T.);
#6580 = VERTEX_POINT('',#6581);
#6581 = CARTESIAN_POINT('',(4.429997558594,5.479999620917,
    -1.522604513962));
#6582 = LINE('',#6583,#6584);
#6583 = CARTESIAN_POINT('',(4.229997558594,5.479999620917,
    -1.522604513962));
#6584 = VECTOR('',#6585,1.);
#6585 = DIRECTION('',(1.,0.E+000,0.E+000));
#6586 = ORIENTED_EDGE('',*,*,#6587,.T.);
#6587 = EDGE_CURVE('',#6580,#6588,#6590,.T.);
#6588 = VERTEX_POINT('',#6589);
#6589 = CARTESIAN_POINT('',(4.429997558594,4.679999620917,-1.5226045839)
  );
#6590 = LINE('',#6591,#6592);
#6591 = CARTESIAN_POINT('',(4.429997558594,5.529999620917,
    -1.522604509591));
#6592 = VECTOR('',#6593,1.);
#6593 = DIRECTION('',(0.E+000,-1.,-8.742273394091E-008));
#6594 = ORIENTED_EDGE('',*,*,#6595,.F.);
#6595 = EDGE_CURVE('',#6409,#6588,#6596,.T.);
#6596 = LINE('',#6597,#6598);
#6597 = CARTESIAN_POINT('',(4.229997558594,4.679999620917,-1.5226045839)
  );
#6598 = VECTOR('',#6599,1.);
#6599 = DIRECTION('',(1.,0.E+000,0.E+000));
#6600 = PLANE('',#6601);
#6601 = AXIS2_PLACEMENT_3D('',#6602,#6603,#6604);
#6602 = CARTESIAN_POINT('',(4.229997558594,5.529999620917,
    -1.522604509591));
#6603 = DIRECTION('',(0.E+000,8.742273394091E-008,-1.));
#6604 = DIRECTION('',(1.,0.E+000,0.E+000));
#6605 = ADVANCED_FACE('',(#6606),#6617,.T.);
#6606 = FACE_BOUND('',#6607,.T.);
#6607 = EDGE_LOOP('',(#6608,#6609,#6616));
#6608 = ORIENTED_EDGE('',*,*,#6416,.T.);
#6609 = ORIENTED_EDGE('',*,*,#6610,.F.);
#6610 = EDGE_CURVE('',#6433,#6409,#6611,.T.);
#6611 = CIRCLE('',#6612,5.E-002);
#6612 = AXIS2_PLACEMENT_3D('',#6613,#6614,#6615);
#6613 = CARTESIAN_POINT('',(4.279997558594,4.679999616546,-1.4726045839)
  );
#6614 = DIRECTION('',(1.,5.353098564673E-024,-6.123233995737E-017));
#6615 = DIRECTION('',(-6.123233995737E-017,8.742273394091E-008,-1.));
#6616 = ORIENTED_EDGE('',*,*,#6432,.T.);
#6617 = SPHERICAL_SURFACE('',#6618,5.E-002);
#6618 = AXIS2_PLACEMENT_3D('',#6619,#6620,#6621);
#6619 = CARTESIAN_POINT('',(4.279997558594,4.679999616546,-1.4726045839)
  );
#6620 = DIRECTION('',(0.E+000,1.,8.742273394091E-008));
#6621 = DIRECTION('',(-1.,0.E+000,0.E+000));
#6622 = ADVANCED_FACE('',(#6623),#6648,.T.);
#6623 = FACE_BOUND('',#6624,.T.);
#6624 = EDGE_LOOP('',(#6625,#6633,#6634,#6642));
#6625 = ORIENTED_EDGE('',*,*,#6626,.F.);
#6626 = EDGE_CURVE('',#6442,#6627,#6629,.T.);
#6627 = VERTEX_POINT('',#6628);
#6628 = CARTESIAN_POINT('',(4.429997558594,4.629999546607,
    -0.672604588271));
#6629 = LINE('',#6630,#6631);
#6630 = CARTESIAN_POINT('',(4.229997558594,4.629999546607,
    -0.672604588271));
#6631 = VECTOR('',#6632,1.);
#6632 = DIRECTION('',(1.,0.E+000,0.E+000));
#6633 = ORIENTED_EDGE('',*,*,#6441,.T.);
#6634 = ORIENTED_EDGE('',*,*,#6635,.T.);
#6635 = EDGE_CURVE('',#6433,#6636,#6638,.T.);
#6636 = VERTEX_POINT('',#6637);
#6637 = CARTESIAN_POINT('',(4.429997558594,4.629999616546,
    -1.472604588271));
#6638 = LINE('',#6639,#6640);
#6639 = CARTESIAN_POINT('',(4.229997558594,4.629999616546,
    -1.472604588271));
#6640 = VECTOR('',#6641,1.);
#6641 = DIRECTION('',(1.,0.E+000,0.E+000));
#6642 = ORIENTED_EDGE('',*,*,#6643,.F.);
#6643 = EDGE_CURVE('',#6627,#6636,#6644,.T.);
#6644 = LINE('',#6645,#6646);
#6645 = CARTESIAN_POINT('',(4.429997558594,4.629999542236,
    -0.622604588271));
#6646 = VECTOR('',#6647,1.);
#6647 = DIRECTION('',(0.E+000,8.742273394091E-008,-1.));
#6648 = PLANE('',#6649);
#6649 = AXIS2_PLACEMENT_3D('',#6650,#6651,#6652);
#6650 = CARTESIAN_POINT('',(4.229997558594,4.629999542236,
    -0.622604588271));
#6651 = DIRECTION('',(0.E+000,-1.,-8.742273394091E-008));
#6652 = DIRECTION('',(0.E+000,8.742273394091E-008,-1.));
#6653 = ADVANCED_FACE('',(#6654),#6666,.T.);
#6654 = FACE_BOUND('',#6655,.T.);
#6655 = EDGE_LOOP('',(#6656,#6657,#6658,#6665));
#6656 = ORIENTED_EDGE('',*,*,#6466,.F.);
#6657 = ORIENTED_EDGE('',*,*,#6531,.T.);
#6658 = ORIENTED_EDGE('',*,*,#6659,.F.);
#6659 = EDGE_CURVE('',#6500,#6532,#6660,.T.);
#6660 = CIRCLE('',#6661,5.E-002);
#6661 = AXIS2_PLACEMENT_3D('',#6662,#6663,#6664);
#6662 = CARTESIAN_POINT('',(4.429997558594,5.479999546607,
    -0.672604513962));
#6663 = DIRECTION('',(1.,0.E+000,-0.E+000));
#6664 = DIRECTION('',(0.E+000,1.,8.742273394091E-008));
#6665 = ORIENTED_EDGE('',*,*,#6499,.F.);
#6666 = CYLINDRICAL_SURFACE('',#6667,5.E-002);
#6667 = AXIS2_PLACEMENT_3D('',#6668,#6669,#6670);
#6668 = CARTESIAN_POINT('',(4.229997558594,5.479999546607,
    -0.672604513962));
#6669 = DIRECTION('',(1.,0.E+000,0.E+000));
#6670 = DIRECTION('',(0.E+000,1.,8.742273394091E-008));
#6671 = ADVANCED_FACE('',(#6672),#6684,.T.);
#6672 = FACE_BOUND('',#6673,.T.);
#6673 = EDGE_LOOP('',(#6674,#6675,#6682,#6683));
#6674 = ORIENTED_EDGE('',*,*,#6508,.T.);
#6675 = ORIENTED_EDGE('',*,*,#6676,.F.);
#6676 = EDGE_CURVE('',#6580,#6509,#6677,.T.);
#6677 = CIRCLE('',#6678,5.E-002);
#6678 = AXIS2_PLACEMENT_3D('',#6679,#6680,#6681);
#6679 = CARTESIAN_POINT('',(4.429997558594,5.479999616546,
    -1.472604513962));
#6680 = DIRECTION('',(1.,0.E+000,-0.E+000));
#6681 = DIRECTION('',(0.E+000,1.,8.742273394091E-008));
#6682 = ORIENTED_EDGE('',*,*,#6579,.F.);
#6683 = ORIENTED_EDGE('',*,*,#6483,.T.);
#6684 = CYLINDRICAL_SURFACE('',#6685,5.E-002);
#6685 = AXIS2_PLACEMENT_3D('',#6686,#6687,#6688);
#6686 = CARTESIAN_POINT('',(4.229997558594,5.479999616546,
    -1.472604513962));
#6687 = DIRECTION('',(1.,0.E+000,0.E+000));
#6688 = DIRECTION('',(0.E+000,1.,8.742273394091E-008));
#6689 = ADVANCED_FACE('',(#6690),#6712,.T.);
#6690 = FACE_BOUND('',#6691,.T.);
#6691 = EDGE_LOOP('',(#6692,#6693,#6694,#6695,#6702,#6703,#6710,#6711));
#6692 = ORIENTED_EDGE('',*,*,#6516,.F.);
#6693 = ORIENTED_EDGE('',*,*,#6659,.T.);
#6694 = ORIENTED_EDGE('',*,*,#6539,.T.);
#6695 = ORIENTED_EDGE('',*,*,#6696,.T.);
#6696 = EDGE_CURVE('',#6540,#6627,#6697,.T.);
#6697 = CIRCLE('',#6698,5.E-002);
#6698 = AXIS2_PLACEMENT_3D('',#6699,#6700,#6701);
#6699 = CARTESIAN_POINT('',(4.429997558594,4.679999546607,-0.6726045839)
  );
#6700 = DIRECTION('',(1.,0.E+000,0.E+000));
#6701 = DIRECTION('',(0.E+000,-1.,-8.742273394091E-008));
#6702 = ORIENTED_EDGE('',*,*,#6643,.T.);
#6703 = ORIENTED_EDGE('',*,*,#6704,.T.);
#6704 = EDGE_CURVE('',#6636,#6588,#6705,.T.);
#6705 = CIRCLE('',#6706,5.E-002);
#6706 = AXIS2_PLACEMENT_3D('',#6707,#6708,#6709);
#6707 = CARTESIAN_POINT('',(4.429997558594,4.679999616546,-1.4726045839)
  );
#6708 = DIRECTION('',(1.,0.E+000,0.E+000));
#6709 = DIRECTION('',(0.E+000,-1.,-8.742273394091E-008));
#6710 = ORIENTED_EDGE('',*,*,#6587,.F.);
#6711 = ORIENTED_EDGE('',*,*,#6676,.T.);
#6712 = PLANE('',#6713);
#6713 = AXIS2_PLACEMENT_3D('',#6714,#6715,#6716);
#6714 = CARTESIAN_POINT('',(4.429997558594,5.529999542236,
    -0.622604509591));
#6715 = DIRECTION('',(1.,0.E+000,0.E+000));
#6716 = DIRECTION('',(0.E+000,8.742273394091E-008,-1.));
#6717 = ADVANCED_FACE('',(#6718),#6724,.T.);
#6718 = FACE_BOUND('',#6719,.T.);
#6719 = EDGE_LOOP('',(#6720,#6721,#6722,#6723));
#6720 = ORIENTED_EDGE('',*,*,#6626,.T.);
#6721 = ORIENTED_EDGE('',*,*,#6696,.F.);
#6722 = ORIENTED_EDGE('',*,*,#6547,.F.);
#6723 = ORIENTED_EDGE('',*,*,#6562,.T.);
#6724 = CYLINDRICAL_SURFACE('',#6725,5.E-002);
#6725 = AXIS2_PLACEMENT_3D('',#6726,#6727,#6728);
#6726 = CARTESIAN_POINT('',(4.229997558594,4.679999546607,-0.6726045839)
  );
#6727 = DIRECTION('',(1.,0.E+000,0.E+000));
#6728 = DIRECTION('',(0.E+000,-1.,-8.742273394091E-008));
#6729 = ADVANCED_FACE('',(#6730),#6736,.T.);
#6730 = FACE_BOUND('',#6731,.T.);
#6731 = EDGE_LOOP('',(#6732,#6733,#6734,#6735));
#6732 = ORIENTED_EDGE('',*,*,#6635,.F.);
#6733 = ORIENTED_EDGE('',*,*,#6610,.T.);
#6734 = ORIENTED_EDGE('',*,*,#6595,.T.);
#6735 = ORIENTED_EDGE('',*,*,#6704,.F.);
#6736 = CYLINDRICAL_SURFACE('',#6737,5.E-002);
#6737 = AXIS2_PLACEMENT_3D('',#6738,#6739,#6740);
#6738 = CARTESIAN_POINT('',(4.229997558594,4.679999616546,-1.4726045839)
  );
#6739 = DIRECTION('',(1.,0.E+000,0.E+000));
#6740 = DIRECTION('',(0.E+000,-1.,-8.742273394091E-008));
#6741 = MANIFOLD_SOLID_BREP('',#6742);
#6742 = CLOSED_SHELL('',(#6743,#6783,#6816,#6849,#6882,#6933,#6950,#6974
    ,#7005,#7022,#7046,#7071,#7096,#7113,#7131,#7149,#7173,#7184));
#6743 = ADVANCED_FACE('',(#6744),#6778,.F.);
#6744 = FACE_BOUND('',#6745,.F.);
#6745 = EDGE_LOOP('',(#6746,#6756,#6764,#6772));
#6746 = ORIENTED_EDGE('',*,*,#6747,.F.);
#6747 = EDGE_CURVE('',#6748,#6750,#6752,.T.);
#6748 = VERTEX_POINT('',#6749);
#6749 = CARTESIAN_POINT('',(5.729997558594,5.529999546607,
    -0.672604509591));
#6750 = VERTEX_POINT('',#6751);
#6751 = CARTESIAN_POINT('',(5.879997558594,5.529999546607,
    -0.672604509591));
#6752 = LINE('',#6753,#6754);
#6753 = CARTESIAN_POINT('',(4.229997558594,5.529999546607,
    -0.672604509591));
#6754 = VECTOR('',#6755,1.);
#6755 = DIRECTION('',(1.,0.E+000,0.E+000));
#6756 = ORIENTED_EDGE('',*,*,#6757,.T.);
#6757 = EDGE_CURVE('',#6748,#6758,#6760,.T.);
#6758 = VERTEX_POINT('',#6759);
#6759 = CARTESIAN_POINT('',(5.729997558594,5.529999616546,
    -1.472604509591));
#6760 = LINE('',#6761,#6762);
#6761 = CARTESIAN_POINT('',(5.729997558594,5.529999542236,
    -0.622604509591));
#6762 = VECTOR('',#6763,1.);
#6763 = DIRECTION('',(0.E+000,8.742273394091E-008,-1.));
#6764 = ORIENTED_EDGE('',*,*,#6765,.T.);
#6765 = EDGE_CURVE('',#6758,#6766,#6768,.T.);
#6766 = VERTEX_POINT('',#6767);
#6767 = CARTESIAN_POINT('',(5.879997558594,5.529999616546,
    -1.472604509591));
#6768 = LINE('',#6769,#6770);
#6769 = CARTESIAN_POINT('',(4.229997558594,5.529999616546,
    -1.472604509591));
#6770 = VECTOR('',#6771,1.);
#6771 = DIRECTION('',(1.,0.E+000,0.E+000));
#6772 = ORIENTED_EDGE('',*,*,#6773,.F.);
#6773 = EDGE_CURVE('',#6750,#6766,#6774,.T.);
#6774 = LINE('',#6775,#6776);
#6775 = CARTESIAN_POINT('',(5.879997558594,5.529999542236,
    -0.622604509591));
#6776 = VECTOR('',#6777,1.);
#6777 = DIRECTION('',(0.E+000,8.742273394091E-008,-1.));
#6778 = PLANE('',#6779);
#6779 = AXIS2_PLACEMENT_3D('',#6780,#6781,#6782);
#6780 = CARTESIAN_POINT('',(4.229997558594,5.529999542236,
    -0.622604509591));
#6781 = DIRECTION('',(0.E+000,-1.,-8.742273394091E-008));
#6782 = DIRECTION('',(0.E+000,8.742273394091E-008,-1.));
#6783 = ADVANCED_FACE('',(#6784),#6811,.T.);
#6784 = FACE_BOUND('',#6785,.T.);
#6785 = EDGE_LOOP('',(#6786,#6795,#6803,#6810));
#6786 = ORIENTED_EDGE('',*,*,#6787,.T.);
#6787 = EDGE_CURVE('',#6748,#6788,#6790,.T.);
#6788 = VERTEX_POINT('',#6789);
#6789 = CARTESIAN_POINT('',(5.729997558594,5.479999542236,
    -0.622604513962));
#6790 = CIRCLE('',#6791,5.E-002);
#6791 = AXIS2_PLACEMENT_3D('',#6792,#6793,#6794);
#6792 = CARTESIAN_POINT('',(5.729997558594,5.479999546607,
    -0.672604513962));
#6793 = DIRECTION('',(1.,0.E+000,-0.E+000));
#6794 = DIRECTION('',(0.E+000,1.,8.742273394091E-008));
#6795 = ORIENTED_EDGE('',*,*,#6796,.T.);
#6796 = EDGE_CURVE('',#6788,#6797,#6799,.T.);
#6797 = VERTEX_POINT('',#6798);
#6798 = CARTESIAN_POINT('',(5.879997558594,5.479999542236,
    -0.622604513962));
#6799 = LINE('',#6800,#6801);
#6800 = CARTESIAN_POINT('',(4.229997558594,5.479999542236,
    -0.622604513962));
#6801 = VECTOR('',#6802,1.);
#6802 = DIRECTION('',(1.,0.E+000,0.E+000));
#6803 = ORIENTED_EDGE('',*,*,#6804,.T.);
#6804 = EDGE_CURVE('',#6797,#6750,#6805,.T.);
#6805 = CIRCLE('',#6806,5.E-002);
#6806 = AXIS2_PLACEMENT_3D('',#6807,#6808,#6809);
#6807 = CARTESIAN_POINT('',(5.879997558594,5.479999546607,
    -0.672604513962));
#6808 = DIRECTION('',(-1.,6.123233995737E-017,5.353098564673E-024));
#6809 = DIRECTION('',(6.123233995737E-017,1.,8.742273394091E-008));
#6810 = ORIENTED_EDGE('',*,*,#6747,.F.);
#6811 = CYLINDRICAL_SURFACE('',#6812,5.E-002);
#6812 = AXIS2_PLACEMENT_3D('',#6813,#6814,#6815);
#6813 = CARTESIAN_POINT('',(4.229997558594,5.479999546607,
    -0.672604513962));
#6814 = DIRECTION('',(1.,0.E+000,0.E+000));
#6815 = DIRECTION('',(0.E+000,1.,8.742273394091E-008));
#6816 = ADVANCED_FACE('',(#6817),#6844,.T.);
#6817 = FACE_BOUND('',#6818,.T.);
#6818 = EDGE_LOOP('',(#6819,#6828,#6829,#6838));
#6819 = ORIENTED_EDGE('',*,*,#6820,.T.);
#6820 = EDGE_CURVE('',#6821,#6766,#6823,.T.);
#6821 = VERTEX_POINT('',#6822);
#6822 = CARTESIAN_POINT('',(5.929997558594,5.479999616546,
    -1.472604513962));
#6823 = CIRCLE('',#6824,5.E-002);
#6824 = AXIS2_PLACEMENT_3D('',#6825,#6826,#6827);
#6825 = CARTESIAN_POINT('',(5.879997558594,5.479999616546,
    -1.472604513962));
#6826 = DIRECTION('',(0.E+000,-8.742273394091E-008,1.));
#6827 = DIRECTION('',(1.,0.E+000,0.E+000));
#6828 = ORIENTED_EDGE('',*,*,#6773,.F.);
#6829 = ORIENTED_EDGE('',*,*,#6830,.F.);
#6830 = EDGE_CURVE('',#6831,#6750,#6833,.T.);
#6831 = VERTEX_POINT('',#6832);
#6832 = CARTESIAN_POINT('',(5.929997558594,5.479999546607,
    -0.672604513962));
#6833 = CIRCLE('',#6834,5.E-002);
#6834 = AXIS2_PLACEMENT_3D('',#6835,#6836,#6837);
#6835 = CARTESIAN_POINT('',(5.879997558594,5.479999546607,
    -0.672604513962));
#6836 = DIRECTION('',(0.E+000,-8.742273394091E-008,1.));
#6837 = DIRECTION('',(1.,0.E+000,0.E+000));
#6838 = ORIENTED_EDGE('',*,*,#6839,.T.);
#6839 = EDGE_CURVE('',#6831,#6821,#6840,.T.);
#6840 = LINE('',#6841,#6842);
#6841 = CARTESIAN_POINT('',(5.929997558594,5.479999542236,
    -0.622604513962));
#6842 = VECTOR('',#6843,1.);
#6843 = DIRECTION('',(0.E+000,8.742273394091E-008,-1.));
#6844 = CYLINDRICAL_SURFACE('',#6845,5.E-002);
#6845 = AXIS2_PLACEMENT_3D('',#6846,#6847,#6848);
#6846 = CARTESIAN_POINT('',(5.879997558594,5.479999542236,
    -0.622604513962));
#6847 = DIRECTION('',(0.E+000,8.742273394091E-008,-1.));
#6848 = DIRECTION('',(1.,0.E+000,0.E+000));
#6849 = ADVANCED_FACE('',(#6850),#6877,.T.);
#6850 = FACE_BOUND('',#6851,.T.);
#6851 = EDGE_LOOP('',(#6852,#6853,#6862,#6870));
#6852 = ORIENTED_EDGE('',*,*,#6765,.T.);
#6853 = ORIENTED_EDGE('',*,*,#6854,.F.);
#6854 = EDGE_CURVE('',#6855,#6766,#6857,.T.);
#6855 = VERTEX_POINT('',#6856);
#6856 = CARTESIAN_POINT('',(5.879997558594,5.479999620917,
    -1.522604513962));
#6857 = CIRCLE('',#6858,5.E-002);
#6858 = AXIS2_PLACEMENT_3D('',#6859,#6860,#6861);
#6859 = CARTESIAN_POINT('',(5.879997558594,5.479999616546,
    -1.472604513962));
#6860 = DIRECTION('',(1.,-6.123233995737E-017,-5.353098564673E-024));
#6861 = DIRECTION('',(6.123233995737E-017,1.,8.742273394091E-008));
#6862 = ORIENTED_EDGE('',*,*,#6863,.F.);
#6863 = EDGE_CURVE('',#6864,#6855,#6866,.T.);
#6864 = VERTEX_POINT('',#6865);
#6865 = CARTESIAN_POINT('',(5.729997558594,5.479999620917,
    -1.522604513962));
#6866 = LINE('',#6867,#6868);
#6867 = CARTESIAN_POINT('',(4.229997558594,5.479999620917,
    -1.522604513962));
#6868 = VECTOR('',#6869,1.);
#6869 = DIRECTION('',(1.,0.E+000,0.E+000));
#6870 = ORIENTED_EDGE('',*,*,#6871,.T.);
#6871 = EDGE_CURVE('',#6864,#6758,#6872,.T.);
#6872 = CIRCLE('',#6873,5.E-002);
#6873 = AXIS2_PLACEMENT_3D('',#6874,#6875,#6876);
#6874 = CARTESIAN_POINT('',(5.729997558594,5.479999616546,
    -1.472604513962));
#6875 = DIRECTION('',(1.,0.E+000,-0.E+000));
#6876 = DIRECTION('',(0.E+000,1.,8.742273394091E-008));
#6877 = CYLINDRICAL_SURFACE('',#6878,5.E-002);
#6878 = AXIS2_PLACEMENT_3D('',#6879,#6880,#6881);
#6879 = CARTESIAN_POINT('',(4.229997558594,5.479999616546,
    -1.472604513962));
#6880 = DIRECTION('',(1.,0.E+000,0.E+000));
#6881 = DIRECTION('',(0.E+000,1.,8.742273394091E-008));
#6882 = ADVANCED_FACE('',(#6883),#6928,.F.);
#6883 = FACE_BOUND('',#6884,.F.);
#6884 = EDGE_LOOP('',(#6885,#6886,#6887,#6895,#6904,#6912,#6921,#6927));
#6885 = ORIENTED_EDGE('',*,*,#6757,.F.);
#6886 = ORIENTED_EDGE('',*,*,#6787,.T.);
#6887 = ORIENTED_EDGE('',*,*,#6888,.T.);
#6888 = EDGE_CURVE('',#6788,#6889,#6891,.T.);
#6889 = VERTEX_POINT('',#6890);
#6890 = CARTESIAN_POINT('',(5.729997558594,4.679999542236,-0.6226045839)
  );
#6891 = LINE('',#6892,#6893);
#6892 = CARTESIAN_POINT('',(5.729997558594,5.529999542236,
    -0.622604509591));
#6893 = VECTOR('',#6894,1.);
#6894 = DIRECTION('',(0.E+000,-1.,-8.742273394091E-008));
#6895 = ORIENTED_EDGE('',*,*,#6896,.T.);
#6896 = EDGE_CURVE('',#6889,#6897,#6899,.T.);
#6897 = VERTEX_POINT('',#6898);
#6898 = CARTESIAN_POINT('',(5.729997558594,4.629999546607,
    -0.672604588271));
#6899 = CIRCLE('',#6900,5.E-002);
#6900 = AXIS2_PLACEMENT_3D('',#6901,#6902,#6903);
#6901 = CARTESIAN_POINT('',(5.729997558594,4.679999546607,-0.6726045839)
  );
#6902 = DIRECTION('',(1.,0.E+000,0.E+000));
#6903 = DIRECTION('',(0.E+000,-1.,-8.742273394091E-008));
#6904 = ORIENTED_EDGE('',*,*,#6905,.T.);
#6905 = EDGE_CURVE('',#6897,#6906,#6908,.T.);
#6906 = VERTEX_POINT('',#6907);
#6907 = CARTESIAN_POINT('',(5.729997558594,4.629999616546,
    -1.472604588271));
#6908 = LINE('',#6909,#6910);
#6909 = CARTESIAN_POINT('',(5.729997558594,4.629999542236,
    -0.622604588271));
#6910 = VECTOR('',#6911,1.);
#6911 = DIRECTION('',(0.E+000,8.742273394091E-008,-1.));
#6912 = ORIENTED_EDGE('',*,*,#6913,.T.);
#6913 = EDGE_CURVE('',#6906,#6914,#6916,.T.);
#6914 = VERTEX_POINT('',#6915);
#6915 = CARTESIAN_POINT('',(5.729997558594,4.679999620917,-1.5226045839)
  );
#6916 = CIRCLE('',#6917,5.E-002);
#6917 = AXIS2_PLACEMENT_3D('',#6918,#6919,#6920);
#6918 = CARTESIAN_POINT('',(5.729997558594,4.679999616546,-1.4726045839)
  );
#6919 = DIRECTION('',(1.,0.E+000,0.E+000));
#6920 = DIRECTION('',(0.E+000,-1.,-8.742273394091E-008));
#6921 = ORIENTED_EDGE('',*,*,#6922,.F.);
#6922 = EDGE_CURVE('',#6864,#6914,#6923,.T.);
#6923 = LINE('',#6924,#6925);
#6924 = CARTESIAN_POINT('',(5.729997558594,5.529999620917,
    -1.522604509591));
#6925 = VECTOR('',#6926,1.);
#6926 = DIRECTION('',(0.E+000,-1.,-8.742273394091E-008));
#6927 = ORIENTED_EDGE('',*,*,#6871,.T.);
#6928 = PLANE('',#6929);
#6929 = AXIS2_PLACEMENT_3D('',#6930,#6931,#6932);
#6930 = CARTESIAN_POINT('',(5.729997558594,5.529999542236,
    -0.622604509591));
#6931 = DIRECTION('',(1.,0.E+000,0.E+000));
#6932 = DIRECTION('',(0.E+000,8.742273394091E-008,-1.));
#6933 = ADVANCED_FACE('',(#6934),#6945,.T.);
#6934 = FACE_BOUND('',#6935,.T.);
#6935 = EDGE_LOOP('',(#6936,#6937,#6938));
#6936 = ORIENTED_EDGE('',*,*,#6830,.T.);
#6937 = ORIENTED_EDGE('',*,*,#6804,.F.);
#6938 = ORIENTED_EDGE('',*,*,#6939,.T.);
#6939 = EDGE_CURVE('',#6797,#6831,#6940,.T.);
#6940 = CIRCLE('',#6941,5.E-002);
#6941 = AXIS2_PLACEMENT_3D('',#6942,#6943,#6944);
#6942 = CARTESIAN_POINT('',(5.879997558594,5.479999546607,
    -0.672604513962));
#6943 = DIRECTION('',(-0.E+000,1.,8.742273394091E-008));
#6944 = DIRECTION('',(1.,0.E+000,0.E+000));
#6945 = SPHERICAL_SURFACE('',#6946,5.E-002);
#6946 = AXIS2_PLACEMENT_3D('',#6947,#6948,#6949);
#6947 = CARTESIAN_POINT('',(5.879997558594,5.479999546607,
    -0.672604513962));
#6948 = DIRECTION('',(0.E+000,8.742273394091E-008,-1.));
#6949 = DIRECTION('',(1.,0.E+000,0.E+000));
#6950 = ADVANCED_FACE('',(#6951),#6969,.F.);
#6951 = FACE_BOUND('',#6952,.F.);
#6952 = EDGE_LOOP('',(#6953,#6954,#6955,#6963));
#6953 = ORIENTED_EDGE('',*,*,#6888,.F.);
#6954 = ORIENTED_EDGE('',*,*,#6796,.T.);
#6955 = ORIENTED_EDGE('',*,*,#6956,.T.);
#6956 = EDGE_CURVE('',#6797,#6957,#6959,.T.);
#6957 = VERTEX_POINT('',#6958);
#6958 = CARTESIAN_POINT('',(5.879997558594,4.679999542236,-0.6226045839)
  );
#6959 = LINE('',#6960,#6961);
#6960 = CARTESIAN_POINT('',(5.879997558594,5.529999542236,
    -0.622604509591));
#6961 = VECTOR('',#6962,1.);
#6962 = DIRECTION('',(0.E+000,-1.,-8.742273394091E-008));
#6963 = ORIENTED_EDGE('',*,*,#6964,.F.);
#6964 = EDGE_CURVE('',#6889,#6957,#6965,.T.);
#6965 = LINE('',#6966,#6967);
#6966 = CARTESIAN_POINT('',(4.229997558594,4.679999542236,-0.6226045839)
  );
#6967 = VECTOR('',#6968,1.);
#6968 = DIRECTION('',(1.,0.E+000,0.E+000));
#6969 = PLANE('',#6970);
#6970 = AXIS2_PLACEMENT_3D('',#6971,#6972,#6973);
#6971 = CARTESIAN_POINT('',(4.229997558594,5.529999542236,
    -0.622604509591));
#6972 = DIRECTION('',(0.E+000,8.742273394091E-008,-1.));
#6973 = DIRECTION('',(1.,0.E+000,0.E+000));
#6974 = ADVANCED_FACE('',(#6975),#7000,.T.);
#6975 = FACE_BOUND('',#6976,.T.);
#6976 = EDGE_LOOP('',(#6977,#6978,#6986,#6994));
#6977 = ORIENTED_EDGE('',*,*,#6839,.F.);
#6978 = ORIENTED_EDGE('',*,*,#6979,.T.);
#6979 = EDGE_CURVE('',#6831,#6980,#6982,.T.);
#6980 = VERTEX_POINT('',#6981);
#6981 = CARTESIAN_POINT('',(5.929997558594,4.679999546607,-0.6726045839)
  );
#6982 = LINE('',#6983,#6984);
#6983 = CARTESIAN_POINT('',(5.929997558594,5.529999546607,
    -0.672604509591));
#6984 = VECTOR('',#6985,1.);
#6985 = DIRECTION('',(0.E+000,-1.,-8.742273394091E-008));
#6986 = ORIENTED_EDGE('',*,*,#6987,.T.);
#6987 = EDGE_CURVE('',#6980,#6988,#6990,.T.);
#6988 = VERTEX_POINT('',#6989);
#6989 = CARTESIAN_POINT('',(5.929997558594,4.679999616546,-1.4726045839)
  );
#6990 = LINE('',#6991,#6992);
#6991 = CARTESIAN_POINT('',(5.929997558594,4.679999542236,-0.6226045839)
  );
#6992 = VECTOR('',#6993,1.);
#6993 = DIRECTION('',(0.E+000,8.742273394091E-008,-1.));
#6994 = ORIENTED_EDGE('',*,*,#6995,.F.);
#6995 = EDGE_CURVE('',#6821,#6988,#6996,.T.);
#6996 = LINE('',#6997,#6998);
#6997 = CARTESIAN_POINT('',(5.929997558594,5.529999616546,
    -1.472604509591));
#6998 = VECTOR('',#6999,1.);
#6999 = DIRECTION('',(0.E+000,-1.,-8.742273394091E-008));
#7000 = PLANE('',#7001);
#7001 = AXIS2_PLACEMENT_3D('',#7002,#7003,#7004);
#7002 = CARTESIAN_POINT('',(5.929997558594,5.529999542236,
    -0.622604509591));
#7003 = DIRECTION('',(1.,0.E+000,0.E+000));
#7004 = DIRECTION('',(0.E+000,8.742273394091E-008,-1.));
#7005 = ADVANCED_FACE('',(#7006),#7017,.T.);
#7006 = FACE_BOUND('',#7007,.T.);
#7007 = EDGE_LOOP('',(#7008,#7015,#7016));
#7008 = ORIENTED_EDGE('',*,*,#7009,.F.);
#7009 = EDGE_CURVE('',#6855,#6821,#7010,.T.);
#7010 = CIRCLE('',#7011,5.E-002);
#7011 = AXIS2_PLACEMENT_3D('',#7012,#7013,#7014);
#7012 = CARTESIAN_POINT('',(5.879997558594,5.479999616546,
    -1.472604513962));
#7013 = DIRECTION('',(0.E+000,-1.,-8.742273394091E-008));
#7014 = DIRECTION('',(1.,0.E+000,0.E+000));
#7015 = ORIENTED_EDGE('',*,*,#6854,.T.);
#7016 = ORIENTED_EDGE('',*,*,#6820,.F.);
#7017 = SPHERICAL_SURFACE('',#7018,5.E-002);
#7018 = AXIS2_PLACEMENT_3D('',#7019,#7020,#7021);
#7019 = CARTESIAN_POINT('',(5.879997558594,5.479999616546,
    -1.472604513962));
#7020 = DIRECTION('',(-0.E+000,-8.742273394091E-008,1.));
#7021 = DIRECTION('',(1.,0.E+000,0.E+000));
#7022 = ADVANCED_FACE('',(#7023),#7041,.T.);
#7023 = FACE_BOUND('',#7024,.T.);
#7024 = EDGE_LOOP('',(#7025,#7026,#7027,#7035));
#7025 = ORIENTED_EDGE('',*,*,#6922,.F.);
#7026 = ORIENTED_EDGE('',*,*,#6863,.T.);
#7027 = ORIENTED_EDGE('',*,*,#7028,.T.);
#7028 = EDGE_CURVE('',#6855,#7029,#7031,.T.);
#7029 = VERTEX_POINT('',#7030);
#7030 = CARTESIAN_POINT('',(5.879997558594,4.679999620917,-1.5226045839)
  );
#7031 = LINE('',#7032,#7033);
#7032 = CARTESIAN_POINT('',(5.879997558594,5.529999620917,
    -1.522604509591));
#7033 = VECTOR('',#7034,1.);
#7034 = DIRECTION('',(0.E+000,-1.,-8.742273394091E-008));
#7035 = ORIENTED_EDGE('',*,*,#7036,.F.);
#7036 = EDGE_CURVE('',#6914,#7029,#7037,.T.);
#7037 = LINE('',#7038,#7039);
#7038 = CARTESIAN_POINT('',(4.229997558594,4.679999620917,-1.5226045839)
  );
#7039 = VECTOR('',#7040,1.);
#7040 = DIRECTION('',(1.,0.E+000,0.E+000));
#7041 = PLANE('',#7042);
#7042 = AXIS2_PLACEMENT_3D('',#7043,#7044,#7045);
#7043 = CARTESIAN_POINT('',(4.229997558594,5.529999620917,
    -1.522604509591));
#7044 = DIRECTION('',(0.E+000,8.742273394091E-008,-1.));
#7045 = DIRECTION('',(1.,0.E+000,0.E+000));
#7046 = ADVANCED_FACE('',(#7047),#7066,.T.);
#7047 = FACE_BOUND('',#7048,.T.);
#7048 = EDGE_LOOP('',(#7049,#7057,#7064,#7065));
#7049 = ORIENTED_EDGE('',*,*,#7050,.T.);
#7050 = EDGE_CURVE('',#6897,#7051,#7053,.T.);
#7051 = VERTEX_POINT('',#7052);
#7052 = CARTESIAN_POINT('',(5.879997558594,4.629999546607,
    -0.672604588271));
#7053 = LINE('',#7054,#7055);
#7054 = CARTESIAN_POINT('',(4.229997558594,4.629999546607,
    -0.672604588271));
#7055 = VECTOR('',#7056,1.);
#7056 = DIRECTION('',(1.,0.E+000,0.E+000));
#7057 = ORIENTED_EDGE('',*,*,#7058,.F.);
#7058 = EDGE_CURVE('',#6957,#7051,#7059,.T.);
#7059 = CIRCLE('',#7060,5.E-002);
#7060 = AXIS2_PLACEMENT_3D('',#7061,#7062,#7063);
#7061 = CARTESIAN_POINT('',(5.879997558594,4.679999546607,-0.6726045839)
  );
#7062 = DIRECTION('',(1.,6.123233995737E-017,5.353098564673E-024));
#7063 = DIRECTION('',(6.123233995737E-017,-1.,-8.742273394091E-008));
#7064 = ORIENTED_EDGE('',*,*,#6964,.F.);
#7065 = ORIENTED_EDGE('',*,*,#6896,.T.);
#7066 = CYLINDRICAL_SURFACE('',#7067,5.E-002);
#7067 = AXIS2_PLACEMENT_3D('',#7068,#7069,#7070);
#7068 = CARTESIAN_POINT('',(4.229997558594,4.679999546607,-0.6726045839)
  );
#7069 = DIRECTION('',(1.,0.E+000,0.E+000));
#7070 = DIRECTION('',(0.E+000,-1.,-8.742273394091E-008));
#7071 = ADVANCED_FACE('',(#7072),#7091,.T.);
#7072 = FACE_BOUND('',#7073,.T.);
#7073 = EDGE_LOOP('',(#7074,#7082,#7083,#7084));
#7074 = ORIENTED_EDGE('',*,*,#7075,.F.);
#7075 = EDGE_CURVE('',#6906,#7076,#7078,.T.);
#7076 = VERTEX_POINT('',#7077);
#7077 = CARTESIAN_POINT('',(5.879997558594,4.629999616546,
    -1.472604588271));
#7078 = LINE('',#7079,#7080);
#7079 = CARTESIAN_POINT('',(4.229997558594,4.629999616546,
    -1.472604588271));
#7080 = VECTOR('',#7081,1.);
#7081 = DIRECTION('',(1.,0.E+000,0.E+000));
#7082 = ORIENTED_EDGE('',*,*,#6913,.T.);
#7083 = ORIENTED_EDGE('',*,*,#7036,.T.);
#7084 = ORIENTED_EDGE('',*,*,#7085,.F.);
#7085 = EDGE_CURVE('',#7076,#7029,#7086,.T.);
#7086 = CIRCLE('',#7087,5.E-002);
#7087 = AXIS2_PLACEMENT_3D('',#7088,#7089,#7090);
#7088 = CARTESIAN_POINT('',(5.879997558594,4.679999616546,-1.4726045839)
  );
#7089 = DIRECTION('',(1.,-5.353098564673E-024,6.123233995737E-017));
#7090 = DIRECTION('',(6.123233995737E-017,8.742273394091E-008,-1.));
#7091 = CYLINDRICAL_SURFACE('',#7092,5.E-002);
#7092 = AXIS2_PLACEMENT_3D('',#7093,#7094,#7095);
#7093 = CARTESIAN_POINT('',(4.229997558594,4.679999616546,-1.4726045839)
  );
#7094 = DIRECTION('',(1.,0.E+000,0.E+000));
#7095 = DIRECTION('',(0.E+000,-1.,-8.742273394091E-008));
#7096 = ADVANCED_FACE('',(#7097),#7108,.T.);
#7097 = FACE_BOUND('',#7098,.T.);
#7098 = EDGE_LOOP('',(#7099,#7100,#7101,#7102));
#7099 = ORIENTED_EDGE('',*,*,#7050,.F.);
#7100 = ORIENTED_EDGE('',*,*,#6905,.T.);
#7101 = ORIENTED_EDGE('',*,*,#7075,.T.);
#7102 = ORIENTED_EDGE('',*,*,#7103,.F.);
#7103 = EDGE_CURVE('',#7051,#7076,#7104,.T.);
#7104 = LINE('',#7105,#7106);
#7105 = CARTESIAN_POINT('',(5.879997558594,4.629999542236,
    -0.622604588271));
#7106 = VECTOR('',#7107,1.);
#7107 = DIRECTION('',(0.E+000,8.742273394091E-008,-1.));
#7108 = PLANE('',#7109);
#7109 = AXIS2_PLACEMENT_3D('',#7110,#7111,#7112);
#7110 = CARTESIAN_POINT('',(4.229997558594,4.629999542236,
    -0.622604588271));
#7111 = DIRECTION('',(0.E+000,-1.,-8.742273394091E-008));
#7112 = DIRECTION('',(0.E+000,8.742273394091E-008,-1.));
#7113 = ADVANCED_FACE('',(#7114),#7126,.T.);
#7114 = FACE_BOUND('',#7115,.T.);
#7115 = EDGE_LOOP('',(#7116,#7117,#7118,#7125));
#7116 = ORIENTED_EDGE('',*,*,#6939,.F.);
#7117 = ORIENTED_EDGE('',*,*,#6956,.T.);
#7118 = ORIENTED_EDGE('',*,*,#7119,.T.);
#7119 = EDGE_CURVE('',#6957,#6980,#7120,.T.);
#7120 = CIRCLE('',#7121,5.E-002);
#7121 = AXIS2_PLACEMENT_3D('',#7122,#7123,#7124);
#7122 = CARTESIAN_POINT('',(5.879997558594,4.679999546607,-0.6726045839)
  );
#7123 = DIRECTION('',(-0.E+000,1.,8.742273394091E-008));
#7124 = DIRECTION('',(1.,0.E+000,0.E+000));
#7125 = ORIENTED_EDGE('',*,*,#6979,.F.);
#7126 = CYLINDRICAL_SURFACE('',#7127,5.E-002);
#7127 = AXIS2_PLACEMENT_3D('',#7128,#7129,#7130);
#7128 = CARTESIAN_POINT('',(5.879997558594,5.529999546607,
    -0.672604509591));
#7129 = DIRECTION('',(0.E+000,-1.,-8.742273394091E-008));
#7130 = DIRECTION('',(1.,0.E+000,0.E+000));
#7131 = ADVANCED_FACE('',(#7132),#7144,.T.);
#7132 = FACE_BOUND('',#7133,.T.);
#7133 = EDGE_LOOP('',(#7134,#7135,#7142,#7143));
#7134 = ORIENTED_EDGE('',*,*,#6995,.T.);
#7135 = ORIENTED_EDGE('',*,*,#7136,.T.);
#7136 = EDGE_CURVE('',#6988,#7029,#7137,.T.);
#7137 = CIRCLE('',#7138,5.E-002);
#7138 = AXIS2_PLACEMENT_3D('',#7139,#7140,#7141);
#7139 = CARTESIAN_POINT('',(5.879997558594,4.679999616546,-1.4726045839)
  );
#7140 = DIRECTION('',(-0.E+000,1.,8.742273394091E-008));
#7141 = DIRECTION('',(1.,0.E+000,0.E+000));
#7142 = ORIENTED_EDGE('',*,*,#7028,.F.);
#7143 = ORIENTED_EDGE('',*,*,#7009,.T.);
#7144 = CYLINDRICAL_SURFACE('',#7145,5.E-002);
#7145 = AXIS2_PLACEMENT_3D('',#7146,#7147,#7148);
#7146 = CARTESIAN_POINT('',(5.879997558594,5.529999616546,
    -1.472604509591));
#7147 = DIRECTION('',(0.E+000,-1.,-8.742273394091E-008));
#7148 = DIRECTION('',(1.,0.E+000,0.E+000));
#7149 = ADVANCED_FACE('',(#7150),#7168,.T.);
#7150 = FACE_BOUND('',#7151,.T.);
#7151 = EDGE_LOOP('',(#7152,#7153,#7160,#7161));
#7152 = ORIENTED_EDGE('',*,*,#6987,.F.);
#7153 = ORIENTED_EDGE('',*,*,#7154,.T.);
#7154 = EDGE_CURVE('',#6980,#7051,#7155,.T.);
#7155 = CIRCLE('',#7156,5.E-002);
#7156 = AXIS2_PLACEMENT_3D('',#7157,#7158,#7159);
#7157 = CARTESIAN_POINT('',(5.879997558594,4.679999546607,-0.6726045839)
  );
#7158 = DIRECTION('',(0.E+000,8.742273394091E-008,-1.));
#7159 = DIRECTION('',(1.,0.E+000,0.E+000));
#7160 = ORIENTED_EDGE('',*,*,#7103,.T.);
#7161 = ORIENTED_EDGE('',*,*,#7162,.T.);
#7162 = EDGE_CURVE('',#7076,#6988,#7163,.T.);
#7163 = CIRCLE('',#7164,5.E-002);
#7164 = AXIS2_PLACEMENT_3D('',#7165,#7166,#7167);
#7165 = CARTESIAN_POINT('',(5.879997558594,4.679999616546,-1.4726045839)
  );
#7166 = DIRECTION('',(0.E+000,-8.742273394091E-008,1.));
#7167 = DIRECTION('',(1.,0.E+000,0.E+000));
#7168 = CYLINDRICAL_SURFACE('',#7169,5.E-002);
#7169 = AXIS2_PLACEMENT_3D('',#7170,#7171,#7172);
#7170 = CARTESIAN_POINT('',(5.879997558594,4.679999542236,-0.6226045839)
  );
#7171 = DIRECTION('',(0.E+000,8.742273394091E-008,-1.));
#7172 = DIRECTION('',(1.,0.E+000,0.E+000));
#7173 = ADVANCED_FACE('',(#7174),#7179,.T.);
#7174 = FACE_BOUND('',#7175,.T.);
#7175 = EDGE_LOOP('',(#7176,#7177,#7178));
#7176 = ORIENTED_EDGE('',*,*,#7119,.F.);
#7177 = ORIENTED_EDGE('',*,*,#7058,.T.);
#7178 = ORIENTED_EDGE('',*,*,#7154,.F.);
#7179 = SPHERICAL_SURFACE('',#7180,5.E-002);
#7180 = AXIS2_PLACEMENT_3D('',#7181,#7182,#7183);
#7181 = CARTESIAN_POINT('',(5.879997558594,4.679999546607,-0.6726045839)
  );
#7182 = DIRECTION('',(0.E+000,8.742273394091E-008,-1.));
#7183 = DIRECTION('',(1.,0.E+000,0.E+000));
#7184 = ADVANCED_FACE('',(#7185),#7190,.T.);
#7185 = FACE_BOUND('',#7186,.T.);
#7186 = EDGE_LOOP('',(#7187,#7188,#7189));
#7187 = ORIENTED_EDGE('',*,*,#7162,.F.);
#7188 = ORIENTED_EDGE('',*,*,#7085,.T.);
#7189 = ORIENTED_EDGE('',*,*,#7136,.F.);
#7190 = SPHERICAL_SURFACE('',#7191,5.E-002);
#7191 = AXIS2_PLACEMENT_3D('',#7192,#7193,#7194);
#7192 = CARTESIAN_POINT('',(5.879997558594,4.679999616546,-1.4726045839)
  );
#7193 = DIRECTION('',(0.E+000,1.,8.742273394091E-008));
#7194 = DIRECTION('',(1.,0.E+000,0.E+000));
#7195 = MANIFOLD_SOLID_BREP('',#7196);
#7196 = CLOSED_SHELL('',(#7197,#7237,#7270,#7303,#7336,#7369,#7386,#7403
    ,#7434,#7465,#7482,#7513,#7530,#7561,#7579,#7597,#7625,#7637));
#7197 = ADVANCED_FACE('',(#7198),#7232,.F.);
#7198 = FACE_BOUND('',#7199,.F.);
#7199 = EDGE_LOOP('',(#7200,#7210,#7218,#7226));
#7200 = ORIENTED_EDGE('',*,*,#7201,.F.);
#7201 = EDGE_CURVE('',#7202,#7204,#7206,.T.);
#7202 = VERTEX_POINT('',#7203);
#7203 = CARTESIAN_POINT('',(5.753999703727,10.776000065004,5.E-002));
#7204 = VERTEX_POINT('',#7205);
#7205 = CARTESIAN_POINT('',(5.753999703727,10.776000065004,0.85));
#7206 = LINE('',#7207,#7208);
#7207 = CARTESIAN_POINT('',(5.753999703727,10.776000065004,0.E+000));
#7208 = VECTOR('',#7209,1.);
#7209 = DIRECTION('',(0.E+000,0.E+000,1.));
#7210 = ORIENTED_EDGE('',*,*,#7211,.T.);
#7211 = EDGE_CURVE('',#7202,#7212,#7214,.T.);
#7212 = VERTEX_POINT('',#7213);
#7213 = CARTESIAN_POINT('',(5.753999563851,11.576000065004,5.E-002));
#7214 = LINE('',#7215,#7216);
#7215 = CARTESIAN_POINT('',(5.75399971247,10.726000065004,5.E-002));
#7216 = VECTOR('',#7217,1.);
#7217 = DIRECTION('',(-1.748455531469E-007,1.,0.E+000));
#7218 = ORIENTED_EDGE('',*,*,#7219,.T.);
#7219 = EDGE_CURVE('',#7212,#7220,#7222,.T.);
#7220 = VERTEX_POINT('',#7221);
#7221 = CARTESIAN_POINT('',(5.753999563851,11.576000065004,0.85));
#7222 = LINE('',#7223,#7224);
#7223 = CARTESIAN_POINT('',(5.753999563851,11.576000065004,0.E+000));
#7224 = VECTOR('',#7225,1.);
#7225 = DIRECTION('',(0.E+000,0.E+000,1.));
#7226 = ORIENTED_EDGE('',*,*,#7227,.F.);
#7227 = EDGE_CURVE('',#7204,#7220,#7228,.T.);
#7228 = LINE('',#7229,#7230);
#7229 = CARTESIAN_POINT('',(5.75399971247,10.726000065004,0.85));
#7230 = VECTOR('',#7231,1.);
#7231 = DIRECTION('',(-1.748455531469E-007,1.,0.E+000));
#7232 = PLANE('',#7233);
#7233 = AXIS2_PLACEMENT_3D('',#7234,#7235,#7236);
#7234 = CARTESIAN_POINT('',(5.75399971247,10.726000065004,0.E+000));
#7235 = DIRECTION('',(1.,1.748455531469E-007,0.E+000));
#7236 = DIRECTION('',(0.E+000,0.E+000,1.));
#7237 = ADVANCED_FACE('',(#7238),#7265,.T.);
#7238 = FACE_BOUND('',#7239,.T.);
#7239 = EDGE_LOOP('',(#7240,#7241,#7250,#7258));
#7240 = ORIENTED_EDGE('',*,*,#7201,.F.);
#7241 = ORIENTED_EDGE('',*,*,#7242,.T.);
#7242 = EDGE_CURVE('',#7202,#7243,#7245,.T.);
#7243 = VERTEX_POINT('',#7244);
#7244 = CARTESIAN_POINT('',(5.80399971247,10.726000073747,5.E-002));
#7245 = CIRCLE('',#7246,5.E-002);
#7246 = AXIS2_PLACEMENT_3D('',#7247,#7248,#7249);
#7247 = CARTESIAN_POINT('',(5.803999703727,10.776000073747,5.E-002));
#7248 = DIRECTION('',(0.E+000,0.E+000,1.));
#7249 = DIRECTION('',(-1.,-1.748455531469E-007,0.E+000));
#7250 = ORIENTED_EDGE('',*,*,#7251,.T.);
#7251 = EDGE_CURVE('',#7243,#7252,#7254,.T.);
#7252 = VERTEX_POINT('',#7253);
#7253 = CARTESIAN_POINT('',(5.80399971247,10.726000073747,0.85));
#7254 = LINE('',#7255,#7256);
#7255 = CARTESIAN_POINT('',(5.80399971247,10.726000073747,0.E+000));
#7256 = VECTOR('',#7257,1.);
#7257 = DIRECTION('',(0.E+000,0.E+000,1.));
#7258 = ORIENTED_EDGE('',*,*,#7259,.F.);
#7259 = EDGE_CURVE('',#7204,#7252,#7260,.T.);
#7260 = CIRCLE('',#7261,5.E-002);
#7261 = AXIS2_PLACEMENT_3D('',#7262,#7263,#7264);
#7262 = CARTESIAN_POINT('',(5.803999703727,10.776000073747,0.85));
#7263 = DIRECTION('',(0.E+000,0.E+000,1.));
#7264 = DIRECTION('',(-1.,-1.748455531469E-007,0.E+000));
#7265 = CYLINDRICAL_SURFACE('',#7266,5.E-002);
#7266 = AXIS2_PLACEMENT_3D('',#7267,#7268,#7269);
#7267 = CARTESIAN_POINT('',(5.803999703727,10.776000073747,0.E+000));
#7268 = DIRECTION('',(0.E+000,0.E+000,1.));
#7269 = DIRECTION('',(-1.,-1.748455531469E-007,0.E+000));
#7270 = ADVANCED_FACE('',(#7271),#7298,.T.);
#7271 = FACE_BOUND('',#7272,.T.);
#7272 = EDGE_LOOP('',(#7273,#7274,#7283,#7291));
#7273 = ORIENTED_EDGE('',*,*,#7211,.T.);
#7274 = ORIENTED_EDGE('',*,*,#7275,.F.);
#7275 = EDGE_CURVE('',#7276,#7212,#7278,.T.);
#7276 = VERTEX_POINT('',#7277);
#7277 = CARTESIAN_POINT('',(5.803999563851,11.576000073747,0.E+000));
#7278 = CIRCLE('',#7279,5.E-002);
#7279 = AXIS2_PLACEMENT_3D('',#7280,#7281,#7282);
#7280 = CARTESIAN_POINT('',(5.803999563851,11.576000073747,5.E-002));
#7281 = DIRECTION('',(-1.748455531469E-007,1.,0.E+000));
#7282 = DIRECTION('',(-1.,-1.748455531469E-007,0.E+000));
#7283 = ORIENTED_EDGE('',*,*,#7284,.F.);
#7284 = EDGE_CURVE('',#7285,#7276,#7287,.T.);
#7285 = VERTEX_POINT('',#7286);
#7286 = CARTESIAN_POINT('',(5.803999703727,10.776000073747,0.E+000));
#7287 = LINE('',#7288,#7289);
#7288 = CARTESIAN_POINT('',(5.80399971247,10.726000073747,
    -6.938893903907E-018));
#7289 = VECTOR('',#7290,1.);
#7290 = DIRECTION('',(-1.748455531469E-007,1.,0.E+000));
#7291 = ORIENTED_EDGE('',*,*,#7292,.T.);
#7292 = EDGE_CURVE('',#7285,#7202,#7293,.T.);
#7293 = CIRCLE('',#7294,5.E-002);
#7294 = AXIS2_PLACEMENT_3D('',#7295,#7296,#7297);
#7295 = CARTESIAN_POINT('',(5.803999703727,10.776000073747,5.E-002));
#7296 = DIRECTION('',(-1.748455531469E-007,1.,0.E+000));
#7297 = DIRECTION('',(-1.,-1.748455531469E-007,0.E+000));
#7298 = CYLINDRICAL_SURFACE('',#7299,5.E-002);
#7299 = AXIS2_PLACEMENT_3D('',#7300,#7301,#7302);
#7300 = CARTESIAN_POINT('',(5.80399971247,10.726000073747,5.E-002));
#7301 = DIRECTION('',(-1.748455531469E-007,1.,0.E+000));
#7302 = DIRECTION('',(-1.,-1.748455531469E-007,0.E+000));
#7303 = ADVANCED_FACE('',(#7304),#7331,.T.);
#7304 = FACE_BOUND('',#7305,.T.);
#7305 = EDGE_LOOP('',(#7306,#7315,#7323,#7330));
#7306 = ORIENTED_EDGE('',*,*,#7307,.F.);
#7307 = EDGE_CURVE('',#7308,#7204,#7310,.T.);
#7308 = VERTEX_POINT('',#7309);
#7309 = CARTESIAN_POINT('',(5.803999703727,10.776000073747,0.9));
#7310 = CIRCLE('',#7311,5.E-002);
#7311 = AXIS2_PLACEMENT_3D('',#7312,#7313,#7314);
#7312 = CARTESIAN_POINT('',(5.803999703727,10.776000073747,0.85));
#7313 = DIRECTION('',(1.748455531469E-007,-1.,0.E+000));
#7314 = DIRECTION('',(-1.,-1.748455531469E-007,0.E+000));
#7315 = ORIENTED_EDGE('',*,*,#7316,.T.);
#7316 = EDGE_CURVE('',#7308,#7317,#7319,.T.);
#7317 = VERTEX_POINT('',#7318);
#7318 = CARTESIAN_POINT('',(5.803999563851,11.576000073747,0.9));
#7319 = LINE('',#7320,#7321);
#7320 = CARTESIAN_POINT('',(5.80399971247,10.726000073747,0.9));
#7321 = VECTOR('',#7322,1.);
#7322 = DIRECTION('',(-1.748455531469E-007,1.,0.E+000));
#7323 = ORIENTED_EDGE('',*,*,#7324,.F.);
#7324 = EDGE_CURVE('',#7220,#7317,#7325,.T.);
#7325 = CIRCLE('',#7326,5.E-002);
#7326 = AXIS2_PLACEMENT_3D('',#7327,#7328,#7329);
#7327 = CARTESIAN_POINT('',(5.803999563851,11.576000073747,0.85));
#7328 = DIRECTION('',(-1.748455531469E-007,1.,0.E+000));
#7329 = DIRECTION('',(-1.,-1.748455531469E-007,0.E+000));
#7330 = ORIENTED_EDGE('',*,*,#7227,.F.);
#7331 = CYLINDRICAL_SURFACE('',#7332,5.E-002);
#7332 = AXIS2_PLACEMENT_3D('',#7333,#7334,#7335);
#7333 = CARTESIAN_POINT('',(5.80399971247,10.726000073747,0.85));
#7334 = DIRECTION('',(-1.748455531469E-007,1.,0.E+000));
#7335 = DIRECTION('',(-1.,-1.748455531469E-007,0.E+000));
#7336 = ADVANCED_FACE('',(#7337),#7364,.T.);
#7337 = FACE_BOUND('',#7338,.T.);
#7338 = EDGE_LOOP('',(#7339,#7348,#7356,#7363));
#7339 = ORIENTED_EDGE('',*,*,#7340,.F.);
#7340 = EDGE_CURVE('',#7341,#7220,#7343,.T.);
#7341 = VERTEX_POINT('',#7342);
#7342 = CARTESIAN_POINT('',(5.803999555109,11.626000073747,0.85));
#7343 = CIRCLE('',#7344,5.E-002);
#7344 = AXIS2_PLACEMENT_3D('',#7345,#7346,#7347);
#7345 = CARTESIAN_POINT('',(5.803999563851,11.576000073747,0.85));
#7346 = DIRECTION('',(0.E+000,0.E+000,1.));
#7347 = DIRECTION('',(-1.,-1.748455531469E-007,0.E+000));
#7348 = ORIENTED_EDGE('',*,*,#7349,.F.);
#7349 = EDGE_CURVE('',#7350,#7341,#7352,.T.);
#7350 = VERTEX_POINT('',#7351);
#7351 = CARTESIAN_POINT('',(5.803999555109,11.626000073747,5.E-002));
#7352 = LINE('',#7353,#7354);
#7353 = CARTESIAN_POINT('',(5.803999555109,11.626000073747,0.E+000));
#7354 = VECTOR('',#7355,1.);
#7355 = DIRECTION('',(0.E+000,0.E+000,1.));
#7356 = ORIENTED_EDGE('',*,*,#7357,.F.);
#7357 = EDGE_CURVE('',#7212,#7350,#7358,.T.);
#7358 = CIRCLE('',#7359,5.E-002);
#7359 = AXIS2_PLACEMENT_3D('',#7360,#7361,#7362);
#7360 = CARTESIAN_POINT('',(5.803999563851,11.576000073747,5.E-002));
#7361 = DIRECTION('',(-0.E+000,0.E+000,-1.));
#7362 = DIRECTION('',(-1.,-1.748455531469E-007,0.E+000));
#7363 = ORIENTED_EDGE('',*,*,#7219,.T.);
#7364 = CYLINDRICAL_SURFACE('',#7365,5.E-002);
#7365 = AXIS2_PLACEMENT_3D('',#7366,#7367,#7368);
#7366 = CARTESIAN_POINT('',(5.803999563851,11.576000073747,0.E+000));
#7367 = DIRECTION('',(0.E+000,0.E+000,1.));
#7368 = DIRECTION('',(-1.,-1.748455531469E-007,0.E+000));
#7369 = ADVANCED_FACE('',(#7370),#7381,.T.);
#7370 = FACE_BOUND('',#7371,.T.);
#7371 = EDGE_LOOP('',(#7372,#7373,#7380));
#7372 = ORIENTED_EDGE('',*,*,#7292,.F.);
#7373 = ORIENTED_EDGE('',*,*,#7374,.T.);
#7374 = EDGE_CURVE('',#7285,#7243,#7375,.T.);
#7375 = CIRCLE('',#7376,5.E-002);
#7376 = AXIS2_PLACEMENT_3D('',#7377,#7378,#7379);
#7377 = CARTESIAN_POINT('',(5.803999703727,10.776000073747,5.E-002));
#7378 = DIRECTION('',(-1.,-1.748455530857E-007,0.E+000));
#7379 = DIRECTION('',(1.748455530857E-007,-1.,0.E+000));
#7380 = ORIENTED_EDGE('',*,*,#7242,.F.);
#7381 = SPHERICAL_SURFACE('',#7382,5.E-002);
#7382 = AXIS2_PLACEMENT_3D('',#7383,#7384,#7385);
#7383 = CARTESIAN_POINT('',(5.803999703727,10.776000073747,5.E-002));
#7384 = DIRECTION('',(0.E+000,0.E+000,1.));
#7385 = DIRECTION('',(-1.,-1.748455531469E-007,0.E+000));
#7386 = ADVANCED_FACE('',(#7387),#7398,.T.);
#7387 = FACE_BOUND('',#7388,.T.);
#7388 = EDGE_LOOP('',(#7389,#7390,#7397));
#7389 = ORIENTED_EDGE('',*,*,#7259,.T.);
#7390 = ORIENTED_EDGE('',*,*,#7391,.F.);
#7391 = EDGE_CURVE('',#7308,#7252,#7392,.T.);
#7392 = CIRCLE('',#7393,5.E-002);
#7393 = AXIS2_PLACEMENT_3D('',#7394,#7395,#7396);
#7394 = CARTESIAN_POINT('',(5.803999703727,10.776000073747,0.85));
#7395 = DIRECTION('',(1.,1.748455530857E-007,0.E+000));
#7396 = DIRECTION('',(1.748455530857E-007,-1.,0.E+000));
#7397 = ORIENTED_EDGE('',*,*,#7307,.T.);
#7398 = SPHERICAL_SURFACE('',#7399,5.E-002);
#7399 = AXIS2_PLACEMENT_3D('',#7400,#7401,#7402);
#7400 = CARTESIAN_POINT('',(5.803999703727,10.776000073747,0.85));
#7401 = DIRECTION('',(0.E+000,-0.E+000,-1.));
#7402 = DIRECTION('',(-1.,-1.748455531469E-007,0.E+000));
#7403 = ADVANCED_FACE('',(#7404),#7429,.F.);
#7404 = FACE_BOUND('',#7405,.F.);
#7405 = EDGE_LOOP('',(#7406,#7414,#7415,#7423));
#7406 = ORIENTED_EDGE('',*,*,#7407,.F.);
#7407 = EDGE_CURVE('',#7243,#7408,#7410,.T.);
#7408 = VERTEX_POINT('',#7409);
#7409 = CARTESIAN_POINT('',(5.95399971247,10.726000099973,5.E-002));
#7410 = LINE('',#7411,#7412);
#7411 = CARTESIAN_POINT('',(5.75399971247,10.726000065004,5.E-002));
#7412 = VECTOR('',#7413,1.);
#7413 = DIRECTION('',(1.,1.748455531469E-007,0.E+000));
#7414 = ORIENTED_EDGE('',*,*,#7251,.T.);
#7415 = ORIENTED_EDGE('',*,*,#7416,.T.);
#7416 = EDGE_CURVE('',#7252,#7417,#7419,.T.);
#7417 = VERTEX_POINT('',#7418);
#7418 = CARTESIAN_POINT('',(5.95399971247,10.726000099973,0.85));
#7419 = LINE('',#7420,#7421);
#7420 = CARTESIAN_POINT('',(5.75399971247,10.726000065004,0.85));
#7421 = VECTOR('',#7422,1.);
#7422 = DIRECTION('',(1.,1.748455531469E-007,0.E+000));
#7423 = ORIENTED_EDGE('',*,*,#7424,.F.);
#7424 = EDGE_CURVE('',#7408,#7417,#7425,.T.);
#7425 = LINE('',#7426,#7427);
#7426 = CARTESIAN_POINT('',(5.95399971247,10.726000099973,0.E+000));
#7427 = VECTOR('',#7428,1.);
#7428 = DIRECTION('',(0.E+000,0.E+000,1.));
#7429 = PLANE('',#7430);
#7430 = AXIS2_PLACEMENT_3D('',#7431,#7432,#7433);
#7431 = CARTESIAN_POINT('',(5.75399971247,10.726000065004,0.E+000));
#7432 = DIRECTION('',(-1.748455531469E-007,1.,0.E+000));
#7433 = DIRECTION('',(0.E+000,0.E+000,1.));
#7434 = ADVANCED_FACE('',(#7435),#7460,.F.);
#7435 = FACE_BOUND('',#7436,.F.);
#7436 = EDGE_LOOP('',(#7437,#7438,#7446,#7454));
#7437 = ORIENTED_EDGE('',*,*,#7284,.F.);
#7438 = ORIENTED_EDGE('',*,*,#7439,.T.);
#7439 = EDGE_CURVE('',#7285,#7440,#7442,.T.);
#7440 = VERTEX_POINT('',#7441);
#7441 = CARTESIAN_POINT('',(5.953999703727,10.776000099973,
    -3.469446951954E-018));
#7442 = LINE('',#7443,#7444);
#7443 = CARTESIAN_POINT('',(5.753999703727,10.776000065004,
    -6.938893903907E-018));
#7444 = VECTOR('',#7445,1.);
#7445 = DIRECTION('',(1.,1.748455531469E-007,0.E+000));
#7446 = ORIENTED_EDGE('',*,*,#7447,.T.);
#7447 = EDGE_CURVE('',#7440,#7448,#7450,.T.);
#7448 = VERTEX_POINT('',#7449);
#7449 = CARTESIAN_POINT('',(5.953999563851,11.576000099973,
    -3.469446951954E-018));
#7450 = LINE('',#7451,#7452);
#7451 = CARTESIAN_POINT('',(5.95399971247,10.726000099973,0.E+000));
#7452 = VECTOR('',#7453,1.);
#7453 = DIRECTION('',(-1.748455531469E-007,1.,0.E+000));
#7454 = ORIENTED_EDGE('',*,*,#7455,.F.);
#7455 = EDGE_CURVE('',#7276,#7448,#7456,.T.);
#7456 = LINE('',#7457,#7458);
#7457 = CARTESIAN_POINT('',(5.753999563851,11.576000065004,
    -6.938893903907E-018));
#7458 = VECTOR('',#7459,1.);
#7459 = DIRECTION('',(1.,1.748455531469E-007,0.E+000));
#7460 = PLANE('',#7461);
#7461 = AXIS2_PLACEMENT_3D('',#7462,#7463,#7464);
#7462 = CARTESIAN_POINT('',(5.75399971247,10.726000065004,0.E+000));
#7463 = DIRECTION('',(0.E+000,0.E+000,1.));
#7464 = DIRECTION('',(1.,1.748455531469E-007,0.E+000));
#7465 = ADVANCED_FACE('',(#7466),#7477,.T.);
#7466 = FACE_BOUND('',#7467,.T.);
#7467 = EDGE_LOOP('',(#7468,#7469,#7476));
#7468 = ORIENTED_EDGE('',*,*,#7357,.T.);
#7469 = ORIENTED_EDGE('',*,*,#7470,.F.);
#7470 = EDGE_CURVE('',#7276,#7350,#7471,.T.);
#7471 = CIRCLE('',#7472,5.E-002);
#7472 = AXIS2_PLACEMENT_3D('',#7473,#7474,#7475);
#7473 = CARTESIAN_POINT('',(5.803999563851,11.576000073747,5.E-002));
#7474 = DIRECTION('',(1.,1.748455532082E-007,-0.E+000));
#7475 = DIRECTION('',(-1.748455532082E-007,1.,0.E+000));
#7476 = ORIENTED_EDGE('',*,*,#7275,.T.);
#7477 = SPHERICAL_SURFACE('',#7478,5.E-002);
#7478 = AXIS2_PLACEMENT_3D('',#7479,#7480,#7481);
#7479 = CARTESIAN_POINT('',(5.803999563851,11.576000073747,5.E-002));
#7480 = DIRECTION('',(0.E+000,0.E+000,1.));
#7481 = DIRECTION('',(-1.,-1.748455531469E-007,0.E+000));
#7482 = ADVANCED_FACE('',(#7483),#7508,.T.);
#7483 = FACE_BOUND('',#7484,.T.);
#7484 = EDGE_LOOP('',(#7485,#7486,#7494,#7502));
#7485 = ORIENTED_EDGE('',*,*,#7316,.F.);
#7486 = ORIENTED_EDGE('',*,*,#7487,.T.);
#7487 = EDGE_CURVE('',#7308,#7488,#7490,.T.);
#7488 = VERTEX_POINT('',#7489);
#7489 = CARTESIAN_POINT('',(5.953999703727,10.776000099973,0.9));
#7490 = LINE('',#7491,#7492);
#7491 = CARTESIAN_POINT('',(5.753999703727,10.776000065004,0.9));
#7492 = VECTOR('',#7493,1.);
#7493 = DIRECTION('',(1.,1.748455531469E-007,0.E+000));
#7494 = ORIENTED_EDGE('',*,*,#7495,.T.);
#7495 = EDGE_CURVE('',#7488,#7496,#7498,.T.);
#7496 = VERTEX_POINT('',#7497);
#7497 = CARTESIAN_POINT('',(5.953999563851,11.576000099973,0.9));
#7498 = LINE('',#7499,#7500);
#7499 = CARTESIAN_POINT('',(5.95399971247,10.726000099973,0.9));
#7500 = VECTOR('',#7501,1.);
#7501 = DIRECTION('',(-1.748455531469E-007,1.,0.E+000));
#7502 = ORIENTED_EDGE('',*,*,#7503,.F.);
#7503 = EDGE_CURVE('',#7317,#7496,#7504,.T.);
#7504 = LINE('',#7505,#7506);
#7505 = CARTESIAN_POINT('',(5.753999563851,11.576000065004,0.9));
#7506 = VECTOR('',#7507,1.);
#7507 = DIRECTION('',(1.,1.748455531469E-007,0.E+000));
#7508 = PLANE('',#7509);
#7509 = AXIS2_PLACEMENT_3D('',#7510,#7511,#7512);
#7510 = CARTESIAN_POINT('',(5.75399971247,10.726000065004,0.9));
#7511 = DIRECTION('',(0.E+000,0.E+000,1.));
#7512 = DIRECTION('',(1.,1.748455531469E-007,0.E+000));
#7513 = ADVANCED_FACE('',(#7514),#7525,.T.);
#7514 = FACE_BOUND('',#7515,.T.);
#7515 = EDGE_LOOP('',(#7516,#7517,#7524));
#7516 = ORIENTED_EDGE('',*,*,#7324,.T.);
#7517 = ORIENTED_EDGE('',*,*,#7518,.F.);
#7518 = EDGE_CURVE('',#7341,#7317,#7519,.T.);
#7519 = CIRCLE('',#7520,5.E-002);
#7520 = AXIS2_PLACEMENT_3D('',#7521,#7522,#7523);
#7521 = CARTESIAN_POINT('',(5.803999563851,11.576000073747,0.85));
#7522 = DIRECTION('',(1.,1.748455531469E-007,6.123233995737E-017));
#7523 = DIRECTION('',(-6.123233995737E-017,-1.070620235033E-023,1.));
#7524 = ORIENTED_EDGE('',*,*,#7340,.T.);
#7525 = SPHERICAL_SURFACE('',#7526,5.E-002);
#7526 = AXIS2_PLACEMENT_3D('',#7527,#7528,#7529);
#7527 = CARTESIAN_POINT('',(5.803999563851,11.576000073747,0.85));
#7528 = DIRECTION('',(1.748455531469E-007,-1.,0.E+000));
#7529 = DIRECTION('',(-1.,-1.748455531469E-007,0.E+000));
#7530 = ADVANCED_FACE('',(#7531),#7556,.T.);
#7531 = FACE_BOUND('',#7532,.T.);
#7532 = EDGE_LOOP('',(#7533,#7541,#7542,#7550));
#7533 = ORIENTED_EDGE('',*,*,#7534,.F.);
#7534 = EDGE_CURVE('',#7350,#7535,#7537,.T.);
#7535 = VERTEX_POINT('',#7536);
#7536 = CARTESIAN_POINT('',(5.953999555109,11.626000099973,5.E-002));
#7537 = LINE('',#7538,#7539);
#7538 = CARTESIAN_POINT('',(5.753999555109,11.626000065004,5.E-002));
#7539 = VECTOR('',#7540,1.);
#7540 = DIRECTION('',(1.,1.748455531469E-007,0.E+000));
#7541 = ORIENTED_EDGE('',*,*,#7349,.T.);
#7542 = ORIENTED_EDGE('',*,*,#7543,.T.);
#7543 = EDGE_CURVE('',#7341,#7544,#7546,.T.);
#7544 = VERTEX_POINT('',#7545);
#7545 = CARTESIAN_POINT('',(5.953999555109,11.626000099973,0.85));
#7546 = LINE('',#7547,#7548);
#7547 = CARTESIAN_POINT('',(5.753999555109,11.626000065004,0.85));
#7548 = VECTOR('',#7549,1.);
#7549 = DIRECTION('',(1.,1.748455531469E-007,0.E+000));
#7550 = ORIENTED_EDGE('',*,*,#7551,.F.);
#7551 = EDGE_CURVE('',#7535,#7544,#7552,.T.);
#7552 = LINE('',#7553,#7554);
#7553 = CARTESIAN_POINT('',(5.953999555109,11.626000099973,0.E+000));
#7554 = VECTOR('',#7555,1.);
#7555 = DIRECTION('',(0.E+000,0.E+000,1.));
#7556 = PLANE('',#7557);
#7557 = AXIS2_PLACEMENT_3D('',#7558,#7559,#7560);
#7558 = CARTESIAN_POINT('',(5.753999555109,11.626000065004,0.E+000));
#7559 = DIRECTION('',(-1.748455531469E-007,1.,0.E+000));
#7560 = DIRECTION('',(0.E+000,0.E+000,1.));
#7561 = ADVANCED_FACE('',(#7562),#7574,.T.);
#7562 = FACE_BOUND('',#7563,.T.);
#7563 = EDGE_LOOP('',(#7564,#7565,#7566,#7573));
#7564 = ORIENTED_EDGE('',*,*,#7374,.F.);
#7565 = ORIENTED_EDGE('',*,*,#7439,.T.);
#7566 = ORIENTED_EDGE('',*,*,#7567,.F.);
#7567 = EDGE_CURVE('',#7408,#7440,#7568,.T.);
#7568 = CIRCLE('',#7569,5.E-002);
#7569 = AXIS2_PLACEMENT_3D('',#7570,#7571,#7572);
#7570 = CARTESIAN_POINT('',(5.953999703727,10.776000099973,5.E-002));
#7571 = DIRECTION('',(1.,1.748455531469E-007,0.E+000));
#7572 = DIRECTION('',(1.748455531469E-007,-1.,0.E+000));
#7573 = ORIENTED_EDGE('',*,*,#7407,.F.);
#7574 = CYLINDRICAL_SURFACE('',#7575,5.E-002);
#7575 = AXIS2_PLACEMENT_3D('',#7576,#7577,#7578);
#7576 = CARTESIAN_POINT('',(5.753999703727,10.776000065004,5.E-002));
#7577 = DIRECTION('',(1.,1.748455531469E-007,0.E+000));
#7578 = DIRECTION('',(1.748455531469E-007,-1.,0.E+000));
#7579 = ADVANCED_FACE('',(#7580),#7592,.T.);
#7580 = FACE_BOUND('',#7581,.T.);
#7581 = EDGE_LOOP('',(#7582,#7583,#7590,#7591));
#7582 = ORIENTED_EDGE('',*,*,#7416,.T.);
#7583 = ORIENTED_EDGE('',*,*,#7584,.F.);
#7584 = EDGE_CURVE('',#7488,#7417,#7585,.T.);
#7585 = CIRCLE('',#7586,5.E-002);
#7586 = AXIS2_PLACEMENT_3D('',#7587,#7588,#7589);
#7587 = CARTESIAN_POINT('',(5.953999703727,10.776000099973,0.85));
#7588 = DIRECTION('',(1.,1.748455531469E-007,0.E+000));
#7589 = DIRECTION('',(1.748455531469E-007,-1.,0.E+000));
#7590 = ORIENTED_EDGE('',*,*,#7487,.F.);
#7591 = ORIENTED_EDGE('',*,*,#7391,.T.);
#7592 = CYLINDRICAL_SURFACE('',#7593,5.E-002);
#7593 = AXIS2_PLACEMENT_3D('',#7594,#7595,#7596);
#7594 = CARTESIAN_POINT('',(5.753999703727,10.776000065004,0.85));
#7595 = DIRECTION('',(1.,1.748455531469E-007,0.E+000));
#7596 = DIRECTION('',(1.748455531469E-007,-1.,0.E+000));
#7597 = ADVANCED_FACE('',(#7598),#7620,.T.);
#7598 = FACE_BOUND('',#7599,.T.);
#7599 = EDGE_LOOP('',(#7600,#7601,#7602,#7603,#7610,#7611,#7618,#7619));
#7600 = ORIENTED_EDGE('',*,*,#7424,.F.);
#7601 = ORIENTED_EDGE('',*,*,#7567,.T.);
#7602 = ORIENTED_EDGE('',*,*,#7447,.T.);
#7603 = ORIENTED_EDGE('',*,*,#7604,.T.);
#7604 = EDGE_CURVE('',#7448,#7535,#7605,.T.);
#7605 = CIRCLE('',#7606,5.E-002);
#7606 = AXIS2_PLACEMENT_3D('',#7607,#7608,#7609);
#7607 = CARTESIAN_POINT('',(5.953999563851,11.576000099973,5.E-002));
#7608 = DIRECTION('',(1.,1.748455531469E-007,-0.E+000));
#7609 = DIRECTION('',(-1.748455531469E-007,1.,0.E+000));
#7610 = ORIENTED_EDGE('',*,*,#7551,.T.);
#7611 = ORIENTED_EDGE('',*,*,#7612,.T.);
#7612 = EDGE_CURVE('',#7544,#7496,#7613,.T.);
#7613 = CIRCLE('',#7614,5.E-002);
#7614 = AXIS2_PLACEMENT_3D('',#7615,#7616,#7617);
#7615 = CARTESIAN_POINT('',(5.953999563851,11.576000099973,0.85));
#7616 = DIRECTION('',(1.,1.748455531469E-007,-0.E+000));
#7617 = DIRECTION('',(-1.748455531469E-007,1.,0.E+000));
#7618 = ORIENTED_EDGE('',*,*,#7495,.F.);
#7619 = ORIENTED_EDGE('',*,*,#7584,.T.);
#7620 = PLANE('',#7621);
#7621 = AXIS2_PLACEMENT_3D('',#7622,#7623,#7624);
#7622 = CARTESIAN_POINT('',(5.95399971247,10.726000099973,0.E+000));
#7623 = DIRECTION('',(1.,1.748455531469E-007,0.E+000));
#7624 = DIRECTION('',(0.E+000,0.E+000,1.));
#7625 = ADVANCED_FACE('',(#7626),#7632,.T.);
#7626 = FACE_BOUND('',#7627,.T.);
#7627 = EDGE_LOOP('',(#7628,#7629,#7630,#7631));
#7628 = ORIENTED_EDGE('',*,*,#7534,.T.);
#7629 = ORIENTED_EDGE('',*,*,#7604,.F.);
#7630 = ORIENTED_EDGE('',*,*,#7455,.F.);
#7631 = ORIENTED_EDGE('',*,*,#7470,.T.);
#7632 = CYLINDRICAL_SURFACE('',#7633,5.E-002);
#7633 = AXIS2_PLACEMENT_3D('',#7634,#7635,#7636);
#7634 = CARTESIAN_POINT('',(5.753999563851,11.576000065004,5.E-002));
#7635 = DIRECTION('',(1.,1.748455531469E-007,0.E+000));
#7636 = DIRECTION('',(-1.748455531469E-007,1.,0.E+000));
#7637 = ADVANCED_FACE('',(#7638),#7644,.T.);
#7638 = FACE_BOUND('',#7639,.T.);
#7639 = EDGE_LOOP('',(#7640,#7641,#7642,#7643));
#7640 = ORIENTED_EDGE('',*,*,#7543,.F.);
#7641 = ORIENTED_EDGE('',*,*,#7518,.T.);
#7642 = ORIENTED_EDGE('',*,*,#7503,.T.);
#7643 = ORIENTED_EDGE('',*,*,#7612,.F.);
#7644 = CYLINDRICAL_SURFACE('',#7645,5.E-002);
#7645 = AXIS2_PLACEMENT_3D('',#7646,#7647,#7648);
#7646 = CARTESIAN_POINT('',(5.753999563851,11.576000065004,0.85));
#7647 = DIRECTION('',(1.,1.748455531469E-007,0.E+000));
#7648 = DIRECTION('',(-1.748455531469E-007,1.,0.E+000));
#7649 = MANIFOLD_SOLID_BREP('',#7650);
#7650 = CLOSED_SHELL('',(#7651,#7691,#7724,#7757,#7790,#7841,#7858,#7882
    ,#7913,#7930,#7954,#7979,#8004,#8021,#8039,#8057,#8081,#8092));
#7651 = ADVANCED_FACE('',(#7652),#7686,.F.);
#7652 = FACE_BOUND('',#7653,.F.);
#7653 = EDGE_LOOP('',(#7654,#7664,#7672,#7680));
#7654 = ORIENTED_EDGE('',*,*,#7655,.F.);
#7655 = EDGE_CURVE('',#7656,#7658,#7660,.T.);
#7656 = VERTEX_POINT('',#7657);
#7657 = CARTESIAN_POINT('',(7.25399971247,10.726000327273,5.E-002));
#7658 = VERTEX_POINT('',#7659);
#7659 = CARTESIAN_POINT('',(7.40399971247,10.726000353499,5.E-002));
#7660 = LINE('',#7661,#7662);
#7661 = CARTESIAN_POINT('',(5.75399971247,10.726000065004,5.E-002));
#7662 = VECTOR('',#7663,1.);
#7663 = DIRECTION('',(1.,1.748455531469E-007,0.E+000));
#7664 = ORIENTED_EDGE('',*,*,#7665,.T.);
#7665 = EDGE_CURVE('',#7656,#7666,#7668,.T.);
#7666 = VERTEX_POINT('',#7667);
#7667 = CARTESIAN_POINT('',(7.25399971247,10.726000327273,0.85));
#7668 = LINE('',#7669,#7670);
#7669 = CARTESIAN_POINT('',(7.25399971247,10.726000327273,0.E+000));
#7670 = VECTOR('',#7671,1.);
#7671 = DIRECTION('',(0.E+000,0.E+000,1.));
#7672 = ORIENTED_EDGE('',*,*,#7673,.T.);
#7673 = EDGE_CURVE('',#7666,#7674,#7676,.T.);
#7674 = VERTEX_POINT('',#7675);
#7675 = CARTESIAN_POINT('',(7.40399971247,10.726000353499,0.85));
#7676 = LINE('',#7677,#7678);
#7677 = CARTESIAN_POINT('',(5.75399971247,10.726000065004,0.85));
#7678 = VECTOR('',#7679,1.);
#7679 = DIRECTION('',(1.,1.748455531469E-007,0.E+000));
#7680 = ORIENTED_EDGE('',*,*,#7681,.F.);
#7681 = EDGE_CURVE('',#7658,#7674,#7682,.T.);
#7682 = LINE('',#7683,#7684);
#7683 = CARTESIAN_POINT('',(7.40399971247,10.726000353499,0.E+000));
#7684 = VECTOR('',#7685,1.);
#7685 = DIRECTION('',(0.E+000,0.E+000,1.));
#7686 = PLANE('',#7687);
#7687 = AXIS2_PLACEMENT_3D('',#7688,#7689,#7690);
#7688 = CARTESIAN_POINT('',(5.75399971247,10.726000065004,0.E+000));
#7689 = DIRECTION('',(-1.748455531469E-007,1.,0.E+000));
#7690 = DIRECTION('',(0.E+000,0.E+000,1.));
#7691 = ADVANCED_FACE('',(#7692),#7719,.T.);
#7692 = FACE_BOUND('',#7693,.T.);
#7693 = EDGE_LOOP('',(#7694,#7703,#7711,#7718));
#7694 = ORIENTED_EDGE('',*,*,#7695,.T.);
#7695 = EDGE_CURVE('',#7656,#7696,#7698,.T.);
#7696 = VERTEX_POINT('',#7697);
#7697 = CARTESIAN_POINT('',(7.253999703727,10.776000327273,
    -3.469446951954E-018));
#7698 = CIRCLE('',#7699,5.E-002);
#7699 = AXIS2_PLACEMENT_3D('',#7700,#7701,#7702);
#7700 = CARTESIAN_POINT('',(7.253999703727,10.776000327273,5.E-002));
#7701 = DIRECTION('',(1.,1.748455531469E-007,0.E+000));
#7702 = DIRECTION('',(1.748455531469E-007,-1.,0.E+000));
#7703 = ORIENTED_EDGE('',*,*,#7704,.T.);
#7704 = EDGE_CURVE('',#7696,#7705,#7707,.T.);
#7705 = VERTEX_POINT('',#7706);
#7706 = CARTESIAN_POINT('',(7.403999703727,10.776000353499,0.E+000));
#7707 = LINE('',#7708,#7709);
#7708 = CARTESIAN_POINT('',(5.753999703727,10.776000065004,
    -6.938893903907E-018));
#7709 = VECTOR('',#7710,1.);
#7710 = DIRECTION('',(1.,1.748455531469E-007,0.E+000));
#7711 = ORIENTED_EDGE('',*,*,#7712,.T.);
#7712 = EDGE_CURVE('',#7705,#7658,#7713,.T.);
#7713 = CIRCLE('',#7714,5.E-002);
#7714 = AXIS2_PLACEMENT_3D('',#7715,#7716,#7717);
#7715 = CARTESIAN_POINT('',(7.403999703727,10.776000353499,5.E-002));
#7716 = DIRECTION('',(-1.,-1.748455532082E-007,0.E+000));
#7717 = DIRECTION('',(1.748455532082E-007,-1.,0.E+000));
#7718 = ORIENTED_EDGE('',*,*,#7655,.F.);
#7719 = CYLINDRICAL_SURFACE('',#7720,5.E-002);
#7720 = AXIS2_PLACEMENT_3D('',#7721,#7722,#7723);
#7721 = CARTESIAN_POINT('',(5.753999703727,10.776000065004,5.E-002));
#7722 = DIRECTION('',(1.,1.748455531469E-007,0.E+000));
#7723 = DIRECTION('',(1.748455531469E-007,-1.,0.E+000));
#7724 = ADVANCED_FACE('',(#7725),#7752,.T.);
#7725 = FACE_BOUND('',#7726,.T.);
#7726 = EDGE_LOOP('',(#7727,#7736,#7737,#7746));
#7727 = ORIENTED_EDGE('',*,*,#7728,.T.);
#7728 = EDGE_CURVE('',#7729,#7674,#7731,.T.);
#7729 = VERTEX_POINT('',#7730);
#7730 = CARTESIAN_POINT('',(7.453999703727,10.776000362242,0.85));
#7731 = CIRCLE('',#7732,5.E-002);
#7732 = AXIS2_PLACEMENT_3D('',#7733,#7734,#7735);
#7733 = CARTESIAN_POINT('',(7.403999703727,10.776000353499,0.85));
#7734 = DIRECTION('',(0.E+000,0.E+000,-1.));
#7735 = DIRECTION('',(1.,1.748455531469E-007,0.E+000));
#7736 = ORIENTED_EDGE('',*,*,#7681,.F.);
#7737 = ORIENTED_EDGE('',*,*,#7738,.F.);
#7738 = EDGE_CURVE('',#7739,#7658,#7741,.T.);
#7739 = VERTEX_POINT('',#7740);
#7740 = CARTESIAN_POINT('',(7.453999703727,10.776000362242,5.E-002));
#7741 = CIRCLE('',#7742,5.E-002);
#7742 = AXIS2_PLACEMENT_3D('',#7743,#7744,#7745);
#7743 = CARTESIAN_POINT('',(7.403999703727,10.776000353499,5.E-002));
#7744 = DIRECTION('',(0.E+000,0.E+000,-1.));
#7745 = DIRECTION('',(1.,1.748455531469E-007,0.E+000));
#7746 = ORIENTED_EDGE('',*,*,#7747,.T.);
#7747 = EDGE_CURVE('',#7739,#7729,#7748,.T.);
#7748 = LINE('',#7749,#7750);
#7749 = CARTESIAN_POINT('',(7.453999703727,10.776000362242,0.E+000));
#7750 = VECTOR('',#7751,1.);
#7751 = DIRECTION('',(0.E+000,0.E+000,1.));
#7752 = CYLINDRICAL_SURFACE('',#7753,5.E-002);
#7753 = AXIS2_PLACEMENT_3D('',#7754,#7755,#7756);
#7754 = CARTESIAN_POINT('',(7.403999703727,10.776000353499,0.E+000));
#7755 = DIRECTION('',(0.E+000,0.E+000,1.));
#7756 = DIRECTION('',(1.,1.748455531469E-007,0.E+000));
#7757 = ADVANCED_FACE('',(#7758),#7785,.T.);
#7758 = FACE_BOUND('',#7759,.T.);
#7759 = EDGE_LOOP('',(#7760,#7761,#7770,#7778));
#7760 = ORIENTED_EDGE('',*,*,#7673,.T.);
#7761 = ORIENTED_EDGE('',*,*,#7762,.F.);
#7762 = EDGE_CURVE('',#7763,#7674,#7765,.T.);
#7763 = VERTEX_POINT('',#7764);
#7764 = CARTESIAN_POINT('',(7.403999703727,10.776000353499,0.9));
#7765 = CIRCLE('',#7766,5.E-002);
#7766 = AXIS2_PLACEMENT_3D('',#7767,#7768,#7769);
#7767 = CARTESIAN_POINT('',(7.403999703727,10.776000353499,0.85));
#7768 = DIRECTION('',(1.,1.748455532082E-007,0.E+000));
#7769 = DIRECTION('',(1.748455532082E-007,-1.,0.E+000));
#7770 = ORIENTED_EDGE('',*,*,#7771,.F.);
#7771 = EDGE_CURVE('',#7772,#7763,#7774,.T.);
#7772 = VERTEX_POINT('',#7773);
#7773 = CARTESIAN_POINT('',(7.253999703727,10.776000327273,0.9));
#7774 = LINE('',#7775,#7776);
#7775 = CARTESIAN_POINT('',(5.753999703727,10.776000065004,0.9));
#7776 = VECTOR('',#7777,1.);
#7777 = DIRECTION('',(1.,1.748455531469E-007,0.E+000));
#7778 = ORIENTED_EDGE('',*,*,#7779,.T.);
#7779 = EDGE_CURVE('',#7772,#7666,#7780,.T.);
#7780 = CIRCLE('',#7781,5.E-002);
#7781 = AXIS2_PLACEMENT_3D('',#7782,#7783,#7784);
#7782 = CARTESIAN_POINT('',(7.253999703727,10.776000327273,0.85));
#7783 = DIRECTION('',(1.,1.748455531469E-007,0.E+000));
#7784 = DIRECTION('',(1.748455531469E-007,-1.,0.E+000));
#7785 = CYLINDRICAL_SURFACE('',#7786,5.E-002);
#7786 = AXIS2_PLACEMENT_3D('',#7787,#7788,#7789);
#7787 = CARTESIAN_POINT('',(5.753999703727,10.776000065004,0.85));
#7788 = DIRECTION('',(1.,1.748455531469E-007,0.E+000));
#7789 = DIRECTION('',(1.748455531469E-007,-1.,0.E+000));
#7790 = ADVANCED_FACE('',(#7791),#7836,.F.);
#7791 = FACE_BOUND('',#7792,.F.);
#7792 = EDGE_LOOP('',(#7793,#7794,#7795,#7803,#7812,#7820,#7829,#7835));
#7793 = ORIENTED_EDGE('',*,*,#7665,.F.);
#7794 = ORIENTED_EDGE('',*,*,#7695,.T.);
#7795 = ORIENTED_EDGE('',*,*,#7796,.T.);
#7796 = EDGE_CURVE('',#7696,#7797,#7799,.T.);
#7797 = VERTEX_POINT('',#7798);
#7798 = CARTESIAN_POINT('',(7.253999563851,11.576000327273,
    -3.469446951954E-018));
#7799 = LINE('',#7800,#7801);
#7800 = CARTESIAN_POINT('',(7.25399971247,10.726000327273,0.E+000));
#7801 = VECTOR('',#7802,1.);
#7802 = DIRECTION('',(-1.748455531469E-007,1.,0.E+000));
#7803 = ORIENTED_EDGE('',*,*,#7804,.T.);
#7804 = EDGE_CURVE('',#7797,#7805,#7807,.T.);
#7805 = VERTEX_POINT('',#7806);
#7806 = CARTESIAN_POINT('',(7.253999555109,11.626000327273,5.E-002));
#7807 = CIRCLE('',#7808,5.E-002);
#7808 = AXIS2_PLACEMENT_3D('',#7809,#7810,#7811);
#7809 = CARTESIAN_POINT('',(7.253999563851,11.576000327273,5.E-002));
#7810 = DIRECTION('',(1.,1.748455531469E-007,-0.E+000));
#7811 = DIRECTION('',(-1.748455531469E-007,1.,0.E+000));
#7812 = ORIENTED_EDGE('',*,*,#7813,.T.);
#7813 = EDGE_CURVE('',#7805,#7814,#7816,.T.);
#7814 = VERTEX_POINT('',#7815);
#7815 = CARTESIAN_POINT('',(7.253999555109,11.626000327273,0.85));
#7816 = LINE('',#7817,#7818);
#7817 = CARTESIAN_POINT('',(7.253999555109,11.626000327273,0.E+000));
#7818 = VECTOR('',#7819,1.);
#7819 = DIRECTION('',(0.E+000,0.E+000,1.));
#7820 = ORIENTED_EDGE('',*,*,#7821,.T.);
#7821 = EDGE_CURVE('',#7814,#7822,#7824,.T.);
#7822 = VERTEX_POINT('',#7823);
#7823 = CARTESIAN_POINT('',(7.253999563851,11.576000327273,0.9));
#7824 = CIRCLE('',#7825,5.E-002);
#7825 = AXIS2_PLACEMENT_3D('',#7826,#7827,#7828);
#7826 = CARTESIAN_POINT('',(7.253999563851,11.576000327273,0.85));
#7827 = DIRECTION('',(1.,1.748455531469E-007,-0.E+000));
#7828 = DIRECTION('',(-1.748455531469E-007,1.,0.E+000));
#7829 = ORIENTED_EDGE('',*,*,#7830,.F.);
#7830 = EDGE_CURVE('',#7772,#7822,#7831,.T.);
#7831 = LINE('',#7832,#7833);
#7832 = CARTESIAN_POINT('',(7.25399971247,10.726000327273,0.9));
#7833 = VECTOR('',#7834,1.);
#7834 = DIRECTION('',(-1.748455531469E-007,1.,0.E+000));
#7835 = ORIENTED_EDGE('',*,*,#7779,.T.);
#7836 = PLANE('',#7837);
#7837 = AXIS2_PLACEMENT_3D('',#7838,#7839,#7840);
#7838 = CARTESIAN_POINT('',(7.25399971247,10.726000327273,0.E+000));
#7839 = DIRECTION('',(1.,1.748455531469E-007,0.E+000));
#7840 = DIRECTION('',(0.E+000,0.E+000,1.));
#7841 = ADVANCED_FACE('',(#7842),#7853,.T.);
#7842 = FACE_BOUND('',#7843,.T.);
#7843 = EDGE_LOOP('',(#7844,#7845,#7846));
#7844 = ORIENTED_EDGE('',*,*,#7738,.T.);
#7845 = ORIENTED_EDGE('',*,*,#7712,.F.);
#7846 = ORIENTED_EDGE('',*,*,#7847,.T.);
#7847 = EDGE_CURVE('',#7705,#7739,#7848,.T.);
#7848 = CIRCLE('',#7849,5.E-002);
#7849 = AXIS2_PLACEMENT_3D('',#7850,#7851,#7852);
#7850 = CARTESIAN_POINT('',(7.403999703727,10.776000353499,5.E-002));
#7851 = DIRECTION('',(1.748455531469E-007,-1.,0.E+000));
#7852 = DIRECTION('',(1.,1.748455531469E-007,0.E+000));
#7853 = SPHERICAL_SURFACE('',#7854,5.E-002);
#7854 = AXIS2_PLACEMENT_3D('',#7855,#7856,#7857);
#7855 = CARTESIAN_POINT('',(7.403999703727,10.776000353499,5.E-002));
#7856 = DIRECTION('',(0.E+000,0.E+000,1.));
#7857 = DIRECTION('',(1.,1.748455531469E-007,0.E+000));
#7858 = ADVANCED_FACE('',(#7859),#7877,.F.);
#7859 = FACE_BOUND('',#7860,.F.);
#7860 = EDGE_LOOP('',(#7861,#7862,#7863,#7871));
#7861 = ORIENTED_EDGE('',*,*,#7796,.F.);
#7862 = ORIENTED_EDGE('',*,*,#7704,.T.);
#7863 = ORIENTED_EDGE('',*,*,#7864,.T.);
#7864 = EDGE_CURVE('',#7705,#7865,#7867,.T.);
#7865 = VERTEX_POINT('',#7866);
#7866 = CARTESIAN_POINT('',(7.403999563851,11.576000353499,0.E+000));
#7867 = LINE('',#7868,#7869);
#7868 = CARTESIAN_POINT('',(7.40399971247,10.726000353499,
    -6.938893903907E-018));
#7869 = VECTOR('',#7870,1.);
#7870 = DIRECTION('',(-1.748455531469E-007,1.,0.E+000));
#7871 = ORIENTED_EDGE('',*,*,#7872,.F.);
#7872 = EDGE_CURVE('',#7797,#7865,#7873,.T.);
#7873 = LINE('',#7874,#7875);
#7874 = CARTESIAN_POINT('',(5.753999563851,11.576000065004,
    -6.938893903907E-018));
#7875 = VECTOR('',#7876,1.);
#7876 = DIRECTION('',(1.,1.748455531469E-007,0.E+000));
#7877 = PLANE('',#7878);
#7878 = AXIS2_PLACEMENT_3D('',#7879,#7880,#7881);
#7879 = CARTESIAN_POINT('',(5.75399971247,10.726000065004,0.E+000));
#7880 = DIRECTION('',(0.E+000,0.E+000,1.));
#7881 = DIRECTION('',(1.,1.748455531469E-007,0.E+000));
#7882 = ADVANCED_FACE('',(#7883),#7908,.T.);
#7883 = FACE_BOUND('',#7884,.T.);
#7884 = EDGE_LOOP('',(#7885,#7886,#7894,#7902));
#7885 = ORIENTED_EDGE('',*,*,#7747,.F.);
#7886 = ORIENTED_EDGE('',*,*,#7887,.T.);
#7887 = EDGE_CURVE('',#7739,#7888,#7890,.T.);
#7888 = VERTEX_POINT('',#7889);
#7889 = CARTESIAN_POINT('',(7.453999563851,11.576000362242,5.E-002));
#7890 = LINE('',#7891,#7892);
#7891 = CARTESIAN_POINT('',(7.45399971247,10.726000362242,5.E-002));
#7892 = VECTOR('',#7893,1.);
#7893 = DIRECTION('',(-1.748455531469E-007,1.,0.E+000));
#7894 = ORIENTED_EDGE('',*,*,#7895,.T.);
#7895 = EDGE_CURVE('',#7888,#7896,#7898,.T.);
#7896 = VERTEX_POINT('',#7897);
#7897 = CARTESIAN_POINT('',(7.453999563851,11.576000362242,0.85));
#7898 = LINE('',#7899,#7900);
#7899 = CARTESIAN_POINT('',(7.453999563851,11.576000362242,0.E+000));
#7900 = VECTOR('',#7901,1.);
#7901 = DIRECTION('',(0.E+000,0.E+000,1.));
#7902 = ORIENTED_EDGE('',*,*,#7903,.F.);
#7903 = EDGE_CURVE('',#7729,#7896,#7904,.T.);
#7904 = LINE('',#7905,#7906);
#7905 = CARTESIAN_POINT('',(7.45399971247,10.726000362242,0.85));
#7906 = VECTOR('',#7907,1.);
#7907 = DIRECTION('',(-1.748455531469E-007,1.,0.E+000));
#7908 = PLANE('',#7909);
#7909 = AXIS2_PLACEMENT_3D('',#7910,#7911,#7912);
#7910 = CARTESIAN_POINT('',(7.45399971247,10.726000362242,0.E+000));
#7911 = DIRECTION('',(1.,1.748455531469E-007,0.E+000));
#7912 = DIRECTION('',(0.E+000,0.E+000,1.));
#7913 = ADVANCED_FACE('',(#7914),#7925,.T.);
#7914 = FACE_BOUND('',#7915,.T.);
#7915 = EDGE_LOOP('',(#7916,#7923,#7924));
#7916 = ORIENTED_EDGE('',*,*,#7917,.F.);
#7917 = EDGE_CURVE('',#7763,#7729,#7918,.T.);
#7918 = CIRCLE('',#7919,5.E-002);
#7919 = AXIS2_PLACEMENT_3D('',#7920,#7921,#7922);
#7920 = CARTESIAN_POINT('',(7.403999703727,10.776000353499,0.85));
#7921 = DIRECTION('',(-1.748455531469E-007,1.,0.E+000));
#7922 = DIRECTION('',(1.,1.748455531469E-007,0.E+000));
#7923 = ORIENTED_EDGE('',*,*,#7762,.T.);
#7924 = ORIENTED_EDGE('',*,*,#7728,.F.);
#7925 = SPHERICAL_SURFACE('',#7926,5.E-002);
#7926 = AXIS2_PLACEMENT_3D('',#7927,#7928,#7929);
#7927 = CARTESIAN_POINT('',(7.403999703727,10.776000353499,0.85));
#7928 = DIRECTION('',(0.E+000,-0.E+000,-1.));
#7929 = DIRECTION('',(1.,1.748455531469E-007,0.E+000));
#7930 = ADVANCED_FACE('',(#7931),#7949,.T.);
#7931 = FACE_BOUND('',#7932,.T.);
#7932 = EDGE_LOOP('',(#7933,#7934,#7935,#7943));
#7933 = ORIENTED_EDGE('',*,*,#7830,.F.);
#7934 = ORIENTED_EDGE('',*,*,#7771,.T.);
#7935 = ORIENTED_EDGE('',*,*,#7936,.T.);
#7936 = EDGE_CURVE('',#7763,#7937,#7939,.T.);
#7937 = VERTEX_POINT('',#7938);
#7938 = CARTESIAN_POINT('',(7.403999563851,11.576000353499,0.9));
#7939 = LINE('',#7940,#7941);
#7940 = CARTESIAN_POINT('',(7.40399971247,10.726000353499,0.9));
#7941 = VECTOR('',#7942,1.);
#7942 = DIRECTION('',(-1.748455531469E-007,1.,0.E+000));
#7943 = ORIENTED_EDGE('',*,*,#7944,.F.);
#7944 = EDGE_CURVE('',#7822,#7937,#7945,.T.);
#7945 = LINE('',#7946,#7947);
#7946 = CARTESIAN_POINT('',(5.753999563851,11.576000065004,0.9));
#7947 = VECTOR('',#7948,1.);
#7948 = DIRECTION('',(1.,1.748455531469E-007,0.E+000));
#7949 = PLANE('',#7950);
#7950 = AXIS2_PLACEMENT_3D('',#7951,#7952,#7953);
#7951 = CARTESIAN_POINT('',(5.75399971247,10.726000065004,0.9));
#7952 = DIRECTION('',(0.E+000,0.E+000,1.));
#7953 = DIRECTION('',(1.,1.748455531469E-007,0.E+000));
#7954 = ADVANCED_FACE('',(#7955),#7974,.T.);
#7955 = FACE_BOUND('',#7956,.T.);
#7956 = EDGE_LOOP('',(#7957,#7965,#7972,#7973));
#7957 = ORIENTED_EDGE('',*,*,#7958,.T.);
#7958 = EDGE_CURVE('',#7805,#7959,#7961,.T.);
#7959 = VERTEX_POINT('',#7960);
#7960 = CARTESIAN_POINT('',(7.403999555109,11.626000353499,5.E-002));
#7961 = LINE('',#7962,#7963);
#7962 = CARTESIAN_POINT('',(5.753999555109,11.626000065004,5.E-002));
#7963 = VECTOR('',#7964,1.);
#7964 = DIRECTION('',(1.,1.748455531469E-007,0.E+000));
#7965 = ORIENTED_EDGE('',*,*,#7966,.F.);
#7966 = EDGE_CURVE('',#7865,#7959,#7967,.T.);
#7967 = CIRCLE('',#7968,5.E-002);
#7968 = AXIS2_PLACEMENT_3D('',#7969,#7970,#7971);
#7969 = CARTESIAN_POINT('',(7.403999563851,11.576000353499,5.E-002));
#7970 = DIRECTION('',(1.,1.748455530857E-007,-0.E+000));
#7971 = DIRECTION('',(-1.748455530857E-007,1.,0.E+000));
#7972 = ORIENTED_EDGE('',*,*,#7872,.F.);
#7973 = ORIENTED_EDGE('',*,*,#7804,.T.);
#7974 = CYLINDRICAL_SURFACE('',#7975,5.E-002);
#7975 = AXIS2_PLACEMENT_3D('',#7976,#7977,#7978);
#7976 = CARTESIAN_POINT('',(5.753999563851,11.576000065004,5.E-002));
#7977 = DIRECTION('',(1.,1.748455531469E-007,0.E+000));
#7978 = DIRECTION('',(-1.748455531469E-007,1.,0.E+000));
#7979 = ADVANCED_FACE('',(#7980),#7999,.T.);
#7980 = FACE_BOUND('',#7981,.T.);
#7981 = EDGE_LOOP('',(#7982,#7990,#7991,#7992));
#7982 = ORIENTED_EDGE('',*,*,#7983,.F.);
#7983 = EDGE_CURVE('',#7814,#7984,#7986,.T.);
#7984 = VERTEX_POINT('',#7985);
#7985 = CARTESIAN_POINT('',(7.403999555109,11.626000353499,0.85));
#7986 = LINE('',#7987,#7988);
#7987 = CARTESIAN_POINT('',(5.753999555109,11.626000065004,0.85));
#7988 = VECTOR('',#7989,1.);
#7989 = DIRECTION('',(1.,1.748455531469E-007,0.E+000));
#7990 = ORIENTED_EDGE('',*,*,#7821,.T.);
#7991 = ORIENTED_EDGE('',*,*,#7944,.T.);
#7992 = ORIENTED_EDGE('',*,*,#7993,.F.);
#7993 = EDGE_CURVE('',#7984,#7937,#7994,.T.);
#7994 = CIRCLE('',#7995,5.E-002);
#7995 = AXIS2_PLACEMENT_3D('',#7996,#7997,#7998);
#7996 = CARTESIAN_POINT('',(7.403999563851,11.576000353499,0.85));
#7997 = DIRECTION('',(1.,1.748455531469E-007,-6.123233995737E-017));
#7998 = DIRECTION('',(6.123233995737E-017,1.070620235033E-023,1.));
#7999 = CYLINDRICAL_SURFACE('',#8000,5.E-002);
#8000 = AXIS2_PLACEMENT_3D('',#8001,#8002,#8003);
#8001 = CARTESIAN_POINT('',(5.753999563851,11.576000065004,0.85));
#8002 = DIRECTION('',(1.,1.748455531469E-007,0.E+000));
#8003 = DIRECTION('',(-1.748455531469E-007,1.,0.E+000));
#8004 = ADVANCED_FACE('',(#8005),#8016,.T.);
#8005 = FACE_BOUND('',#8006,.T.);
#8006 = EDGE_LOOP('',(#8007,#8008,#8009,#8010));
#8007 = ORIENTED_EDGE('',*,*,#7958,.F.);
#8008 = ORIENTED_EDGE('',*,*,#7813,.T.);
#8009 = ORIENTED_EDGE('',*,*,#7983,.T.);
#8010 = ORIENTED_EDGE('',*,*,#8011,.F.);
#8011 = EDGE_CURVE('',#7959,#7984,#8012,.T.);
#8012 = LINE('',#8013,#8014);
#8013 = CARTESIAN_POINT('',(7.403999555109,11.626000353499,0.E+000));
#8014 = VECTOR('',#8015,1.);
#8015 = DIRECTION('',(0.E+000,0.E+000,1.));
#8016 = PLANE('',#8017);
#8017 = AXIS2_PLACEMENT_3D('',#8018,#8019,#8020);
#8018 = CARTESIAN_POINT('',(5.753999555109,11.626000065004,0.E+000));
#8019 = DIRECTION('',(-1.748455531469E-007,1.,0.E+000));
#8020 = DIRECTION('',(0.E+000,0.E+000,1.));
#8021 = ADVANCED_FACE('',(#8022),#8034,.T.);
#8022 = FACE_BOUND('',#8023,.T.);
#8023 = EDGE_LOOP('',(#8024,#8025,#8026,#8033));
#8024 = ORIENTED_EDGE('',*,*,#7847,.F.);
#8025 = ORIENTED_EDGE('',*,*,#7864,.T.);
#8026 = ORIENTED_EDGE('',*,*,#8027,.T.);
#8027 = EDGE_CURVE('',#7865,#7888,#8028,.T.);
#8028 = CIRCLE('',#8029,5.E-002);
#8029 = AXIS2_PLACEMENT_3D('',#8030,#8031,#8032);
#8030 = CARTESIAN_POINT('',(7.403999563851,11.576000353499,5.E-002));
#8031 = DIRECTION('',(1.748455531469E-007,-1.,0.E+000));
#8032 = DIRECTION('',(1.,1.748455531469E-007,0.E+000));
#8033 = ORIENTED_EDGE('',*,*,#7887,.F.);
#8034 = CYLINDRICAL_SURFACE('',#8035,5.E-002);
#8035 = AXIS2_PLACEMENT_3D('',#8036,#8037,#8038);
#8036 = CARTESIAN_POINT('',(7.40399971247,10.726000353499,5.E-002));
#8037 = DIRECTION('',(-1.748455531469E-007,1.,0.E+000));
#8038 = DIRECTION('',(1.,1.748455531469E-007,0.E+000));
#8039 = ADVANCED_FACE('',(#8040),#8052,.T.);
#8040 = FACE_BOUND('',#8041,.T.);
#8041 = EDGE_LOOP('',(#8042,#8043,#8050,#8051));
#8042 = ORIENTED_EDGE('',*,*,#7903,.T.);
#8043 = ORIENTED_EDGE('',*,*,#8044,.T.);
#8044 = EDGE_CURVE('',#7896,#7937,#8045,.T.);
#8045 = CIRCLE('',#8046,5.E-002);
#8046 = AXIS2_PLACEMENT_3D('',#8047,#8048,#8049);
#8047 = CARTESIAN_POINT('',(7.403999563851,11.576000353499,0.85));
#8048 = DIRECTION('',(1.748455531469E-007,-1.,0.E+000));
#8049 = DIRECTION('',(1.,1.748455531469E-007,0.E+000));
#8050 = ORIENTED_EDGE('',*,*,#7936,.F.);
#8051 = ORIENTED_EDGE('',*,*,#7917,.T.);
#8052 = CYLINDRICAL_SURFACE('',#8053,5.E-002);
#8053 = AXIS2_PLACEMENT_3D('',#8054,#8055,#8056);
#8054 = CARTESIAN_POINT('',(7.40399971247,10.726000353499,0.85));
#8055 = DIRECTION('',(-1.748455531469E-007,1.,0.E+000));
#8056 = DIRECTION('',(1.,1.748455531469E-007,0.E+000));
#8057 = ADVANCED_FACE('',(#8058),#8076,.T.);
#8058 = FACE_BOUND('',#8059,.T.);
#8059 = EDGE_LOOP('',(#8060,#8061,#8068,#8069));
#8060 = ORIENTED_EDGE('',*,*,#7895,.F.);
#8061 = ORIENTED_EDGE('',*,*,#8062,.T.);
#8062 = EDGE_CURVE('',#7888,#7959,#8063,.T.);
#8063 = CIRCLE('',#8064,5.E-002);
#8064 = AXIS2_PLACEMENT_3D('',#8065,#8066,#8067);
#8065 = CARTESIAN_POINT('',(7.403999563851,11.576000353499,5.E-002));
#8066 = DIRECTION('',(0.E+000,-0.E+000,1.));
#8067 = DIRECTION('',(1.,1.748455531469E-007,0.E+000));
#8068 = ORIENTED_EDGE('',*,*,#8011,.T.);
#8069 = ORIENTED_EDGE('',*,*,#8070,.T.);
#8070 = EDGE_CURVE('',#7984,#7896,#8071,.T.);
#8071 = CIRCLE('',#8072,5.E-002);
#8072 = AXIS2_PLACEMENT_3D('',#8073,#8074,#8075);
#8073 = CARTESIAN_POINT('',(7.403999563851,11.576000353499,0.85));
#8074 = DIRECTION('',(0.E+000,0.E+000,-1.));
#8075 = DIRECTION('',(1.,1.748455531469E-007,0.E+000));
#8076 = CYLINDRICAL_SURFACE('',#8077,5.E-002);
#8077 = AXIS2_PLACEMENT_3D('',#8078,#8079,#8080);
#8078 = CARTESIAN_POINT('',(7.403999563851,11.576000353499,0.E+000));
#8079 = DIRECTION('',(0.E+000,0.E+000,1.));
#8080 = DIRECTION('',(1.,1.748455531469E-007,0.E+000));
#8081 = ADVANCED_FACE('',(#8082),#8087,.T.);
#8082 = FACE_BOUND('',#8083,.T.);
#8083 = EDGE_LOOP('',(#8084,#8085,#8086));
#8084 = ORIENTED_EDGE('',*,*,#8027,.F.);
#8085 = ORIENTED_EDGE('',*,*,#7966,.T.);
#8086 = ORIENTED_EDGE('',*,*,#8062,.F.);
#8087 = SPHERICAL_SURFACE('',#8088,5.E-002);
#8088 = AXIS2_PLACEMENT_3D('',#8089,#8090,#8091);
#8089 = CARTESIAN_POINT('',(7.403999563851,11.576000353499,5.E-002));
#8090 = DIRECTION('',(0.E+000,0.E+000,1.));
#8091 = DIRECTION('',(1.,1.748455531469E-007,0.E+000));
#8092 = ADVANCED_FACE('',(#8093),#8098,.T.);
#8093 = FACE_BOUND('',#8094,.T.);
#8094 = EDGE_LOOP('',(#8095,#8096,#8097));
#8095 = ORIENTED_EDGE('',*,*,#8070,.F.);
#8096 = ORIENTED_EDGE('',*,*,#7993,.T.);
#8097 = ORIENTED_EDGE('',*,*,#8044,.F.);
#8098 = SPHERICAL_SURFACE('',#8099,5.E-002);
#8099 = AXIS2_PLACEMENT_3D('',#8100,#8101,#8102);
#8100 = CARTESIAN_POINT('',(7.403999563851,11.576000353499,0.85));
#8101 = DIRECTION('',(1.748455531469E-007,-1.,0.E+000));
#8102 = DIRECTION('',(1.,1.748455531469E-007,0.E+000));
#8103 = MANIFOLD_SOLID_BREP('',#8104);
#8104 = CLOSED_SHELL('',(#8105,#8145,#8178,#8211,#8244,#8277,#8294,#8311
    ,#8342,#8373,#8390,#8421,#8438,#8469,#8487,#8505,#8533,#8545));
#8105 = ADVANCED_FACE('',(#8106),#8140,.F.);
#8106 = FACE_BOUND('',#8107,.F.);
#8107 = EDGE_LOOP('',(#8108,#8118,#8126,#8134));
#8108 = ORIENTED_EDGE('',*,*,#8109,.F.);
#8109 = EDGE_CURVE('',#8110,#8112,#8114,.T.);
#8110 = VERTEX_POINT('',#8111);
#8111 = CARTESIAN_POINT('',(5.753999703727,2.140000385439,5.E-002));
#8112 = VERTEX_POINT('',#8113);
#8113 = CARTESIAN_POINT('',(5.753999703727,2.140000385439,0.85));
#8114 = LINE('',#8115,#8116);
#8115 = CARTESIAN_POINT('',(5.753999703727,2.140000385439,0.E+000));
#8116 = VECTOR('',#8117,1.);
#8117 = DIRECTION('',(0.E+000,0.E+000,1.));
#8118 = ORIENTED_EDGE('',*,*,#8119,.T.);
#8119 = EDGE_CURVE('',#8110,#8120,#8122,.T.);
#8120 = VERTEX_POINT('',#8121);
#8121 = CARTESIAN_POINT('',(5.753999563851,2.940000385439,5.E-002));
#8122 = LINE('',#8123,#8124);
#8123 = CARTESIAN_POINT('',(5.75399971247,2.090000385439,5.E-002));
#8124 = VECTOR('',#8125,1.);
#8125 = DIRECTION('',(-1.748455531469E-007,1.,0.E+000));
#8126 = ORIENTED_EDGE('',*,*,#8127,.T.);
#8127 = EDGE_CURVE('',#8120,#8128,#8130,.T.);
#8128 = VERTEX_POINT('',#8129);
#8129 = CARTESIAN_POINT('',(5.753999563851,2.940000385439,0.85));
#8130 = LINE('',#8131,#8132);
#8131 = CARTESIAN_POINT('',(5.753999563851,2.940000385439,0.E+000));
#8132 = VECTOR('',#8133,1.);
#8133 = DIRECTION('',(0.E+000,0.E+000,1.));
#8134 = ORIENTED_EDGE('',*,*,#8135,.F.);
#8135 = EDGE_CURVE('',#8112,#8128,#8136,.T.);
#8136 = LINE('',#8137,#8138);
#8137 = CARTESIAN_POINT('',(5.75399971247,2.090000385439,0.85));
#8138 = VECTOR('',#8139,1.);
#8139 = DIRECTION('',(-1.748455531469E-007,1.,0.E+000));
#8140 = PLANE('',#8141);
#8141 = AXIS2_PLACEMENT_3D('',#8142,#8143,#8144);
#8142 = CARTESIAN_POINT('',(5.75399971247,2.090000385439,0.E+000));
#8143 = DIRECTION('',(1.,1.748455531469E-007,0.E+000));
#8144 = DIRECTION('',(0.E+000,0.E+000,1.));
#8145 = ADVANCED_FACE('',(#8146),#8173,.T.);
#8146 = FACE_BOUND('',#8147,.T.);
#8147 = EDGE_LOOP('',(#8148,#8149,#8158,#8166));
#8148 = ORIENTED_EDGE('',*,*,#8109,.F.);
#8149 = ORIENTED_EDGE('',*,*,#8150,.T.);
#8150 = EDGE_CURVE('',#8110,#8151,#8153,.T.);
#8151 = VERTEX_POINT('',#8152);
#8152 = CARTESIAN_POINT('',(5.80399971247,2.090000394181,5.E-002));
#8153 = CIRCLE('',#8154,5.E-002);
#8154 = AXIS2_PLACEMENT_3D('',#8155,#8156,#8157);
#8155 = CARTESIAN_POINT('',(5.803999703727,2.140000394181,5.E-002));
#8156 = DIRECTION('',(0.E+000,0.E+000,1.));
#8157 = DIRECTION('',(-1.,-1.748455531469E-007,0.E+000));
#8158 = ORIENTED_EDGE('',*,*,#8159,.T.);
#8159 = EDGE_CURVE('',#8151,#8160,#8162,.T.);
#8160 = VERTEX_POINT('',#8161);
#8161 = CARTESIAN_POINT('',(5.80399971247,2.090000394181,0.85));
#8162 = LINE('',#8163,#8164);
#8163 = CARTESIAN_POINT('',(5.80399971247,2.090000394181,0.E+000));
#8164 = VECTOR('',#8165,1.);
#8165 = DIRECTION('',(0.E+000,0.E+000,1.));
#8166 = ORIENTED_EDGE('',*,*,#8167,.F.);
#8167 = EDGE_CURVE('',#8112,#8160,#8168,.T.);
#8168 = CIRCLE('',#8169,5.E-002);
#8169 = AXIS2_PLACEMENT_3D('',#8170,#8171,#8172);
#8170 = CARTESIAN_POINT('',(5.803999703727,2.140000394181,0.85));
#8171 = DIRECTION('',(0.E+000,0.E+000,1.));
#8172 = DIRECTION('',(-1.,-1.748455531469E-007,0.E+000));
#8173 = CYLINDRICAL_SURFACE('',#8174,5.E-002);
#8174 = AXIS2_PLACEMENT_3D('',#8175,#8176,#8177);
#8175 = CARTESIAN_POINT('',(5.803999703727,2.140000394181,0.E+000));
#8176 = DIRECTION('',(0.E+000,0.E+000,1.));
#8177 = DIRECTION('',(-1.,-1.748455531469E-007,0.E+000));
#8178 = ADVANCED_FACE('',(#8179),#8206,.T.);
#8179 = FACE_BOUND('',#8180,.T.);
#8180 = EDGE_LOOP('',(#8181,#8182,#8191,#8199));
#8181 = ORIENTED_EDGE('',*,*,#8119,.T.);
#8182 = ORIENTED_EDGE('',*,*,#8183,.F.);
#8183 = EDGE_CURVE('',#8184,#8120,#8186,.T.);
#8184 = VERTEX_POINT('',#8185);
#8185 = CARTESIAN_POINT('',(5.803999563851,2.940000394181,0.E+000));
#8186 = CIRCLE('',#8187,5.E-002);
#8187 = AXIS2_PLACEMENT_3D('',#8188,#8189,#8190);
#8188 = CARTESIAN_POINT('',(5.803999563851,2.940000394181,5.E-002));
#8189 = DIRECTION('',(-1.748455531469E-007,1.,0.E+000));
#8190 = DIRECTION('',(-1.,-1.748455531469E-007,0.E+000));
#8191 = ORIENTED_EDGE('',*,*,#8192,.F.);
#8192 = EDGE_CURVE('',#8193,#8184,#8195,.T.);
#8193 = VERTEX_POINT('',#8194);
#8194 = CARTESIAN_POINT('',(5.803999703727,2.140000394181,0.E+000));
#8195 = LINE('',#8196,#8197);
#8196 = CARTESIAN_POINT('',(5.80399971247,2.090000394181,
    -6.938893903907E-018));
#8197 = VECTOR('',#8198,1.);
#8198 = DIRECTION('',(-1.748455531469E-007,1.,0.E+000));
#8199 = ORIENTED_EDGE('',*,*,#8200,.T.);
#8200 = EDGE_CURVE('',#8193,#8110,#8201,.T.);
#8201 = CIRCLE('',#8202,5.E-002);
#8202 = AXIS2_PLACEMENT_3D('',#8203,#8204,#8205);
#8203 = CARTESIAN_POINT('',(5.803999703727,2.140000394181,5.E-002));
#8204 = DIRECTION('',(-1.748455531469E-007,1.,0.E+000));
#8205 = DIRECTION('',(-1.,-1.748455531469E-007,0.E+000));
#8206 = CYLINDRICAL_SURFACE('',#8207,5.E-002);
#8207 = AXIS2_PLACEMENT_3D('',#8208,#8209,#8210);
#8208 = CARTESIAN_POINT('',(5.80399971247,2.090000394181,5.E-002));
#8209 = DIRECTION('',(-1.748455531469E-007,1.,0.E+000));
#8210 = DIRECTION('',(-1.,-1.748455531469E-007,0.E+000));
#8211 = ADVANCED_FACE('',(#8212),#8239,.T.);
#8212 = FACE_BOUND('',#8213,.T.);
#8213 = EDGE_LOOP('',(#8214,#8223,#8231,#8238));
#8214 = ORIENTED_EDGE('',*,*,#8215,.F.);
#8215 = EDGE_CURVE('',#8216,#8112,#8218,.T.);
#8216 = VERTEX_POINT('',#8217);
#8217 = CARTESIAN_POINT('',(5.803999703727,2.140000394181,0.9));
#8218 = CIRCLE('',#8219,5.E-002);
#8219 = AXIS2_PLACEMENT_3D('',#8220,#8221,#8222);
#8220 = CARTESIAN_POINT('',(5.803999703727,2.140000394181,0.85));
#8221 = DIRECTION('',(1.748455531469E-007,-1.,0.E+000));
#8222 = DIRECTION('',(-1.,-1.748455531469E-007,0.E+000));
#8223 = ORIENTED_EDGE('',*,*,#8224,.T.);
#8224 = EDGE_CURVE('',#8216,#8225,#8227,.T.);
#8225 = VERTEX_POINT('',#8226);
#8226 = CARTESIAN_POINT('',(5.803999563851,2.940000394181,0.9));
#8227 = LINE('',#8228,#8229);
#8228 = CARTESIAN_POINT('',(5.80399971247,2.090000394181,0.9));
#8229 = VECTOR('',#8230,1.);
#8230 = DIRECTION('',(-1.748455531469E-007,1.,0.E+000));
#8231 = ORIENTED_EDGE('',*,*,#8232,.F.);
#8232 = EDGE_CURVE('',#8128,#8225,#8233,.T.);
#8233 = CIRCLE('',#8234,5.E-002);
#8234 = AXIS2_PLACEMENT_3D('',#8235,#8236,#8237);
#8235 = CARTESIAN_POINT('',(5.803999563851,2.940000394181,0.85));
#8236 = DIRECTION('',(-1.748455531469E-007,1.,0.E+000));
#8237 = DIRECTION('',(-1.,-1.748455531469E-007,0.E+000));
#8238 = ORIENTED_EDGE('',*,*,#8135,.F.);
#8239 = CYLINDRICAL_SURFACE('',#8240,5.E-002);
#8240 = AXIS2_PLACEMENT_3D('',#8241,#8242,#8243);
#8241 = CARTESIAN_POINT('',(5.80399971247,2.090000394181,0.85));
#8242 = DIRECTION('',(-1.748455531469E-007,1.,0.E+000));
#8243 = DIRECTION('',(-1.,-1.748455531469E-007,0.E+000));
#8244 = ADVANCED_FACE('',(#8245),#8272,.T.);
#8245 = FACE_BOUND('',#8246,.T.);
#8246 = EDGE_LOOP('',(#8247,#8256,#8264,#8271));
#8247 = ORIENTED_EDGE('',*,*,#8248,.F.);
#8248 = EDGE_CURVE('',#8249,#8128,#8251,.T.);
#8249 = VERTEX_POINT('',#8250);
#8250 = CARTESIAN_POINT('',(5.803999555109,2.990000394181,0.85));
#8251 = CIRCLE('',#8252,5.E-002);
#8252 = AXIS2_PLACEMENT_3D('',#8253,#8254,#8255);
#8253 = CARTESIAN_POINT('',(5.803999563851,2.940000394181,0.85));
#8254 = DIRECTION('',(0.E+000,0.E+000,1.));
#8255 = DIRECTION('',(-1.,-1.748455531469E-007,0.E+000));
#8256 = ORIENTED_EDGE('',*,*,#8257,.F.);
#8257 = EDGE_CURVE('',#8258,#8249,#8260,.T.);
#8258 = VERTEX_POINT('',#8259);
#8259 = CARTESIAN_POINT('',(5.803999555109,2.990000394181,5.E-002));
#8260 = LINE('',#8261,#8262);
#8261 = CARTESIAN_POINT('',(5.803999555109,2.990000394181,0.E+000));
#8262 = VECTOR('',#8263,1.);
#8263 = DIRECTION('',(0.E+000,0.E+000,1.));
#8264 = ORIENTED_EDGE('',*,*,#8265,.F.);
#8265 = EDGE_CURVE('',#8120,#8258,#8266,.T.);
#8266 = CIRCLE('',#8267,5.E-002);
#8267 = AXIS2_PLACEMENT_3D('',#8268,#8269,#8270);
#8268 = CARTESIAN_POINT('',(5.803999563851,2.940000394181,5.E-002));
#8269 = DIRECTION('',(-0.E+000,0.E+000,-1.));
#8270 = DIRECTION('',(-1.,-1.748455531469E-007,0.E+000));
#8271 = ORIENTED_EDGE('',*,*,#8127,.T.);
#8272 = CYLINDRICAL_SURFACE('',#8273,5.E-002);
#8273 = AXIS2_PLACEMENT_3D('',#8274,#8275,#8276);
#8274 = CARTESIAN_POINT('',(5.803999563851,2.940000394181,0.E+000));
#8275 = DIRECTION('',(0.E+000,0.E+000,1.));
#8276 = DIRECTION('',(-1.,-1.748455531469E-007,0.E+000));
#8277 = ADVANCED_FACE('',(#8278),#8289,.T.);
#8278 = FACE_BOUND('',#8279,.T.);
#8279 = EDGE_LOOP('',(#8280,#8281,#8288));
#8280 = ORIENTED_EDGE('',*,*,#8200,.F.);
#8281 = ORIENTED_EDGE('',*,*,#8282,.T.);
#8282 = EDGE_CURVE('',#8193,#8151,#8283,.T.);
#8283 = CIRCLE('',#8284,5.E-002);
#8284 = AXIS2_PLACEMENT_3D('',#8285,#8286,#8287);
#8285 = CARTESIAN_POINT('',(5.803999703727,2.140000394181,5.E-002));
#8286 = DIRECTION('',(-1.,-1.748455530857E-007,0.E+000));
#8287 = DIRECTION('',(1.748455530857E-007,-1.,0.E+000));
#8288 = ORIENTED_EDGE('',*,*,#8150,.F.);
#8289 = SPHERICAL_SURFACE('',#8290,5.E-002);
#8290 = AXIS2_PLACEMENT_3D('',#8291,#8292,#8293);
#8291 = CARTESIAN_POINT('',(5.803999703727,2.140000394181,5.E-002));
#8292 = DIRECTION('',(0.E+000,0.E+000,1.));
#8293 = DIRECTION('',(-1.,-1.748455531469E-007,0.E+000));
#8294 = ADVANCED_FACE('',(#8295),#8306,.T.);
#8295 = FACE_BOUND('',#8296,.T.);
#8296 = EDGE_LOOP('',(#8297,#8298,#8305));
#8297 = ORIENTED_EDGE('',*,*,#8167,.T.);
#8298 = ORIENTED_EDGE('',*,*,#8299,.F.);
#8299 = EDGE_CURVE('',#8216,#8160,#8300,.T.);
#8300 = CIRCLE('',#8301,5.E-002);
#8301 = AXIS2_PLACEMENT_3D('',#8302,#8303,#8304);
#8302 = CARTESIAN_POINT('',(5.803999703727,2.140000394181,0.85));
#8303 = DIRECTION('',(1.,1.748455530857E-007,0.E+000));
#8304 = DIRECTION('',(1.748455530857E-007,-1.,0.E+000));
#8305 = ORIENTED_EDGE('',*,*,#8215,.T.);
#8306 = SPHERICAL_SURFACE('',#8307,5.E-002);
#8307 = AXIS2_PLACEMENT_3D('',#8308,#8309,#8310);
#8308 = CARTESIAN_POINT('',(5.803999703727,2.140000394181,0.85));
#8309 = DIRECTION('',(0.E+000,-0.E+000,-1.));
#8310 = DIRECTION('',(-1.,-1.748455531469E-007,0.E+000));
#8311 = ADVANCED_FACE('',(#8312),#8337,.F.);
#8312 = FACE_BOUND('',#8313,.F.);
#8313 = EDGE_LOOP('',(#8314,#8322,#8323,#8331));
#8314 = ORIENTED_EDGE('',*,*,#8315,.F.);
#8315 = EDGE_CURVE('',#8151,#8316,#8318,.T.);
#8316 = VERTEX_POINT('',#8317);
#8317 = CARTESIAN_POINT('',(5.95399971247,2.090000420408,5.E-002));
#8318 = LINE('',#8319,#8320);
#8319 = CARTESIAN_POINT('',(5.75399971247,2.090000385439,5.E-002));
#8320 = VECTOR('',#8321,1.);
#8321 = DIRECTION('',(1.,1.748455531469E-007,0.E+000));
#8322 = ORIENTED_EDGE('',*,*,#8159,.T.);
#8323 = ORIENTED_EDGE('',*,*,#8324,.T.);
#8324 = EDGE_CURVE('',#8160,#8325,#8327,.T.);
#8325 = VERTEX_POINT('',#8326);
#8326 = CARTESIAN_POINT('',(5.95399971247,2.090000420408,0.85));
#8327 = LINE('',#8328,#8329);
#8328 = CARTESIAN_POINT('',(5.75399971247,2.090000385439,0.85));
#8329 = VECTOR('',#8330,1.);
#8330 = DIRECTION('',(1.,1.748455531469E-007,0.E+000));
#8331 = ORIENTED_EDGE('',*,*,#8332,.F.);
#8332 = EDGE_CURVE('',#8316,#8325,#8333,.T.);
#8333 = LINE('',#8334,#8335);
#8334 = CARTESIAN_POINT('',(5.95399971247,2.090000420408,0.E+000));
#8335 = VECTOR('',#8336,1.);
#8336 = DIRECTION('',(0.E+000,0.E+000,1.));
#8337 = PLANE('',#8338);
#8338 = AXIS2_PLACEMENT_3D('',#8339,#8340,#8341);
#8339 = CARTESIAN_POINT('',(5.75399971247,2.090000385439,0.E+000));
#8340 = DIRECTION('',(-1.748455531469E-007,1.,0.E+000));
#8341 = DIRECTION('',(0.E+000,0.E+000,1.));
#8342 = ADVANCED_FACE('',(#8343),#8368,.F.);
#8343 = FACE_BOUND('',#8344,.F.);
#8344 = EDGE_LOOP('',(#8345,#8346,#8354,#8362));
#8345 = ORIENTED_EDGE('',*,*,#8192,.F.);
#8346 = ORIENTED_EDGE('',*,*,#8347,.T.);
#8347 = EDGE_CURVE('',#8193,#8348,#8350,.T.);
#8348 = VERTEX_POINT('',#8349);
#8349 = CARTESIAN_POINT('',(5.953999703727,2.140000420408,
    -3.469446951954E-018));
#8350 = LINE('',#8351,#8352);
#8351 = CARTESIAN_POINT('',(5.753999703727,2.140000385439,
    -6.938893903907E-018));
#8352 = VECTOR('',#8353,1.);
#8353 = DIRECTION('',(1.,1.748455531469E-007,0.E+000));
#8354 = ORIENTED_EDGE('',*,*,#8355,.T.);
#8355 = EDGE_CURVE('',#8348,#8356,#8358,.T.);
#8356 = VERTEX_POINT('',#8357);
#8357 = CARTESIAN_POINT('',(5.953999563851,2.940000420408,
    -3.469446951954E-018));
#8358 = LINE('',#8359,#8360);
#8359 = CARTESIAN_POINT('',(5.95399971247,2.090000420408,0.E+000));
#8360 = VECTOR('',#8361,1.);
#8361 = DIRECTION('',(-1.748455531469E-007,1.,0.E+000));
#8362 = ORIENTED_EDGE('',*,*,#8363,.F.);
#8363 = EDGE_CURVE('',#8184,#8356,#8364,.T.);
#8364 = LINE('',#8365,#8366);
#8365 = CARTESIAN_POINT('',(5.753999563851,2.940000385439,
    -6.938893903907E-018));
#8366 = VECTOR('',#8367,1.);
#8367 = DIRECTION('',(1.,1.748455531469E-007,0.E+000));
#8368 = PLANE('',#8369);
#8369 = AXIS2_PLACEMENT_3D('',#8370,#8371,#8372);
#8370 = CARTESIAN_POINT('',(5.75399971247,2.090000385439,0.E+000));
#8371 = DIRECTION('',(0.E+000,0.E+000,1.));
#8372 = DIRECTION('',(1.,1.748455531469E-007,0.E+000));
#8373 = ADVANCED_FACE('',(#8374),#8385,.T.);
#8374 = FACE_BOUND('',#8375,.T.);
#8375 = EDGE_LOOP('',(#8376,#8377,#8384));
#8376 = ORIENTED_EDGE('',*,*,#8265,.T.);
#8377 = ORIENTED_EDGE('',*,*,#8378,.F.);
#8378 = EDGE_CURVE('',#8184,#8258,#8379,.T.);
#8379 = CIRCLE('',#8380,5.E-002);
#8380 = AXIS2_PLACEMENT_3D('',#8381,#8382,#8383);
#8381 = CARTESIAN_POINT('',(5.803999563851,2.940000394181,5.E-002));
#8382 = DIRECTION('',(1.,1.748455532082E-007,-0.E+000));
#8383 = DIRECTION('',(-1.748455532082E-007,1.,0.E+000));
#8384 = ORIENTED_EDGE('',*,*,#8183,.T.);
#8385 = SPHERICAL_SURFACE('',#8386,5.E-002);
#8386 = AXIS2_PLACEMENT_3D('',#8387,#8388,#8389);
#8387 = CARTESIAN_POINT('',(5.803999563851,2.940000394181,5.E-002));
#8388 = DIRECTION('',(0.E+000,0.E+000,1.));
#8389 = DIRECTION('',(-1.,-1.748455531469E-007,0.E+000));
#8390 = ADVANCED_FACE('',(#8391),#8416,.T.);
#8391 = FACE_BOUND('',#8392,.T.);
#8392 = EDGE_LOOP('',(#8393,#8394,#8402,#8410));
#8393 = ORIENTED_EDGE('',*,*,#8224,.F.);
#8394 = ORIENTED_EDGE('',*,*,#8395,.T.);
#8395 = EDGE_CURVE('',#8216,#8396,#8398,.T.);
#8396 = VERTEX_POINT('',#8397);
#8397 = CARTESIAN_POINT('',(5.953999703727,2.140000420408,0.9));
#8398 = LINE('',#8399,#8400);
#8399 = CARTESIAN_POINT('',(5.753999703727,2.140000385439,0.9));
#8400 = VECTOR('',#8401,1.);
#8401 = DIRECTION('',(1.,1.748455531469E-007,0.E+000));
#8402 = ORIENTED_EDGE('',*,*,#8403,.T.);
#8403 = EDGE_CURVE('',#8396,#8404,#8406,.T.);
#8404 = VERTEX_POINT('',#8405);
#8405 = CARTESIAN_POINT('',(5.953999563851,2.940000420408,0.9));
#8406 = LINE('',#8407,#8408);
#8407 = CARTESIAN_POINT('',(5.95399971247,2.090000420408,0.9));
#8408 = VECTOR('',#8409,1.);
#8409 = DIRECTION('',(-1.748455531469E-007,1.,0.E+000));
#8410 = ORIENTED_EDGE('',*,*,#8411,.F.);
#8411 = EDGE_CURVE('',#8225,#8404,#8412,.T.);
#8412 = LINE('',#8413,#8414);
#8413 = CARTESIAN_POINT('',(5.753999563851,2.940000385439,0.9));
#8414 = VECTOR('',#8415,1.);
#8415 = DIRECTION('',(1.,1.748455531469E-007,0.E+000));
#8416 = PLANE('',#8417);
#8417 = AXIS2_PLACEMENT_3D('',#8418,#8419,#8420);
#8418 = CARTESIAN_POINT('',(5.75399971247,2.090000385439,0.9));
#8419 = DIRECTION('',(0.E+000,0.E+000,1.));
#8420 = DIRECTION('',(1.,1.748455531469E-007,0.E+000));
#8421 = ADVANCED_FACE('',(#8422),#8433,.T.);
#8422 = FACE_BOUND('',#8423,.T.);
#8423 = EDGE_LOOP('',(#8424,#8425,#8432));
#8424 = ORIENTED_EDGE('',*,*,#8232,.T.);
#8425 = ORIENTED_EDGE('',*,*,#8426,.F.);
#8426 = EDGE_CURVE('',#8249,#8225,#8427,.T.);
#8427 = CIRCLE('',#8428,5.E-002);
#8428 = AXIS2_PLACEMENT_3D('',#8429,#8430,#8431);
#8429 = CARTESIAN_POINT('',(5.803999563851,2.940000394181,0.85));
#8430 = DIRECTION('',(1.,1.748455531469E-007,6.123233995737E-017));
#8431 = DIRECTION('',(-6.123233995737E-017,-1.070620235033E-023,1.));
#8432 = ORIENTED_EDGE('',*,*,#8248,.T.);
#8433 = SPHERICAL_SURFACE('',#8434,5.E-002);
#8434 = AXIS2_PLACEMENT_3D('',#8435,#8436,#8437);
#8435 = CARTESIAN_POINT('',(5.803999563851,2.940000394181,0.85));
#8436 = DIRECTION('',(1.748455531469E-007,-1.,0.E+000));
#8437 = DIRECTION('',(-1.,-1.748455531469E-007,0.E+000));
#8438 = ADVANCED_FACE('',(#8439),#8464,.T.);
#8439 = FACE_BOUND('',#8440,.T.);
#8440 = EDGE_LOOP('',(#8441,#8449,#8450,#8458));
#8441 = ORIENTED_EDGE('',*,*,#8442,.F.);
#8442 = EDGE_CURVE('',#8258,#8443,#8445,.T.);
#8443 = VERTEX_POINT('',#8444);
#8444 = CARTESIAN_POINT('',(5.953999555109,2.990000420408,5.E-002));
#8445 = LINE('',#8446,#8447);
#8446 = CARTESIAN_POINT('',(5.753999555109,2.990000385439,5.E-002));
#8447 = VECTOR('',#8448,1.);
#8448 = DIRECTION('',(1.,1.748455531469E-007,0.E+000));
#8449 = ORIENTED_EDGE('',*,*,#8257,.T.);
#8450 = ORIENTED_EDGE('',*,*,#8451,.T.);
#8451 = EDGE_CURVE('',#8249,#8452,#8454,.T.);
#8452 = VERTEX_POINT('',#8453);
#8453 = CARTESIAN_POINT('',(5.953999555109,2.990000420408,0.85));
#8454 = LINE('',#8455,#8456);
#8455 = CARTESIAN_POINT('',(5.753999555109,2.990000385439,0.85));
#8456 = VECTOR('',#8457,1.);
#8457 = DIRECTION('',(1.,1.748455531469E-007,0.E+000));
#8458 = ORIENTED_EDGE('',*,*,#8459,.F.);
#8459 = EDGE_CURVE('',#8443,#8452,#8460,.T.);
#8460 = LINE('',#8461,#8462);
#8461 = CARTESIAN_POINT('',(5.953999555109,2.990000420408,0.E+000));
#8462 = VECTOR('',#8463,1.);
#8463 = DIRECTION('',(0.E+000,0.E+000,1.));
#8464 = PLANE('',#8465);
#8465 = AXIS2_PLACEMENT_3D('',#8466,#8467,#8468);
#8466 = CARTESIAN_POINT('',(5.753999555109,2.990000385439,0.E+000));
#8467 = DIRECTION('',(-1.748455531469E-007,1.,0.E+000));
#8468 = DIRECTION('',(0.E+000,0.E+000,1.));
#8469 = ADVANCED_FACE('',(#8470),#8482,.T.);
#8470 = FACE_BOUND('',#8471,.T.);
#8471 = EDGE_LOOP('',(#8472,#8473,#8474,#8481));
#8472 = ORIENTED_EDGE('',*,*,#8282,.F.);
#8473 = ORIENTED_EDGE('',*,*,#8347,.T.);
#8474 = ORIENTED_EDGE('',*,*,#8475,.F.);
#8475 = EDGE_CURVE('',#8316,#8348,#8476,.T.);
#8476 = CIRCLE('',#8477,5.E-002);
#8477 = AXIS2_PLACEMENT_3D('',#8478,#8479,#8480);
#8478 = CARTESIAN_POINT('',(5.953999703727,2.140000420408,5.E-002));
#8479 = DIRECTION('',(1.,1.748455531469E-007,0.E+000));
#8480 = DIRECTION('',(1.748455531469E-007,-1.,0.E+000));
#8481 = ORIENTED_EDGE('',*,*,#8315,.F.);
#8482 = CYLINDRICAL_SURFACE('',#8483,5.E-002);
#8483 = AXIS2_PLACEMENT_3D('',#8484,#8485,#8486);
#8484 = CARTESIAN_POINT('',(5.753999703727,2.140000385439,5.E-002));
#8485 = DIRECTION('',(1.,1.748455531469E-007,0.E+000));
#8486 = DIRECTION('',(1.748455531469E-007,-1.,0.E+000));
#8487 = ADVANCED_FACE('',(#8488),#8500,.T.);
#8488 = FACE_BOUND('',#8489,.T.);
#8489 = EDGE_LOOP('',(#8490,#8491,#8498,#8499));
#8490 = ORIENTED_EDGE('',*,*,#8324,.T.);
#8491 = ORIENTED_EDGE('',*,*,#8492,.F.);
#8492 = EDGE_CURVE('',#8396,#8325,#8493,.T.);
#8493 = CIRCLE('',#8494,5.E-002);
#8494 = AXIS2_PLACEMENT_3D('',#8495,#8496,#8497);
#8495 = CARTESIAN_POINT('',(5.953999703727,2.140000420408,0.85));
#8496 = DIRECTION('',(1.,1.748455531469E-007,0.E+000));
#8497 = DIRECTION('',(1.748455531469E-007,-1.,0.E+000));
#8498 = ORIENTED_EDGE('',*,*,#8395,.F.);
#8499 = ORIENTED_EDGE('',*,*,#8299,.T.);
#8500 = CYLINDRICAL_SURFACE('',#8501,5.E-002);
#8501 = AXIS2_PLACEMENT_3D('',#8502,#8503,#8504);
#8502 = CARTESIAN_POINT('',(5.753999703727,2.140000385439,0.85));
#8503 = DIRECTION('',(1.,1.748455531469E-007,0.E+000));
#8504 = DIRECTION('',(1.748455531469E-007,-1.,0.E+000));
#8505 = ADVANCED_FACE('',(#8506),#8528,.T.);
#8506 = FACE_BOUND('',#8507,.T.);
#8507 = EDGE_LOOP('',(#8508,#8509,#8510,#8511,#8518,#8519,#8526,#8527));
#8508 = ORIENTED_EDGE('',*,*,#8332,.F.);
#8509 = ORIENTED_EDGE('',*,*,#8475,.T.);
#8510 = ORIENTED_EDGE('',*,*,#8355,.T.);
#8511 = ORIENTED_EDGE('',*,*,#8512,.T.);
#8512 = EDGE_CURVE('',#8356,#8443,#8513,.T.);
#8513 = CIRCLE('',#8514,5.E-002);
#8514 = AXIS2_PLACEMENT_3D('',#8515,#8516,#8517);
#8515 = CARTESIAN_POINT('',(5.953999563851,2.940000420408,5.E-002));
#8516 = DIRECTION('',(1.,1.748455531469E-007,-0.E+000));
#8517 = DIRECTION('',(-1.748455531469E-007,1.,0.E+000));
#8518 = ORIENTED_EDGE('',*,*,#8459,.T.);
#8519 = ORIENTED_EDGE('',*,*,#8520,.T.);
#8520 = EDGE_CURVE('',#8452,#8404,#8521,.T.);
#8521 = CIRCLE('',#8522,5.E-002);
#8522 = AXIS2_PLACEMENT_3D('',#8523,#8524,#8525);
#8523 = CARTESIAN_POINT('',(5.953999563851,2.940000420408,0.85));
#8524 = DIRECTION('',(1.,1.748455531469E-007,-0.E+000));
#8525 = DIRECTION('',(-1.748455531469E-007,1.,0.E+000));
#8526 = ORIENTED_EDGE('',*,*,#8403,.F.);
#8527 = ORIENTED_EDGE('',*,*,#8492,.T.);
#8528 = PLANE('',#8529);
#8529 = AXIS2_PLACEMENT_3D('',#8530,#8531,#8532);
#8530 = CARTESIAN_POINT('',(5.95399971247,2.090000420408,0.E+000));
#8531 = DIRECTION('',(1.,1.748455531469E-007,0.E+000));
#8532 = DIRECTION('',(0.E+000,0.E+000,1.));
#8533 = ADVANCED_FACE('',(#8534),#8540,.T.);
#8534 = FACE_BOUND('',#8535,.T.);
#8535 = EDGE_LOOP('',(#8536,#8537,#8538,#8539));
#8536 = ORIENTED_EDGE('',*,*,#8442,.T.);
#8537 = ORIENTED_EDGE('',*,*,#8512,.F.);
#8538 = ORIENTED_EDGE('',*,*,#8363,.F.);
#8539 = ORIENTED_EDGE('',*,*,#8378,.T.);
#8540 = CYLINDRICAL_SURFACE('',#8541,5.E-002);
#8541 = AXIS2_PLACEMENT_3D('',#8542,#8543,#8544);
#8542 = CARTESIAN_POINT('',(5.753999563851,2.940000385439,5.E-002));
#8543 = DIRECTION('',(1.,1.748455531469E-007,0.E+000));
#8544 = DIRECTION('',(-1.748455531469E-007,1.,0.E+000));
#8545 = ADVANCED_FACE('',(#8546),#8552,.T.);
#8546 = FACE_BOUND('',#8547,.T.);
#8547 = EDGE_LOOP('',(#8548,#8549,#8550,#8551));
#8548 = ORIENTED_EDGE('',*,*,#8451,.F.);
#8549 = ORIENTED_EDGE('',*,*,#8426,.T.);
#8550 = ORIENTED_EDGE('',*,*,#8411,.T.);
#8551 = ORIENTED_EDGE('',*,*,#8520,.F.);
#8552 = CYLINDRICAL_SURFACE('',#8553,5.E-002);
#8553 = AXIS2_PLACEMENT_3D('',#8554,#8555,#8556);
#8554 = CARTESIAN_POINT('',(5.753999563851,2.940000385439,0.85));
#8555 = DIRECTION('',(1.,1.748455531469E-007,0.E+000));
#8556 = DIRECTION('',(-1.748455531469E-007,1.,0.E+000));
#8557 = MANIFOLD_SOLID_BREP('',#8558);
#8558 = CLOSED_SHELL('',(#8559,#8599,#8632,#8665,#8698,#8749,#8766,#8790
    ,#8821,#8838,#8862,#8887,#8912,#8929,#8947,#8965,#8989,#9000));
#8559 = ADVANCED_FACE('',(#8560),#8594,.F.);
#8560 = FACE_BOUND('',#8561,.F.);
#8561 = EDGE_LOOP('',(#8562,#8572,#8580,#8588));
#8562 = ORIENTED_EDGE('',*,*,#8563,.F.);
#8563 = EDGE_CURVE('',#8564,#8566,#8568,.T.);
#8564 = VERTEX_POINT('',#8565);
#8565 = CARTESIAN_POINT('',(7.25399971247,2.090000647707,5.E-002));
#8566 = VERTEX_POINT('',#8567);
#8567 = CARTESIAN_POINT('',(7.40399971247,2.090000673934,5.E-002));
#8568 = LINE('',#8569,#8570);
#8569 = CARTESIAN_POINT('',(5.75399971247,2.090000385439,5.E-002));
#8570 = VECTOR('',#8571,1.);
#8571 = DIRECTION('',(1.,1.748455531469E-007,0.E+000));
#8572 = ORIENTED_EDGE('',*,*,#8573,.T.);
#8573 = EDGE_CURVE('',#8564,#8574,#8576,.T.);
#8574 = VERTEX_POINT('',#8575);
#8575 = CARTESIAN_POINT('',(7.25399971247,2.090000647707,0.85));
#8576 = LINE('',#8577,#8578);
#8577 = CARTESIAN_POINT('',(7.25399971247,2.090000647707,0.E+000));
#8578 = VECTOR('',#8579,1.);
#8579 = DIRECTION('',(0.E+000,0.E+000,1.));
#8580 = ORIENTED_EDGE('',*,*,#8581,.T.);
#8581 = EDGE_CURVE('',#8574,#8582,#8584,.T.);
#8582 = VERTEX_POINT('',#8583);
#8583 = CARTESIAN_POINT('',(7.40399971247,2.090000673934,0.85));
#8584 = LINE('',#8585,#8586);
#8585 = CARTESIAN_POINT('',(5.75399971247,2.090000385439,0.85));
#8586 = VECTOR('',#8587,1.);
#8587 = DIRECTION('',(1.,1.748455531469E-007,0.E+000));
#8588 = ORIENTED_EDGE('',*,*,#8589,.F.);
#8589 = EDGE_CURVE('',#8566,#8582,#8590,.T.);
#8590 = LINE('',#8591,#8592);
#8591 = CARTESIAN_POINT('',(7.40399971247,2.090000673934,0.E+000));
#8592 = VECTOR('',#8593,1.);
#8593 = DIRECTION('',(0.E+000,0.E+000,1.));
#8594 = PLANE('',#8595);
#8595 = AXIS2_PLACEMENT_3D('',#8596,#8597,#8598);
#8596 = CARTESIAN_POINT('',(5.75399971247,2.090000385439,0.E+000));
#8597 = DIRECTION('',(-1.748455531469E-007,1.,0.E+000));
#8598 = DIRECTION('',(0.E+000,0.E+000,1.));
#8599 = ADVANCED_FACE('',(#8600),#8627,.T.);
#8600 = FACE_BOUND('',#8601,.T.);
#8601 = EDGE_LOOP('',(#8602,#8611,#8619,#8626));
#8602 = ORIENTED_EDGE('',*,*,#8603,.T.);
#8603 = EDGE_CURVE('',#8564,#8604,#8606,.T.);
#8604 = VERTEX_POINT('',#8605);
#8605 = CARTESIAN_POINT('',(7.253999703727,2.140000647707,
    -3.469446951954E-018));
#8606 = CIRCLE('',#8607,5.E-002);
#8607 = AXIS2_PLACEMENT_3D('',#8608,#8609,#8610);
#8608 = CARTESIAN_POINT('',(7.253999703727,2.140000647707,5.E-002));
#8609 = DIRECTION('',(1.,1.748455531469E-007,0.E+000));
#8610 = DIRECTION('',(1.748455531469E-007,-1.,0.E+000));
#8611 = ORIENTED_EDGE('',*,*,#8612,.T.);
#8612 = EDGE_CURVE('',#8604,#8613,#8615,.T.);
#8613 = VERTEX_POINT('',#8614);
#8614 = CARTESIAN_POINT('',(7.403999703727,2.140000673934,0.E+000));
#8615 = LINE('',#8616,#8617);
#8616 = CARTESIAN_POINT('',(5.753999703727,2.140000385439,
    -6.938893903907E-018));
#8617 = VECTOR('',#8618,1.);
#8618 = DIRECTION('',(1.,1.748455531469E-007,0.E+000));
#8619 = ORIENTED_EDGE('',*,*,#8620,.T.);
#8620 = EDGE_CURVE('',#8613,#8566,#8621,.T.);
#8621 = CIRCLE('',#8622,5.E-002);
#8622 = AXIS2_PLACEMENT_3D('',#8623,#8624,#8625);
#8623 = CARTESIAN_POINT('',(7.403999703727,2.140000673934,5.E-002));
#8624 = DIRECTION('',(-1.,-1.748455532082E-007,0.E+000));
#8625 = DIRECTION('',(1.748455532082E-007,-1.,0.E+000));
#8626 = ORIENTED_EDGE('',*,*,#8563,.F.);
#8627 = CYLINDRICAL_SURFACE('',#8628,5.E-002);
#8628 = AXIS2_PLACEMENT_3D('',#8629,#8630,#8631);
#8629 = CARTESIAN_POINT('',(5.753999703727,2.140000385439,5.E-002));
#8630 = DIRECTION('',(1.,1.748455531469E-007,0.E+000));
#8631 = DIRECTION('',(1.748455531469E-007,-1.,0.E+000));
#8632 = ADVANCED_FACE('',(#8633),#8660,.T.);
#8633 = FACE_BOUND('',#8634,.T.);
#8634 = EDGE_LOOP('',(#8635,#8644,#8645,#8654));
#8635 = ORIENTED_EDGE('',*,*,#8636,.T.);
#8636 = EDGE_CURVE('',#8637,#8582,#8639,.T.);
#8637 = VERTEX_POINT('',#8638);
#8638 = CARTESIAN_POINT('',(7.453999703727,2.140000682676,0.85));
#8639 = CIRCLE('',#8640,5.E-002);
#8640 = AXIS2_PLACEMENT_3D('',#8641,#8642,#8643);
#8641 = CARTESIAN_POINT('',(7.403999703727,2.140000673934,0.85));
#8642 = DIRECTION('',(0.E+000,0.E+000,-1.));
#8643 = DIRECTION('',(1.,1.748455531469E-007,0.E+000));
#8644 = ORIENTED_EDGE('',*,*,#8589,.F.);
#8645 = ORIENTED_EDGE('',*,*,#8646,.F.);
#8646 = EDGE_CURVE('',#8647,#8566,#8649,.T.);
#8647 = VERTEX_POINT('',#8648);
#8648 = CARTESIAN_POINT('',(7.453999703727,2.140000682676,5.E-002));
#8649 = CIRCLE('',#8650,5.E-002);
#8650 = AXIS2_PLACEMENT_3D('',#8651,#8652,#8653);
#8651 = CARTESIAN_POINT('',(7.403999703727,2.140000673934,5.E-002));
#8652 = DIRECTION('',(0.E+000,0.E+000,-1.));
#8653 = DIRECTION('',(1.,1.748455531469E-007,0.E+000));
#8654 = ORIENTED_EDGE('',*,*,#8655,.T.);
#8655 = EDGE_CURVE('',#8647,#8637,#8656,.T.);
#8656 = LINE('',#8657,#8658);
#8657 = CARTESIAN_POINT('',(7.453999703727,2.140000682676,0.E+000));
#8658 = VECTOR('',#8659,1.);
#8659 = DIRECTION('',(0.E+000,0.E+000,1.));
#8660 = CYLINDRICAL_SURFACE('',#8661,5.E-002);
#8661 = AXIS2_PLACEMENT_3D('',#8662,#8663,#8664);
#8662 = CARTESIAN_POINT('',(7.403999703727,2.140000673934,0.E+000));
#8663 = DIRECTION('',(0.E+000,0.E+000,1.));
#8664 = DIRECTION('',(1.,1.748455531469E-007,0.E+000));
#8665 = ADVANCED_FACE('',(#8666),#8693,.T.);
#8666 = FACE_BOUND('',#8667,.T.);
#8667 = EDGE_LOOP('',(#8668,#8669,#8678,#8686));
#8668 = ORIENTED_EDGE('',*,*,#8581,.T.);
#8669 = ORIENTED_EDGE('',*,*,#8670,.F.);
#8670 = EDGE_CURVE('',#8671,#8582,#8673,.T.);
#8671 = VERTEX_POINT('',#8672);
#8672 = CARTESIAN_POINT('',(7.403999703727,2.140000673934,0.9));
#8673 = CIRCLE('',#8674,5.E-002);
#8674 = AXIS2_PLACEMENT_3D('',#8675,#8676,#8677);
#8675 = CARTESIAN_POINT('',(7.403999703727,2.140000673934,0.85));
#8676 = DIRECTION('',(1.,1.748455532082E-007,0.E+000));
#8677 = DIRECTION('',(1.748455532082E-007,-1.,0.E+000));
#8678 = ORIENTED_EDGE('',*,*,#8679,.F.);
#8679 = EDGE_CURVE('',#8680,#8671,#8682,.T.);
#8680 = VERTEX_POINT('',#8681);
#8681 = CARTESIAN_POINT('',(7.253999703727,2.140000647707,0.9));
#8682 = LINE('',#8683,#8684);
#8683 = CARTESIAN_POINT('',(5.753999703727,2.140000385439,0.9));
#8684 = VECTOR('',#8685,1.);
#8685 = DIRECTION('',(1.,1.748455531469E-007,0.E+000));
#8686 = ORIENTED_EDGE('',*,*,#8687,.T.);
#8687 = EDGE_CURVE('',#8680,#8574,#8688,.T.);
#8688 = CIRCLE('',#8689,5.E-002);
#8689 = AXIS2_PLACEMENT_3D('',#8690,#8691,#8692);
#8690 = CARTESIAN_POINT('',(7.253999703727,2.140000647707,0.85));
#8691 = DIRECTION('',(1.,1.748455531469E-007,0.E+000));
#8692 = DIRECTION('',(1.748455531469E-007,-1.,0.E+000));
#8693 = CYLINDRICAL_SURFACE('',#8694,5.E-002);
#8694 = AXIS2_PLACEMENT_3D('',#8695,#8696,#8697);
#8695 = CARTESIAN_POINT('',(5.753999703727,2.140000385439,0.85));
#8696 = DIRECTION('',(1.,1.748455531469E-007,0.E+000));
#8697 = DIRECTION('',(1.748455531469E-007,-1.,0.E+000));
#8698 = ADVANCED_FACE('',(#8699),#8744,.F.);
#8699 = FACE_BOUND('',#8700,.F.);
#8700 = EDGE_LOOP('',(#8701,#8702,#8703,#8711,#8720,#8728,#8737,#8743));
#8701 = ORIENTED_EDGE('',*,*,#8573,.F.);
#8702 = ORIENTED_EDGE('',*,*,#8603,.T.);
#8703 = ORIENTED_EDGE('',*,*,#8704,.T.);
#8704 = EDGE_CURVE('',#8604,#8705,#8707,.T.);
#8705 = VERTEX_POINT('',#8706);
#8706 = CARTESIAN_POINT('',(7.253999563851,2.940000647707,
    -3.469446951954E-018));
#8707 = LINE('',#8708,#8709);
#8708 = CARTESIAN_POINT('',(7.25399971247,2.090000647707,0.E+000));
#8709 = VECTOR('',#8710,1.);
#8710 = DIRECTION('',(-1.748455531469E-007,1.,0.E+000));
#8711 = ORIENTED_EDGE('',*,*,#8712,.T.);
#8712 = EDGE_CURVE('',#8705,#8713,#8715,.T.);
#8713 = VERTEX_POINT('',#8714);
#8714 = CARTESIAN_POINT('',(7.253999555109,2.990000647707,5.E-002));
#8715 = CIRCLE('',#8716,5.E-002);
#8716 = AXIS2_PLACEMENT_3D('',#8717,#8718,#8719);
#8717 = CARTESIAN_POINT('',(7.253999563851,2.940000647707,5.E-002));
#8718 = DIRECTION('',(1.,1.748455531469E-007,-0.E+000));
#8719 = DIRECTION('',(-1.748455531469E-007,1.,0.E+000));
#8720 = ORIENTED_EDGE('',*,*,#8721,.T.);
#8721 = EDGE_CURVE('',#8713,#8722,#8724,.T.);
#8722 = VERTEX_POINT('',#8723);
#8723 = CARTESIAN_POINT('',(7.253999555109,2.990000647707,0.85));
#8724 = LINE('',#8725,#8726);
#8725 = CARTESIAN_POINT('',(7.253999555109,2.990000647707,0.E+000));
#8726 = VECTOR('',#8727,1.);
#8727 = DIRECTION('',(0.E+000,0.E+000,1.));
#8728 = ORIENTED_EDGE('',*,*,#8729,.T.);
#8729 = EDGE_CURVE('',#8722,#8730,#8732,.T.);
#8730 = VERTEX_POINT('',#8731);
#8731 = CARTESIAN_POINT('',(7.253999563851,2.940000647707,0.9));
#8732 = CIRCLE('',#8733,5.E-002);
#8733 = AXIS2_PLACEMENT_3D('',#8734,#8735,#8736);
#8734 = CARTESIAN_POINT('',(7.253999563851,2.940000647707,0.85));
#8735 = DIRECTION('',(1.,1.748455531469E-007,-0.E+000));
#8736 = DIRECTION('',(-1.748455531469E-007,1.,0.E+000));
#8737 = ORIENTED_EDGE('',*,*,#8738,.F.);
#8738 = EDGE_CURVE('',#8680,#8730,#8739,.T.);
#8739 = LINE('',#8740,#8741);
#8740 = CARTESIAN_POINT('',(7.25399971247,2.090000647707,0.9));
#8741 = VECTOR('',#8742,1.);
#8742 = DIRECTION('',(-1.748455531469E-007,1.,0.E+000));
#8743 = ORIENTED_EDGE('',*,*,#8687,.T.);
#8744 = PLANE('',#8745);
#8745 = AXIS2_PLACEMENT_3D('',#8746,#8747,#8748);
#8746 = CARTESIAN_POINT('',(7.25399971247,2.090000647707,0.E+000));
#8747 = DIRECTION('',(1.,1.748455531469E-007,0.E+000));
#8748 = DIRECTION('',(0.E+000,0.E+000,1.));
#8749 = ADVANCED_FACE('',(#8750),#8761,.T.);
#8750 = FACE_BOUND('',#8751,.T.);
#8751 = EDGE_LOOP('',(#8752,#8753,#8754));
#8752 = ORIENTED_EDGE('',*,*,#8646,.T.);
#8753 = ORIENTED_EDGE('',*,*,#8620,.F.);
#8754 = ORIENTED_EDGE('',*,*,#8755,.T.);
#8755 = EDGE_CURVE('',#8613,#8647,#8756,.T.);
#8756 = CIRCLE('',#8757,5.E-002);
#8757 = AXIS2_PLACEMENT_3D('',#8758,#8759,#8760);
#8758 = CARTESIAN_POINT('',(7.403999703727,2.140000673934,5.E-002));
#8759 = DIRECTION('',(1.748455531469E-007,-1.,0.E+000));
#8760 = DIRECTION('',(1.,1.748455531469E-007,0.E+000));
#8761 = SPHERICAL_SURFACE('',#8762,5.E-002);
#8762 = AXIS2_PLACEMENT_3D('',#8763,#8764,#8765);
#8763 = CARTESIAN_POINT('',(7.403999703727,2.140000673934,5.E-002));
#8764 = DIRECTION('',(0.E+000,0.E+000,1.));
#8765 = DIRECTION('',(1.,1.748455531469E-007,0.E+000));
#8766 = ADVANCED_FACE('',(#8767),#8785,.F.);
#8767 = FACE_BOUND('',#8768,.F.);
#8768 = EDGE_LOOP('',(#8769,#8770,#8771,#8779));
#8769 = ORIENTED_EDGE('',*,*,#8704,.F.);
#8770 = ORIENTED_EDGE('',*,*,#8612,.T.);
#8771 = ORIENTED_EDGE('',*,*,#8772,.T.);
#8772 = EDGE_CURVE('',#8613,#8773,#8775,.T.);
#8773 = VERTEX_POINT('',#8774);
#8774 = CARTESIAN_POINT('',(7.403999563851,2.940000673934,0.E+000));
#8775 = LINE('',#8776,#8777);
#8776 = CARTESIAN_POINT('',(7.40399971247,2.090000673934,
    -6.938893903907E-018));
#8777 = VECTOR('',#8778,1.);
#8778 = DIRECTION('',(-1.748455531469E-007,1.,0.E+000));
#8779 = ORIENTED_EDGE('',*,*,#8780,.F.);
#8780 = EDGE_CURVE('',#8705,#8773,#8781,.T.);
#8781 = LINE('',#8782,#8783);
#8782 = CARTESIAN_POINT('',(5.753999563851,2.940000385439,
    -6.938893903907E-018));
#8783 = VECTOR('',#8784,1.);
#8784 = DIRECTION('',(1.,1.748455531469E-007,0.E+000));
#8785 = PLANE('',#8786);
#8786 = AXIS2_PLACEMENT_3D('',#8787,#8788,#8789);
#8787 = CARTESIAN_POINT('',(5.75399971247,2.090000385439,0.E+000));
#8788 = DIRECTION('',(0.E+000,0.E+000,1.));
#8789 = DIRECTION('',(1.,1.748455531469E-007,0.E+000));
#8790 = ADVANCED_FACE('',(#8791),#8816,.T.);
#8791 = FACE_BOUND('',#8792,.T.);
#8792 = EDGE_LOOP('',(#8793,#8794,#8802,#8810));
#8793 = ORIENTED_EDGE('',*,*,#8655,.F.);
#8794 = ORIENTED_EDGE('',*,*,#8795,.T.);
#8795 = EDGE_CURVE('',#8647,#8796,#8798,.T.);
#8796 = VERTEX_POINT('',#8797);
#8797 = CARTESIAN_POINT('',(7.453999563851,2.940000682676,5.E-002));
#8798 = LINE('',#8799,#8800);
#8799 = CARTESIAN_POINT('',(7.45399971247,2.090000682676,5.E-002));
#8800 = VECTOR('',#8801,1.);
#8801 = DIRECTION('',(-1.748455531469E-007,1.,0.E+000));
#8802 = ORIENTED_EDGE('',*,*,#8803,.T.);
#8803 = EDGE_CURVE('',#8796,#8804,#8806,.T.);
#8804 = VERTEX_POINT('',#8805);
#8805 = CARTESIAN_POINT('',(7.453999563851,2.940000682676,0.85));
#8806 = LINE('',#8807,#8808);
#8807 = CARTESIAN_POINT('',(7.453999563851,2.940000682676,0.E+000));
#8808 = VECTOR('',#8809,1.);
#8809 = DIRECTION('',(0.E+000,0.E+000,1.));
#8810 = ORIENTED_EDGE('',*,*,#8811,.F.);
#8811 = EDGE_CURVE('',#8637,#8804,#8812,.T.);
#8812 = LINE('',#8813,#8814);
#8813 = CARTESIAN_POINT('',(7.45399971247,2.090000682676,0.85));
#8814 = VECTOR('',#8815,1.);
#8815 = DIRECTION('',(-1.748455531469E-007,1.,0.E+000));
#8816 = PLANE('',#8817);
#8817 = AXIS2_PLACEMENT_3D('',#8818,#8819,#8820);
#8818 = CARTESIAN_POINT('',(7.45399971247,2.090000682676,0.E+000));
#8819 = DIRECTION('',(1.,1.748455531469E-007,0.E+000));
#8820 = DIRECTION('',(0.E+000,0.E+000,1.));
#8821 = ADVANCED_FACE('',(#8822),#8833,.T.);
#8822 = FACE_BOUND('',#8823,.T.);
#8823 = EDGE_LOOP('',(#8824,#8831,#8832));
#8824 = ORIENTED_EDGE('',*,*,#8825,.F.);
#8825 = EDGE_CURVE('',#8671,#8637,#8826,.T.);
#8826 = CIRCLE('',#8827,5.E-002);
#8827 = AXIS2_PLACEMENT_3D('',#8828,#8829,#8830);
#8828 = CARTESIAN_POINT('',(7.403999703727,2.140000673934,0.85));
#8829 = DIRECTION('',(-1.748455531469E-007,1.,0.E+000));
#8830 = DIRECTION('',(1.,1.748455531469E-007,0.E+000));
#8831 = ORIENTED_EDGE('',*,*,#8670,.T.);
#8832 = ORIENTED_EDGE('',*,*,#8636,.F.);
#8833 = SPHERICAL_SURFACE('',#8834,5.E-002);
#8834 = AXIS2_PLACEMENT_3D('',#8835,#8836,#8837);
#8835 = CARTESIAN_POINT('',(7.403999703727,2.140000673934,0.85));
#8836 = DIRECTION('',(0.E+000,-0.E+000,-1.));
#8837 = DIRECTION('',(1.,1.748455531469E-007,0.E+000));
#8838 = ADVANCED_FACE('',(#8839),#8857,.T.);
#8839 = FACE_BOUND('',#8840,.T.);
#8840 = EDGE_LOOP('',(#8841,#8842,#8843,#8851));
#8841 = ORIENTED_EDGE('',*,*,#8738,.F.);
#8842 = ORIENTED_EDGE('',*,*,#8679,.T.);
#8843 = ORIENTED_EDGE('',*,*,#8844,.T.);
#8844 = EDGE_CURVE('',#8671,#8845,#8847,.T.);
#8845 = VERTEX_POINT('',#8846);
#8846 = CARTESIAN_POINT('',(7.403999563851,2.940000673934,0.9));
#8847 = LINE('',#8848,#8849);
#8848 = CARTESIAN_POINT('',(7.40399971247,2.090000673934,0.9));
#8849 = VECTOR('',#8850,1.);
#8850 = DIRECTION('',(-1.748455531469E-007,1.,0.E+000));
#8851 = ORIENTED_EDGE('',*,*,#8852,.F.);
#8852 = EDGE_CURVE('',#8730,#8845,#8853,.T.);
#8853 = LINE('',#8854,#8855);
#8854 = CARTESIAN_POINT('',(5.753999563851,2.940000385439,0.9));
#8855 = VECTOR('',#8856,1.);
#8856 = DIRECTION('',(1.,1.748455531469E-007,0.E+000));
#8857 = PLANE('',#8858);
#8858 = AXIS2_PLACEMENT_3D('',#8859,#8860,#8861);
#8859 = CARTESIAN_POINT('',(5.75399971247,2.090000385439,0.9));
#8860 = DIRECTION('',(0.E+000,0.E+000,1.));
#8861 = DIRECTION('',(1.,1.748455531469E-007,0.E+000));
#8862 = ADVANCED_FACE('',(#8863),#8882,.T.);
#8863 = FACE_BOUND('',#8864,.T.);
#8864 = EDGE_LOOP('',(#8865,#8873,#8880,#8881));
#8865 = ORIENTED_EDGE('',*,*,#8866,.T.);
#8866 = EDGE_CURVE('',#8713,#8867,#8869,.T.);
#8867 = VERTEX_POINT('',#8868);
#8868 = CARTESIAN_POINT('',(7.403999555109,2.990000673934,5.E-002));
#8869 = LINE('',#8870,#8871);
#8870 = CARTESIAN_POINT('',(5.753999555109,2.990000385439,5.E-002));
#8871 = VECTOR('',#8872,1.);
#8872 = DIRECTION('',(1.,1.748455531469E-007,0.E+000));
#8873 = ORIENTED_EDGE('',*,*,#8874,.F.);
#8874 = EDGE_CURVE('',#8773,#8867,#8875,.T.);
#8875 = CIRCLE('',#8876,5.E-002);
#8876 = AXIS2_PLACEMENT_3D('',#8877,#8878,#8879);
#8877 = CARTESIAN_POINT('',(7.403999563851,2.940000673934,5.E-002));
#8878 = DIRECTION('',(1.,1.748455530857E-007,-0.E+000));
#8879 = DIRECTION('',(-1.748455530857E-007,1.,0.E+000));
#8880 = ORIENTED_EDGE('',*,*,#8780,.F.);
#8881 = ORIENTED_EDGE('',*,*,#8712,.T.);
#8882 = CYLINDRICAL_SURFACE('',#8883,5.E-002);
#8883 = AXIS2_PLACEMENT_3D('',#8884,#8885,#8886);
#8884 = CARTESIAN_POINT('',(5.753999563851,2.940000385439,5.E-002));
#8885 = DIRECTION('',(1.,1.748455531469E-007,0.E+000));
#8886 = DIRECTION('',(-1.748455531469E-007,1.,0.E+000));
#8887 = ADVANCED_FACE('',(#8888),#8907,.T.);
#8888 = FACE_BOUND('',#8889,.T.);
#8889 = EDGE_LOOP('',(#8890,#8898,#8899,#8900));
#8890 = ORIENTED_EDGE('',*,*,#8891,.F.);
#8891 = EDGE_CURVE('',#8722,#8892,#8894,.T.);
#8892 = VERTEX_POINT('',#8893);
#8893 = CARTESIAN_POINT('',(7.403999555109,2.990000673934,0.85));
#8894 = LINE('',#8895,#8896);
#8895 = CARTESIAN_POINT('',(5.753999555109,2.990000385439,0.85));
#8896 = VECTOR('',#8897,1.);
#8897 = DIRECTION('',(1.,1.748455531469E-007,0.E+000));
#8898 = ORIENTED_EDGE('',*,*,#8729,.T.);
#8899 = ORIENTED_EDGE('',*,*,#8852,.T.);
#8900 = ORIENTED_EDGE('',*,*,#8901,.F.);
#8901 = EDGE_CURVE('',#8892,#8845,#8902,.T.);
#8902 = CIRCLE('',#8903,5.E-002);
#8903 = AXIS2_PLACEMENT_3D('',#8904,#8905,#8906);
#8904 = CARTESIAN_POINT('',(7.403999563851,2.940000673934,0.85));
#8905 = DIRECTION('',(1.,1.748455531469E-007,-6.123233995737E-017));
#8906 = DIRECTION('',(6.123233995737E-017,1.070620235033E-023,1.));
#8907 = CYLINDRICAL_SURFACE('',#8908,5.E-002);
#8908 = AXIS2_PLACEMENT_3D('',#8909,#8910,#8911);
#8909 = CARTESIAN_POINT('',(5.753999563851,2.940000385439,0.85));
#8910 = DIRECTION('',(1.,1.748455531469E-007,0.E+000));
#8911 = DIRECTION('',(-1.748455531469E-007,1.,0.E+000));
#8912 = ADVANCED_FACE('',(#8913),#8924,.T.);
#8913 = FACE_BOUND('',#8914,.T.);
#8914 = EDGE_LOOP('',(#8915,#8916,#8917,#8918));
#8915 = ORIENTED_EDGE('',*,*,#8866,.F.);
#8916 = ORIENTED_EDGE('',*,*,#8721,.T.);
#8917 = ORIENTED_EDGE('',*,*,#8891,.T.);
#8918 = ORIENTED_EDGE('',*,*,#8919,.F.);
#8919 = EDGE_CURVE('',#8867,#8892,#8920,.T.);
#8920 = LINE('',#8921,#8922);
#8921 = CARTESIAN_POINT('',(7.403999555109,2.990000673934,0.E+000));
#8922 = VECTOR('',#8923,1.);
#8923 = DIRECTION('',(0.E+000,0.E+000,1.));
#8924 = PLANE('',#8925);
#8925 = AXIS2_PLACEMENT_3D('',#8926,#8927,#8928);
#8926 = CARTESIAN_POINT('',(5.753999555109,2.990000385439,0.E+000));
#8927 = DIRECTION('',(-1.748455531469E-007,1.,0.E+000));
#8928 = DIRECTION('',(0.E+000,0.E+000,1.));
#8929 = ADVANCED_FACE('',(#8930),#8942,.T.);
#8930 = FACE_BOUND('',#8931,.T.);
#8931 = EDGE_LOOP('',(#8932,#8933,#8934,#8941));
#8932 = ORIENTED_EDGE('',*,*,#8755,.F.);
#8933 = ORIENTED_EDGE('',*,*,#8772,.T.);
#8934 = ORIENTED_EDGE('',*,*,#8935,.T.);
#8935 = EDGE_CURVE('',#8773,#8796,#8936,.T.);
#8936 = CIRCLE('',#8937,5.E-002);
#8937 = AXIS2_PLACEMENT_3D('',#8938,#8939,#8940);
#8938 = CARTESIAN_POINT('',(7.403999563851,2.940000673934,5.E-002));
#8939 = DIRECTION('',(1.748455531469E-007,-1.,0.E+000));
#8940 = DIRECTION('',(1.,1.748455531469E-007,0.E+000));
#8941 = ORIENTED_EDGE('',*,*,#8795,.F.);
#8942 = CYLINDRICAL_SURFACE('',#8943,5.E-002);
#8943 = AXIS2_PLACEMENT_3D('',#8944,#8945,#8946);
#8944 = CARTESIAN_POINT('',(7.40399971247,2.090000673934,5.E-002));
#8945 = DIRECTION('',(-1.748455531469E-007,1.,0.E+000));
#8946 = DIRECTION('',(1.,1.748455531469E-007,0.E+000));
#8947 = ADVANCED_FACE('',(#8948),#8960,.T.);
#8948 = FACE_BOUND('',#8949,.T.);
#8949 = EDGE_LOOP('',(#8950,#8951,#8958,#8959));
#8950 = ORIENTED_EDGE('',*,*,#8811,.T.);
#8951 = ORIENTED_EDGE('',*,*,#8952,.T.);
#8952 = EDGE_CURVE('',#8804,#8845,#8953,.T.);
#8953 = CIRCLE('',#8954,5.E-002);
#8954 = AXIS2_PLACEMENT_3D('',#8955,#8956,#8957);
#8955 = CARTESIAN_POINT('',(7.403999563851,2.940000673934,0.85));
#8956 = DIRECTION('',(1.748455531469E-007,-1.,0.E+000));
#8957 = DIRECTION('',(1.,1.748455531469E-007,0.E+000));
#8958 = ORIENTED_EDGE('',*,*,#8844,.F.);
#8959 = ORIENTED_EDGE('',*,*,#8825,.T.);
#8960 = CYLINDRICAL_SURFACE('',#8961,5.E-002);
#8961 = AXIS2_PLACEMENT_3D('',#8962,#8963,#8964);
#8962 = CARTESIAN_POINT('',(7.40399971247,2.090000673934,0.85));
#8963 = DIRECTION('',(-1.748455531469E-007,1.,0.E+000));
#8964 = DIRECTION('',(1.,1.748455531469E-007,0.E+000));
#8965 = ADVANCED_FACE('',(#8966),#8984,.T.);
#8966 = FACE_BOUND('',#8967,.T.);
#8967 = EDGE_LOOP('',(#8968,#8969,#8976,#8977));
#8968 = ORIENTED_EDGE('',*,*,#8803,.F.);
#8969 = ORIENTED_EDGE('',*,*,#8970,.T.);
#8970 = EDGE_CURVE('',#8796,#8867,#8971,.T.);
#8971 = CIRCLE('',#8972,5.E-002);
#8972 = AXIS2_PLACEMENT_3D('',#8973,#8974,#8975);
#8973 = CARTESIAN_POINT('',(7.403999563851,2.940000673934,5.E-002));
#8974 = DIRECTION('',(0.E+000,-0.E+000,1.));
#8975 = DIRECTION('',(1.,1.748455531469E-007,0.E+000));
#8976 = ORIENTED_EDGE('',*,*,#8919,.T.);
#8977 = ORIENTED_EDGE('',*,*,#8978,.T.);
#8978 = EDGE_CURVE('',#8892,#8804,#8979,.T.);
#8979 = CIRCLE('',#8980,5.E-002);
#8980 = AXIS2_PLACEMENT_3D('',#8981,#8982,#8983);
#8981 = CARTESIAN_POINT('',(7.403999563851,2.940000673934,0.85));
#8982 = DIRECTION('',(0.E+000,0.E+000,-1.));
#8983 = DIRECTION('',(1.,1.748455531469E-007,0.E+000));
#8984 = CYLINDRICAL_SURFACE('',#8985,5.E-002);
#8985 = AXIS2_PLACEMENT_3D('',#8986,#8987,#8988);
#8986 = CARTESIAN_POINT('',(7.403999563851,2.940000673934,0.E+000));
#8987 = DIRECTION('',(0.E+000,0.E+000,1.));
#8988 = DIRECTION('',(1.,1.748455531469E-007,0.E+000));
#8989 = ADVANCED_FACE('',(#8990),#8995,.T.);
#8990 = FACE_BOUND('',#8991,.T.);
#8991 = EDGE_LOOP('',(#8992,#8993,#8994));
#8992 = ORIENTED_EDGE('',*,*,#8935,.F.);
#8993 = ORIENTED_EDGE('',*,*,#8874,.T.);
#8994 = ORIENTED_EDGE('',*,*,#8970,.F.);
#8995 = SPHERICAL_SURFACE('',#8996,5.E-002);
#8996 = AXIS2_PLACEMENT_3D('',#8997,#8998,#8999);
#8997 = CARTESIAN_POINT('',(7.403999563851,2.940000673934,5.E-002));
#8998 = DIRECTION('',(0.E+000,0.E+000,1.));
#8999 = DIRECTION('',(1.,1.748455531469E-007,0.E+000));
#9000 = ADVANCED_FACE('',(#9001),#9006,.T.);
#9001 = FACE_BOUND('',#9002,.T.);
#9002 = EDGE_LOOP('',(#9003,#9004,#9005));
#9003 = ORIENTED_EDGE('',*,*,#8978,.F.);
#9004 = ORIENTED_EDGE('',*,*,#8901,.T.);
#9005 = ORIENTED_EDGE('',*,*,#8952,.F.);
#9006 = SPHERICAL_SURFACE('',#9007,5.E-002);
#9007 = AXIS2_PLACEMENT_3D('',#9008,#9009,#9010);
#9008 = CARTESIAN_POINT('',(7.403999563851,2.940000673934,0.85));
#9009 = DIRECTION('',(1.748455531469E-007,-1.,0.E+000));
#9010 = DIRECTION('',(1.,1.748455531469E-007,0.E+000));
#9011 = MANIFOLD_SOLID_BREP('',#9012);
#9012 = CLOSED_SHELL('',(#9013,#9053,#9093,#9115,#9137,#9149));
#9013 = ADVANCED_FACE('',(#9014),#9048,.F.);
#9014 = FACE_BOUND('',#9015,.F.);
#9015 = EDGE_LOOP('',(#9016,#9026,#9034,#9042));
#9016 = ORIENTED_EDGE('',*,*,#9017,.F.);
#9017 = EDGE_CURVE('',#9018,#9020,#9022,.T.);
#9018 = VERTEX_POINT('',#9019);
#9019 = CARTESIAN_POINT('',(3.243925816001,3.842917923371,-0.67760447943
    ));
#9020 = VERTEX_POINT('',#9021);
#9021 = CARTESIAN_POINT('',(3.243925816001,3.842917961837,-1.11760447943
    ));
#9022 = LINE('',#9023,#9024);
#9023 = CARTESIAN_POINT('',(3.243925816001,3.842917923371,-0.67760447943
    ));
#9024 = VECTOR('',#9025,1.);
#9025 = DIRECTION('',(-1.678841393868E-022,8.742273394091E-008,-1.));
#9026 = ORIENTED_EDGE('',*,*,#9027,.T.);
#9027 = EDGE_CURVE('',#9018,#9028,#9030,.T.);
#9028 = VERTEX_POINT('',#9029);
#9029 = CARTESIAN_POINT('',(2.343925816001,3.842917962711,-0.67760447943
    ));
#9030 = LINE('',#9031,#9032);
#9031 = CARTESIAN_POINT('',(3.243925816001,3.842917923371,-0.67760447943
    ));
#9032 = VECTOR('',#9033,1.);
#9033 = DIRECTION('',(-1.,4.371138828674E-008,3.821369236263E-015));
#9034 = ORIENTED_EDGE('',*,*,#9035,.T.);
#9035 = EDGE_CURVE('',#9028,#9036,#9038,.T.);
#9036 = VERTEX_POINT('',#9037);
#9037 = CARTESIAN_POINT('',(2.343925816001,3.842918001177,-1.11760447943
    ));
#9038 = LINE('',#9039,#9040);
#9039 = CARTESIAN_POINT('',(2.343925816001,3.842917962711,-0.67760447943
    ));
#9040 = VECTOR('',#9041,1.);
#9041 = DIRECTION('',(-1.678841393868E-022,8.742273394091E-008,-1.));
#9042 = ORIENTED_EDGE('',*,*,#9043,.F.);
#9043 = EDGE_CURVE('',#9020,#9036,#9044,.T.);
#9044 = LINE('',#9045,#9046);
#9045 = CARTESIAN_POINT('',(3.243925816001,3.842917961837,-1.11760447943
    ));
#9046 = VECTOR('',#9047,1.);
#9047 = DIRECTION('',(-1.,4.371138828674E-008,3.821369236263E-015));
#9048 = PLANE('',#9049);
#9049 = AXIS2_PLACEMENT_3D('',#9050,#9051,#9052);
#9050 = CARTESIAN_POINT('',(3.243925816001,3.842917923371,-0.67760447943
    ));
#9051 = DIRECTION('',(-4.371138828674E-008,-1.,-8.742273394091E-008));
#9052 = DIRECTION('',(-1.678841393868E-022,8.742273394091E-008,-1.));
#9053 = ADVANCED_FACE('',(#9054),#9088,.T.);
#9054 = FACE_BOUND('',#9055,.T.);
#9055 = EDGE_LOOP('',(#9056,#9066,#9074,#9082));
#9056 = ORIENTED_EDGE('',*,*,#9057,.F.);
#9057 = EDGE_CURVE('',#9058,#9060,#9062,.T.);
#9058 = VERTEX_POINT('',#9059);
#9059 = CARTESIAN_POINT('',(3.243925746499,2.252917923371,
    -0.677604618432));
#9060 = VERTEX_POINT('',#9061);
#9061 = CARTESIAN_POINT('',(3.243925746499,2.252917961837,
    -1.117604618432));
#9062 = LINE('',#9063,#9064);
#9063 = CARTESIAN_POINT('',(3.243925746499,2.252917923371,
    -0.677604618432));
#9064 = VECTOR('',#9065,1.);
#9065 = DIRECTION('',(-1.678841393868E-022,8.742273394091E-008,-1.));
#9066 = ORIENTED_EDGE('',*,*,#9067,.T.);
#9067 = EDGE_CURVE('',#9058,#9068,#9070,.T.);
#9068 = VERTEX_POINT('',#9069);
#9069 = CARTESIAN_POINT('',(2.343925746499,2.252917962711,
    -0.677604618432));
#9070 = LINE('',#9071,#9072);
#9071 = CARTESIAN_POINT('',(3.243925746499,2.252917923371,
    -0.677604618432));
#9072 = VECTOR('',#9073,1.);
#9073 = DIRECTION('',(-1.,4.371138828674E-008,3.821369236263E-015));
#9074 = ORIENTED_EDGE('',*,*,#9075,.T.);
#9075 = EDGE_CURVE('',#9068,#9076,#9078,.T.);
#9076 = VERTEX_POINT('',#9077);
#9077 = CARTESIAN_POINT('',(2.343925746499,2.252918001177,
    -1.117604618432));
#9078 = LINE('',#9079,#9080);
#9079 = CARTESIAN_POINT('',(2.343925746499,2.252917962711,
    -0.677604618432));
#9080 = VECTOR('',#9081,1.);
#9081 = DIRECTION('',(-1.678841393868E-022,8.742273394091E-008,-1.));
#9082 = ORIENTED_EDGE('',*,*,#9083,.F.);
#9083 = EDGE_CURVE('',#9060,#9076,#9084,.T.);
#9084 = LINE('',#9085,#9086);
#9085 = CARTESIAN_POINT('',(3.243925746499,2.252917961837,
    -1.117604618432));
#9086 = VECTOR('',#9087,1.);
#9087 = DIRECTION('',(-1.,4.371138828674E-008,3.821369236263E-015));
#9088 = PLANE('',#9089);
#9089 = AXIS2_PLACEMENT_3D('',#9090,#9091,#9092);
#9090 = CARTESIAN_POINT('',(3.243925746499,2.252917923371,
    -0.677604618432));
#9091 = DIRECTION('',(-4.371138828674E-008,-1.,-8.742273394091E-008));
#9092 = DIRECTION('',(-1.678841393868E-022,8.742273394091E-008,-1.));
#9093 = ADVANCED_FACE('',(#9094),#9110,.F.);
#9094 = FACE_BOUND('',#9095,.F.);
#9095 = EDGE_LOOP('',(#9096,#9102,#9103,#9109));
#9096 = ORIENTED_EDGE('',*,*,#9097,.F.);
#9097 = EDGE_CURVE('',#9018,#9058,#9098,.T.);
#9098 = LINE('',#9099,#9100);
#9099 = CARTESIAN_POINT('',(3.243925816001,3.842917923371,-0.67760447943
    ));
#9100 = VECTOR('',#9101,1.);
#9101 = DIRECTION('',(-4.371138828674E-008,-1.,-8.742273394091E-008));
#9102 = ORIENTED_EDGE('',*,*,#9017,.T.);
#9103 = ORIENTED_EDGE('',*,*,#9104,.T.);
#9104 = EDGE_CURVE('',#9020,#9060,#9105,.T.);
#9105 = LINE('',#9106,#9107);
#9106 = CARTESIAN_POINT('',(3.243925816001,3.842917961837,-1.11760447943
    ));
#9107 = VECTOR('',#9108,1.);
#9108 = DIRECTION('',(-4.371138828674E-008,-1.,-8.742273394091E-008));
#9109 = ORIENTED_EDGE('',*,*,#9057,.F.);
#9110 = PLANE('',#9111);
#9111 = AXIS2_PLACEMENT_3D('',#9112,#9113,#9114);
#9112 = CARTESIAN_POINT('',(3.243925816001,3.842917923371,-0.67760447943
    ));
#9113 = DIRECTION('',(-1.,4.371138828674E-008,3.821369236263E-015));
#9114 = DIRECTION('',(-1.678841393868E-022,8.742273394091E-008,-1.));
#9115 = ADVANCED_FACE('',(#9116),#9132,.T.);
#9116 = FACE_BOUND('',#9117,.T.);
#9117 = EDGE_LOOP('',(#9118,#9124,#9125,#9131));
#9118 = ORIENTED_EDGE('',*,*,#9119,.F.);
#9119 = EDGE_CURVE('',#9028,#9068,#9120,.T.);
#9120 = LINE('',#9121,#9122);
#9121 = CARTESIAN_POINT('',(2.343925816001,3.842917962711,-0.67760447943
    ));
#9122 = VECTOR('',#9123,1.);
#9123 = DIRECTION('',(-4.371138828674E-008,-1.,-8.742273394091E-008));
#9124 = ORIENTED_EDGE('',*,*,#9035,.T.);
#9125 = ORIENTED_EDGE('',*,*,#9126,.T.);
#9126 = EDGE_CURVE('',#9036,#9076,#9127,.T.);
#9127 = LINE('',#9128,#9129);
#9128 = CARTESIAN_POINT('',(2.343925816001,3.842918001177,-1.11760447943
    ));
#9129 = VECTOR('',#9130,1.);
#9130 = DIRECTION('',(-4.371138828674E-008,-1.,-8.742273394091E-008));
#9131 = ORIENTED_EDGE('',*,*,#9075,.F.);
#9132 = PLANE('',#9133);
#9133 = AXIS2_PLACEMENT_3D('',#9134,#9135,#9136);
#9134 = CARTESIAN_POINT('',(2.343925816001,3.842917962711,-0.67760447943
    ));
#9135 = DIRECTION('',(-1.,4.371138828674E-008,3.821369236263E-015));
#9136 = DIRECTION('',(-1.678841393868E-022,8.742273394091E-008,-1.));
#9137 = ADVANCED_FACE('',(#9138),#9144,.F.);
#9138 = FACE_BOUND('',#9139,.F.);
#9139 = EDGE_LOOP('',(#9140,#9141,#9142,#9143));
#9140 = ORIENTED_EDGE('',*,*,#9027,.F.);
#9141 = ORIENTED_EDGE('',*,*,#9097,.T.);
#9142 = ORIENTED_EDGE('',*,*,#9067,.T.);
#9143 = ORIENTED_EDGE('',*,*,#9119,.F.);
#9144 = PLANE('',#9145);
#9145 = AXIS2_PLACEMENT_3D('',#9146,#9147,#9148);
#9146 = CARTESIAN_POINT('',(3.243925816001,3.842917923371,-0.67760447943
    ));
#9147 = DIRECTION('',(-1.678841393868E-022,8.742273394091E-008,-1.));
#9148 = DIRECTION('',(-4.371138828674E-008,-1.,-8.742273394091E-008));
#9149 = ADVANCED_FACE('',(#9150),#9156,.T.);
#9150 = FACE_BOUND('',#9151,.T.);
#9151 = EDGE_LOOP('',(#9152,#9153,#9154,#9155));
#9152 = ORIENTED_EDGE('',*,*,#9043,.F.);
#9153 = ORIENTED_EDGE('',*,*,#9104,.T.);
#9154 = ORIENTED_EDGE('',*,*,#9083,.T.);
#9155 = ORIENTED_EDGE('',*,*,#9126,.F.);
#9156 = PLANE('',#9157);
#9157 = AXIS2_PLACEMENT_3D('',#9158,#9159,#9160);
#9158 = CARTESIAN_POINT('',(3.243925816001,3.842917961837,-1.11760447943
    ));
#9159 = DIRECTION('',(-1.678841393868E-022,8.742273394091E-008,-1.));
#9160 = DIRECTION('',(-4.371138828674E-008,-1.,-8.742273394091E-008));
#9161 = MANIFOLD_SOLID_BREP('',#9162);
#9162 = CLOSED_SHELL('',(#9163,#9203,#9243,#9265,#9287,#9299));
#9163 = ADVANCED_FACE('',(#9164),#9198,.F.);
#9164 = FACE_BOUND('',#9165,.F.);
#9165 = EDGE_LOOP('',(#9166,#9176,#9184,#9192));
#9166 = ORIENTED_EDGE('',*,*,#9167,.F.);
#9167 = EDGE_CURVE('',#9168,#9170,#9172,.T.);
#9168 = VERTEX_POINT('',#9169);
#9169 = CARTESIAN_POINT('',(5.646080312785,2.253081980389,
    -0.677604618432));
#9170 = VERTEX_POINT('',#9171);
#9171 = CARTESIAN_POINT('',(5.646080312785,2.253082018855,
    -1.117604618432));
#9172 = LINE('',#9173,#9174);
#9173 = CARTESIAN_POINT('',(5.646080312785,2.253081980389,
    -0.677604618432));
#9174 = VECTOR('',#9175,1.);
#9175 = DIRECTION('',(-3.777050852833E-023,8.742273394091E-008,-1.));
#9176 = ORIENTED_EDGE('',*,*,#9177,.T.);
#9177 = EDGE_CURVE('',#9168,#9178,#9180,.T.);
#9178 = VERTEX_POINT('',#9179);
#9179 = CARTESIAN_POINT('',(6.546080312785,2.253081969657,
    -0.677604618432));
#9180 = LINE('',#9181,#9182);
#9181 = CARTESIAN_POINT('',(5.646080312785,2.253081980389,
    -0.677604618432));
#9182 = VECTOR('',#9183,1.);
#9183 = DIRECTION('',(1.,-1.19248806385E-008,-1.042505705107E-015));
#9184 = ORIENTED_EDGE('',*,*,#9185,.T.);
#9185 = EDGE_CURVE('',#9178,#9186,#9188,.T.);
#9186 = VERTEX_POINT('',#9187);
#9187 = CARTESIAN_POINT('',(6.546080312785,2.253082008123,
    -1.117604618432));
#9188 = LINE('',#9189,#9190);
#9189 = CARTESIAN_POINT('',(6.546080312785,2.253081969657,
    -0.677604618432));
#9190 = VECTOR('',#9191,1.);
#9191 = DIRECTION('',(-3.777050852833E-023,8.742273394091E-008,-1.));
#9192 = ORIENTED_EDGE('',*,*,#9193,.F.);
#9193 = EDGE_CURVE('',#9170,#9186,#9194,.T.);
#9194 = LINE('',#9195,#9196);
#9195 = CARTESIAN_POINT('',(5.646080312785,2.253082018855,
    -1.117604618432));
#9196 = VECTOR('',#9197,1.);
#9197 = DIRECTION('',(1.,-1.19248806385E-008,-1.042505705107E-015));
#9198 = PLANE('',#9199);
#9199 = AXIS2_PLACEMENT_3D('',#9200,#9201,#9202);
#9200 = CARTESIAN_POINT('',(5.646080312785,2.253081980389,
    -0.677604618432));
#9201 = DIRECTION('',(1.19248806385E-008,1.,8.742273394091E-008));
#9202 = DIRECTION('',(-3.777050852833E-023,8.742273394091E-008,-1.));
#9203 = ADVANCED_FACE('',(#9204),#9238,.T.);
#9204 = FACE_BOUND('',#9205,.T.);
#9205 = EDGE_LOOP('',(#9206,#9216,#9224,#9232));
#9206 = ORIENTED_EDGE('',*,*,#9207,.F.);
#9207 = EDGE_CURVE('',#9208,#9210,#9212,.T.);
#9208 = VERTEX_POINT('',#9209);
#9209 = CARTESIAN_POINT('',(5.646080331746,3.843081980389,-0.67760447943
    ));
#9210 = VERTEX_POINT('',#9211);
#9211 = CARTESIAN_POINT('',(5.646080331746,3.843082018855,-1.11760447943
    ));
#9212 = LINE('',#9213,#9214);
#9213 = CARTESIAN_POINT('',(5.646080331746,3.843081980389,-0.67760447943
    ));
#9214 = VECTOR('',#9215,1.);
#9215 = DIRECTION('',(-3.777050852833E-023,8.742273394091E-008,-1.));
#9216 = ORIENTED_EDGE('',*,*,#9217,.T.);
#9217 = EDGE_CURVE('',#9208,#9218,#9220,.T.);
#9218 = VERTEX_POINT('',#9219);
#9219 = CARTESIAN_POINT('',(6.546080331746,3.843081969657,-0.67760447943
    ));
#9220 = LINE('',#9221,#9222);
#9221 = CARTESIAN_POINT('',(5.646080331746,3.843081980389,-0.67760447943
    ));
#9222 = VECTOR('',#9223,1.);
#9223 = DIRECTION('',(1.,-1.19248806385E-008,-1.042505705107E-015));
#9224 = ORIENTED_EDGE('',*,*,#9225,.T.);
#9225 = EDGE_CURVE('',#9218,#9226,#9228,.T.);
#9226 = VERTEX_POINT('',#9227);
#9227 = CARTESIAN_POINT('',(6.546080331746,3.843082008123,-1.11760447943
    ));
#9228 = LINE('',#9229,#9230);
#9229 = CARTESIAN_POINT('',(6.546080331746,3.843081969657,-0.67760447943
    ));
#9230 = VECTOR('',#9231,1.);
#9231 = DIRECTION('',(-3.777050852833E-023,8.742273394091E-008,-1.));
#9232 = ORIENTED_EDGE('',*,*,#9233,.F.);
#9233 = EDGE_CURVE('',#9210,#9226,#9234,.T.);
#9234 = LINE('',#9235,#9236);
#9235 = CARTESIAN_POINT('',(5.646080331746,3.843082018855,-1.11760447943
    ));
#9236 = VECTOR('',#9237,1.);
#9237 = DIRECTION('',(1.,-1.19248806385E-008,-1.042505705107E-015));
#9238 = PLANE('',#9239);
#9239 = AXIS2_PLACEMENT_3D('',#9240,#9241,#9242);
#9240 = CARTESIAN_POINT('',(5.646080331746,3.843081980389,-0.67760447943
    ));
#9241 = DIRECTION('',(1.19248806385E-008,1.,8.742273394091E-008));
#9242 = DIRECTION('',(-3.777050852833E-023,8.742273394091E-008,-1.));
#9243 = ADVANCED_FACE('',(#9244),#9260,.F.);
#9244 = FACE_BOUND('',#9245,.F.);
#9245 = EDGE_LOOP('',(#9246,#9252,#9253,#9259));
#9246 = ORIENTED_EDGE('',*,*,#9247,.F.);
#9247 = EDGE_CURVE('',#9168,#9208,#9248,.T.);
#9248 = LINE('',#9249,#9250);
#9249 = CARTESIAN_POINT('',(5.646080312785,2.253081980389,
    -0.677604618432));
#9250 = VECTOR('',#9251,1.);
#9251 = DIRECTION('',(1.19248806385E-008,1.,8.742273394091E-008));
#9252 = ORIENTED_EDGE('',*,*,#9167,.T.);
#9253 = ORIENTED_EDGE('',*,*,#9254,.T.);
#9254 = EDGE_CURVE('',#9170,#9210,#9255,.T.);
#9255 = LINE('',#9256,#9257);
#9256 = CARTESIAN_POINT('',(5.646080312785,2.253082018855,
    -1.117604618432));
#9257 = VECTOR('',#9258,1.);
#9258 = DIRECTION('',(1.19248806385E-008,1.,8.742273394091E-008));
#9259 = ORIENTED_EDGE('',*,*,#9207,.F.);
#9260 = PLANE('',#9261);
#9261 = AXIS2_PLACEMENT_3D('',#9262,#9263,#9264);
#9262 = CARTESIAN_POINT('',(5.646080312785,2.253081980389,
    -0.677604618432));
#9263 = DIRECTION('',(1.,-1.19248806385E-008,-1.042505705107E-015));
#9264 = DIRECTION('',(-3.777050852833E-023,8.742273394091E-008,-1.));
#9265 = ADVANCED_FACE('',(#9266),#9282,.T.);
#9266 = FACE_BOUND('',#9267,.T.);
#9267 = EDGE_LOOP('',(#9268,#9274,#9275,#9281));
#9268 = ORIENTED_EDGE('',*,*,#9269,.F.);
#9269 = EDGE_CURVE('',#9178,#9218,#9270,.T.);
#9270 = LINE('',#9271,#9272);
#9271 = CARTESIAN_POINT('',(6.546080312785,2.253081969657,
    -0.677604618432));
#9272 = VECTOR('',#9273,1.);
#9273 = DIRECTION('',(1.19248806385E-008,1.,8.742273394091E-008));
#9274 = ORIENTED_EDGE('',*,*,#9185,.T.);
#9275 = ORIENTED_EDGE('',*,*,#9276,.T.);
#9276 = EDGE_CURVE('',#9186,#9226,#9277,.T.);
#9277 = LINE('',#9278,#9279);
#9278 = CARTESIAN_POINT('',(6.546080312785,2.253082008123,
    -1.117604618432));
#9279 = VECTOR('',#9280,1.);
#9280 = DIRECTION('',(1.19248806385E-008,1.,8.742273394091E-008));
#9281 = ORIENTED_EDGE('',*,*,#9225,.F.);
#9282 = PLANE('',#9283);
#9283 = AXIS2_PLACEMENT_3D('',#9284,#9285,#9286);
#9284 = CARTESIAN_POINT('',(6.546080312785,2.253081969657,
    -0.677604618432));
#9285 = DIRECTION('',(1.,-1.19248806385E-008,-1.042505705107E-015));
#9286 = DIRECTION('',(-3.777050852833E-023,8.742273394091E-008,-1.));
#9287 = ADVANCED_FACE('',(#9288),#9294,.F.);
#9288 = FACE_BOUND('',#9289,.F.);
#9289 = EDGE_LOOP('',(#9290,#9291,#9292,#9293));
#9290 = ORIENTED_EDGE('',*,*,#9177,.F.);
#9291 = ORIENTED_EDGE('',*,*,#9247,.T.);
#9292 = ORIENTED_EDGE('',*,*,#9217,.T.);
#9293 = ORIENTED_EDGE('',*,*,#9269,.F.);
#9294 = PLANE('',#9295);
#9295 = AXIS2_PLACEMENT_3D('',#9296,#9297,#9298);
#9296 = CARTESIAN_POINT('',(5.646080312785,2.253081980389,
    -0.677604618432));
#9297 = DIRECTION('',(-3.777050852833E-023,8.742273394091E-008,-1.));
#9298 = DIRECTION('',(1.19248806385E-008,1.,8.742273394091E-008));
#9299 = ADVANCED_FACE('',(#9300),#9306,.T.);
#9300 = FACE_BOUND('',#9301,.T.);
#9301 = EDGE_LOOP('',(#9302,#9303,#9304,#9305));
#9302 = ORIENTED_EDGE('',*,*,#9193,.F.);
#9303 = ORIENTED_EDGE('',*,*,#9254,.T.);
#9304 = ORIENTED_EDGE('',*,*,#9233,.T.);
#9305 = ORIENTED_EDGE('',*,*,#9276,.F.);
#9306 = PLANE('',#9307);
#9307 = AXIS2_PLACEMENT_3D('',#9308,#9309,#9310);
#9308 = CARTESIAN_POINT('',(5.646080312785,2.253082018855,
    -1.117604618432));
#9309 = DIRECTION('',(-3.777050852833E-023,8.742273394091E-008,-1.));
#9310 = DIRECTION('',(1.19248806385E-008,1.,8.742273394091E-008));
#9311 = MANIFOLD_SOLID_BREP('',#9312);
#9312 = CLOSED_SHELL('',(#9313,#9353,#9393,#9415,#9437,#9449));
#9313 = ADVANCED_FACE('',(#9314),#9348,.F.);
#9314 = FACE_BOUND('',#9315,.F.);
#9315 = EDGE_LOOP('',(#9316,#9326,#9334,#9342));
#9316 = ORIENTED_EDGE('',*,*,#9317,.F.);
#9317 = EDGE_CURVE('',#9318,#9320,#9322,.T.);
#9318 = VERTEX_POINT('',#9319);
#9319 = CARTESIAN_POINT('',(3.614082632121,2.253081980389,
    -0.677604618432));
#9320 = VERTEX_POINT('',#9321);
#9321 = CARTESIAN_POINT('',(3.614082632121,2.253082018855,
    -1.117604618432));
#9322 = LINE('',#9323,#9324);
#9323 = CARTESIAN_POINT('',(3.614082632121,2.253081980389,
    -0.677604618432));
#9324 = VECTOR('',#9325,1.);
#9325 = DIRECTION('',(-3.777050852833E-023,8.742273394091E-008,-1.));
#9326 = ORIENTED_EDGE('',*,*,#9327,.T.);
#9327 = EDGE_CURVE('',#9318,#9328,#9330,.T.);
#9328 = VERTEX_POINT('',#9329);
#9329 = CARTESIAN_POINT('',(4.514082632121,2.253081969657,
    -0.677604618432));
#9330 = LINE('',#9331,#9332);
#9331 = CARTESIAN_POINT('',(3.614082632121,2.253081980389,
    -0.677604618432));
#9332 = VECTOR('',#9333,1.);
#9333 = DIRECTION('',(1.,-1.19248806385E-008,-1.042505705107E-015));
#9334 = ORIENTED_EDGE('',*,*,#9335,.T.);
#9335 = EDGE_CURVE('',#9328,#9336,#9338,.T.);
#9336 = VERTEX_POINT('',#9337);
#9337 = CARTESIAN_POINT('',(4.514082632121,2.253082008123,
    -1.117604618432));
#9338 = LINE('',#9339,#9340);
#9339 = CARTESIAN_POINT('',(4.514082632121,2.253081969657,
    -0.677604618432));
#9340 = VECTOR('',#9341,1.);
#9341 = DIRECTION('',(-3.777050852833E-023,8.742273394091E-008,-1.));
#9342 = ORIENTED_EDGE('',*,*,#9343,.F.);
#9343 = EDGE_CURVE('',#9320,#9336,#9344,.T.);
#9344 = LINE('',#9345,#9346);
#9345 = CARTESIAN_POINT('',(3.614082632121,2.253082018855,
    -1.117604618432));
#9346 = VECTOR('',#9347,1.);
#9347 = DIRECTION('',(1.,-1.19248806385E-008,-1.042505705107E-015));
#9348 = PLANE('',#9349);
#9349 = AXIS2_PLACEMENT_3D('',#9350,#9351,#9352);
#9350 = CARTESIAN_POINT('',(3.614082632121,2.253081980389,
    -0.677604618432));
#9351 = DIRECTION('',(1.19248806385E-008,1.,8.742273394091E-008));
#9352 = DIRECTION('',(-3.777050852833E-023,8.742273394091E-008,-1.));
#9353 = ADVANCED_FACE('',(#9354),#9388,.T.);
#9354 = FACE_BOUND('',#9355,.T.);
#9355 = EDGE_LOOP('',(#9356,#9366,#9374,#9382));
#9356 = ORIENTED_EDGE('',*,*,#9357,.F.);
#9357 = EDGE_CURVE('',#9358,#9360,#9362,.T.);
#9358 = VERTEX_POINT('',#9359);
#9359 = CARTESIAN_POINT('',(3.614082651082,3.843081980389,-0.67760447943
    ));
#9360 = VERTEX_POINT('',#9361);
#9361 = CARTESIAN_POINT('',(3.614082651082,3.843082018855,-1.11760447943
    ));
#9362 = LINE('',#9363,#9364);
#9363 = CARTESIAN_POINT('',(3.614082651082,3.843081980389,-0.67760447943
    ));
#9364 = VECTOR('',#9365,1.);
#9365 = DIRECTION('',(-3.777050852833E-023,8.742273394091E-008,-1.));
#9366 = ORIENTED_EDGE('',*,*,#9367,.T.);
#9367 = EDGE_CURVE('',#9358,#9368,#9370,.T.);
#9368 = VERTEX_POINT('',#9369);
#9369 = CARTESIAN_POINT('',(4.514082651082,3.843081969657,-0.67760447943
    ));
#9370 = LINE('',#9371,#9372);
#9371 = CARTESIAN_POINT('',(3.614082651082,3.843081980389,-0.67760447943
    ));
#9372 = VECTOR('',#9373,1.);
#9373 = DIRECTION('',(1.,-1.19248806385E-008,-1.042505705107E-015));
#9374 = ORIENTED_EDGE('',*,*,#9375,.T.);
#9375 = EDGE_CURVE('',#9368,#9376,#9378,.T.);
#9376 = VERTEX_POINT('',#9377);
#9377 = CARTESIAN_POINT('',(4.514082651082,3.843082008123,-1.11760447943
    ));
#9378 = LINE('',#9379,#9380);
#9379 = CARTESIAN_POINT('',(4.514082651082,3.843081969657,-0.67760447943
    ));
#9380 = VECTOR('',#9381,1.);
#9381 = DIRECTION('',(-3.777050852833E-023,8.742273394091E-008,-1.));
#9382 = ORIENTED_EDGE('',*,*,#9383,.F.);
#9383 = EDGE_CURVE('',#9360,#9376,#9384,.T.);
#9384 = LINE('',#9385,#9386);
#9385 = CARTESIAN_POINT('',(3.614082651082,3.843082018855,-1.11760447943
    ));
#9386 = VECTOR('',#9387,1.);
#9387 = DIRECTION('',(1.,-1.19248806385E-008,-1.042505705107E-015));
#9388 = PLANE('',#9389);
#9389 = AXIS2_PLACEMENT_3D('',#9390,#9391,#9392);
#9390 = CARTESIAN_POINT('',(3.614082651082,3.843081980389,-0.67760447943
    ));
#9391 = DIRECTION('',(1.19248806385E-008,1.,8.742273394091E-008));
#9392 = DIRECTION('',(-3.777050852833E-023,8.742273394091E-008,-1.));
#9393 = ADVANCED_FACE('',(#9394),#9410,.F.);
#9394 = FACE_BOUND('',#9395,.F.);
#9395 = EDGE_LOOP('',(#9396,#9402,#9403,#9409));
#9396 = ORIENTED_EDGE('',*,*,#9397,.F.);
#9397 = EDGE_CURVE('',#9318,#9358,#9398,.T.);
#9398 = LINE('',#9399,#9400);
#9399 = CARTESIAN_POINT('',(3.614082632121,2.253081980389,
    -0.677604618432));
#9400 = VECTOR('',#9401,1.);
#9401 = DIRECTION('',(1.19248806385E-008,1.,8.742273394091E-008));
#9402 = ORIENTED_EDGE('',*,*,#9317,.T.);
#9403 = ORIENTED_EDGE('',*,*,#9404,.T.);
#9404 = EDGE_CURVE('',#9320,#9360,#9405,.T.);
#9405 = LINE('',#9406,#9407);
#9406 = CARTESIAN_POINT('',(3.614082632121,2.253082018855,
    -1.117604618432));
#9407 = VECTOR('',#9408,1.);
#9408 = DIRECTION('',(1.19248806385E-008,1.,8.742273394091E-008));
#9409 = ORIENTED_EDGE('',*,*,#9357,.F.);
#9410 = PLANE('',#9411);
#9411 = AXIS2_PLACEMENT_3D('',#9412,#9413,#9414);
#9412 = CARTESIAN_POINT('',(3.614082632121,2.253081980389,
    -0.677604618432));
#9413 = DIRECTION('',(1.,-1.19248806385E-008,-1.042505705107E-015));
#9414 = DIRECTION('',(-3.777050852833E-023,8.742273394091E-008,-1.));
#9415 = ADVANCED_FACE('',(#9416),#9432,.T.);
#9416 = FACE_BOUND('',#9417,.T.);
#9417 = EDGE_LOOP('',(#9418,#9424,#9425,#9431));
#9418 = ORIENTED_EDGE('',*,*,#9419,.F.);
#9419 = EDGE_CURVE('',#9328,#9368,#9420,.T.);
#9420 = LINE('',#9421,#9422);
#9421 = CARTESIAN_POINT('',(4.514082632121,2.253081969657,
    -0.677604618432));
#9422 = VECTOR('',#9423,1.);
#9423 = DIRECTION('',(1.19248806385E-008,1.,8.742273394091E-008));
#9424 = ORIENTED_EDGE('',*,*,#9335,.T.);
#9425 = ORIENTED_EDGE('',*,*,#9426,.T.);
#9426 = EDGE_CURVE('',#9336,#9376,#9427,.T.);
#9427 = LINE('',#9428,#9429);
#9428 = CARTESIAN_POINT('',(4.514082632121,2.253082008123,
    -1.117604618432));
#9429 = VECTOR('',#9430,1.);
#9430 = DIRECTION('',(1.19248806385E-008,1.,8.742273394091E-008));
#9431 = ORIENTED_EDGE('',*,*,#9375,.F.);
#9432 = PLANE('',#9433);
#9433 = AXIS2_PLACEMENT_3D('',#9434,#9435,#9436);
#9434 = CARTESIAN_POINT('',(4.514082632121,2.253081969657,
    -0.677604618432));
#9435 = DIRECTION('',(1.,-1.19248806385E-008,-1.042505705107E-015));
#9436 = DIRECTION('',(-3.777050852833E-023,8.742273394091E-008,-1.));
#9437 = ADVANCED_FACE('',(#9438),#9444,.F.);
#9438 = FACE_BOUND('',#9439,.F.);
#9439 = EDGE_LOOP('',(#9440,#9441,#9442,#9443));
#9440 = ORIENTED_EDGE('',*,*,#9327,.F.);
#9441 = ORIENTED_EDGE('',*,*,#9397,.T.);
#9442 = ORIENTED_EDGE('',*,*,#9367,.T.);
#9443 = ORIENTED_EDGE('',*,*,#9419,.F.);
#9444 = PLANE('',#9445);
#9445 = AXIS2_PLACEMENT_3D('',#9446,#9447,#9448);
#9446 = CARTESIAN_POINT('',(3.614082632121,2.253081980389,
    -0.677604618432));
#9447 = DIRECTION('',(-3.777050852833E-023,8.742273394091E-008,-1.));
#9448 = DIRECTION('',(1.19248806385E-008,1.,8.742273394091E-008));
#9449 = ADVANCED_FACE('',(#9450),#9456,.T.);
#9450 = FACE_BOUND('',#9451,.T.);
#9451 = EDGE_LOOP('',(#9452,#9453,#9454,#9455));
#9452 = ORIENTED_EDGE('',*,*,#9343,.F.);
#9453 = ORIENTED_EDGE('',*,*,#9404,.T.);
#9454 = ORIENTED_EDGE('',*,*,#9383,.T.);
#9455 = ORIENTED_EDGE('',*,*,#9426,.F.);
#9456 = PLANE('',#9457);
#9457 = AXIS2_PLACEMENT_3D('',#9458,#9459,#9460);
#9458 = CARTESIAN_POINT('',(3.614082632121,2.253082018855,
    -1.117604618432));
#9459 = DIRECTION('',(-3.777050852833E-023,8.742273394091E-008,-1.));
#9460 = DIRECTION('',(1.19248806385E-008,1.,8.742273394091E-008));
#9461 = MANIFOLD_SOLID_BREP('',#9462);
#9462 = CLOSED_SHELL('',(#9463,#9503,#9543,#9565,#9587,#9599));
#9463 = ADVANCED_FACE('',(#9464),#9498,.F.);
#9464 = FACE_BOUND('',#9465,.F.);
#9465 = EDGE_LOOP('',(#9466,#9476,#9484,#9492));
#9466 = ORIENTED_EDGE('',*,*,#9467,.F.);
#9467 = EDGE_CURVE('',#9468,#9470,#9472,.T.);
#9468 = VERTEX_POINT('',#9469);
#9469 = CARTESIAN_POINT('',(6.916084585246,2.253081980389,
    -0.677604618432));
#9470 = VERTEX_POINT('',#9471);
#9471 = CARTESIAN_POINT('',(6.916084585246,2.253082018855,
    -1.117604618432));
#9472 = LINE('',#9473,#9474);
#9473 = CARTESIAN_POINT('',(6.916084585246,2.253081980389,
    -0.677604618432));
#9474 = VECTOR('',#9475,1.);
#9475 = DIRECTION('',(-3.777050852833E-023,8.742273394091E-008,-1.));
#9476 = ORIENTED_EDGE('',*,*,#9477,.T.);
#9477 = EDGE_CURVE('',#9468,#9478,#9480,.T.);
#9478 = VERTEX_POINT('',#9479);
#9479 = CARTESIAN_POINT('',(7.816084585246,2.253081969657,
    -0.677604618432));
#9480 = LINE('',#9481,#9482);
#9481 = CARTESIAN_POINT('',(6.916084585246,2.253081980389,
    -0.677604618432));
#9482 = VECTOR('',#9483,1.);
#9483 = DIRECTION('',(1.,-1.19248806385E-008,-1.042505705107E-015));
#9484 = ORIENTED_EDGE('',*,*,#9485,.T.);
#9485 = EDGE_CURVE('',#9478,#9486,#9488,.T.);
#9486 = VERTEX_POINT('',#9487);
#9487 = CARTESIAN_POINT('',(7.816084585246,2.253082008123,
    -1.117604618432));
#9488 = LINE('',#9489,#9490);
#9489 = CARTESIAN_POINT('',(7.816084585246,2.253081969657,
    -0.677604618432));
#9490 = VECTOR('',#9491,1.);
#9491 = DIRECTION('',(-3.777050852833E-023,8.742273394091E-008,-1.));
#9492 = ORIENTED_EDGE('',*,*,#9493,.F.);
#9493 = EDGE_CURVE('',#9470,#9486,#9494,.T.);
#9494 = LINE('',#9495,#9496);
#9495 = CARTESIAN_POINT('',(6.916084585246,2.253082018855,
    -1.117604618432));
#9496 = VECTOR('',#9497,1.);
#9497 = DIRECTION('',(1.,-1.19248806385E-008,-1.042505705107E-015));
#9498 = PLANE('',#9499);
#9499 = AXIS2_PLACEMENT_3D('',#9500,#9501,#9502);
#9500 = CARTESIAN_POINT('',(6.916084585246,2.253081980389,
    -0.677604618432));
#9501 = DIRECTION('',(1.19248806385E-008,1.,8.742273394091E-008));
#9502 = DIRECTION('',(-3.777050852833E-023,8.742273394091E-008,-1.));
#9503 = ADVANCED_FACE('',(#9504),#9538,.T.);
#9504 = FACE_BOUND('',#9505,.T.);
#9505 = EDGE_LOOP('',(#9506,#9516,#9524,#9532));
#9506 = ORIENTED_EDGE('',*,*,#9507,.F.);
#9507 = EDGE_CURVE('',#9508,#9510,#9512,.T.);
#9508 = VERTEX_POINT('',#9509);
#9509 = CARTESIAN_POINT('',(6.916084604207,3.843081980389,-0.67760447943
    ));
#9510 = VERTEX_POINT('',#9511);
#9511 = CARTESIAN_POINT('',(6.916084604207,3.843082018855,-1.11760447943
    ));
#9512 = LINE('',#9513,#9514);
#9513 = CARTESIAN_POINT('',(6.916084604207,3.843081980389,-0.67760447943
    ));
#9514 = VECTOR('',#9515,1.);
#9515 = DIRECTION('',(-3.777050852833E-023,8.742273394091E-008,-1.));
#9516 = ORIENTED_EDGE('',*,*,#9517,.T.);
#9517 = EDGE_CURVE('',#9508,#9518,#9520,.T.);
#9518 = VERTEX_POINT('',#9519);
#9519 = CARTESIAN_POINT('',(7.816084604207,3.843081969657,-0.67760447943
    ));
#9520 = LINE('',#9521,#9522);
#9521 = CARTESIAN_POINT('',(6.916084604207,3.843081980389,-0.67760447943
    ));
#9522 = VECTOR('',#9523,1.);
#9523 = DIRECTION('',(1.,-1.19248806385E-008,-1.042505705107E-015));
#9524 = ORIENTED_EDGE('',*,*,#9525,.T.);
#9525 = EDGE_CURVE('',#9518,#9526,#9528,.T.);
#9526 = VERTEX_POINT('',#9527);
#9527 = CARTESIAN_POINT('',(7.816084604207,3.843082008123,-1.11760447943
    ));
#9528 = LINE('',#9529,#9530);
#9529 = CARTESIAN_POINT('',(7.816084604207,3.843081969657,-0.67760447943
    ));
#9530 = VECTOR('',#9531,1.);
#9531 = DIRECTION('',(-3.777050852833E-023,8.742273394091E-008,-1.));
#9532 = ORIENTED_EDGE('',*,*,#9533,.F.);
#9533 = EDGE_CURVE('',#9510,#9526,#9534,.T.);
#9534 = LINE('',#9535,#9536);
#9535 = CARTESIAN_POINT('',(6.916084604207,3.843082018855,-1.11760447943
    ));
#9536 = VECTOR('',#9537,1.);
#9537 = DIRECTION('',(1.,-1.19248806385E-008,-1.042505705107E-015));
#9538 = PLANE('',#9539);
#9539 = AXIS2_PLACEMENT_3D('',#9540,#9541,#9542);
#9540 = CARTESIAN_POINT('',(6.916084604207,3.843081980389,-0.67760447943
    ));
#9541 = DIRECTION('',(1.19248806385E-008,1.,8.742273394091E-008));
#9542 = DIRECTION('',(-3.777050852833E-023,8.742273394091E-008,-1.));
#9543 = ADVANCED_FACE('',(#9544),#9560,.F.);
#9544 = FACE_BOUND('',#9545,.F.);
#9545 = EDGE_LOOP('',(#9546,#9552,#9553,#9559));
#9546 = ORIENTED_EDGE('',*,*,#9547,.F.);
#9547 = EDGE_CURVE('',#9468,#9508,#9548,.T.);
#9548 = LINE('',#9549,#9550);
#9549 = CARTESIAN_POINT('',(6.916084585246,2.253081980389,
    -0.677604618432));
#9550 = VECTOR('',#9551,1.);
#9551 = DIRECTION('',(1.19248806385E-008,1.,8.742273394091E-008));
#9552 = ORIENTED_EDGE('',*,*,#9467,.T.);
#9553 = ORIENTED_EDGE('',*,*,#9554,.T.);
#9554 = EDGE_CURVE('',#9470,#9510,#9555,.T.);
#9555 = LINE('',#9556,#9557);
#9556 = CARTESIAN_POINT('',(6.916084585246,2.253082018855,
    -1.117604618432));
#9557 = VECTOR('',#9558,1.);
#9558 = DIRECTION('',(1.19248806385E-008,1.,8.742273394091E-008));
#9559 = ORIENTED_EDGE('',*,*,#9507,.F.);
#9560 = PLANE('',#9561);
#9561 = AXIS2_PLACEMENT_3D('',#9562,#9563,#9564);
#9562 = CARTESIAN_POINT('',(6.916084585246,2.253081980389,
    -0.677604618432));
#9563 = DIRECTION('',(1.,-1.19248806385E-008,-1.042505705107E-015));
#9564 = DIRECTION('',(-3.777050852833E-023,8.742273394091E-008,-1.));
#9565 = ADVANCED_FACE('',(#9566),#9582,.T.);
#9566 = FACE_BOUND('',#9567,.T.);
#9567 = EDGE_LOOP('',(#9568,#9574,#9575,#9581));
#9568 = ORIENTED_EDGE('',*,*,#9569,.F.);
#9569 = EDGE_CURVE('',#9478,#9518,#9570,.T.);
#9570 = LINE('',#9571,#9572);
#9571 = CARTESIAN_POINT('',(7.816084585246,2.253081969657,
    -0.677604618432));
#9572 = VECTOR('',#9573,1.);
#9573 = DIRECTION('',(1.19248806385E-008,1.,8.742273394091E-008));
#9574 = ORIENTED_EDGE('',*,*,#9485,.T.);
#9575 = ORIENTED_EDGE('',*,*,#9576,.T.);
#9576 = EDGE_CURVE('',#9486,#9526,#9577,.T.);
#9577 = LINE('',#9578,#9579);
#9578 = CARTESIAN_POINT('',(7.816084585246,2.253082008123,
    -1.117604618432));
#9579 = VECTOR('',#9580,1.);
#9580 = DIRECTION('',(1.19248806385E-008,1.,8.742273394091E-008));
#9581 = ORIENTED_EDGE('',*,*,#9525,.F.);
#9582 = PLANE('',#9583);
#9583 = AXIS2_PLACEMENT_3D('',#9584,#9585,#9586);
#9584 = CARTESIAN_POINT('',(7.816084585246,2.253081969657,
    -0.677604618432));
#9585 = DIRECTION('',(1.,-1.19248806385E-008,-1.042505705107E-015));
#9586 = DIRECTION('',(-3.777050852833E-023,8.742273394091E-008,-1.));
#9587 = ADVANCED_FACE('',(#9588),#9594,.F.);
#9588 = FACE_BOUND('',#9589,.F.);
#9589 = EDGE_LOOP('',(#9590,#9591,#9592,#9593));
#9590 = ORIENTED_EDGE('',*,*,#9477,.F.);
#9591 = ORIENTED_EDGE('',*,*,#9547,.T.);
#9592 = ORIENTED_EDGE('',*,*,#9517,.T.);
#9593 = ORIENTED_EDGE('',*,*,#9569,.F.);
#9594 = PLANE('',#9595);
#9595 = AXIS2_PLACEMENT_3D('',#9596,#9597,#9598);
#9596 = CARTESIAN_POINT('',(6.916084585246,2.253081980389,
    -0.677604618432));
#9597 = DIRECTION('',(-3.777050852833E-023,8.742273394091E-008,-1.));
#9598 = DIRECTION('',(1.19248806385E-008,1.,8.742273394091E-008));
#9599 = ADVANCED_FACE('',(#9600),#9606,.T.);
#9600 = FACE_BOUND('',#9601,.T.);
#9601 = EDGE_LOOP('',(#9602,#9603,#9604,#9605));
#9602 = ORIENTED_EDGE('',*,*,#9493,.F.);
#9603 = ORIENTED_EDGE('',*,*,#9554,.T.);
#9604 = ORIENTED_EDGE('',*,*,#9533,.T.);
#9605 = ORIENTED_EDGE('',*,*,#9576,.F.);
#9606 = PLANE('',#9607);
#9607 = AXIS2_PLACEMENT_3D('',#9608,#9609,#9610);
#9608 = CARTESIAN_POINT('',(6.916084585246,2.253082018855,
    -1.117604618432));
#9609 = DIRECTION('',(-3.777050852833E-023,8.742273394091E-008,-1.));
#9610 = DIRECTION('',(1.19248806385E-008,1.,8.742273394091E-008));
#9611 = MANIFOLD_SOLID_BREP('',#9612);
#9612 = CLOSED_SHELL('',(#9613,#9653,#9684,#9715,#9737,#9770,#9785));
#9613 = ADVANCED_FACE('',(#9614),#9648,.F.);
#9614 = FACE_BOUND('',#9615,.F.);
#9615 = EDGE_LOOP('',(#9616,#9626,#9634,#9642));
#9616 = ORIENTED_EDGE('',*,*,#9617,.T.);
#9617 = EDGE_CURVE('',#9618,#9620,#9622,.T.);
#9618 = VERTEX_POINT('',#9619);
#9619 = CARTESIAN_POINT('',(0.E+000,0.E+000,-0.6226048));
#9620 = VERTEX_POINT('',#9621);
#9621 = CARTESIAN_POINT('',(0.E+000,0.E+000,0.E+000));
#9622 = LINE('',#9623,#9624);
#9623 = CARTESIAN_POINT('',(0.E+000,0.E+000,-0.6226048));
#9624 = VECTOR('',#9625,1.);
#9625 = DIRECTION('',(0.E+000,0.E+000,1.));
#9626 = ORIENTED_EDGE('',*,*,#9627,.T.);
#9627 = EDGE_CURVE('',#9620,#9628,#9630,.T.);
#9628 = VERTEX_POINT('',#9629);
#9629 = CARTESIAN_POINT('',(10.,0.E+000,0.E+000));
#9630 = LINE('',#9631,#9632);
#9631 = CARTESIAN_POINT('',(0.E+000,0.E+000,0.E+000));
#9632 = VECTOR('',#9633,1.);
#9633 = DIRECTION('',(1.,0.E+000,0.E+000));
#9634 = ORIENTED_EDGE('',*,*,#9635,.F.);
#9635 = EDGE_CURVE('',#9636,#9628,#9638,.T.);
#9636 = VERTEX_POINT('',#9637);
#9637 = CARTESIAN_POINT('',(10.,0.E+000,-0.6226048));
#9638 = LINE('',#9639,#9640);
#9639 = CARTESIAN_POINT('',(10.,0.E+000,-0.6226048));
#9640 = VECTOR('',#9641,1.);
#9641 = DIRECTION('',(0.E+000,0.E+000,1.));
#9642 = ORIENTED_EDGE('',*,*,#9643,.F.);
#9643 = EDGE_CURVE('',#9618,#9636,#9644,.T.);
#9644 = LINE('',#9645,#9646);
#9645 = CARTESIAN_POINT('',(0.E+000,0.E+000,-0.6226048));
#9646 = VECTOR('',#9647,1.);
#9647 = DIRECTION('',(1.,0.E+000,0.E+000));
#9648 = PLANE('',#9649);
#9649 = AXIS2_PLACEMENT_3D('',#9650,#9651,#9652);
#9650 = CARTESIAN_POINT('',(0.E+000,0.E+000,-0.6226048));
#9651 = DIRECTION('',(0.E+000,1.,0.E+000));
#9652 = DIRECTION('',(1.,0.E+000,0.E+000));
#9653 = ADVANCED_FACE('',(#9654),#9679,.F.);
#9654 = FACE_BOUND('',#9655,.F.);
#9655 = EDGE_LOOP('',(#9656,#9657,#9665,#9673));
#9656 = ORIENTED_EDGE('',*,*,#9635,.T.);
#9657 = ORIENTED_EDGE('',*,*,#9658,.T.);
#9658 = EDGE_CURVE('',#9628,#9659,#9661,.T.);
#9659 = VERTEX_POINT('',#9660);
#9660 = CARTESIAN_POINT('',(10.,14.,0.E+000));
#9661 = LINE('',#9662,#9663);
#9662 = CARTESIAN_POINT('',(10.,0.E+000,0.E+000));
#9663 = VECTOR('',#9664,1.);
#9664 = DIRECTION('',(0.E+000,1.,0.E+000));
#9665 = ORIENTED_EDGE('',*,*,#9666,.F.);
#9666 = EDGE_CURVE('',#9667,#9659,#9669,.T.);
#9667 = VERTEX_POINT('',#9668);
#9668 = CARTESIAN_POINT('',(10.,14.,-0.6226048));
#9669 = LINE('',#9670,#9671);
#9670 = CARTESIAN_POINT('',(10.,14.,-0.6226048));
#9671 = VECTOR('',#9672,1.);
#9672 = DIRECTION('',(0.E+000,0.E+000,1.));
#9673 = ORIENTED_EDGE('',*,*,#9674,.F.);
#9674 = EDGE_CURVE('',#9636,#9667,#9675,.T.);
#9675 = LINE('',#9676,#9677);
#9676 = CARTESIAN_POINT('',(10.,0.E+000,-0.6226048));
#9677 = VECTOR('',#9678,1.);
#9678 = DIRECTION('',(0.E+000,1.,0.E+000));
#9679 = PLANE('',#9680);
#9680 = AXIS2_PLACEMENT_3D('',#9681,#9682,#9683);
#9681 = CARTESIAN_POINT('',(10.,0.E+000,-0.6226048));
#9682 = DIRECTION('',(-1.,0.E+000,0.E+000));
#9683 = DIRECTION('',(0.E+000,1.,0.E+000));
#9684 = ADVANCED_FACE('',(#9685),#9710,.F.);
#9685 = FACE_BOUND('',#9686,.F.);
#9686 = EDGE_LOOP('',(#9687,#9688,#9696,#9704));
#9687 = ORIENTED_EDGE('',*,*,#9666,.T.);
#9688 = ORIENTED_EDGE('',*,*,#9689,.T.);
#9689 = EDGE_CURVE('',#9659,#9690,#9692,.T.);
#9690 = VERTEX_POINT('',#9691);
#9691 = CARTESIAN_POINT('',(0.E+000,14.,0.E+000));
#9692 = LINE('',#9693,#9694);
#9693 = CARTESIAN_POINT('',(10.,14.,0.E+000));
#9694 = VECTOR('',#9695,1.);
#9695 = DIRECTION('',(-1.,0.E+000,0.E+000));
#9696 = ORIENTED_EDGE('',*,*,#9697,.F.);
#9697 = EDGE_CURVE('',#9698,#9690,#9700,.T.);
#9698 = VERTEX_POINT('',#9699);
#9699 = CARTESIAN_POINT('',(0.E+000,14.,-0.6226048));
#9700 = LINE('',#9701,#9702);
#9701 = CARTESIAN_POINT('',(0.E+000,14.,-0.6226048));
#9702 = VECTOR('',#9703,1.);
#9703 = DIRECTION('',(0.E+000,0.E+000,1.));
#9704 = ORIENTED_EDGE('',*,*,#9705,.F.);
#9705 = EDGE_CURVE('',#9667,#9698,#9706,.T.);
#9706 = LINE('',#9707,#9708);
#9707 = CARTESIAN_POINT('',(10.,14.,-0.6226048));
#9708 = VECTOR('',#9709,1.);
#9709 = DIRECTION('',(-1.,0.E+000,0.E+000));
#9710 = PLANE('',#9711);
#9711 = AXIS2_PLACEMENT_3D('',#9712,#9713,#9714);
#9712 = CARTESIAN_POINT('',(10.,14.,-0.6226048));
#9713 = DIRECTION('',(0.E+000,-1.,0.E+000));
#9714 = DIRECTION('',(-1.,0.E+000,0.E+000));
#9715 = ADVANCED_FACE('',(#9716),#9732,.F.);
#9716 = FACE_BOUND('',#9717,.F.);
#9717 = EDGE_LOOP('',(#9718,#9719,#9725,#9726));
#9718 = ORIENTED_EDGE('',*,*,#9697,.T.);
#9719 = ORIENTED_EDGE('',*,*,#9720,.T.);
#9720 = EDGE_CURVE('',#9690,#9620,#9721,.T.);
#9721 = LINE('',#9722,#9723);
#9722 = CARTESIAN_POINT('',(0.E+000,14.,0.E+000));
#9723 = VECTOR('',#9724,1.);
#9724 = DIRECTION('',(0.E+000,-1.,0.E+000));
#9725 = ORIENTED_EDGE('',*,*,#9617,.F.);
#9726 = ORIENTED_EDGE('',*,*,#9727,.F.);
#9727 = EDGE_CURVE('',#9698,#9618,#9728,.T.);
#9728 = LINE('',#9729,#9730);
#9729 = CARTESIAN_POINT('',(0.E+000,14.,-0.6226048));
#9730 = VECTOR('',#9731,1.);
#9731 = DIRECTION('',(0.E+000,-1.,0.E+000));
#9732 = PLANE('',#9733);
#9733 = AXIS2_PLACEMENT_3D('',#9734,#9735,#9736);
#9734 = CARTESIAN_POINT('',(0.E+000,14.,-0.6226048));
#9735 = DIRECTION('',(1.,0.E+000,-0.E+000));
#9736 = DIRECTION('',(0.E+000,-1.,0.E+000));
#9737 = ADVANCED_FACE('',(#9738),#9765,.F.);
#9738 = FACE_BOUND('',#9739,.T.);
#9739 = EDGE_LOOP('',(#9740,#9750,#9757,#9758));
#9740 = ORIENTED_EDGE('',*,*,#9741,.T.);
#9741 = EDGE_CURVE('',#9742,#9744,#9746,.T.);
#9742 = VERTEX_POINT('',#9743);
#9743 = CARTESIAN_POINT('',(1.643,1.143,-0.6226048));
#9744 = VERTEX_POINT('',#9745);
#9745 = CARTESIAN_POINT('',(1.643,1.143,0.E+000));
#9746 = LINE('',#9747,#9748);
#9747 = CARTESIAN_POINT('',(1.643,1.143,-0.6226048));
#9748 = VECTOR('',#9749,1.);
#9749 = DIRECTION('',(0.E+000,0.E+000,1.));
#9750 = ORIENTED_EDGE('',*,*,#9751,.T.);
#9751 = EDGE_CURVE('',#9744,#9744,#9752,.T.);
#9752 = CIRCLE('',#9753,0.5);
#9753 = AXIS2_PLACEMENT_3D('',#9754,#9755,#9756);
#9754 = CARTESIAN_POINT('',(1.143,1.143,0.E+000));
#9755 = DIRECTION('',(0.E+000,0.E+000,1.));
#9756 = DIRECTION('',(1.,0.E+000,-0.E+000));
#9757 = ORIENTED_EDGE('',*,*,#9741,.F.);
#9758 = ORIENTED_EDGE('',*,*,#9759,.F.);
#9759 = EDGE_CURVE('',#9742,#9742,#9760,.T.);
#9760 = CIRCLE('',#9761,0.5);
#9761 = AXIS2_PLACEMENT_3D('',#9762,#9763,#9764);
#9762 = CARTESIAN_POINT('',(1.143,1.143,-0.6226048));
#9763 = DIRECTION('',(0.E+000,0.E+000,1.));
#9764 = DIRECTION('',(1.,0.E+000,-0.E+000));
#9765 = CYLINDRICAL_SURFACE('',#9766,0.5);
#9766 = AXIS2_PLACEMENT_3D('',#9767,#9768,#9769);
#9767 = CARTESIAN_POINT('',(1.143,1.143,-0.6226048));
#9768 = DIRECTION('',(-0.E+000,-0.E+000,-1.));
#9769 = DIRECTION('',(1.,0.E+000,-0.E+000));
#9770 = ADVANCED_FACE('',(#9771,#9777),#9780,.T.);
#9771 = FACE_BOUND('',#9772,.F.);
#9772 = EDGE_LOOP('',(#9773,#9774,#9775,#9776));
#9773 = ORIENTED_EDGE('',*,*,#9643,.T.);
#9774 = ORIENTED_EDGE('',*,*,#9674,.T.);
#9775 = ORIENTED_EDGE('',*,*,#9705,.T.);
#9776 = ORIENTED_EDGE('',*,*,#9727,.T.);
#9777 = FACE_BOUND('',#9778,.T.);
#9778 = EDGE_LOOP('',(#9779));
#9779 = ORIENTED_EDGE('',*,*,#9759,.T.);
#9780 = PLANE('',#9781);
#9781 = AXIS2_PLACEMENT_3D('',#9782,#9783,#9784);
#9782 = CARTESIAN_POINT('',(0.E+000,0.E+000,-0.6226048));
#9783 = DIRECTION('',(0.E+000,0.E+000,-1.));
#9784 = DIRECTION('',(-1.,0.E+000,-0.E+000));
#9785 = ADVANCED_FACE('',(#9786,#9792),#9795,.F.);
#9786 = FACE_BOUND('',#9787,.T.);
#9787 = EDGE_LOOP('',(#9788,#9789,#9790,#9791));
#9788 = ORIENTED_EDGE('',*,*,#9627,.T.);
#9789 = ORIENTED_EDGE('',*,*,#9658,.T.);
#9790 = ORIENTED_EDGE('',*,*,#9689,.T.);
#9791 = ORIENTED_EDGE('',*,*,#9720,.T.);
#9792 = FACE_BOUND('',#9793,.F.);
#9793 = EDGE_LOOP('',(#9794));
#9794 = ORIENTED_EDGE('',*,*,#9751,.T.);
#9795 = PLANE('',#9796);
#9796 = AXIS2_PLACEMENT_3D('',#9797,#9798,#9799);
#9797 = CARTESIAN_POINT('',(0.E+000,0.E+000,0.E+000));
#9798 = DIRECTION('',(0.E+000,0.E+000,-1.));
#9799 = DIRECTION('',(-1.,0.E+000,-0.E+000));
#9800 = SHELL_BASED_SURFACE_MODEL('',(#9801));
#9801 = OPEN_SHELL('',(#9802));
#9802 = ADVANCED_FACE('',(#9803),#9837,.T.);
#9803 = FACE_BOUND('',#9804,.T.);
#9804 = EDGE_LOOP('',(#9805,#9815,#9823,#9831));
#9805 = ORIENTED_EDGE('',*,*,#9806,.F.);
#9806 = EDGE_CURVE('',#9807,#9809,#9811,.T.);
#9807 = VERTEX_POINT('',#9808);
#9808 = CARTESIAN_POINT('',(5.346997654628,4.660999431837,0.E+000));
#9809 = VERTEX_POINT('',#9810);
#9810 = CARTESIAN_POINT('',(5.346997676833,4.152999431837,0.E+000));
#9811 = LINE('',#9812,#9813);
#9812 = CARTESIAN_POINT('',(5.346997654628,4.660999431837,0.E+000));
#9813 = VECTOR('',#9814,1.);
#9814 = DIRECTION('',(4.371138828674E-008,-1.,0.E+000));
#9815 = ORIENTED_EDGE('',*,*,#9816,.F.);
#9816 = EDGE_CURVE('',#9817,#9807,#9819,.T.);
#9817 = VERTEX_POINT('',#9818);
#9818 = CARTESIAN_POINT('',(5.346997654628,4.660999431837,5.1E-002));
#9819 = LINE('',#9820,#9821);
#9820 = CARTESIAN_POINT('',(5.346997654628,4.660999431837,5.1E-002));
#9821 = VECTOR('',#9822,1.);
#9822 = DIRECTION('',(-0.E+000,0.E+000,-1.));
#9823 = ORIENTED_EDGE('',*,*,#9824,.F.);
#9824 = EDGE_CURVE('',#9825,#9817,#9827,.T.);
#9825 = VERTEX_POINT('',#9826);
#9826 = CARTESIAN_POINT('',(5.346997676833,4.152999431837,5.1E-002));
#9827 = LINE('',#9828,#9829);
#9828 = CARTESIAN_POINT('',(5.346997676833,4.152999431837,5.1E-002));
#9829 = VECTOR('',#9830,1.);
#9830 = DIRECTION('',(-4.371138828674E-008,1.,0.E+000));
#9831 = ORIENTED_EDGE('',*,*,#9832,.F.);
#9832 = EDGE_CURVE('',#9809,#9825,#9833,.T.);
#9833 = LINE('',#9834,#9835);
#9834 = CARTESIAN_POINT('',(5.346997676833,4.152999431837,0.E+000));
#9835 = VECTOR('',#9836,1.);
#9836 = DIRECTION('',(0.E+000,0.E+000,1.));
#9837 = PLANE('',#9838);
#9838 = AXIS2_PLACEMENT_3D('',#9839,#9840,#9841);
#9839 = CARTESIAN_POINT('',(5.346997676833,4.152999431837,0.E+000));
#9840 = DIRECTION('',(1.,4.371138828674E-008,0.E+000));
#9841 = DIRECTION('',(0.E+000,0.E+000,1.));
#9842 = SHELL_BASED_SURFACE_MODEL('',(#9843));
#9843 = OPEN_SHELL('',(#9844));
#9844 = ADVANCED_FACE('',(#9845),#9879,.T.);
#9845 = FACE_BOUND('',#9846,.T.);
#9846 = EDGE_LOOP('',(#9847,#9857,#9865,#9873));
#9847 = ORIENTED_EDGE('',*,*,#9848,.F.);
#9848 = EDGE_CURVE('',#9849,#9851,#9853,.T.);
#9849 = VERTEX_POINT('',#9850);
#9850 = CARTESIAN_POINT('',(4.812997654628,4.660999408495,0.E+000));
#9851 = VERTEX_POINT('',#9852);
#9852 = CARTESIAN_POINT('',(5.346997654628,4.660999431837,0.E+000));
#9853 = LINE('',#9854,#9855);
#9854 = CARTESIAN_POINT('',(4.812997654628,4.660999408495,0.E+000));
#9855 = VECTOR('',#9856,1.);
#9856 = DIRECTION('',(1.,4.371138828674E-008,0.E+000));
#9857 = ORIENTED_EDGE('',*,*,#9858,.F.);
#9858 = EDGE_CURVE('',#9859,#9849,#9861,.T.);
#9859 = VERTEX_POINT('',#9860);
#9860 = CARTESIAN_POINT('',(4.812997654628,4.660999408495,5.1E-002));
#9861 = LINE('',#9862,#9863);
#9862 = CARTESIAN_POINT('',(4.812997654628,4.660999408495,5.1E-002));
#9863 = VECTOR('',#9864,1.);
#9864 = DIRECTION('',(-0.E+000,0.E+000,-1.));
#9865 = ORIENTED_EDGE('',*,*,#9866,.F.);
#9866 = EDGE_CURVE('',#9867,#9859,#9869,.T.);
#9867 = VERTEX_POINT('',#9868);
#9868 = CARTESIAN_POINT('',(5.346997654628,4.660999431837,5.1E-002));
#9869 = LINE('',#9870,#9871);
#9870 = CARTESIAN_POINT('',(5.346997654628,4.660999431837,5.1E-002));
#9871 = VECTOR('',#9872,1.);
#9872 = DIRECTION('',(-1.,-4.371138828674E-008,0.E+000));
#9873 = ORIENTED_EDGE('',*,*,#9874,.T.);
#9874 = EDGE_CURVE('',#9867,#9851,#9875,.T.);
#9875 = LINE('',#9876,#9877);
#9876 = CARTESIAN_POINT('',(5.346997654628,4.660999431837,5.1E-002));
#9877 = VECTOR('',#9878,1.);
#9878 = DIRECTION('',(-0.E+000,0.E+000,-1.));
#9879 = PLANE('',#9880);
#9880 = AXIS2_PLACEMENT_3D('',#9881,#9882,#9883);
#9881 = CARTESIAN_POINT('',(5.346997654628,4.660999431837,0.E+000));
#9882 = DIRECTION('',(-4.371138828674E-008,1.,0.E+000));
#9883 = DIRECTION('',(0.E+000,0.E+000,1.));
#9884 = SHELL_BASED_SURFACE_MODEL('',(#9885));
#9885 = OPEN_SHELL('',(#9886));
#9886 = ADVANCED_FACE('',(#9887),#9921,.T.);
#9887 = FACE_BOUND('',#9888,.T.);
#9888 = EDGE_LOOP('',(#9889,#9899,#9907,#9915));
#9889 = ORIENTED_EDGE('',*,*,#9890,.F.);
#9890 = EDGE_CURVE('',#9891,#9893,#9895,.T.);
#9891 = VERTEX_POINT('',#9892);
#9892 = CARTESIAN_POINT('',(4.812997676833,4.152999408495,0.E+000));
#9893 = VERTEX_POINT('',#9894);
#9894 = CARTESIAN_POINT('',(4.812997654628,4.660999408495,0.E+000));
#9895 = LINE('',#9896,#9897);
#9896 = CARTESIAN_POINT('',(4.812997676833,4.152999408495,0.E+000));
#9897 = VECTOR('',#9898,1.);
#9898 = DIRECTION('',(-4.371138828674E-008,1.,0.E+000));
#9899 = ORIENTED_EDGE('',*,*,#9900,.F.);
#9900 = EDGE_CURVE('',#9901,#9891,#9903,.T.);
#9901 = VERTEX_POINT('',#9902);
#9902 = CARTESIAN_POINT('',(4.812997676833,4.152999408495,5.1E-002));
#9903 = LINE('',#9904,#9905);
#9904 = CARTESIAN_POINT('',(4.812997676833,4.152999408495,5.1E-002));
#9905 = VECTOR('',#9906,1.);
#9906 = DIRECTION('',(-0.E+000,0.E+000,-1.));
#9907 = ORIENTED_EDGE('',*,*,#9908,.F.);
#9908 = EDGE_CURVE('',#9909,#9901,#9911,.T.);
#9909 = VERTEX_POINT('',#9910);
#9910 = CARTESIAN_POINT('',(4.812997654628,4.660999408495,5.1E-002));
#9911 = LINE('',#9912,#9913);
#9912 = CARTESIAN_POINT('',(4.812997654628,4.660999408495,5.1E-002));
#9913 = VECTOR('',#9914,1.);
#9914 = DIRECTION('',(4.371138828674E-008,-1.,0.E+000));
#9915 = ORIENTED_EDGE('',*,*,#9916,.T.);
#9916 = EDGE_CURVE('',#9909,#9893,#9917,.T.);
#9917 = LINE('',#9918,#9919);
#9918 = CARTESIAN_POINT('',(4.812997654628,4.660999408495,5.1E-002));
#9919 = VECTOR('',#9920,1.);
#9920 = DIRECTION('',(-0.E+000,0.E+000,-1.));
#9921 = PLANE('',#9922);
#9922 = AXIS2_PLACEMENT_3D('',#9923,#9924,#9925);
#9923 = CARTESIAN_POINT('',(4.812997654628,4.660999408495,0.E+000));
#9924 = DIRECTION('',(-1.,-4.371138828674E-008,0.E+000));
#9925 = DIRECTION('',(0.E+000,0.E+000,1.));
#9926 = SHELL_BASED_SURFACE_MODEL('',(#9927));
#9927 = OPEN_SHELL('',(#9928));
#9928 = ADVANCED_FACE('',(#9929),#9963,.T.);
#9929 = FACE_BOUND('',#9930,.T.);
#9930 = EDGE_LOOP('',(#9931,#9941,#9949,#9957));
#9931 = ORIENTED_EDGE('',*,*,#9932,.F.);
#9932 = EDGE_CURVE('',#9933,#9935,#9937,.T.);
#9933 = VERTEX_POINT('',#9934);
#9934 = CARTESIAN_POINT('',(5.346997676833,4.152999431837,0.E+000));
#9935 = VERTEX_POINT('',#9936);
#9936 = CARTESIAN_POINT('',(4.812997676833,4.152999408495,0.E+000));
#9937 = LINE('',#9938,#9939);
#9938 = CARTESIAN_POINT('',(5.346997676833,4.152999431837,0.E+000));
#9939 = VECTOR('',#9940,1.);
#9940 = DIRECTION('',(-1.,-4.371138828674E-008,0.E+000));
#9941 = ORIENTED_EDGE('',*,*,#9942,.T.);
#9942 = EDGE_CURVE('',#9933,#9943,#9945,.T.);
#9943 = VERTEX_POINT('',#9944);
#9944 = CARTESIAN_POINT('',(5.346997676833,4.152999431837,5.1E-002));
#9945 = LINE('',#9946,#9947);
#9946 = CARTESIAN_POINT('',(5.346997676833,4.152999431837,0.E+000));
#9947 = VECTOR('',#9948,1.);
#9948 = DIRECTION('',(0.E+000,0.E+000,1.));
#9949 = ORIENTED_EDGE('',*,*,#9950,.F.);
#9950 = EDGE_CURVE('',#9951,#9943,#9953,.T.);
#9951 = VERTEX_POINT('',#9952);
#9952 = CARTESIAN_POINT('',(4.812997676833,4.152999408495,5.1E-002));
#9953 = LINE('',#9954,#9955);
#9954 = CARTESIAN_POINT('',(4.812997676833,4.152999408495,5.1E-002));
#9955 = VECTOR('',#9956,1.);
#9956 = DIRECTION('',(1.,4.371138828674E-008,0.E+000));
#9957 = ORIENTED_EDGE('',*,*,#9958,.T.);
#9958 = EDGE_CURVE('',#9951,#9935,#9959,.T.);
#9959 = LINE('',#9960,#9961);
#9960 = CARTESIAN_POINT('',(4.812997676833,4.152999408495,5.1E-002));
#9961 = VECTOR('',#9962,1.);
#9962 = DIRECTION('',(-0.E+000,0.E+000,-1.));
#9963 = PLANE('',#9964);
#9964 = AXIS2_PLACEMENT_3D('',#9965,#9966,#9967);
#9965 = CARTESIAN_POINT('',(4.812997676833,4.152999408495,0.E+000));
#9966 = DIRECTION('',(4.371138828674E-008,-1.,0.E+000));
#9967 = DIRECTION('',(0.E+000,0.E+000,1.));
#9968 = SHELL_BASED_SURFACE_MODEL('',(#9969));
#9969 = OPEN_SHELL('',(#9970));
#9970 = ADVANCED_FACE('',(#9971),#10005,.T.);
#9971 = FACE_BOUND('',#9972,.T.);
#9972 = EDGE_LOOP('',(#9973,#9983,#9991,#9999));
#9973 = ORIENTED_EDGE('',*,*,#9974,.T.);
#9974 = EDGE_CURVE('',#9975,#9977,#9979,.T.);
#9975 = VERTEX_POINT('',#9976);
#9976 = CARTESIAN_POINT('',(4.812997676833,4.152999408495,0.E+000));
#9977 = VERTEX_POINT('',#9978);
#9978 = CARTESIAN_POINT('',(4.812997654628,4.660999408495,0.E+000));
#9979 = LINE('',#9980,#9981);
#9980 = CARTESIAN_POINT('',(4.812997676833,4.152999408495,0.E+000));
#9981 = VECTOR('',#9982,1.);
#9982 = DIRECTION('',(-4.371138828674E-008,1.,0.E+000));
#9983 = ORIENTED_EDGE('',*,*,#9984,.T.);
#9984 = EDGE_CURVE('',#9977,#9985,#9987,.T.);
#9985 = VERTEX_POINT('',#9986);
#9986 = CARTESIAN_POINT('',(5.346997654628,4.660999431837,0.E+000));
#9987 = LINE('',#9988,#9989);
#9988 = CARTESIAN_POINT('',(4.812997654628,4.660999408495,0.E+000));
#9989 = VECTOR('',#9990,1.);
#9990 = DIRECTION('',(1.,4.371138828674E-008,0.E+000));
#9991 = ORIENTED_EDGE('',*,*,#9992,.T.);
#9992 = EDGE_CURVE('',#9985,#9993,#9995,.T.);
#9993 = VERTEX_POINT('',#9994);
#9994 = CARTESIAN_POINT('',(5.346997676833,4.152999431837,0.E+000));
#9995 = LINE('',#9996,#9997);
#9996 = CARTESIAN_POINT('',(5.346997654628,4.660999431837,0.E+000));
#9997 = VECTOR('',#9998,1.);
#9998 = DIRECTION('',(4.371138828674E-008,-1.,0.E+000));
#9999 = ORIENTED_EDGE('',*,*,#10000,.T.);
#10000 = EDGE_CURVE('',#9993,#9975,#10001,.T.);
#10001 = LINE('',#10002,#10003);
#10002 = CARTESIAN_POINT('',(5.346997676833,4.152999431837,0.E+000));
#10003 = VECTOR('',#10004,1.);
#10004 = DIRECTION('',(-1.,-4.371138828674E-008,0.E+000));
#10005 = PLANE('',#10006);
#10006 = AXIS2_PLACEMENT_3D('',#10007,#10008,#10009);
#10007 = CARTESIAN_POINT('',(4.812997676833,4.152999408495,0.E+000));
#10008 = DIRECTION('',(-0.E+000,0.E+000,-1.));
#10009 = DIRECTION('',(-1.,-4.371138828674E-008,0.E+000));
#10010 = SHELL_BASED_SURFACE_MODEL('',(#10011));
#10011 = OPEN_SHELL('',(#10012));
#10012 = ADVANCED_FACE('',(#10013),#10047,.T.);
#10013 = FACE_BOUND('',#10014,.T.);
#10014 = EDGE_LOOP('',(#10015,#10025,#10033,#10041));
#10015 = ORIENTED_EDGE('',*,*,#10016,.T.);
#10016 = EDGE_CURVE('',#10017,#10019,#10021,.T.);
#10017 = VERTEX_POINT('',#10018);
#10018 = CARTESIAN_POINT('',(5.346997676833,4.152999431837,5.1E-002));
#10019 = VERTEX_POINT('',#10020);
#10020 = CARTESIAN_POINT('',(5.346997654628,4.660999431837,5.1E-002));
#10021 = LINE('',#10022,#10023);
#10022 = CARTESIAN_POINT('',(5.346997676833,4.152999431837,5.1E-002));
#10023 = VECTOR('',#10024,1.);
#10024 = DIRECTION('',(-4.371138828674E-008,1.,0.E+000));
#10025 = ORIENTED_EDGE('',*,*,#10026,.T.);
#10026 = EDGE_CURVE('',#10019,#10027,#10029,.T.);
#10027 = VERTEX_POINT('',#10028);
#10028 = CARTESIAN_POINT('',(4.812997654628,4.660999408495,5.1E-002));
#10029 = LINE('',#10030,#10031);
#10030 = CARTESIAN_POINT('',(5.346997654628,4.660999431837,5.1E-002));
#10031 = VECTOR('',#10032,1.);
#10032 = DIRECTION('',(-1.,-4.371138828674E-008,0.E+000));
#10033 = ORIENTED_EDGE('',*,*,#10034,.T.);
#10034 = EDGE_CURVE('',#10027,#10035,#10037,.T.);
#10035 = VERTEX_POINT('',#10036);
#10036 = CARTESIAN_POINT('',(4.812997676833,4.152999408495,5.1E-002));
#10037 = LINE('',#10038,#10039);
#10038 = CARTESIAN_POINT('',(4.812997654628,4.660999408495,5.1E-002));
#10039 = VECTOR('',#10040,1.);
#10040 = DIRECTION('',(4.371138828674E-008,-1.,0.E+000));
#10041 = ORIENTED_EDGE('',*,*,#10042,.T.);
#10042 = EDGE_CURVE('',#10035,#10017,#10043,.T.);
#10043 = LINE('',#10044,#10045);
#10044 = CARTESIAN_POINT('',(4.812997676833,4.152999408495,5.1E-002));
#10045 = VECTOR('',#10046,1.);
#10046 = DIRECTION('',(1.,4.371138828674E-008,0.E+000));
#10047 = PLANE('',#10048);
#10048 = AXIS2_PLACEMENT_3D('',#10049,#10050,#10051);
#10049 = CARTESIAN_POINT('',(5.346997676833,4.152999431837,5.1E-002));
#10050 = DIRECTION('',(0.E+000,0.E+000,1.));
#10051 = DIRECTION('',(-1.,-4.371138828674E-008,0.E+000));
#10052 = SHELL_BASED_SURFACE_MODEL('',(#10053));
#10053 = OPEN_SHELL('',(#10054));
#10054 = ADVANCED_FACE('',(#10055),#10089,.T.);
#10055 = FACE_BOUND('',#10056,.T.);
#10056 = EDGE_LOOP('',(#10057,#10067,#10075,#10083));
#10057 = ORIENTED_EDGE('',*,*,#10058,.F.);
#10058 = EDGE_CURVE('',#10059,#10061,#10063,.T.);
#10059 = VERTEX_POINT('',#10060);
#10060 = CARTESIAN_POINT('',(6.285997645273,4.874999472882,0.E+000));
#10061 = VERTEX_POINT('',#10062);
#10062 = CARTESIAN_POINT('',(6.285997668615,4.340999472882,0.E+000));
#10063 = LINE('',#10064,#10065);
#10064 = CARTESIAN_POINT('',(6.285997645273,4.874999472882,0.E+000));
#10065 = VECTOR('',#10066,1.);
#10066 = DIRECTION('',(4.371138828674E-008,-1.,0.E+000));
#10067 = ORIENTED_EDGE('',*,*,#10068,.F.);
#10068 = EDGE_CURVE('',#10069,#10059,#10071,.T.);
#10069 = VERTEX_POINT('',#10070);
#10070 = CARTESIAN_POINT('',(6.285997645273,4.874999472882,5.1E-002));
#10071 = LINE('',#10072,#10073);
#10072 = CARTESIAN_POINT('',(6.285997645273,4.874999472882,5.1E-002));
#10073 = VECTOR('',#10074,1.);
#10074 = DIRECTION('',(-0.E+000,0.E+000,-1.));
#10075 = ORIENTED_EDGE('',*,*,#10076,.F.);
#10076 = EDGE_CURVE('',#10077,#10069,#10079,.T.);
#10077 = VERTEX_POINT('',#10078);
#10078 = CARTESIAN_POINT('',(6.285997668615,4.340999472882,5.1E-002));
#10079 = LINE('',#10080,#10081);
#10080 = CARTESIAN_POINT('',(6.285997668615,4.340999472882,5.1E-002));
#10081 = VECTOR('',#10082,1.);
#10082 = DIRECTION('',(-4.371138828674E-008,1.,0.E+000));
#10083 = ORIENTED_EDGE('',*,*,#10084,.F.);
#10084 = EDGE_CURVE('',#10061,#10077,#10085,.T.);
#10085 = LINE('',#10086,#10087);
#10086 = CARTESIAN_POINT('',(6.285997668615,4.340999472882,0.E+000));
#10087 = VECTOR('',#10088,1.);
#10088 = DIRECTION('',(0.E+000,0.E+000,1.));
#10089 = PLANE('',#10090);
#10090 = AXIS2_PLACEMENT_3D('',#10091,#10092,#10093);
#10091 = CARTESIAN_POINT('',(6.285997668615,4.340999472882,0.E+000));
#10092 = DIRECTION('',(1.,4.371138828674E-008,0.E+000));
#10093 = DIRECTION('',(0.E+000,0.E+000,1.));
#10094 = SHELL_BASED_SURFACE_MODEL('',(#10095));
#10095 = OPEN_SHELL('',(#10096));
#10096 = ADVANCED_FACE('',(#10097),#10131,.T.);
#10097 = FACE_BOUND('',#10098,.T.);
#10098 = EDGE_LOOP('',(#10099,#10109,#10117,#10125));
#10099 = ORIENTED_EDGE('',*,*,#10100,.F.);
#10100 = EDGE_CURVE('',#10101,#10103,#10105,.T.);
#10101 = VERTEX_POINT('',#10102);
#10102 = CARTESIAN_POINT('',(5.777997645273,4.874999450677,0.E+000));
#10103 = VERTEX_POINT('',#10104);
#10104 = CARTESIAN_POINT('',(6.285997645273,4.874999472882,0.E+000));
#10105 = LINE('',#10106,#10107);
#10106 = CARTESIAN_POINT('',(5.777997645273,4.874999450677,0.E+000));
#10107 = VECTOR('',#10108,1.);
#10108 = DIRECTION('',(1.,4.371138828674E-008,0.E+000));
#10109 = ORIENTED_EDGE('',*,*,#10110,.F.);
#10110 = EDGE_CURVE('',#10111,#10101,#10113,.T.);
#10111 = VERTEX_POINT('',#10112);
#10112 = CARTESIAN_POINT('',(5.777997645273,4.874999450677,5.1E-002));
#10113 = LINE('',#10114,#10115);
#10114 = CARTESIAN_POINT('',(5.777997645273,4.874999450677,5.1E-002));
#10115 = VECTOR('',#10116,1.);
#10116 = DIRECTION('',(-0.E+000,0.E+000,-1.));
#10117 = ORIENTED_EDGE('',*,*,#10118,.F.);
#10118 = EDGE_CURVE('',#10119,#10111,#10121,.T.);
#10119 = VERTEX_POINT('',#10120);
#10120 = CARTESIAN_POINT('',(6.285997645273,4.874999472882,5.1E-002));
#10121 = LINE('',#10122,#10123);
#10122 = CARTESIAN_POINT('',(6.285997645273,4.874999472882,5.1E-002));
#10123 = VECTOR('',#10124,1.);
#10124 = DIRECTION('',(-1.,-4.371138828674E-008,0.E+000));
#10125 = ORIENTED_EDGE('',*,*,#10126,.T.);
#10126 = EDGE_CURVE('',#10119,#10103,#10127,.T.);
#10127 = LINE('',#10128,#10129);
#10128 = CARTESIAN_POINT('',(6.285997645273,4.874999472882,5.1E-002));
#10129 = VECTOR('',#10130,1.);
#10130 = DIRECTION('',(-0.E+000,0.E+000,-1.));
#10131 = PLANE('',#10132);
#10132 = AXIS2_PLACEMENT_3D('',#10133,#10134,#10135);
#10133 = CARTESIAN_POINT('',(6.285997645273,4.874999472882,0.E+000));
#10134 = DIRECTION('',(-4.371138828674E-008,1.,0.E+000));
#10135 = DIRECTION('',(0.E+000,0.E+000,1.));
#10136 = SHELL_BASED_SURFACE_MODEL('',(#10137));
#10137 = OPEN_SHELL('',(#10138));
#10138 = ADVANCED_FACE('',(#10139),#10173,.T.);
#10139 = FACE_BOUND('',#10140,.T.);
#10140 = EDGE_LOOP('',(#10141,#10151,#10159,#10167));
#10141 = ORIENTED_EDGE('',*,*,#10142,.F.);
#10142 = EDGE_CURVE('',#10143,#10145,#10147,.T.);
#10143 = VERTEX_POINT('',#10144);
#10144 = CARTESIAN_POINT('',(5.777997668615,4.340999450677,0.E+000));
#10145 = VERTEX_POINT('',#10146);
#10146 = CARTESIAN_POINT('',(5.777997645273,4.874999450677,0.E+000));
#10147 = LINE('',#10148,#10149);
#10148 = CARTESIAN_POINT('',(5.777997668615,4.340999450677,0.E+000));
#10149 = VECTOR('',#10150,1.);
#10150 = DIRECTION('',(-4.371138828674E-008,1.,0.E+000));
#10151 = ORIENTED_EDGE('',*,*,#10152,.F.);
#10152 = EDGE_CURVE('',#10153,#10143,#10155,.T.);
#10153 = VERTEX_POINT('',#10154);
#10154 = CARTESIAN_POINT('',(5.777997668615,4.340999450677,5.1E-002));
#10155 = LINE('',#10156,#10157);
#10156 = CARTESIAN_POINT('',(5.777997668615,4.340999450677,5.1E-002));
#10157 = VECTOR('',#10158,1.);
#10158 = DIRECTION('',(-0.E+000,0.E+000,-1.));
#10159 = ORIENTED_EDGE('',*,*,#10160,.F.);
#10160 = EDGE_CURVE('',#10161,#10153,#10163,.T.);
#10161 = VERTEX_POINT('',#10162);
#10162 = CARTESIAN_POINT('',(5.777997645273,4.874999450677,5.1E-002));
#10163 = LINE('',#10164,#10165);
#10164 = CARTESIAN_POINT('',(5.777997645273,4.874999450677,5.1E-002));
#10165 = VECTOR('',#10166,1.);
#10166 = DIRECTION('',(4.371138828674E-008,-1.,0.E+000));
#10167 = ORIENTED_EDGE('',*,*,#10168,.T.);
#10168 = EDGE_CURVE('',#10161,#10145,#10169,.T.);
#10169 = LINE('',#10170,#10171);
#10170 = CARTESIAN_POINT('',(5.777997645273,4.874999450677,5.1E-002));
#10171 = VECTOR('',#10172,1.);
#10172 = DIRECTION('',(-0.E+000,0.E+000,-1.));
#10173 = PLANE('',#10174);
#10174 = AXIS2_PLACEMENT_3D('',#10175,#10176,#10177);
#10175 = CARTESIAN_POINT('',(5.777997645273,4.874999450677,0.E+000));
#10176 = DIRECTION('',(-1.,-4.371138828674E-008,0.E+000));
#10177 = DIRECTION('',(0.E+000,0.E+000,1.));
#10178 = SHELL_BASED_SURFACE_MODEL('',(#10179));
#10179 = OPEN_SHELL('',(#10180));
#10180 = ADVANCED_FACE('',(#10181),#10215,.T.);
#10181 = FACE_BOUND('',#10182,.T.);
#10182 = EDGE_LOOP('',(#10183,#10193,#10201,#10209));
#10183 = ORIENTED_EDGE('',*,*,#10184,.F.);
#10184 = EDGE_CURVE('',#10185,#10187,#10189,.T.);
#10185 = VERTEX_POINT('',#10186);
#10186 = CARTESIAN_POINT('',(6.285997668615,4.340999472882,0.E+000));
#10187 = VERTEX_POINT('',#10188);
#10188 = CARTESIAN_POINT('',(5.777997668615,4.340999450677,0.E+000));
#10189 = LINE('',#10190,#10191);
#10190 = CARTESIAN_POINT('',(6.285997668615,4.340999472882,0.E+000));
#10191 = VECTOR('',#10192,1.);
#10192 = DIRECTION('',(-1.,-4.371138828674E-008,0.E+000));
#10193 = ORIENTED_EDGE('',*,*,#10194,.T.);
#10194 = EDGE_CURVE('',#10185,#10195,#10197,.T.);
#10195 = VERTEX_POINT('',#10196);
#10196 = CARTESIAN_POINT('',(6.285997668615,4.340999472882,5.1E-002));
#10197 = LINE('',#10198,#10199);
#10198 = CARTESIAN_POINT('',(6.285997668615,4.340999472882,0.E+000));
#10199 = VECTOR('',#10200,1.);
#10200 = DIRECTION('',(0.E+000,0.E+000,1.));
#10201 = ORIENTED_EDGE('',*,*,#10202,.F.);
#10202 = EDGE_CURVE('',#10203,#10195,#10205,.T.);
#10203 = VERTEX_POINT('',#10204);
#10204 = CARTESIAN_POINT('',(5.777997668615,4.340999450677,5.1E-002));
#10205 = LINE('',#10206,#10207);
#10206 = CARTESIAN_POINT('',(5.777997668615,4.340999450677,5.1E-002));
#10207 = VECTOR('',#10208,1.);
#10208 = DIRECTION('',(1.,4.371138828674E-008,0.E+000));
#10209 = ORIENTED_EDGE('',*,*,#10210,.T.);
#10210 = EDGE_CURVE('',#10203,#10187,#10211,.T.);
#10211 = LINE('',#10212,#10213);
#10212 = CARTESIAN_POINT('',(5.777997668615,4.340999450677,5.1E-002));
#10213 = VECTOR('',#10214,1.);
#10214 = DIRECTION('',(-0.E+000,0.E+000,-1.));
#10215 = PLANE('',#10216);
#10216 = AXIS2_PLACEMENT_3D('',#10217,#10218,#10219);
#10217 = CARTESIAN_POINT('',(5.777997668615,4.340999450677,0.E+000));
#10218 = DIRECTION('',(4.371138828674E-008,-1.,0.E+000));
#10219 = DIRECTION('',(0.E+000,0.E+000,1.));
#10220 = SHELL_BASED_SURFACE_MODEL('',(#10221));
#10221 = OPEN_SHELL('',(#10222));
#10222 = ADVANCED_FACE('',(#10223),#10257,.T.);
#10223 = FACE_BOUND('',#10224,.T.);
#10224 = EDGE_LOOP('',(#10225,#10235,#10243,#10251));
#10225 = ORIENTED_EDGE('',*,*,#10226,.T.);
#10226 = EDGE_CURVE('',#10227,#10229,#10231,.T.);
#10227 = VERTEX_POINT('',#10228);
#10228 = CARTESIAN_POINT('',(5.777997668615,4.340999450677,0.E+000));
#10229 = VERTEX_POINT('',#10230);
#10230 = CARTESIAN_POINT('',(5.777997645273,4.874999450677,0.E+000));
#10231 = LINE('',#10232,#10233);
#10232 = CARTESIAN_POINT('',(5.777997668615,4.340999450677,0.E+000));
#10233 = VECTOR('',#10234,1.);
#10234 = DIRECTION('',(-4.371138828674E-008,1.,0.E+000));
#10235 = ORIENTED_EDGE('',*,*,#10236,.T.);
#10236 = EDGE_CURVE('',#10229,#10237,#10239,.T.);
#10237 = VERTEX_POINT('',#10238);
#10238 = CARTESIAN_POINT('',(6.285997645273,4.874999472882,0.E+000));
#10239 = LINE('',#10240,#10241);
#10240 = CARTESIAN_POINT('',(5.777997645273,4.874999450677,0.E+000));
#10241 = VECTOR('',#10242,1.);
#10242 = DIRECTION('',(1.,4.371138828674E-008,0.E+000));
#10243 = ORIENTED_EDGE('',*,*,#10244,.T.);
#10244 = EDGE_CURVE('',#10237,#10245,#10247,.T.);
#10245 = VERTEX_POINT('',#10246);
#10246 = CARTESIAN_POINT('',(6.285997668615,4.340999472882,0.E+000));
#10247 = LINE('',#10248,#10249);
#10248 = CARTESIAN_POINT('',(6.285997645273,4.874999472882,0.E+000));
#10249 = VECTOR('',#10250,1.);
#10250 = DIRECTION('',(4.371138828674E-008,-1.,0.E+000));
#10251 = ORIENTED_EDGE('',*,*,#10252,.T.);
#10252 = EDGE_CURVE('',#10245,#10227,#10253,.T.);
#10253 = LINE('',#10254,#10255);
#10254 = CARTESIAN_POINT('',(6.285997668615,4.340999472882,0.E+000));
#10255 = VECTOR('',#10256,1.);
#10256 = DIRECTION('',(-1.,-4.371138828674E-008,0.E+000));
#10257 = PLANE('',#10258);
#10258 = AXIS2_PLACEMENT_3D('',#10259,#10260,#10261);
#10259 = CARTESIAN_POINT('',(5.777997668615,4.340999450677,0.E+000));
#10260 = DIRECTION('',(-0.E+000,0.E+000,-1.));
#10261 = DIRECTION('',(-1.,-4.371138828674E-008,0.E+000));
#10262 = SHELL_BASED_SURFACE_MODEL('',(#10263));
#10263 = OPEN_SHELL('',(#10264));
#10264 = ADVANCED_FACE('',(#10265),#10299,.T.);
#10265 = FACE_BOUND('',#10266,.T.);
#10266 = EDGE_LOOP('',(#10267,#10277,#10285,#10293));
#10267 = ORIENTED_EDGE('',*,*,#10268,.T.);
#10268 = EDGE_CURVE('',#10269,#10271,#10273,.T.);
#10269 = VERTEX_POINT('',#10270);
#10270 = CARTESIAN_POINT('',(6.285997668615,4.340999472882,5.1E-002));
#10271 = VERTEX_POINT('',#10272);
#10272 = CARTESIAN_POINT('',(6.285997645273,4.874999472882,5.1E-002));
#10273 = LINE('',#10274,#10275);
#10274 = CARTESIAN_POINT('',(6.285997668615,4.340999472882,5.1E-002));
#10275 = VECTOR('',#10276,1.);
#10276 = DIRECTION('',(-4.371138828674E-008,1.,0.E+000));
#10277 = ORIENTED_EDGE('',*,*,#10278,.T.);
#10278 = EDGE_CURVE('',#10271,#10279,#10281,.T.);
#10279 = VERTEX_POINT('',#10280);
#10280 = CARTESIAN_POINT('',(5.777997645273,4.874999450677,5.1E-002));
#10281 = LINE('',#10282,#10283);
#10282 = CARTESIAN_POINT('',(6.285997645273,4.874999472882,5.1E-002));
#10283 = VECTOR('',#10284,1.);
#10284 = DIRECTION('',(-1.,-4.371138828674E-008,0.E+000));
#10285 = ORIENTED_EDGE('',*,*,#10286,.T.);
#10286 = EDGE_CURVE('',#10279,#10287,#10289,.T.);
#10287 = VERTEX_POINT('',#10288);
#10288 = CARTESIAN_POINT('',(5.777997668615,4.340999450677,5.1E-002));
#10289 = LINE('',#10290,#10291);
#10290 = CARTESIAN_POINT('',(5.777997645273,4.874999450677,5.1E-002));
#10291 = VECTOR('',#10292,1.);
#10292 = DIRECTION('',(4.371138828674E-008,-1.,0.E+000));
#10293 = ORIENTED_EDGE('',*,*,#10294,.T.);
#10294 = EDGE_CURVE('',#10287,#10269,#10295,.T.);
#10295 = LINE('',#10296,#10297);
#10296 = CARTESIAN_POINT('',(5.777997668615,4.340999450677,5.1E-002));
#10297 = VECTOR('',#10298,1.);
#10298 = DIRECTION('',(1.,4.371138828674E-008,0.E+000));
#10299 = PLANE('',#10300);
#10300 = AXIS2_PLACEMENT_3D('',#10301,#10302,#10303);
#10301 = CARTESIAN_POINT('',(6.285997668615,4.340999472882,5.1E-002));
#10302 = DIRECTION('',(0.E+000,0.E+000,1.));
#10303 = DIRECTION('',(-1.,-4.371138828674E-008,0.E+000));
#10304 = SHELL_BASED_SURFACE_MODEL('',(#10305));
#10305 = OPEN_SHELL('',(#10306));
#10306 = ADVANCED_FACE('',(#10307),#10341,.T.);
#10307 = FACE_BOUND('',#10308,.T.);
#10308 = EDGE_LOOP('',(#10309,#10319,#10327,#10335));
#10309 = ORIENTED_EDGE('',*,*,#10310,.F.);
#10310 = EDGE_CURVE('',#10311,#10313,#10315,.T.);
#10311 = VERTEX_POINT('',#10312);
#10312 = CARTESIAN_POINT('',(6.28599761249,5.624999472882,0.E+000));
#10313 = VERTEX_POINT('',#10314);
#10314 = CARTESIAN_POINT('',(6.285997635832,5.090999472882,0.E+000));
#10315 = LINE('',#10316,#10317);
#10316 = CARTESIAN_POINT('',(6.28599761249,5.624999472882,0.E+000));
#10317 = VECTOR('',#10318,1.);
#10318 = DIRECTION('',(4.371138828674E-008,-1.,0.E+000));
#10319 = ORIENTED_EDGE('',*,*,#10320,.F.);
#10320 = EDGE_CURVE('',#10321,#10311,#10323,.T.);
#10321 = VERTEX_POINT('',#10322);
#10322 = CARTESIAN_POINT('',(6.28599761249,5.624999472882,5.1E-002));
#10323 = LINE('',#10324,#10325);
#10324 = CARTESIAN_POINT('',(6.28599761249,5.624999472882,5.1E-002));
#10325 = VECTOR('',#10326,1.);
#10326 = DIRECTION('',(-0.E+000,0.E+000,-1.));
#10327 = ORIENTED_EDGE('',*,*,#10328,.F.);
#10328 = EDGE_CURVE('',#10329,#10321,#10331,.T.);
#10329 = VERTEX_POINT('',#10330);
#10330 = CARTESIAN_POINT('',(6.285997635832,5.090999472882,5.1E-002));
#10331 = LINE('',#10332,#10333);
#10332 = CARTESIAN_POINT('',(6.285997635832,5.090999472882,5.1E-002));
#10333 = VECTOR('',#10334,1.);
#10334 = DIRECTION('',(-4.371138828674E-008,1.,0.E+000));
#10335 = ORIENTED_EDGE('',*,*,#10336,.F.);
#10336 = EDGE_CURVE('',#10313,#10329,#10337,.T.);
#10337 = LINE('',#10338,#10339);
#10338 = CARTESIAN_POINT('',(6.285997635832,5.090999472882,0.E+000));
#10339 = VECTOR('',#10340,1.);
#10340 = DIRECTION('',(0.E+000,0.E+000,1.));
#10341 = PLANE('',#10342);
#10342 = AXIS2_PLACEMENT_3D('',#10343,#10344,#10345);
#10343 = CARTESIAN_POINT('',(6.285997635832,5.090999472882,0.E+000));
#10344 = DIRECTION('',(1.,4.371138828674E-008,0.E+000));
#10345 = DIRECTION('',(0.E+000,0.E+000,1.));
#10346 = SHELL_BASED_SURFACE_MODEL('',(#10347));
#10347 = OPEN_SHELL('',(#10348));
#10348 = ADVANCED_FACE('',(#10349),#10383,.T.);
#10349 = FACE_BOUND('',#10350,.T.);
#10350 = EDGE_LOOP('',(#10351,#10361,#10369,#10377));
#10351 = ORIENTED_EDGE('',*,*,#10352,.F.);
#10352 = EDGE_CURVE('',#10353,#10355,#10357,.T.);
#10353 = VERTEX_POINT('',#10354);
#10354 = CARTESIAN_POINT('',(5.77799761249,5.624999450677,0.E+000));
#10355 = VERTEX_POINT('',#10356);
#10356 = CARTESIAN_POINT('',(6.28599761249,5.624999472882,0.E+000));
#10357 = LINE('',#10358,#10359);
#10358 = CARTESIAN_POINT('',(5.77799761249,5.624999450677,0.E+000));
#10359 = VECTOR('',#10360,1.);
#10360 = DIRECTION('',(1.,4.371138828674E-008,0.E+000));
#10361 = ORIENTED_EDGE('',*,*,#10362,.F.);
#10362 = EDGE_CURVE('',#10363,#10353,#10365,.T.);
#10363 = VERTEX_POINT('',#10364);
#10364 = CARTESIAN_POINT('',(5.77799761249,5.624999450677,5.1E-002));
#10365 = LINE('',#10366,#10367);
#10366 = CARTESIAN_POINT('',(5.77799761249,5.624999450677,5.1E-002));
#10367 = VECTOR('',#10368,1.);
#10368 = DIRECTION('',(-0.E+000,0.E+000,-1.));
#10369 = ORIENTED_EDGE('',*,*,#10370,.F.);
#10370 = EDGE_CURVE('',#10371,#10363,#10373,.T.);
#10371 = VERTEX_POINT('',#10372);
#10372 = CARTESIAN_POINT('',(6.28599761249,5.624999472882,5.1E-002));
#10373 = LINE('',#10374,#10375);
#10374 = CARTESIAN_POINT('',(6.28599761249,5.624999472882,5.1E-002));
#10375 = VECTOR('',#10376,1.);
#10376 = DIRECTION('',(-1.,-4.371138828674E-008,0.E+000));
#10377 = ORIENTED_EDGE('',*,*,#10378,.T.);
#10378 = EDGE_CURVE('',#10371,#10355,#10379,.T.);
#10379 = LINE('',#10380,#10381);
#10380 = CARTESIAN_POINT('',(6.28599761249,5.624999472882,5.1E-002));
#10381 = VECTOR('',#10382,1.);
#10382 = DIRECTION('',(-0.E+000,0.E+000,-1.));
#10383 = PLANE('',#10384);
#10384 = AXIS2_PLACEMENT_3D('',#10385,#10386,#10387);
#10385 = CARTESIAN_POINT('',(6.28599761249,5.624999472882,0.E+000));
#10386 = DIRECTION('',(-4.371138828674E-008,1.,0.E+000));
#10387 = DIRECTION('',(0.E+000,0.E+000,1.));
#10388 = SHELL_BASED_SURFACE_MODEL('',(#10389));
#10389 = OPEN_SHELL('',(#10390));
#10390 = ADVANCED_FACE('',(#10391),#10425,.T.);
#10391 = FACE_BOUND('',#10392,.T.);
#10392 = EDGE_LOOP('',(#10393,#10403,#10411,#10419));
#10393 = ORIENTED_EDGE('',*,*,#10394,.F.);
#10394 = EDGE_CURVE('',#10395,#10397,#10399,.T.);
#10395 = VERTEX_POINT('',#10396);
#10396 = CARTESIAN_POINT('',(5.777997635832,5.090999450677,0.E+000));
#10397 = VERTEX_POINT('',#10398);
#10398 = CARTESIAN_POINT('',(5.77799761249,5.624999450677,0.E+000));
#10399 = LINE('',#10400,#10401);
#10400 = CARTESIAN_POINT('',(5.777997635832,5.090999450677,0.E+000));
#10401 = VECTOR('',#10402,1.);
#10402 = DIRECTION('',(-4.371138828674E-008,1.,0.E+000));
#10403 = ORIENTED_EDGE('',*,*,#10404,.F.);
#10404 = EDGE_CURVE('',#10405,#10395,#10407,.T.);
#10405 = VERTEX_POINT('',#10406);
#10406 = CARTESIAN_POINT('',(5.777997635832,5.090999450677,5.1E-002));
#10407 = LINE('',#10408,#10409);
#10408 = CARTESIAN_POINT('',(5.777997635832,5.090999450677,5.1E-002));
#10409 = VECTOR('',#10410,1.);
#10410 = DIRECTION('',(-0.E+000,0.E+000,-1.));
#10411 = ORIENTED_EDGE('',*,*,#10412,.F.);
#10412 = EDGE_CURVE('',#10413,#10405,#10415,.T.);
#10413 = VERTEX_POINT('',#10414);
#10414 = CARTESIAN_POINT('',(5.77799761249,5.624999450677,5.1E-002));
#10415 = LINE('',#10416,#10417);
#10416 = CARTESIAN_POINT('',(5.77799761249,5.624999450677,5.1E-002));
#10417 = VECTOR('',#10418,1.);
#10418 = DIRECTION('',(4.371138828674E-008,-1.,0.E+000));
#10419 = ORIENTED_EDGE('',*,*,#10420,.T.);
#10420 = EDGE_CURVE('',#10413,#10397,#10421,.T.);
#10421 = LINE('',#10422,#10423);
#10422 = CARTESIAN_POINT('',(5.77799761249,5.624999450677,5.1E-002));
#10423 = VECTOR('',#10424,1.);
#10424 = DIRECTION('',(-0.E+000,0.E+000,-1.));
#10425 = PLANE('',#10426);
#10426 = AXIS2_PLACEMENT_3D('',#10427,#10428,#10429);
#10427 = CARTESIAN_POINT('',(5.77799761249,5.624999450677,0.E+000));
#10428 = DIRECTION('',(-1.,-4.371138828674E-008,0.E+000));
#10429 = DIRECTION('',(0.E+000,0.E+000,1.));
#10430 = SHELL_BASED_SURFACE_MODEL('',(#10431));
#10431 = OPEN_SHELL('',(#10432));
#10432 = ADVANCED_FACE('',(#10433),#10467,.T.);
#10433 = FACE_BOUND('',#10434,.T.);
#10434 = EDGE_LOOP('',(#10435,#10445,#10453,#10461));
#10435 = ORIENTED_EDGE('',*,*,#10436,.F.);
#10436 = EDGE_CURVE('',#10437,#10439,#10441,.T.);
#10437 = VERTEX_POINT('',#10438);
#10438 = CARTESIAN_POINT('',(6.285997635832,5.090999472882,0.E+000));
#10439 = VERTEX_POINT('',#10440);
#10440 = CARTESIAN_POINT('',(5.777997635832,5.090999450677,0.E+000));
#10441 = LINE('',#10442,#10443);
#10442 = CARTESIAN_POINT('',(6.285997635832,5.090999472882,0.E+000));
#10443 = VECTOR('',#10444,1.);
#10444 = DIRECTION('',(-1.,-4.371138828674E-008,0.E+000));
#10445 = ORIENTED_EDGE('',*,*,#10446,.T.);
#10446 = EDGE_CURVE('',#10437,#10447,#10449,.T.);
#10447 = VERTEX_POINT('',#10448);
#10448 = CARTESIAN_POINT('',(6.285997635832,5.090999472882,5.1E-002));
#10449 = LINE('',#10450,#10451);
#10450 = CARTESIAN_POINT('',(6.285997635832,5.090999472882,0.E+000));
#10451 = VECTOR('',#10452,1.);
#10452 = DIRECTION('',(0.E+000,0.E+000,1.));
#10453 = ORIENTED_EDGE('',*,*,#10454,.F.);
#10454 = EDGE_CURVE('',#10455,#10447,#10457,.T.);
#10455 = VERTEX_POINT('',#10456);
#10456 = CARTESIAN_POINT('',(5.777997635832,5.090999450677,5.1E-002));
#10457 = LINE('',#10458,#10459);
#10458 = CARTESIAN_POINT('',(5.777997635832,5.090999450677,5.1E-002));
#10459 = VECTOR('',#10460,1.);
#10460 = DIRECTION('',(1.,4.371138828674E-008,0.E+000));
#10461 = ORIENTED_EDGE('',*,*,#10462,.T.);
#10462 = EDGE_CURVE('',#10455,#10439,#10463,.T.);
#10463 = LINE('',#10464,#10465);
#10464 = CARTESIAN_POINT('',(5.777997635832,5.090999450677,5.1E-002));
#10465 = VECTOR('',#10466,1.);
#10466 = DIRECTION('',(-0.E+000,0.E+000,-1.));
#10467 = PLANE('',#10468);
#10468 = AXIS2_PLACEMENT_3D('',#10469,#10470,#10471);
#10469 = CARTESIAN_POINT('',(5.777997635832,5.090999450677,0.E+000));
#10470 = DIRECTION('',(4.371138828674E-008,-1.,0.E+000));
#10471 = DIRECTION('',(0.E+000,0.E+000,1.));
#10472 = SHELL_BASED_SURFACE_MODEL('',(#10473));
#10473 = OPEN_SHELL('',(#10474));
#10474 = ADVANCED_FACE('',(#10475),#10509,.T.);
#10475 = FACE_BOUND('',#10476,.T.);
#10476 = EDGE_LOOP('',(#10477,#10487,#10495,#10503));
#10477 = ORIENTED_EDGE('',*,*,#10478,.T.);
#10478 = EDGE_CURVE('',#10479,#10481,#10483,.T.);
#10479 = VERTEX_POINT('',#10480);
#10480 = CARTESIAN_POINT('',(5.777997635832,5.090999450677,0.E+000));
#10481 = VERTEX_POINT('',#10482);
#10482 = CARTESIAN_POINT('',(5.77799761249,5.624999450677,0.E+000));
#10483 = LINE('',#10484,#10485);
#10484 = CARTESIAN_POINT('',(5.777997635832,5.090999450677,0.E+000));
#10485 = VECTOR('',#10486,1.);
#10486 = DIRECTION('',(-4.371138828674E-008,1.,0.E+000));
#10487 = ORIENTED_EDGE('',*,*,#10488,.T.);
#10488 = EDGE_CURVE('',#10481,#10489,#10491,.T.);
#10489 = VERTEX_POINT('',#10490);
#10490 = CARTESIAN_POINT('',(6.28599761249,5.624999472882,0.E+000));
#10491 = LINE('',#10492,#10493);
#10492 = CARTESIAN_POINT('',(5.77799761249,5.624999450677,0.E+000));
#10493 = VECTOR('',#10494,1.);
#10494 = DIRECTION('',(1.,4.371138828674E-008,0.E+000));
#10495 = ORIENTED_EDGE('',*,*,#10496,.T.);
#10496 = EDGE_CURVE('',#10489,#10497,#10499,.T.);
#10497 = VERTEX_POINT('',#10498);
#10498 = CARTESIAN_POINT('',(6.285997635832,5.090999472882,0.E+000));
#10499 = LINE('',#10500,#10501);
#10500 = CARTESIAN_POINT('',(6.28599761249,5.624999472882,0.E+000));
#10501 = VECTOR('',#10502,1.);
#10502 = DIRECTION('',(4.371138828674E-008,-1.,0.E+000));
#10503 = ORIENTED_EDGE('',*,*,#10504,.T.);
#10504 = EDGE_CURVE('',#10497,#10479,#10505,.T.);
#10505 = LINE('',#10506,#10507);
#10506 = CARTESIAN_POINT('',(6.285997635832,5.090999472882,0.E+000));
#10507 = VECTOR('',#10508,1.);
#10508 = DIRECTION('',(-1.,-4.371138828674E-008,0.E+000));
#10509 = PLANE('',#10510);
#10510 = AXIS2_PLACEMENT_3D('',#10511,#10512,#10513);
#10511 = CARTESIAN_POINT('',(5.777997635832,5.090999450677,0.E+000));
#10512 = DIRECTION('',(-0.E+000,0.E+000,-1.));
#10513 = DIRECTION('',(-1.,-4.371138828674E-008,0.E+000));
#10514 = SHELL_BASED_SURFACE_MODEL('',(#10515));
#10515 = OPEN_SHELL('',(#10516));
#10516 = ADVANCED_FACE('',(#10517),#10551,.T.);
#10517 = FACE_BOUND('',#10518,.T.);
#10518 = EDGE_LOOP('',(#10519,#10529,#10537,#10545));
#10519 = ORIENTED_EDGE('',*,*,#10520,.T.);
#10520 = EDGE_CURVE('',#10521,#10523,#10525,.T.);
#10521 = VERTEX_POINT('',#10522);
#10522 = CARTESIAN_POINT('',(6.285997635832,5.090999472882,5.1E-002));
#10523 = VERTEX_POINT('',#10524);
#10524 = CARTESIAN_POINT('',(6.28599761249,5.624999472882,5.1E-002));
#10525 = LINE('',#10526,#10527);
#10526 = CARTESIAN_POINT('',(6.285997635832,5.090999472882,5.1E-002));
#10527 = VECTOR('',#10528,1.);
#10528 = DIRECTION('',(-4.371138828674E-008,1.,0.E+000));
#10529 = ORIENTED_EDGE('',*,*,#10530,.T.);
#10530 = EDGE_CURVE('',#10523,#10531,#10533,.T.);
#10531 = VERTEX_POINT('',#10532);
#10532 = CARTESIAN_POINT('',(5.77799761249,5.624999450677,5.1E-002));
#10533 = LINE('',#10534,#10535);
#10534 = CARTESIAN_POINT('',(6.28599761249,5.624999472882,5.1E-002));
#10535 = VECTOR('',#10536,1.);
#10536 = DIRECTION('',(-1.,-4.371138828674E-008,0.E+000));
#10537 = ORIENTED_EDGE('',*,*,#10538,.T.);
#10538 = EDGE_CURVE('',#10531,#10539,#10541,.T.);
#10539 = VERTEX_POINT('',#10540);
#10540 = CARTESIAN_POINT('',(5.777997635832,5.090999450677,5.1E-002));
#10541 = LINE('',#10542,#10543);
#10542 = CARTESIAN_POINT('',(5.77799761249,5.624999450677,5.1E-002));
#10543 = VECTOR('',#10544,1.);
#10544 = DIRECTION('',(4.371138828674E-008,-1.,0.E+000));
#10545 = ORIENTED_EDGE('',*,*,#10546,.T.);
#10546 = EDGE_CURVE('',#10539,#10521,#10547,.T.);
#10547 = LINE('',#10548,#10549);
#10548 = CARTESIAN_POINT('',(5.777997635832,5.090999450677,5.1E-002));
#10549 = VECTOR('',#10550,1.);
#10550 = DIRECTION('',(1.,4.371138828674E-008,0.E+000));
#10551 = PLANE('',#10552);
#10552 = AXIS2_PLACEMENT_3D('',#10553,#10554,#10555);
#10553 = CARTESIAN_POINT('',(6.285997635832,5.090999472882,5.1E-002));
#10554 = DIRECTION('',(0.E+000,0.E+000,1.));
#10555 = DIRECTION('',(-1.,-4.371138828674E-008,0.E+000));
#10556 = SHELL_BASED_SURFACE_MODEL('',(#10557));
#10557 = OPEN_SHELL('',(#10558));
#10558 = ADVANCED_FACE('',(#10559),#10593,.T.);
#10559 = FACE_BOUND('',#10560,.T.);
#10560 = EDGE_LOOP('',(#10561,#10571,#10579,#10587));
#10561 = ORIENTED_EDGE('',*,*,#10562,.F.);
#10562 = EDGE_CURVE('',#10563,#10565,#10567,.T.);
#10563 = VERTEX_POINT('',#10564);
#10564 = CARTESIAN_POINT('',(6.285997579706,6.374999472882,0.E+000));
#10565 = VERTEX_POINT('',#10566);
#10566 = CARTESIAN_POINT('',(6.285997603048,5.840999472882,0.E+000));
#10567 = LINE('',#10568,#10569);
#10568 = CARTESIAN_POINT('',(6.285997579706,6.374999472882,0.E+000));
#10569 = VECTOR('',#10570,1.);
#10570 = DIRECTION('',(4.371138828674E-008,-1.,0.E+000));
#10571 = ORIENTED_EDGE('',*,*,#10572,.F.);
#10572 = EDGE_CURVE('',#10573,#10563,#10575,.T.);
#10573 = VERTEX_POINT('',#10574);
#10574 = CARTESIAN_POINT('',(6.285997579706,6.374999472882,5.1E-002));
#10575 = LINE('',#10576,#10577);
#10576 = CARTESIAN_POINT('',(6.285997579706,6.374999472882,5.1E-002));
#10577 = VECTOR('',#10578,1.);
#10578 = DIRECTION('',(-0.E+000,0.E+000,-1.));
#10579 = ORIENTED_EDGE('',*,*,#10580,.F.);
#10580 = EDGE_CURVE('',#10581,#10573,#10583,.T.);
#10581 = VERTEX_POINT('',#10582);
#10582 = CARTESIAN_POINT('',(6.285997603048,5.840999472882,5.1E-002));
#10583 = LINE('',#10584,#10585);
#10584 = CARTESIAN_POINT('',(6.285997603048,5.840999472882,5.1E-002));
#10585 = VECTOR('',#10586,1.);
#10586 = DIRECTION('',(-4.371138828674E-008,1.,0.E+000));
#10587 = ORIENTED_EDGE('',*,*,#10588,.F.);
#10588 = EDGE_CURVE('',#10565,#10581,#10589,.T.);
#10589 = LINE('',#10590,#10591);
#10590 = CARTESIAN_POINT('',(6.285997603048,5.840999472882,0.E+000));
#10591 = VECTOR('',#10592,1.);
#10592 = DIRECTION('',(0.E+000,0.E+000,1.));
#10593 = PLANE('',#10594);
#10594 = AXIS2_PLACEMENT_3D('',#10595,#10596,#10597);
#10595 = CARTESIAN_POINT('',(6.285997603048,5.840999472882,0.E+000));
#10596 = DIRECTION('',(1.,4.371138828674E-008,0.E+000));
#10597 = DIRECTION('',(0.E+000,0.E+000,1.));
#10598 = SHELL_BASED_SURFACE_MODEL('',(#10599));
#10599 = OPEN_SHELL('',(#10600));
#10600 = ADVANCED_FACE('',(#10601),#10635,.T.);
#10601 = FACE_BOUND('',#10602,.T.);
#10602 = EDGE_LOOP('',(#10603,#10613,#10621,#10629));
#10603 = ORIENTED_EDGE('',*,*,#10604,.F.);
#10604 = EDGE_CURVE('',#10605,#10607,#10609,.T.);
#10605 = VERTEX_POINT('',#10606);
#10606 = CARTESIAN_POINT('',(5.777997579706,6.374999450677,0.E+000));
#10607 = VERTEX_POINT('',#10608);
#10608 = CARTESIAN_POINT('',(6.285997579706,6.374999472882,0.E+000));
#10609 = LINE('',#10610,#10611);
#10610 = CARTESIAN_POINT('',(5.777997579706,6.374999450677,0.E+000));
#10611 = VECTOR('',#10612,1.);
#10612 = DIRECTION('',(1.,4.371138828674E-008,0.E+000));
#10613 = ORIENTED_EDGE('',*,*,#10614,.F.);
#10614 = EDGE_CURVE('',#10615,#10605,#10617,.T.);
#10615 = VERTEX_POINT('',#10616);
#10616 = CARTESIAN_POINT('',(5.777997579706,6.374999450677,5.1E-002));
#10617 = LINE('',#10618,#10619);
#10618 = CARTESIAN_POINT('',(5.777997579706,6.374999450677,5.1E-002));
#10619 = VECTOR('',#10620,1.);
#10620 = DIRECTION('',(-0.E+000,0.E+000,-1.));
#10621 = ORIENTED_EDGE('',*,*,#10622,.F.);
#10622 = EDGE_CURVE('',#10623,#10615,#10625,.T.);
#10623 = VERTEX_POINT('',#10624);
#10624 = CARTESIAN_POINT('',(6.285997579706,6.374999472882,5.1E-002));
#10625 = LINE('',#10626,#10627);
#10626 = CARTESIAN_POINT('',(6.285997579706,6.374999472882,5.1E-002));
#10627 = VECTOR('',#10628,1.);
#10628 = DIRECTION('',(-1.,-4.371138828674E-008,0.E+000));
#10629 = ORIENTED_EDGE('',*,*,#10630,.T.);
#10630 = EDGE_CURVE('',#10623,#10607,#10631,.T.);
#10631 = LINE('',#10632,#10633);
#10632 = CARTESIAN_POINT('',(6.285997579706,6.374999472882,5.1E-002));
#10633 = VECTOR('',#10634,1.);
#10634 = DIRECTION('',(-0.E+000,0.E+000,-1.));
#10635 = PLANE('',#10636);
#10636 = AXIS2_PLACEMENT_3D('',#10637,#10638,#10639);
#10637 = CARTESIAN_POINT('',(6.285997579706,6.374999472882,0.E+000));
#10638 = DIRECTION('',(-4.371138828674E-008,1.,0.E+000));
#10639 = DIRECTION('',(0.E+000,0.E+000,1.));
#10640 = SHELL_BASED_SURFACE_MODEL('',(#10641));
#10641 = OPEN_SHELL('',(#10642));
#10642 = ADVANCED_FACE('',(#10643),#10677,.T.);
#10643 = FACE_BOUND('',#10644,.T.);
#10644 = EDGE_LOOP('',(#10645,#10655,#10663,#10671));
#10645 = ORIENTED_EDGE('',*,*,#10646,.F.);
#10646 = EDGE_CURVE('',#10647,#10649,#10651,.T.);
#10647 = VERTEX_POINT('',#10648);
#10648 = CARTESIAN_POINT('',(5.777997603048,5.840999450677,0.E+000));
#10649 = VERTEX_POINT('',#10650);
#10650 = CARTESIAN_POINT('',(5.777997579706,6.374999450677,0.E+000));
#10651 = LINE('',#10652,#10653);
#10652 = CARTESIAN_POINT('',(5.777997603048,5.840999450677,0.E+000));
#10653 = VECTOR('',#10654,1.);
#10654 = DIRECTION('',(-4.371138828674E-008,1.,0.E+000));
#10655 = ORIENTED_EDGE('',*,*,#10656,.F.);
#10656 = EDGE_CURVE('',#10657,#10647,#10659,.T.);
#10657 = VERTEX_POINT('',#10658);
#10658 = CARTESIAN_POINT('',(5.777997603048,5.840999450677,5.1E-002));
#10659 = LINE('',#10660,#10661);
#10660 = CARTESIAN_POINT('',(5.777997603048,5.840999450677,5.1E-002));
#10661 = VECTOR('',#10662,1.);
#10662 = DIRECTION('',(-0.E+000,0.E+000,-1.));
#10663 = ORIENTED_EDGE('',*,*,#10664,.F.);
#10664 = EDGE_CURVE('',#10665,#10657,#10667,.T.);
#10665 = VERTEX_POINT('',#10666);
#10666 = CARTESIAN_POINT('',(5.777997579706,6.374999450677,5.1E-002));
#10667 = LINE('',#10668,#10669);
#10668 = CARTESIAN_POINT('',(5.777997579706,6.374999450677,5.1E-002));
#10669 = VECTOR('',#10670,1.);
#10670 = DIRECTION('',(4.371138828674E-008,-1.,0.E+000));
#10671 = ORIENTED_EDGE('',*,*,#10672,.T.);
#10672 = EDGE_CURVE('',#10665,#10649,#10673,.T.);
#10673 = LINE('',#10674,#10675);
#10674 = CARTESIAN_POINT('',(5.777997579706,6.374999450677,5.1E-002));
#10675 = VECTOR('',#10676,1.);
#10676 = DIRECTION('',(-0.E+000,0.E+000,-1.));
#10677 = PLANE('',#10678);
#10678 = AXIS2_PLACEMENT_3D('',#10679,#10680,#10681);
#10679 = CARTESIAN_POINT('',(5.777997579706,6.374999450677,0.E+000));
#10680 = DIRECTION('',(-1.,-4.371138828674E-008,0.E+000));
#10681 = DIRECTION('',(0.E+000,0.E+000,1.));
#10682 = SHELL_BASED_SURFACE_MODEL('',(#10683));
#10683 = OPEN_SHELL('',(#10684));
#10684 = ADVANCED_FACE('',(#10685),#10719,.T.);
#10685 = FACE_BOUND('',#10686,.T.);
#10686 = EDGE_LOOP('',(#10687,#10697,#10705,#10713));
#10687 = ORIENTED_EDGE('',*,*,#10688,.F.);
#10688 = EDGE_CURVE('',#10689,#10691,#10693,.T.);
#10689 = VERTEX_POINT('',#10690);
#10690 = CARTESIAN_POINT('',(6.285997603048,5.840999472882,0.E+000));
#10691 = VERTEX_POINT('',#10692);
#10692 = CARTESIAN_POINT('',(5.777997603048,5.840999450677,0.E+000));
#10693 = LINE('',#10694,#10695);
#10694 = CARTESIAN_POINT('',(6.285997603048,5.840999472882,0.E+000));
#10695 = VECTOR('',#10696,1.);
#10696 = DIRECTION('',(-1.,-4.371138828674E-008,0.E+000));
#10697 = ORIENTED_EDGE('',*,*,#10698,.T.);
#10698 = EDGE_CURVE('',#10689,#10699,#10701,.T.);
#10699 = VERTEX_POINT('',#10700);
#10700 = CARTESIAN_POINT('',(6.285997603048,5.840999472882,5.1E-002));
#10701 = LINE('',#10702,#10703);
#10702 = CARTESIAN_POINT('',(6.285997603048,5.840999472882,0.E+000));
#10703 = VECTOR('',#10704,1.);
#10704 = DIRECTION('',(0.E+000,0.E+000,1.));
#10705 = ORIENTED_EDGE('',*,*,#10706,.F.);
#10706 = EDGE_CURVE('',#10707,#10699,#10709,.T.);
#10707 = VERTEX_POINT('',#10708);
#10708 = CARTESIAN_POINT('',(5.777997603048,5.840999450677,5.1E-002));
#10709 = LINE('',#10710,#10711);
#10710 = CARTESIAN_POINT('',(5.777997603048,5.840999450677,5.1E-002));
#10711 = VECTOR('',#10712,1.);
#10712 = DIRECTION('',(1.,4.371138828674E-008,0.E+000));
#10713 = ORIENTED_EDGE('',*,*,#10714,.T.);
#10714 = EDGE_CURVE('',#10707,#10691,#10715,.T.);
#10715 = LINE('',#10716,#10717);
#10716 = CARTESIAN_POINT('',(5.777997603048,5.840999450677,5.1E-002));
#10717 = VECTOR('',#10718,1.);
#10718 = DIRECTION('',(-0.E+000,0.E+000,-1.));
#10719 = PLANE('',#10720);
#10720 = AXIS2_PLACEMENT_3D('',#10721,#10722,#10723);
#10721 = CARTESIAN_POINT('',(5.777997603048,5.840999450677,0.E+000));
#10722 = DIRECTION('',(4.371138828674E-008,-1.,0.E+000));
#10723 = DIRECTION('',(0.E+000,0.E+000,1.));
#10724 = SHELL_BASED_SURFACE_MODEL('',(#10725));
#10725 = OPEN_SHELL('',(#10726));
#10726 = ADVANCED_FACE('',(#10727),#10761,.T.);
#10727 = FACE_BOUND('',#10728,.T.);
#10728 = EDGE_LOOP('',(#10729,#10739,#10747,#10755));
#10729 = ORIENTED_EDGE('',*,*,#10730,.T.);
#10730 = EDGE_CURVE('',#10731,#10733,#10735,.T.);
#10731 = VERTEX_POINT('',#10732);
#10732 = CARTESIAN_POINT('',(5.777997603048,5.840999450677,0.E+000));
#10733 = VERTEX_POINT('',#10734);
#10734 = CARTESIAN_POINT('',(5.777997579706,6.374999450677,0.E+000));
#10735 = LINE('',#10736,#10737);
#10736 = CARTESIAN_POINT('',(5.777997603048,5.840999450677,0.E+000));
#10737 = VECTOR('',#10738,1.);
#10738 = DIRECTION('',(-4.371138828674E-008,1.,0.E+000));
#10739 = ORIENTED_EDGE('',*,*,#10740,.T.);
#10740 = EDGE_CURVE('',#10733,#10741,#10743,.T.);
#10741 = VERTEX_POINT('',#10742);
#10742 = CARTESIAN_POINT('',(6.285997579706,6.374999472882,0.E+000));
#10743 = LINE('',#10744,#10745);
#10744 = CARTESIAN_POINT('',(5.777997579706,6.374999450677,0.E+000));
#10745 = VECTOR('',#10746,1.);
#10746 = DIRECTION('',(1.,4.371138828674E-008,0.E+000));
#10747 = ORIENTED_EDGE('',*,*,#10748,.T.);
#10748 = EDGE_CURVE('',#10741,#10749,#10751,.T.);
#10749 = VERTEX_POINT('',#10750);
#10750 = CARTESIAN_POINT('',(6.285997603048,5.840999472882,0.E+000));
#10751 = LINE('',#10752,#10753);
#10752 = CARTESIAN_POINT('',(6.285997579706,6.374999472882,0.E+000));
#10753 = VECTOR('',#10754,1.);
#10754 = DIRECTION('',(4.371138828674E-008,-1.,0.E+000));
#10755 = ORIENTED_EDGE('',*,*,#10756,.T.);
#10756 = EDGE_CURVE('',#10749,#10731,#10757,.T.);
#10757 = LINE('',#10758,#10759);
#10758 = CARTESIAN_POINT('',(6.285997603048,5.840999472882,0.E+000));
#10759 = VECTOR('',#10760,1.);
#10760 = DIRECTION('',(-1.,-4.371138828674E-008,0.E+000));
#10761 = PLANE('',#10762);
#10762 = AXIS2_PLACEMENT_3D('',#10763,#10764,#10765);
#10763 = CARTESIAN_POINT('',(5.777997603048,5.840999450677,0.E+000));
#10764 = DIRECTION('',(-0.E+000,0.E+000,-1.));
#10765 = DIRECTION('',(-1.,-4.371138828674E-008,0.E+000));
#10766 = SHELL_BASED_SURFACE_MODEL('',(#10767));
#10767 = OPEN_SHELL('',(#10768));
#10768 = ADVANCED_FACE('',(#10769),#10803,.T.);
#10769 = FACE_BOUND('',#10770,.T.);
#10770 = EDGE_LOOP('',(#10771,#10781,#10789,#10797));
#10771 = ORIENTED_EDGE('',*,*,#10772,.T.);
#10772 = EDGE_CURVE('',#10773,#10775,#10777,.T.);
#10773 = VERTEX_POINT('',#10774);
#10774 = CARTESIAN_POINT('',(6.285997603048,5.840999472882,5.1E-002));
#10775 = VERTEX_POINT('',#10776);
#10776 = CARTESIAN_POINT('',(6.285997579706,6.374999472882,5.1E-002));
#10777 = LINE('',#10778,#10779);
#10778 = CARTESIAN_POINT('',(6.285997603048,5.840999472882,5.1E-002));
#10779 = VECTOR('',#10780,1.);
#10780 = DIRECTION('',(-4.371138828674E-008,1.,0.E+000));
#10781 = ORIENTED_EDGE('',*,*,#10782,.T.);
#10782 = EDGE_CURVE('',#10775,#10783,#10785,.T.);
#10783 = VERTEX_POINT('',#10784);
#10784 = CARTESIAN_POINT('',(5.777997579706,6.374999450677,5.1E-002));
#10785 = LINE('',#10786,#10787);
#10786 = CARTESIAN_POINT('',(6.285997579706,6.374999472882,5.1E-002));
#10787 = VECTOR('',#10788,1.);
#10788 = DIRECTION('',(-1.,-4.371138828674E-008,0.E+000));
#10789 = ORIENTED_EDGE('',*,*,#10790,.T.);
#10790 = EDGE_CURVE('',#10783,#10791,#10793,.T.);
#10791 = VERTEX_POINT('',#10792);
#10792 = CARTESIAN_POINT('',(5.777997603048,5.840999450677,5.1E-002));
#10793 = LINE('',#10794,#10795);
#10794 = CARTESIAN_POINT('',(5.777997579706,6.374999450677,5.1E-002));
#10795 = VECTOR('',#10796,1.);
#10796 = DIRECTION('',(4.371138828674E-008,-1.,0.E+000));
#10797 = ORIENTED_EDGE('',*,*,#10798,.T.);
#10798 = EDGE_CURVE('',#10791,#10773,#10799,.T.);
#10799 = LINE('',#10800,#10801);
#10800 = CARTESIAN_POINT('',(5.777997603048,5.840999450677,5.1E-002));
#10801 = VECTOR('',#10802,1.);
#10802 = DIRECTION('',(1.,4.371138828674E-008,0.E+000));
#10803 = PLANE('',#10804);
#10804 = AXIS2_PLACEMENT_3D('',#10805,#10806,#10807);
#10805 = CARTESIAN_POINT('',(6.285997603048,5.840999472882,5.1E-002));
#10806 = DIRECTION('',(0.E+000,0.E+000,1.));
#10807 = DIRECTION('',(-1.,-4.371138828674E-008,0.E+000));
#10808 = SHELL_BASED_SURFACE_MODEL('',(#10809));
#10809 = OPEN_SHELL('',(#10810));
#10810 = ADVANCED_FACE('',(#10811),#10845,.T.);
#10811 = FACE_BOUND('',#10812,.T.);
#10812 = EDGE_LOOP('',(#10813,#10823,#10831,#10839));
#10813 = ORIENTED_EDGE('',*,*,#10814,.F.);
#10814 = EDGE_CURVE('',#10815,#10817,#10819,.T.);
#10815 = VERTEX_POINT('',#10816);
#10816 = CARTESIAN_POINT('',(6.285997546923,7.124999472882,0.E+000));
#10817 = VERTEX_POINT('',#10818);
#10818 = CARTESIAN_POINT('',(6.285997570265,6.590999472882,0.E+000));
#10819 = LINE('',#10820,#10821);
#10820 = CARTESIAN_POINT('',(6.285997546923,7.124999472882,0.E+000));
#10821 = VECTOR('',#10822,1.);
#10822 = DIRECTION('',(4.371138828674E-008,-1.,0.E+000));
#10823 = ORIENTED_EDGE('',*,*,#10824,.F.);
#10824 = EDGE_CURVE('',#10825,#10815,#10827,.T.);
#10825 = VERTEX_POINT('',#10826);
#10826 = CARTESIAN_POINT('',(6.285997546923,7.124999472882,5.1E-002));
#10827 = LINE('',#10828,#10829);
#10828 = CARTESIAN_POINT('',(6.285997546923,7.124999472882,5.1E-002));
#10829 = VECTOR('',#10830,1.);
#10830 = DIRECTION('',(-0.E+000,0.E+000,-1.));
#10831 = ORIENTED_EDGE('',*,*,#10832,.F.);
#10832 = EDGE_CURVE('',#10833,#10825,#10835,.T.);
#10833 = VERTEX_POINT('',#10834);
#10834 = CARTESIAN_POINT('',(6.285997570265,6.590999472882,5.1E-002));
#10835 = LINE('',#10836,#10837);
#10836 = CARTESIAN_POINT('',(6.285997570265,6.590999472882,5.1E-002));
#10837 = VECTOR('',#10838,1.);
#10838 = DIRECTION('',(-4.371138828674E-008,1.,0.E+000));
#10839 = ORIENTED_EDGE('',*,*,#10840,.F.);
#10840 = EDGE_CURVE('',#10817,#10833,#10841,.T.);
#10841 = LINE('',#10842,#10843);
#10842 = CARTESIAN_POINT('',(6.285997570265,6.590999472882,0.E+000));
#10843 = VECTOR('',#10844,1.);
#10844 = DIRECTION('',(0.E+000,0.E+000,1.));
#10845 = PLANE('',#10846);
#10846 = AXIS2_PLACEMENT_3D('',#10847,#10848,#10849);
#10847 = CARTESIAN_POINT('',(6.285997570265,6.590999472882,0.E+000));
#10848 = DIRECTION('',(1.,4.371138828674E-008,0.E+000));
#10849 = DIRECTION('',(0.E+000,0.E+000,1.));
#10850 = SHELL_BASED_SURFACE_MODEL('',(#10851));
#10851 = OPEN_SHELL('',(#10852));
#10852 = ADVANCED_FACE('',(#10853),#10887,.T.);
#10853 = FACE_BOUND('',#10854,.T.);
#10854 = EDGE_LOOP('',(#10855,#10865,#10873,#10881));
#10855 = ORIENTED_EDGE('',*,*,#10856,.F.);
#10856 = EDGE_CURVE('',#10857,#10859,#10861,.T.);
#10857 = VERTEX_POINT('',#10858);
#10858 = CARTESIAN_POINT('',(5.777997546923,7.124999450677,0.E+000));
#10859 = VERTEX_POINT('',#10860);
#10860 = CARTESIAN_POINT('',(6.285997546923,7.124999472882,0.E+000));
#10861 = LINE('',#10862,#10863);
#10862 = CARTESIAN_POINT('',(5.777997546923,7.124999450677,0.E+000));
#10863 = VECTOR('',#10864,1.);
#10864 = DIRECTION('',(1.,4.371138828674E-008,0.E+000));
#10865 = ORIENTED_EDGE('',*,*,#10866,.F.);
#10866 = EDGE_CURVE('',#10867,#10857,#10869,.T.);
#10867 = VERTEX_POINT('',#10868);
#10868 = CARTESIAN_POINT('',(5.777997546923,7.124999450677,5.1E-002));
#10869 = LINE('',#10870,#10871);
#10870 = CARTESIAN_POINT('',(5.777997546923,7.124999450677,5.1E-002));
#10871 = VECTOR('',#10872,1.);
#10872 = DIRECTION('',(-0.E+000,0.E+000,-1.));
#10873 = ORIENTED_EDGE('',*,*,#10874,.F.);
#10874 = EDGE_CURVE('',#10875,#10867,#10877,.T.);
#10875 = VERTEX_POINT('',#10876);
#10876 = CARTESIAN_POINT('',(6.285997546923,7.124999472882,5.1E-002));
#10877 = LINE('',#10878,#10879);
#10878 = CARTESIAN_POINT('',(6.285997546923,7.124999472882,5.1E-002));
#10879 = VECTOR('',#10880,1.);
#10880 = DIRECTION('',(-1.,-4.371138828674E-008,0.E+000));
#10881 = ORIENTED_EDGE('',*,*,#10882,.T.);
#10882 = EDGE_CURVE('',#10875,#10859,#10883,.T.);
#10883 = LINE('',#10884,#10885);
#10884 = CARTESIAN_POINT('',(6.285997546923,7.124999472882,5.1E-002));
#10885 = VECTOR('',#10886,1.);
#10886 = DIRECTION('',(-0.E+000,0.E+000,-1.));
#10887 = PLANE('',#10888);
#10888 = AXIS2_PLACEMENT_3D('',#10889,#10890,#10891);
#10889 = CARTESIAN_POINT('',(6.285997546923,7.124999472882,0.E+000));
#10890 = DIRECTION('',(-4.371138828674E-008,1.,0.E+000));
#10891 = DIRECTION('',(0.E+000,0.E+000,1.));
#10892 = SHELL_BASED_SURFACE_MODEL('',(#10893));
#10893 = OPEN_SHELL('',(#10894));
#10894 = ADVANCED_FACE('',(#10895),#10929,.T.);
#10895 = FACE_BOUND('',#10896,.T.);
#10896 = EDGE_LOOP('',(#10897,#10907,#10915,#10923));
#10897 = ORIENTED_EDGE('',*,*,#10898,.F.);
#10898 = EDGE_CURVE('',#10899,#10901,#10903,.T.);
#10899 = VERTEX_POINT('',#10900);
#10900 = CARTESIAN_POINT('',(5.777997570265,6.590999450677,0.E+000));
#10901 = VERTEX_POINT('',#10902);
#10902 = CARTESIAN_POINT('',(5.777997546923,7.124999450677,0.E+000));
#10903 = LINE('',#10904,#10905);
#10904 = CARTESIAN_POINT('',(5.777997570265,6.590999450677,0.E+000));
#10905 = VECTOR('',#10906,1.);
#10906 = DIRECTION('',(-4.371138828674E-008,1.,0.E+000));
#10907 = ORIENTED_EDGE('',*,*,#10908,.F.);
#10908 = EDGE_CURVE('',#10909,#10899,#10911,.T.);
#10909 = VERTEX_POINT('',#10910);
#10910 = CARTESIAN_POINT('',(5.777997570265,6.590999450677,5.1E-002));
#10911 = LINE('',#10912,#10913);
#10912 = CARTESIAN_POINT('',(5.777997570265,6.590999450677,5.1E-002));
#10913 = VECTOR('',#10914,1.);
#10914 = DIRECTION('',(-0.E+000,0.E+000,-1.));
#10915 = ORIENTED_EDGE('',*,*,#10916,.F.);
#10916 = EDGE_CURVE('',#10917,#10909,#10919,.T.);
#10917 = VERTEX_POINT('',#10918);
#10918 = CARTESIAN_POINT('',(5.777997546923,7.124999450677,5.1E-002));
#10919 = LINE('',#10920,#10921);
#10920 = CARTESIAN_POINT('',(5.777997546923,7.124999450677,5.1E-002));
#10921 = VECTOR('',#10922,1.);
#10922 = DIRECTION('',(4.371138828674E-008,-1.,0.E+000));
#10923 = ORIENTED_EDGE('',*,*,#10924,.T.);
#10924 = EDGE_CURVE('',#10917,#10901,#10925,.T.);
#10925 = LINE('',#10926,#10927);
#10926 = CARTESIAN_POINT('',(5.777997546923,7.124999450677,5.1E-002));
#10927 = VECTOR('',#10928,1.);
#10928 = DIRECTION('',(-0.E+000,0.E+000,-1.));
#10929 = PLANE('',#10930);
#10930 = AXIS2_PLACEMENT_3D('',#10931,#10932,#10933);
#10931 = CARTESIAN_POINT('',(5.777997546923,7.124999450677,0.E+000));
#10932 = DIRECTION('',(-1.,-4.371138828674E-008,0.E+000));
#10933 = DIRECTION('',(0.E+000,0.E+000,1.));
#10934 = SHELL_BASED_SURFACE_MODEL('',(#10935));
#10935 = OPEN_SHELL('',(#10936));
#10936 = ADVANCED_FACE('',(#10937),#10971,.T.);
#10937 = FACE_BOUND('',#10938,.T.);
#10938 = EDGE_LOOP('',(#10939,#10949,#10957,#10965));
#10939 = ORIENTED_EDGE('',*,*,#10940,.F.);
#10940 = EDGE_CURVE('',#10941,#10943,#10945,.T.);
#10941 = VERTEX_POINT('',#10942);
#10942 = CARTESIAN_POINT('',(6.285997570265,6.590999472882,0.E+000));
#10943 = VERTEX_POINT('',#10944);
#10944 = CARTESIAN_POINT('',(5.777997570265,6.590999450677,0.E+000));
#10945 = LINE('',#10946,#10947);
#10946 = CARTESIAN_POINT('',(6.285997570265,6.590999472882,0.E+000));
#10947 = VECTOR('',#10948,1.);
#10948 = DIRECTION('',(-1.,-4.371138828674E-008,0.E+000));
#10949 = ORIENTED_EDGE('',*,*,#10950,.T.);
#10950 = EDGE_CURVE('',#10941,#10951,#10953,.T.);
#10951 = VERTEX_POINT('',#10952);
#10952 = CARTESIAN_POINT('',(6.285997570265,6.590999472882,5.1E-002));
#10953 = LINE('',#10954,#10955);
#10954 = CARTESIAN_POINT('',(6.285997570265,6.590999472882,0.E+000));
#10955 = VECTOR('',#10956,1.);
#10956 = DIRECTION('',(0.E+000,0.E+000,1.));
#10957 = ORIENTED_EDGE('',*,*,#10958,.F.);
#10958 = EDGE_CURVE('',#10959,#10951,#10961,.T.);
#10959 = VERTEX_POINT('',#10960);
#10960 = CARTESIAN_POINT('',(5.777997570265,6.590999450677,5.1E-002));
#10961 = LINE('',#10962,#10963);
#10962 = CARTESIAN_POINT('',(5.777997570265,6.590999450677,5.1E-002));
#10963 = VECTOR('',#10964,1.);
#10964 = DIRECTION('',(1.,4.371138828674E-008,0.E+000));
#10965 = ORIENTED_EDGE('',*,*,#10966,.T.);
#10966 = EDGE_CURVE('',#10959,#10943,#10967,.T.);
#10967 = LINE('',#10968,#10969);
#10968 = CARTESIAN_POINT('',(5.777997570265,6.590999450677,5.1E-002));
#10969 = VECTOR('',#10970,1.);
#10970 = DIRECTION('',(-0.E+000,0.E+000,-1.));
#10971 = PLANE('',#10972);
#10972 = AXIS2_PLACEMENT_3D('',#10973,#10974,#10975);
#10973 = CARTESIAN_POINT('',(5.777997570265,6.590999450677,0.E+000));
#10974 = DIRECTION('',(4.371138828674E-008,-1.,0.E+000));
#10975 = DIRECTION('',(0.E+000,0.E+000,1.));
#10976 = SHELL_BASED_SURFACE_MODEL('',(#10977));
#10977 = OPEN_SHELL('',(#10978));
#10978 = ADVANCED_FACE('',(#10979),#11013,.T.);
#10979 = FACE_BOUND('',#10980,.T.);
#10980 = EDGE_LOOP('',(#10981,#10991,#10999,#11007));
#10981 = ORIENTED_EDGE('',*,*,#10982,.T.);
#10982 = EDGE_CURVE('',#10983,#10985,#10987,.T.);
#10983 = VERTEX_POINT('',#10984);
#10984 = CARTESIAN_POINT('',(5.777997570265,6.590999450677,0.E+000));
#10985 = VERTEX_POINT('',#10986);
#10986 = CARTESIAN_POINT('',(5.777997546923,7.124999450677,0.E+000));
#10987 = LINE('',#10988,#10989);
#10988 = CARTESIAN_POINT('',(5.777997570265,6.590999450677,0.E+000));
#10989 = VECTOR('',#10990,1.);
#10990 = DIRECTION('',(-4.371138828674E-008,1.,0.E+000));
#10991 = ORIENTED_EDGE('',*,*,#10992,.T.);
#10992 = EDGE_CURVE('',#10985,#10993,#10995,.T.);
#10993 = VERTEX_POINT('',#10994);
#10994 = CARTESIAN_POINT('',(6.285997546923,7.124999472882,0.E+000));
#10995 = LINE('',#10996,#10997);
#10996 = CARTESIAN_POINT('',(5.777997546923,7.124999450677,0.E+000));
#10997 = VECTOR('',#10998,1.);
#10998 = DIRECTION('',(1.,4.371138828674E-008,0.E+000));
#10999 = ORIENTED_EDGE('',*,*,#11000,.T.);
#11000 = EDGE_CURVE('',#10993,#11001,#11003,.T.);
#11001 = VERTEX_POINT('',#11002);
#11002 = CARTESIAN_POINT('',(6.285997570265,6.590999472882,0.E+000));
#11003 = LINE('',#11004,#11005);
#11004 = CARTESIAN_POINT('',(6.285997546923,7.124999472882,0.E+000));
#11005 = VECTOR('',#11006,1.);
#11006 = DIRECTION('',(4.371138828674E-008,-1.,0.E+000));
#11007 = ORIENTED_EDGE('',*,*,#11008,.T.);
#11008 = EDGE_CURVE('',#11001,#10983,#11009,.T.);
#11009 = LINE('',#11010,#11011);
#11010 = CARTESIAN_POINT('',(6.285997570265,6.590999472882,0.E+000));
#11011 = VECTOR('',#11012,1.);
#11012 = DIRECTION('',(-1.,-4.371138828674E-008,0.E+000));
#11013 = PLANE('',#11014);
#11014 = AXIS2_PLACEMENT_3D('',#11015,#11016,#11017);
#11015 = CARTESIAN_POINT('',(5.777997570265,6.590999450677,0.E+000));
#11016 = DIRECTION('',(-0.E+000,0.E+000,-1.));
#11017 = DIRECTION('',(-1.,-4.371138828674E-008,0.E+000));
#11018 = SHELL_BASED_SURFACE_MODEL('',(#11019));
#11019 = OPEN_SHELL('',(#11020));
#11020 = ADVANCED_FACE('',(#11021),#11055,.T.);
#11021 = FACE_BOUND('',#11022,.T.);
#11022 = EDGE_LOOP('',(#11023,#11033,#11041,#11049));
#11023 = ORIENTED_EDGE('',*,*,#11024,.T.);
#11024 = EDGE_CURVE('',#11025,#11027,#11029,.T.);
#11025 = VERTEX_POINT('',#11026);
#11026 = CARTESIAN_POINT('',(6.285997570265,6.590999472882,5.1E-002));
#11027 = VERTEX_POINT('',#11028);
#11028 = CARTESIAN_POINT('',(6.285997546923,7.124999472882,5.1E-002));
#11029 = LINE('',#11030,#11031);
#11030 = CARTESIAN_POINT('',(6.285997570265,6.590999472882,5.1E-002));
#11031 = VECTOR('',#11032,1.);
#11032 = DIRECTION('',(-4.371138828674E-008,1.,0.E+000));
#11033 = ORIENTED_EDGE('',*,*,#11034,.T.);
#11034 = EDGE_CURVE('',#11027,#11035,#11037,.T.);
#11035 = VERTEX_POINT('',#11036);
#11036 = CARTESIAN_POINT('',(5.777997546923,7.124999450677,5.1E-002));
#11037 = LINE('',#11038,#11039);
#11038 = CARTESIAN_POINT('',(6.285997546923,7.124999472882,5.1E-002));
#11039 = VECTOR('',#11040,1.);
#11040 = DIRECTION('',(-1.,-4.371138828674E-008,0.E+000));
#11041 = ORIENTED_EDGE('',*,*,#11042,.T.);
#11042 = EDGE_CURVE('',#11035,#11043,#11045,.T.);
#11043 = VERTEX_POINT('',#11044);
#11044 = CARTESIAN_POINT('',(5.777997570265,6.590999450677,5.1E-002));
#11045 = LINE('',#11046,#11047);
#11046 = CARTESIAN_POINT('',(5.777997546923,7.124999450677,5.1E-002));
#11047 = VECTOR('',#11048,1.);
#11048 = DIRECTION('',(4.371138828674E-008,-1.,0.E+000));
#11049 = ORIENTED_EDGE('',*,*,#11050,.T.);
#11050 = EDGE_CURVE('',#11043,#11025,#11051,.T.);
#11051 = LINE('',#11052,#11053);
#11052 = CARTESIAN_POINT('',(5.777997570265,6.590999450677,5.1E-002));
#11053 = VECTOR('',#11054,1.);
#11054 = DIRECTION('',(1.,4.371138828674E-008,0.E+000));
#11055 = PLANE('',#11056);
#11056 = AXIS2_PLACEMENT_3D('',#11057,#11058,#11059);
#11057 = CARTESIAN_POINT('',(6.285997570265,6.590999472882,5.1E-002));
#11058 = DIRECTION('',(0.E+000,0.E+000,1.));
#11059 = DIRECTION('',(-1.,-4.371138828674E-008,0.E+000));
#11060 = SHELL_BASED_SURFACE_MODEL('',(#11061));
#11061 = OPEN_SHELL('',(#11062));
#11062 = ADVANCED_FACE('',(#11063),#11097,.T.);
#11063 = FACE_BOUND('',#11064,.T.);
#11064 = EDGE_LOOP('',(#11065,#11075,#11083,#11091));
#11065 = ORIENTED_EDGE('',*,*,#11066,.F.);
#11066 = EDGE_CURVE('',#11067,#11069,#11071,.T.);
#11067 = VERTEX_POINT('',#11068);
#11068 = CARTESIAN_POINT('',(6.285997514139,7.874999472882,0.E+000));
#11069 = VERTEX_POINT('',#11070);
#11070 = CARTESIAN_POINT('',(6.285997537481,7.340999472882,0.E+000));
#11071 = LINE('',#11072,#11073);
#11072 = CARTESIAN_POINT('',(6.285997514139,7.874999472882,0.E+000));
#11073 = VECTOR('',#11074,1.);
#11074 = DIRECTION('',(4.371138828674E-008,-1.,0.E+000));
#11075 = ORIENTED_EDGE('',*,*,#11076,.F.);
#11076 = EDGE_CURVE('',#11077,#11067,#11079,.T.);
#11077 = VERTEX_POINT('',#11078);
#11078 = CARTESIAN_POINT('',(6.285997514139,7.874999472882,5.1E-002));
#11079 = LINE('',#11080,#11081);
#11080 = CARTESIAN_POINT('',(6.285997514139,7.874999472882,5.1E-002));
#11081 = VECTOR('',#11082,1.);
#11082 = DIRECTION('',(-0.E+000,0.E+000,-1.));
#11083 = ORIENTED_EDGE('',*,*,#11084,.F.);
#11084 = EDGE_CURVE('',#11085,#11077,#11087,.T.);
#11085 = VERTEX_POINT('',#11086);
#11086 = CARTESIAN_POINT('',(6.285997537481,7.340999472882,5.1E-002));
#11087 = LINE('',#11088,#11089);
#11088 = CARTESIAN_POINT('',(6.285997537481,7.340999472882,5.1E-002));
#11089 = VECTOR('',#11090,1.);
#11090 = DIRECTION('',(-4.371138828674E-008,1.,0.E+000));
#11091 = ORIENTED_EDGE('',*,*,#11092,.F.);
#11092 = EDGE_CURVE('',#11069,#11085,#11093,.T.);
#11093 = LINE('',#11094,#11095);
#11094 = CARTESIAN_POINT('',(6.285997537481,7.340999472882,0.E+000));
#11095 = VECTOR('',#11096,1.);
#11096 = DIRECTION('',(0.E+000,0.E+000,1.));
#11097 = PLANE('',#11098);
#11098 = AXIS2_PLACEMENT_3D('',#11099,#11100,#11101);
#11099 = CARTESIAN_POINT('',(6.285997537481,7.340999472882,0.E+000));
#11100 = DIRECTION('',(1.,4.371138828674E-008,0.E+000));
#11101 = DIRECTION('',(0.E+000,0.E+000,1.));
#11102 = SHELL_BASED_SURFACE_MODEL('',(#11103));
#11103 = OPEN_SHELL('',(#11104));
#11104 = ADVANCED_FACE('',(#11105),#11139,.T.);
#11105 = FACE_BOUND('',#11106,.T.);
#11106 = EDGE_LOOP('',(#11107,#11117,#11125,#11133));
#11107 = ORIENTED_EDGE('',*,*,#11108,.F.);
#11108 = EDGE_CURVE('',#11109,#11111,#11113,.T.);
#11109 = VERTEX_POINT('',#11110);
#11110 = CARTESIAN_POINT('',(5.777997514139,7.874999450677,0.E+000));
#11111 = VERTEX_POINT('',#11112);
#11112 = CARTESIAN_POINT('',(6.285997514139,7.874999472882,0.E+000));
#11113 = LINE('',#11114,#11115);
#11114 = CARTESIAN_POINT('',(5.777997514139,7.874999450677,0.E+000));
#11115 = VECTOR('',#11116,1.);
#11116 = DIRECTION('',(1.,4.371138828674E-008,0.E+000));
#11117 = ORIENTED_EDGE('',*,*,#11118,.F.);
#11118 = EDGE_CURVE('',#11119,#11109,#11121,.T.);
#11119 = VERTEX_POINT('',#11120);
#11120 = CARTESIAN_POINT('',(5.777997514139,7.874999450677,5.1E-002));
#11121 = LINE('',#11122,#11123);
#11122 = CARTESIAN_POINT('',(5.777997514139,7.874999450677,5.1E-002));
#11123 = VECTOR('',#11124,1.);
#11124 = DIRECTION('',(-0.E+000,0.E+000,-1.));
#11125 = ORIENTED_EDGE('',*,*,#11126,.F.);
#11126 = EDGE_CURVE('',#11127,#11119,#11129,.T.);
#11127 = VERTEX_POINT('',#11128);
#11128 = CARTESIAN_POINT('',(6.285997514139,7.874999472882,5.1E-002));
#11129 = LINE('',#11130,#11131);
#11130 = CARTESIAN_POINT('',(6.285997514139,7.874999472882,5.1E-002));
#11131 = VECTOR('',#11132,1.);
#11132 = DIRECTION('',(-1.,-4.371138828674E-008,0.E+000));
#11133 = ORIENTED_EDGE('',*,*,#11134,.T.);
#11134 = EDGE_CURVE('',#11127,#11111,#11135,.T.);
#11135 = LINE('',#11136,#11137);
#11136 = CARTESIAN_POINT('',(6.285997514139,7.874999472882,5.1E-002));
#11137 = VECTOR('',#11138,1.);
#11138 = DIRECTION('',(-0.E+000,0.E+000,-1.));
#11139 = PLANE('',#11140);
#11140 = AXIS2_PLACEMENT_3D('',#11141,#11142,#11143);
#11141 = CARTESIAN_POINT('',(6.285997514139,7.874999472882,0.E+000));
#11142 = DIRECTION('',(-4.371138828674E-008,1.,0.E+000));
#11143 = DIRECTION('',(0.E+000,0.E+000,1.));
#11144 = SHELL_BASED_SURFACE_MODEL('',(#11145));
#11145 = OPEN_SHELL('',(#11146));
#11146 = ADVANCED_FACE('',(#11147),#11181,.T.);
#11147 = FACE_BOUND('',#11148,.T.);
#11148 = EDGE_LOOP('',(#11149,#11159,#11167,#11175));
#11149 = ORIENTED_EDGE('',*,*,#11150,.F.);
#11150 = EDGE_CURVE('',#11151,#11153,#11155,.T.);
#11151 = VERTEX_POINT('',#11152);
#11152 = CARTESIAN_POINT('',(5.777997537481,7.340999450677,0.E+000));
#11153 = VERTEX_POINT('',#11154);
#11154 = CARTESIAN_POINT('',(5.777997514139,7.874999450677,0.E+000));
#11155 = LINE('',#11156,#11157);
#11156 = CARTESIAN_POINT('',(5.777997537481,7.340999450677,0.E+000));
#11157 = VECTOR('',#11158,1.);
#11158 = DIRECTION('',(-4.371138828674E-008,1.,0.E+000));
#11159 = ORIENTED_EDGE('',*,*,#11160,.F.);
#11160 = EDGE_CURVE('',#11161,#11151,#11163,.T.);
#11161 = VERTEX_POINT('',#11162);
#11162 = CARTESIAN_POINT('',(5.777997537481,7.340999450677,5.1E-002));
#11163 = LINE('',#11164,#11165);
#11164 = CARTESIAN_POINT('',(5.777997537481,7.340999450677,5.1E-002));
#11165 = VECTOR('',#11166,1.);
#11166 = DIRECTION('',(-0.E+000,0.E+000,-1.));
#11167 = ORIENTED_EDGE('',*,*,#11168,.F.);
#11168 = EDGE_CURVE('',#11169,#11161,#11171,.T.);
#11169 = VERTEX_POINT('',#11170);
#11170 = CARTESIAN_POINT('',(5.777997514139,7.874999450677,5.1E-002));
#11171 = LINE('',#11172,#11173);
#11172 = CARTESIAN_POINT('',(5.777997514139,7.874999450677,5.1E-002));
#11173 = VECTOR('',#11174,1.);
#11174 = DIRECTION('',(4.371138828674E-008,-1.,0.E+000));
#11175 = ORIENTED_EDGE('',*,*,#11176,.T.);
#11176 = EDGE_CURVE('',#11169,#11153,#11177,.T.);
#11177 = LINE('',#11178,#11179);
#11178 = CARTESIAN_POINT('',(5.777997514139,7.874999450677,5.1E-002));
#11179 = VECTOR('',#11180,1.);
#11180 = DIRECTION('',(-0.E+000,0.E+000,-1.));
#11181 = PLANE('',#11182);
#11182 = AXIS2_PLACEMENT_3D('',#11183,#11184,#11185);
#11183 = CARTESIAN_POINT('',(5.777997514139,7.874999450677,0.E+000));
#11184 = DIRECTION('',(-1.,-4.371138828674E-008,0.E+000));
#11185 = DIRECTION('',(0.E+000,0.E+000,1.));
#11186 = SHELL_BASED_SURFACE_MODEL('',(#11187));
#11187 = OPEN_SHELL('',(#11188));
#11188 = ADVANCED_FACE('',(#11189),#11223,.T.);
#11189 = FACE_BOUND('',#11190,.T.);
#11190 = EDGE_LOOP('',(#11191,#11201,#11209,#11217));
#11191 = ORIENTED_EDGE('',*,*,#11192,.F.);
#11192 = EDGE_CURVE('',#11193,#11195,#11197,.T.);
#11193 = VERTEX_POINT('',#11194);
#11194 = CARTESIAN_POINT('',(6.285997537481,7.340999472882,0.E+000));
#11195 = VERTEX_POINT('',#11196);
#11196 = CARTESIAN_POINT('',(5.777997537481,7.340999450677,0.E+000));
#11197 = LINE('',#11198,#11199);
#11198 = CARTESIAN_POINT('',(6.285997537481,7.340999472882,0.E+000));
#11199 = VECTOR('',#11200,1.);
#11200 = DIRECTION('',(-1.,-4.371138828674E-008,0.E+000));
#11201 = ORIENTED_EDGE('',*,*,#11202,.T.);
#11202 = EDGE_CURVE('',#11193,#11203,#11205,.T.);
#11203 = VERTEX_POINT('',#11204);
#11204 = CARTESIAN_POINT('',(6.285997537481,7.340999472882,5.1E-002));
#11205 = LINE('',#11206,#11207);
#11206 = CARTESIAN_POINT('',(6.285997537481,7.340999472882,0.E+000));
#11207 = VECTOR('',#11208,1.);
#11208 = DIRECTION('',(0.E+000,0.E+000,1.));
#11209 = ORIENTED_EDGE('',*,*,#11210,.F.);
#11210 = EDGE_CURVE('',#11211,#11203,#11213,.T.);
#11211 = VERTEX_POINT('',#11212);
#11212 = CARTESIAN_POINT('',(5.777997537481,7.340999450677,5.1E-002));
#11213 = LINE('',#11214,#11215);
#11214 = CARTESIAN_POINT('',(5.777997537481,7.340999450677,5.1E-002));
#11215 = VECTOR('',#11216,1.);
#11216 = DIRECTION('',(1.,4.371138828674E-008,0.E+000));
#11217 = ORIENTED_EDGE('',*,*,#11218,.T.);
#11218 = EDGE_CURVE('',#11211,#11195,#11219,.T.);
#11219 = LINE('',#11220,#11221);
#11220 = CARTESIAN_POINT('',(5.777997537481,7.340999450677,5.1E-002));
#11221 = VECTOR('',#11222,1.);
#11222 = DIRECTION('',(-0.E+000,0.E+000,-1.));
#11223 = PLANE('',#11224);
#11224 = AXIS2_PLACEMENT_3D('',#11225,#11226,#11227);
#11225 = CARTESIAN_POINT('',(5.777997537481,7.340999450677,0.E+000));
#11226 = DIRECTION('',(4.371138828674E-008,-1.,0.E+000));
#11227 = DIRECTION('',(0.E+000,0.E+000,1.));
#11228 = SHELL_BASED_SURFACE_MODEL('',(#11229));
#11229 = OPEN_SHELL('',(#11230));
#11230 = ADVANCED_FACE('',(#11231),#11265,.T.);
#11231 = FACE_BOUND('',#11232,.T.);
#11232 = EDGE_LOOP('',(#11233,#11243,#11251,#11259));
#11233 = ORIENTED_EDGE('',*,*,#11234,.T.);
#11234 = EDGE_CURVE('',#11235,#11237,#11239,.T.);
#11235 = VERTEX_POINT('',#11236);
#11236 = CARTESIAN_POINT('',(5.777997537481,7.340999450677,0.E+000));
#11237 = VERTEX_POINT('',#11238);
#11238 = CARTESIAN_POINT('',(5.777997514139,7.874999450677,0.E+000));
#11239 = LINE('',#11240,#11241);
#11240 = CARTESIAN_POINT('',(5.777997537481,7.340999450677,0.E+000));
#11241 = VECTOR('',#11242,1.);
#11242 = DIRECTION('',(-4.371138828674E-008,1.,0.E+000));
#11243 = ORIENTED_EDGE('',*,*,#11244,.T.);
#11244 = EDGE_CURVE('',#11237,#11245,#11247,.T.);
#11245 = VERTEX_POINT('',#11246);
#11246 = CARTESIAN_POINT('',(6.285997514139,7.874999472882,0.E+000));
#11247 = LINE('',#11248,#11249);
#11248 = CARTESIAN_POINT('',(5.777997514139,7.874999450677,0.E+000));
#11249 = VECTOR('',#11250,1.);
#11250 = DIRECTION('',(1.,4.371138828674E-008,0.E+000));
#11251 = ORIENTED_EDGE('',*,*,#11252,.T.);
#11252 = EDGE_CURVE('',#11245,#11253,#11255,.T.);
#11253 = VERTEX_POINT('',#11254);
#11254 = CARTESIAN_POINT('',(6.285997537481,7.340999472882,0.E+000));
#11255 = LINE('',#11256,#11257);
#11256 = CARTESIAN_POINT('',(6.285997514139,7.874999472882,0.E+000));
#11257 = VECTOR('',#11258,1.);
#11258 = DIRECTION('',(4.371138828674E-008,-1.,0.E+000));
#11259 = ORIENTED_EDGE('',*,*,#11260,.T.);
#11260 = EDGE_CURVE('',#11253,#11235,#11261,.T.);
#11261 = LINE('',#11262,#11263);
#11262 = CARTESIAN_POINT('',(6.285997537481,7.340999472882,0.E+000));
#11263 = VECTOR('',#11264,1.);
#11264 = DIRECTION('',(-1.,-4.371138828674E-008,0.E+000));
#11265 = PLANE('',#11266);
#11266 = AXIS2_PLACEMENT_3D('',#11267,#11268,#11269);
#11267 = CARTESIAN_POINT('',(5.777997537481,7.340999450677,0.E+000));
#11268 = DIRECTION('',(-0.E+000,0.E+000,-1.));
#11269 = DIRECTION('',(-1.,-4.371138828674E-008,0.E+000));
#11270 = SHELL_BASED_SURFACE_MODEL('',(#11271));
#11271 = OPEN_SHELL('',(#11272));
#11272 = ADVANCED_FACE('',(#11273),#11307,.T.);
#11273 = FACE_BOUND('',#11274,.T.);
#11274 = EDGE_LOOP('',(#11275,#11285,#11293,#11301));
#11275 = ORIENTED_EDGE('',*,*,#11276,.T.);
#11276 = EDGE_CURVE('',#11277,#11279,#11281,.T.);
#11277 = VERTEX_POINT('',#11278);
#11278 = CARTESIAN_POINT('',(6.285997537481,7.340999472882,5.1E-002));
#11279 = VERTEX_POINT('',#11280);
#11280 = CARTESIAN_POINT('',(6.285997514139,7.874999472882,5.1E-002));
#11281 = LINE('',#11282,#11283);
#11282 = CARTESIAN_POINT('',(6.285997537481,7.340999472882,5.1E-002));
#11283 = VECTOR('',#11284,1.);
#11284 = DIRECTION('',(-4.371138828674E-008,1.,0.E+000));
#11285 = ORIENTED_EDGE('',*,*,#11286,.T.);
#11286 = EDGE_CURVE('',#11279,#11287,#11289,.T.);
#11287 = VERTEX_POINT('',#11288);
#11288 = CARTESIAN_POINT('',(5.777997514139,7.874999450677,5.1E-002));
#11289 = LINE('',#11290,#11291);
#11290 = CARTESIAN_POINT('',(6.285997514139,7.874999472882,5.1E-002));
#11291 = VECTOR('',#11292,1.);
#11292 = DIRECTION('',(-1.,-4.371138828674E-008,0.E+000));
#11293 = ORIENTED_EDGE('',*,*,#11294,.T.);
#11294 = EDGE_CURVE('',#11287,#11295,#11297,.T.);
#11295 = VERTEX_POINT('',#11296);
#11296 = CARTESIAN_POINT('',(5.777997537481,7.340999450677,5.1E-002));
#11297 = LINE('',#11298,#11299);
#11298 = CARTESIAN_POINT('',(5.777997514139,7.874999450677,5.1E-002));
#11299 = VECTOR('',#11300,1.);
#11300 = DIRECTION('',(4.371138828674E-008,-1.,0.E+000));
#11301 = ORIENTED_EDGE('',*,*,#11302,.T.);
#11302 = EDGE_CURVE('',#11295,#11277,#11303,.T.);
#11303 = LINE('',#11304,#11305);
#11304 = CARTESIAN_POINT('',(5.777997537481,7.340999450677,5.1E-002));
#11305 = VECTOR('',#11306,1.);
#11306 = DIRECTION('',(1.,4.371138828674E-008,0.E+000));
#11307 = PLANE('',#11308);
#11308 = AXIS2_PLACEMENT_3D('',#11309,#11310,#11311);
#11309 = CARTESIAN_POINT('',(6.285997537481,7.340999472882,5.1E-002));
#11310 = DIRECTION('',(0.E+000,0.E+000,1.));
#11311 = DIRECTION('',(-1.,-4.371138828674E-008,0.E+000));
#11312 = SHELL_BASED_SURFACE_MODEL('',(#11313));
#11313 = OPEN_SHELL('',(#11314));
#11314 = ADVANCED_FACE('',(#11315),#11349,.T.);
#11315 = FACE_BOUND('',#11316,.T.);
#11316 = EDGE_LOOP('',(#11317,#11327,#11335,#11343));
#11317 = ORIENTED_EDGE('',*,*,#11318,.F.);
#11318 = EDGE_CURVE('',#11319,#11321,#11323,.T.);
#11319 = VERTEX_POINT('',#11320);
#11320 = CARTESIAN_POINT('',(6.285997481356,8.624999472882,0.E+000));
#11321 = VERTEX_POINT('',#11322);
#11322 = CARTESIAN_POINT('',(6.285997504698,8.090999472882,0.E+000));
#11323 = LINE('',#11324,#11325);
#11324 = CARTESIAN_POINT('',(6.285997481356,8.624999472882,0.E+000));
#11325 = VECTOR('',#11326,1.);
#11326 = DIRECTION('',(4.371138828674E-008,-1.,0.E+000));
#11327 = ORIENTED_EDGE('',*,*,#11328,.F.);
#11328 = EDGE_CURVE('',#11329,#11319,#11331,.T.);
#11329 = VERTEX_POINT('',#11330);
#11330 = CARTESIAN_POINT('',(6.285997481356,8.624999472882,5.1E-002));
#11331 = LINE('',#11332,#11333);
#11332 = CARTESIAN_POINT('',(6.285997481356,8.624999472882,5.1E-002));
#11333 = VECTOR('',#11334,1.);
#11334 = DIRECTION('',(-0.E+000,0.E+000,-1.));
#11335 = ORIENTED_EDGE('',*,*,#11336,.F.);
#11336 = EDGE_CURVE('',#11337,#11329,#11339,.T.);
#11337 = VERTEX_POINT('',#11338);
#11338 = CARTESIAN_POINT('',(6.285997504698,8.090999472882,5.1E-002));
#11339 = LINE('',#11340,#11341);
#11340 = CARTESIAN_POINT('',(6.285997504698,8.090999472882,5.1E-002));
#11341 = VECTOR('',#11342,1.);
#11342 = DIRECTION('',(-4.371138828674E-008,1.,0.E+000));
#11343 = ORIENTED_EDGE('',*,*,#11344,.F.);
#11344 = EDGE_CURVE('',#11321,#11337,#11345,.T.);
#11345 = LINE('',#11346,#11347);
#11346 = CARTESIAN_POINT('',(6.285997504698,8.090999472882,0.E+000));
#11347 = VECTOR('',#11348,1.);
#11348 = DIRECTION('',(0.E+000,0.E+000,1.));
#11349 = PLANE('',#11350);
#11350 = AXIS2_PLACEMENT_3D('',#11351,#11352,#11353);
#11351 = CARTESIAN_POINT('',(6.285997504698,8.090999472882,0.E+000));
#11352 = DIRECTION('',(1.,4.371138828674E-008,0.E+000));
#11353 = DIRECTION('',(0.E+000,0.E+000,1.));
#11354 = SHELL_BASED_SURFACE_MODEL('',(#11355));
#11355 = OPEN_SHELL('',(#11356));
#11356 = ADVANCED_FACE('',(#11357),#11391,.T.);
#11357 = FACE_BOUND('',#11358,.T.);
#11358 = EDGE_LOOP('',(#11359,#11369,#11377,#11385));
#11359 = ORIENTED_EDGE('',*,*,#11360,.F.);
#11360 = EDGE_CURVE('',#11361,#11363,#11365,.T.);
#11361 = VERTEX_POINT('',#11362);
#11362 = CARTESIAN_POINT('',(5.777997481356,8.624999450677,0.E+000));
#11363 = VERTEX_POINT('',#11364);
#11364 = CARTESIAN_POINT('',(6.285997481356,8.624999472882,0.E+000));
#11365 = LINE('',#11366,#11367);
#11366 = CARTESIAN_POINT('',(5.777997481356,8.624999450677,0.E+000));
#11367 = VECTOR('',#11368,1.);
#11368 = DIRECTION('',(1.,4.371138828674E-008,0.E+000));
#11369 = ORIENTED_EDGE('',*,*,#11370,.F.);
#11370 = EDGE_CURVE('',#11371,#11361,#11373,.T.);
#11371 = VERTEX_POINT('',#11372);
#11372 = CARTESIAN_POINT('',(5.777997481356,8.624999450677,5.1E-002));
#11373 = LINE('',#11374,#11375);
#11374 = CARTESIAN_POINT('',(5.777997481356,8.624999450677,5.1E-002));
#11375 = VECTOR('',#11376,1.);
#11376 = DIRECTION('',(-0.E+000,0.E+000,-1.));
#11377 = ORIENTED_EDGE('',*,*,#11378,.F.);
#11378 = EDGE_CURVE('',#11379,#11371,#11381,.T.);
#11379 = VERTEX_POINT('',#11380);
#11380 = CARTESIAN_POINT('',(6.285997481356,8.624999472882,5.1E-002));
#11381 = LINE('',#11382,#11383);
#11382 = CARTESIAN_POINT('',(6.285997481356,8.624999472882,5.1E-002));
#11383 = VECTOR('',#11384,1.);
#11384 = DIRECTION('',(-1.,-4.371138828674E-008,0.E+000));
#11385 = ORIENTED_EDGE('',*,*,#11386,.T.);
#11386 = EDGE_CURVE('',#11379,#11363,#11387,.T.);
#11387 = LINE('',#11388,#11389);
#11388 = CARTESIAN_POINT('',(6.285997481356,8.624999472882,5.1E-002));
#11389 = VECTOR('',#11390,1.);
#11390 = DIRECTION('',(-0.E+000,0.E+000,-1.));
#11391 = PLANE('',#11392);
#11392 = AXIS2_PLACEMENT_3D('',#11393,#11394,#11395);
#11393 = CARTESIAN_POINT('',(6.285997481356,8.624999472882,0.E+000));
#11394 = DIRECTION('',(-4.371138828674E-008,1.,0.E+000));
#11395 = DIRECTION('',(0.E+000,0.E+000,1.));
#11396 = SHELL_BASED_SURFACE_MODEL('',(#11397));
#11397 = OPEN_SHELL('',(#11398));
#11398 = ADVANCED_FACE('',(#11399),#11433,.T.);
#11399 = FACE_BOUND('',#11400,.T.);
#11400 = EDGE_LOOP('',(#11401,#11411,#11419,#11427));
#11401 = ORIENTED_EDGE('',*,*,#11402,.F.);
#11402 = EDGE_CURVE('',#11403,#11405,#11407,.T.);
#11403 = VERTEX_POINT('',#11404);
#11404 = CARTESIAN_POINT('',(5.777997504698,8.090999450677,0.E+000));
#11405 = VERTEX_POINT('',#11406);
#11406 = CARTESIAN_POINT('',(5.777997481356,8.624999450677,0.E+000));
#11407 = LINE('',#11408,#11409);
#11408 = CARTESIAN_POINT('',(5.777997504698,8.090999450677,0.E+000));
#11409 = VECTOR('',#11410,1.);
#11410 = DIRECTION('',(-4.371138828674E-008,1.,0.E+000));
#11411 = ORIENTED_EDGE('',*,*,#11412,.F.);
#11412 = EDGE_CURVE('',#11413,#11403,#11415,.T.);
#11413 = VERTEX_POINT('',#11414);
#11414 = CARTESIAN_POINT('',(5.777997504698,8.090999450677,5.1E-002));
#11415 = LINE('',#11416,#11417);
#11416 = CARTESIAN_POINT('',(5.777997504698,8.090999450677,5.1E-002));
#11417 = VECTOR('',#11418,1.);
#11418 = DIRECTION('',(-0.E+000,0.E+000,-1.));
#11419 = ORIENTED_EDGE('',*,*,#11420,.F.);
#11420 = EDGE_CURVE('',#11421,#11413,#11423,.T.);
#11421 = VERTEX_POINT('',#11422);
#11422 = CARTESIAN_POINT('',(5.777997481356,8.624999450677,5.1E-002));
#11423 = LINE('',#11424,#11425);
#11424 = CARTESIAN_POINT('',(5.777997481356,8.624999450677,5.1E-002));
#11425 = VECTOR('',#11426,1.);
#11426 = DIRECTION('',(4.371138828674E-008,-1.,0.E+000));
#11427 = ORIENTED_EDGE('',*,*,#11428,.T.);
#11428 = EDGE_CURVE('',#11421,#11405,#11429,.T.);
#11429 = LINE('',#11430,#11431);
#11430 = CARTESIAN_POINT('',(5.777997481356,8.624999450677,5.1E-002));
#11431 = VECTOR('',#11432,1.);
#11432 = DIRECTION('',(-0.E+000,0.E+000,-1.));
#11433 = PLANE('',#11434);
#11434 = AXIS2_PLACEMENT_3D('',#11435,#11436,#11437);
#11435 = CARTESIAN_POINT('',(5.777997481356,8.624999450677,0.E+000));
#11436 = DIRECTION('',(-1.,-4.371138828674E-008,0.E+000));
#11437 = DIRECTION('',(0.E+000,0.E+000,1.));
#11438 = SHELL_BASED_SURFACE_MODEL('',(#11439));
#11439 = OPEN_SHELL('',(#11440));
#11440 = ADVANCED_FACE('',(#11441),#11475,.T.);
#11441 = FACE_BOUND('',#11442,.T.);
#11442 = EDGE_LOOP('',(#11443,#11453,#11461,#11469));
#11443 = ORIENTED_EDGE('',*,*,#11444,.F.);
#11444 = EDGE_CURVE('',#11445,#11447,#11449,.T.);
#11445 = VERTEX_POINT('',#11446);
#11446 = CARTESIAN_POINT('',(6.285997504698,8.090999472882,0.E+000));
#11447 = VERTEX_POINT('',#11448);
#11448 = CARTESIAN_POINT('',(5.777997504698,8.090999450677,0.E+000));
#11449 = LINE('',#11450,#11451);
#11450 = CARTESIAN_POINT('',(6.285997504698,8.090999472882,0.E+000));
#11451 = VECTOR('',#11452,1.);
#11452 = DIRECTION('',(-1.,-4.371138828674E-008,0.E+000));
#11453 = ORIENTED_EDGE('',*,*,#11454,.T.);
#11454 = EDGE_CURVE('',#11445,#11455,#11457,.T.);
#11455 = VERTEX_POINT('',#11456);
#11456 = CARTESIAN_POINT('',(6.285997504698,8.090999472882,5.1E-002));
#11457 = LINE('',#11458,#11459);
#11458 = CARTESIAN_POINT('',(6.285997504698,8.090999472882,0.E+000));
#11459 = VECTOR('',#11460,1.);
#11460 = DIRECTION('',(0.E+000,0.E+000,1.));
#11461 = ORIENTED_EDGE('',*,*,#11462,.F.);
#11462 = EDGE_CURVE('',#11463,#11455,#11465,.T.);
#11463 = VERTEX_POINT('',#11464);
#11464 = CARTESIAN_POINT('',(5.777997504698,8.090999450677,5.1E-002));
#11465 = LINE('',#11466,#11467);
#11466 = CARTESIAN_POINT('',(5.777997504698,8.090999450677,5.1E-002));
#11467 = VECTOR('',#11468,1.);
#11468 = DIRECTION('',(1.,4.371138828674E-008,0.E+000));
#11469 = ORIENTED_EDGE('',*,*,#11470,.T.);
#11470 = EDGE_CURVE('',#11463,#11447,#11471,.T.);
#11471 = LINE('',#11472,#11473);
#11472 = CARTESIAN_POINT('',(5.777997504698,8.090999450677,5.1E-002));
#11473 = VECTOR('',#11474,1.);
#11474 = DIRECTION('',(-0.E+000,0.E+000,-1.));
#11475 = PLANE('',#11476);
#11476 = AXIS2_PLACEMENT_3D('',#11477,#11478,#11479);
#11477 = CARTESIAN_POINT('',(5.777997504698,8.090999450677,0.E+000));
#11478 = DIRECTION('',(4.371138828674E-008,-1.,0.E+000));
#11479 = DIRECTION('',(0.E+000,0.E+000,1.));
#11480 = SHELL_BASED_SURFACE_MODEL('',(#11481));
#11481 = OPEN_SHELL('',(#11482));
#11482 = ADVANCED_FACE('',(#11483),#11517,.T.);
#11483 = FACE_BOUND('',#11484,.T.);
#11484 = EDGE_LOOP('',(#11485,#11495,#11503,#11511));
#11485 = ORIENTED_EDGE('',*,*,#11486,.T.);
#11486 = EDGE_CURVE('',#11487,#11489,#11491,.T.);
#11487 = VERTEX_POINT('',#11488);
#11488 = CARTESIAN_POINT('',(5.777997504698,8.090999450677,0.E+000));
#11489 = VERTEX_POINT('',#11490);
#11490 = CARTESIAN_POINT('',(5.777997481356,8.624999450677,0.E+000));
#11491 = LINE('',#11492,#11493);
#11492 = CARTESIAN_POINT('',(5.777997504698,8.090999450677,0.E+000));
#11493 = VECTOR('',#11494,1.);
#11494 = DIRECTION('',(-4.371138828674E-008,1.,0.E+000));
#11495 = ORIENTED_EDGE('',*,*,#11496,.T.);
#11496 = EDGE_CURVE('',#11489,#11497,#11499,.T.);
#11497 = VERTEX_POINT('',#11498);
#11498 = CARTESIAN_POINT('',(6.285997481356,8.624999472882,0.E+000));
#11499 = LINE('',#11500,#11501);
#11500 = CARTESIAN_POINT('',(5.777997481356,8.624999450677,0.E+000));
#11501 = VECTOR('',#11502,1.);
#11502 = DIRECTION('',(1.,4.371138828674E-008,0.E+000));
#11503 = ORIENTED_EDGE('',*,*,#11504,.T.);
#11504 = EDGE_CURVE('',#11497,#11505,#11507,.T.);
#11505 = VERTEX_POINT('',#11506);
#11506 = CARTESIAN_POINT('',(6.285997504698,8.090999472882,0.E+000));
#11507 = LINE('',#11508,#11509);
#11508 = CARTESIAN_POINT('',(6.285997481356,8.624999472882,0.E+000));
#11509 = VECTOR('',#11510,1.);
#11510 = DIRECTION('',(4.371138828674E-008,-1.,0.E+000));
#11511 = ORIENTED_EDGE('',*,*,#11512,.T.);
#11512 = EDGE_CURVE('',#11505,#11487,#11513,.T.);
#11513 = LINE('',#11514,#11515);
#11514 = CARTESIAN_POINT('',(6.285997504698,8.090999472882,0.E+000));
#11515 = VECTOR('',#11516,1.);
#11516 = DIRECTION('',(-1.,-4.371138828674E-008,0.E+000));
#11517 = PLANE('',#11518);
#11518 = AXIS2_PLACEMENT_3D('',#11519,#11520,#11521);
#11519 = CARTESIAN_POINT('',(5.777997504698,8.090999450677,0.E+000));
#11520 = DIRECTION('',(-0.E+000,0.E+000,-1.));
#11521 = DIRECTION('',(-1.,-4.371138828674E-008,0.E+000));
#11522 = SHELL_BASED_SURFACE_MODEL('',(#11523));
#11523 = OPEN_SHELL('',(#11524));
#11524 = ADVANCED_FACE('',(#11525),#11559,.T.);
#11525 = FACE_BOUND('',#11526,.T.);
#11526 = EDGE_LOOP('',(#11527,#11537,#11545,#11553));
#11527 = ORIENTED_EDGE('',*,*,#11528,.T.);
#11528 = EDGE_CURVE('',#11529,#11531,#11533,.T.);
#11529 = VERTEX_POINT('',#11530);
#11530 = CARTESIAN_POINT('',(6.285997504698,8.090999472882,5.1E-002));
#11531 = VERTEX_POINT('',#11532);
#11532 = CARTESIAN_POINT('',(6.285997481356,8.624999472882,5.1E-002));
#11533 = LINE('',#11534,#11535);
#11534 = CARTESIAN_POINT('',(6.285997504698,8.090999472882,5.1E-002));
#11535 = VECTOR('',#11536,1.);
#11536 = DIRECTION('',(-4.371138828674E-008,1.,0.E+000));
#11537 = ORIENTED_EDGE('',*,*,#11538,.T.);
#11538 = EDGE_CURVE('',#11531,#11539,#11541,.T.);
#11539 = VERTEX_POINT('',#11540);
#11540 = CARTESIAN_POINT('',(5.777997481356,8.624999450677,5.1E-002));
#11541 = LINE('',#11542,#11543);
#11542 = CARTESIAN_POINT('',(6.285997481356,8.624999472882,5.1E-002));
#11543 = VECTOR('',#11544,1.);
#11544 = DIRECTION('',(-1.,-4.371138828674E-008,0.E+000));
#11545 = ORIENTED_EDGE('',*,*,#11546,.T.);
#11546 = EDGE_CURVE('',#11539,#11547,#11549,.T.);
#11547 = VERTEX_POINT('',#11548);
#11548 = CARTESIAN_POINT('',(5.777997504698,8.090999450677,5.1E-002));
#11549 = LINE('',#11550,#11551);
#11550 = CARTESIAN_POINT('',(5.777997481356,8.624999450677,5.1E-002));
#11551 = VECTOR('',#11552,1.);
#11552 = DIRECTION('',(4.371138828674E-008,-1.,0.E+000));
#11553 = ORIENTED_EDGE('',*,*,#11554,.T.);
#11554 = EDGE_CURVE('',#11547,#11529,#11555,.T.);
#11555 = LINE('',#11556,#11557);
#11556 = CARTESIAN_POINT('',(5.777997504698,8.090999450677,5.1E-002));
#11557 = VECTOR('',#11558,1.);
#11558 = DIRECTION('',(1.,4.371138828674E-008,0.E+000));
#11559 = PLANE('',#11560);
#11560 = AXIS2_PLACEMENT_3D('',#11561,#11562,#11563);
#11561 = CARTESIAN_POINT('',(6.285997504698,8.090999472882,5.1E-002));
#11562 = DIRECTION('',(0.E+000,0.E+000,1.));
#11563 = DIRECTION('',(-1.,-4.371138828674E-008,0.E+000));
#11564 = SHELL_BASED_SURFACE_MODEL('',(#11565));
#11565 = OPEN_SHELL('',(#11566));
#11566 = ADVANCED_FACE('',(#11567),#11601,.T.);
#11567 = FACE_BOUND('',#11568,.T.);
#11568 = EDGE_LOOP('',(#11569,#11579,#11587,#11595));
#11569 = ORIENTED_EDGE('',*,*,#11570,.F.);
#11570 = EDGE_CURVE('',#11571,#11573,#11575,.T.);
#11571 = VERTEX_POINT('',#11572);
#11572 = CARTESIAN_POINT('',(6.285997448572,9.374999472882,0.E+000));
#11573 = VERTEX_POINT('',#11574);
#11574 = CARTESIAN_POINT('',(6.285997471914,8.840999472882,0.E+000));
#11575 = LINE('',#11576,#11577);
#11576 = CARTESIAN_POINT('',(6.285997448572,9.374999472882,0.E+000));
#11577 = VECTOR('',#11578,1.);
#11578 = DIRECTION('',(4.371138828674E-008,-1.,0.E+000));
#11579 = ORIENTED_EDGE('',*,*,#11580,.F.);
#11580 = EDGE_CURVE('',#11581,#11571,#11583,.T.);
#11581 = VERTEX_POINT('',#11582);
#11582 = CARTESIAN_POINT('',(6.285997448572,9.374999472882,5.1E-002));
#11583 = LINE('',#11584,#11585);
#11584 = CARTESIAN_POINT('',(6.285997448572,9.374999472882,5.1E-002));
#11585 = VECTOR('',#11586,1.);
#11586 = DIRECTION('',(-0.E+000,0.E+000,-1.));
#11587 = ORIENTED_EDGE('',*,*,#11588,.F.);
#11588 = EDGE_CURVE('',#11589,#11581,#11591,.T.);
#11589 = VERTEX_POINT('',#11590);
#11590 = CARTESIAN_POINT('',(6.285997471914,8.840999472882,5.1E-002));
#11591 = LINE('',#11592,#11593);
#11592 = CARTESIAN_POINT('',(6.285997471914,8.840999472882,5.1E-002));
#11593 = VECTOR('',#11594,1.);
#11594 = DIRECTION('',(-4.371138828674E-008,1.,0.E+000));
#11595 = ORIENTED_EDGE('',*,*,#11596,.F.);
#11596 = EDGE_CURVE('',#11573,#11589,#11597,.T.);
#11597 = LINE('',#11598,#11599);
#11598 = CARTESIAN_POINT('',(6.285997471914,8.840999472882,0.E+000));
#11599 = VECTOR('',#11600,1.);
#11600 = DIRECTION('',(0.E+000,0.E+000,1.));
#11601 = PLANE('',#11602);
#11602 = AXIS2_PLACEMENT_3D('',#11603,#11604,#11605);
#11603 = CARTESIAN_POINT('',(6.285997471914,8.840999472882,0.E+000));
#11604 = DIRECTION('',(1.,4.371138828674E-008,0.E+000));
#11605 = DIRECTION('',(0.E+000,0.E+000,1.));
#11606 = SHELL_BASED_SURFACE_MODEL('',(#11607));
#11607 = OPEN_SHELL('',(#11608));
#11608 = ADVANCED_FACE('',(#11609),#11643,.T.);
#11609 = FACE_BOUND('',#11610,.T.);
#11610 = EDGE_LOOP('',(#11611,#11621,#11629,#11637));
#11611 = ORIENTED_EDGE('',*,*,#11612,.F.);
#11612 = EDGE_CURVE('',#11613,#11615,#11617,.T.);
#11613 = VERTEX_POINT('',#11614);
#11614 = CARTESIAN_POINT('',(5.777997448572,9.374999450677,0.E+000));
#11615 = VERTEX_POINT('',#11616);
#11616 = CARTESIAN_POINT('',(6.285997448572,9.374999472882,0.E+000));
#11617 = LINE('',#11618,#11619);
#11618 = CARTESIAN_POINT('',(5.777997448572,9.374999450677,0.E+000));
#11619 = VECTOR('',#11620,1.);
#11620 = DIRECTION('',(1.,4.371138828674E-008,0.E+000));
#11621 = ORIENTED_EDGE('',*,*,#11622,.F.);
#11622 = EDGE_CURVE('',#11623,#11613,#11625,.T.);
#11623 = VERTEX_POINT('',#11624);
#11624 = CARTESIAN_POINT('',(5.777997448572,9.374999450677,5.1E-002));
#11625 = LINE('',#11626,#11627);
#11626 = CARTESIAN_POINT('',(5.777997448572,9.374999450677,5.1E-002));
#11627 = VECTOR('',#11628,1.);
#11628 = DIRECTION('',(-0.E+000,0.E+000,-1.));
#11629 = ORIENTED_EDGE('',*,*,#11630,.F.);
#11630 = EDGE_CURVE('',#11631,#11623,#11633,.T.);
#11631 = VERTEX_POINT('',#11632);
#11632 = CARTESIAN_POINT('',(6.285997448572,9.374999472882,5.1E-002));
#11633 = LINE('',#11634,#11635);
#11634 = CARTESIAN_POINT('',(6.285997448572,9.374999472882,5.1E-002));
#11635 = VECTOR('',#11636,1.);
#11636 = DIRECTION('',(-1.,-4.371138828674E-008,0.E+000));
#11637 = ORIENTED_EDGE('',*,*,#11638,.T.);
#11638 = EDGE_CURVE('',#11631,#11615,#11639,.T.);
#11639 = LINE('',#11640,#11641);
#11640 = CARTESIAN_POINT('',(6.285997448572,9.374999472882,5.1E-002));
#11641 = VECTOR('',#11642,1.);
#11642 = DIRECTION('',(-0.E+000,0.E+000,-1.));
#11643 = PLANE('',#11644);
#11644 = AXIS2_PLACEMENT_3D('',#11645,#11646,#11647);
#11645 = CARTESIAN_POINT('',(6.285997448572,9.374999472882,0.E+000));
#11646 = DIRECTION('',(-4.371138828674E-008,1.,0.E+000));
#11647 = DIRECTION('',(0.E+000,0.E+000,1.));
#11648 = SHELL_BASED_SURFACE_MODEL('',(#11649));
#11649 = OPEN_SHELL('',(#11650));
#11650 = ADVANCED_FACE('',(#11651),#11685,.T.);
#11651 = FACE_BOUND('',#11652,.T.);
#11652 = EDGE_LOOP('',(#11653,#11663,#11671,#11679));
#11653 = ORIENTED_EDGE('',*,*,#11654,.F.);
#11654 = EDGE_CURVE('',#11655,#11657,#11659,.T.);
#11655 = VERTEX_POINT('',#11656);
#11656 = CARTESIAN_POINT('',(5.777997471914,8.840999450677,0.E+000));
#11657 = VERTEX_POINT('',#11658);
#11658 = CARTESIAN_POINT('',(5.777997448572,9.374999450677,0.E+000));
#11659 = LINE('',#11660,#11661);
#11660 = CARTESIAN_POINT('',(5.777997471914,8.840999450677,0.E+000));
#11661 = VECTOR('',#11662,1.);
#11662 = DIRECTION('',(-4.371138828674E-008,1.,0.E+000));
#11663 = ORIENTED_EDGE('',*,*,#11664,.F.);
#11664 = EDGE_CURVE('',#11665,#11655,#11667,.T.);
#11665 = VERTEX_POINT('',#11666);
#11666 = CARTESIAN_POINT('',(5.777997471914,8.840999450677,5.1E-002));
#11667 = LINE('',#11668,#11669);
#11668 = CARTESIAN_POINT('',(5.777997471914,8.840999450677,5.1E-002));
#11669 = VECTOR('',#11670,1.);
#11670 = DIRECTION('',(-0.E+000,0.E+000,-1.));
#11671 = ORIENTED_EDGE('',*,*,#11672,.F.);
#11672 = EDGE_CURVE('',#11673,#11665,#11675,.T.);
#11673 = VERTEX_POINT('',#11674);
#11674 = CARTESIAN_POINT('',(5.777997448572,9.374999450677,5.1E-002));
#11675 = LINE('',#11676,#11677);
#11676 = CARTESIAN_POINT('',(5.777997448572,9.374999450677,5.1E-002));
#11677 = VECTOR('',#11678,1.);
#11678 = DIRECTION('',(4.371138828674E-008,-1.,0.E+000));
#11679 = ORIENTED_EDGE('',*,*,#11680,.T.);
#11680 = EDGE_CURVE('',#11673,#11657,#11681,.T.);
#11681 = LINE('',#11682,#11683);
#11682 = CARTESIAN_POINT('',(5.777997448572,9.374999450677,5.1E-002));
#11683 = VECTOR('',#11684,1.);
#11684 = DIRECTION('',(-0.E+000,0.E+000,-1.));
#11685 = PLANE('',#11686);
#11686 = AXIS2_PLACEMENT_3D('',#11687,#11688,#11689);
#11687 = CARTESIAN_POINT('',(5.777997448572,9.374999450677,0.E+000));
#11688 = DIRECTION('',(-1.,-4.371138828674E-008,0.E+000));
#11689 = DIRECTION('',(0.E+000,0.E+000,1.));
#11690 = SHELL_BASED_SURFACE_MODEL('',(#11691));
#11691 = OPEN_SHELL('',(#11692));
#11692 = ADVANCED_FACE('',(#11693),#11727,.T.);
#11693 = FACE_BOUND('',#11694,.T.);
#11694 = EDGE_LOOP('',(#11695,#11705,#11713,#11721));
#11695 = ORIENTED_EDGE('',*,*,#11696,.F.);
#11696 = EDGE_CURVE('',#11697,#11699,#11701,.T.);
#11697 = VERTEX_POINT('',#11698);
#11698 = CARTESIAN_POINT('',(6.285997471914,8.840999472882,0.E+000));
#11699 = VERTEX_POINT('',#11700);
#11700 = CARTESIAN_POINT('',(5.777997471914,8.840999450677,0.E+000));
#11701 = LINE('',#11702,#11703);
#11702 = CARTESIAN_POINT('',(6.285997471914,8.840999472882,0.E+000));
#11703 = VECTOR('',#11704,1.);
#11704 = DIRECTION('',(-1.,-4.371138828674E-008,0.E+000));
#11705 = ORIENTED_EDGE('',*,*,#11706,.T.);
#11706 = EDGE_CURVE('',#11697,#11707,#11709,.T.);
#11707 = VERTEX_POINT('',#11708);
#11708 = CARTESIAN_POINT('',(6.285997471914,8.840999472882,5.1E-002));
#11709 = LINE('',#11710,#11711);
#11710 = CARTESIAN_POINT('',(6.285997471914,8.840999472882,0.E+000));
#11711 = VECTOR('',#11712,1.);
#11712 = DIRECTION('',(0.E+000,0.E+000,1.));
#11713 = ORIENTED_EDGE('',*,*,#11714,.F.);
#11714 = EDGE_CURVE('',#11715,#11707,#11717,.T.);
#11715 = VERTEX_POINT('',#11716);
#11716 = CARTESIAN_POINT('',(5.777997471914,8.840999450677,5.1E-002));
#11717 = LINE('',#11718,#11719);
#11718 = CARTESIAN_POINT('',(5.777997471914,8.840999450677,5.1E-002));
#11719 = VECTOR('',#11720,1.);
#11720 = DIRECTION('',(1.,4.371138828674E-008,0.E+000));
#11721 = ORIENTED_EDGE('',*,*,#11722,.T.);
#11722 = EDGE_CURVE('',#11715,#11699,#11723,.T.);
#11723 = LINE('',#11724,#11725);
#11724 = CARTESIAN_POINT('',(5.777997471914,8.840999450677,5.1E-002));
#11725 = VECTOR('',#11726,1.);
#11726 = DIRECTION('',(-0.E+000,0.E+000,-1.));
#11727 = PLANE('',#11728);
#11728 = AXIS2_PLACEMENT_3D('',#11729,#11730,#11731);
#11729 = CARTESIAN_POINT('',(5.777997471914,8.840999450677,0.E+000));
#11730 = DIRECTION('',(4.371138828674E-008,-1.,0.E+000));
#11731 = DIRECTION('',(0.E+000,0.E+000,1.));
#11732 = SHELL_BASED_SURFACE_MODEL('',(#11733));
#11733 = OPEN_SHELL('',(#11734));
#11734 = ADVANCED_FACE('',(#11735),#11769,.T.);
#11735 = FACE_BOUND('',#11736,.T.);
#11736 = EDGE_LOOP('',(#11737,#11747,#11755,#11763));
#11737 = ORIENTED_EDGE('',*,*,#11738,.T.);
#11738 = EDGE_CURVE('',#11739,#11741,#11743,.T.);
#11739 = VERTEX_POINT('',#11740);
#11740 = CARTESIAN_POINT('',(5.777997471914,8.840999450677,0.E+000));
#11741 = VERTEX_POINT('',#11742);
#11742 = CARTESIAN_POINT('',(5.777997448572,9.374999450677,0.E+000));
#11743 = LINE('',#11744,#11745);
#11744 = CARTESIAN_POINT('',(5.777997471914,8.840999450677,0.E+000));
#11745 = VECTOR('',#11746,1.);
#11746 = DIRECTION('',(-4.371138828674E-008,1.,0.E+000));
#11747 = ORIENTED_EDGE('',*,*,#11748,.T.);
#11748 = EDGE_CURVE('',#11741,#11749,#11751,.T.);
#11749 = VERTEX_POINT('',#11750);
#11750 = CARTESIAN_POINT('',(6.285997448572,9.374999472882,0.E+000));
#11751 = LINE('',#11752,#11753);
#11752 = CARTESIAN_POINT('',(5.777997448572,9.374999450677,0.E+000));
#11753 = VECTOR('',#11754,1.);
#11754 = DIRECTION('',(1.,4.371138828674E-008,0.E+000));
#11755 = ORIENTED_EDGE('',*,*,#11756,.T.);
#11756 = EDGE_CURVE('',#11749,#11757,#11759,.T.);
#11757 = VERTEX_POINT('',#11758);
#11758 = CARTESIAN_POINT('',(6.285997471914,8.840999472882,0.E+000));
#11759 = LINE('',#11760,#11761);
#11760 = CARTESIAN_POINT('',(6.285997448572,9.374999472882,0.E+000));
#11761 = VECTOR('',#11762,1.);
#11762 = DIRECTION('',(4.371138828674E-008,-1.,0.E+000));
#11763 = ORIENTED_EDGE('',*,*,#11764,.T.);
#11764 = EDGE_CURVE('',#11757,#11739,#11765,.T.);
#11765 = LINE('',#11766,#11767);
#11766 = CARTESIAN_POINT('',(6.285997471914,8.840999472882,0.E+000));
#11767 = VECTOR('',#11768,1.);
#11768 = DIRECTION('',(-1.,-4.371138828674E-008,0.E+000));
#11769 = PLANE('',#11770);
#11770 = AXIS2_PLACEMENT_3D('',#11771,#11772,#11773);
#11771 = CARTESIAN_POINT('',(5.777997471914,8.840999450677,0.E+000));
#11772 = DIRECTION('',(-0.E+000,0.E+000,-1.));
#11773 = DIRECTION('',(-1.,-4.371138828674E-008,0.E+000));
#11774 = SHELL_BASED_SURFACE_MODEL('',(#11775));
#11775 = OPEN_SHELL('',(#11776));
#11776 = ADVANCED_FACE('',(#11777),#11811,.T.);
#11777 = FACE_BOUND('',#11778,.T.);
#11778 = EDGE_LOOP('',(#11779,#11789,#11797,#11805));
#11779 = ORIENTED_EDGE('',*,*,#11780,.T.);
#11780 = EDGE_CURVE('',#11781,#11783,#11785,.T.);
#11781 = VERTEX_POINT('',#11782);
#11782 = CARTESIAN_POINT('',(6.285997471914,8.840999472882,5.1E-002));
#11783 = VERTEX_POINT('',#11784);
#11784 = CARTESIAN_POINT('',(6.285997448572,9.374999472882,5.1E-002));
#11785 = LINE('',#11786,#11787);
#11786 = CARTESIAN_POINT('',(6.285997471914,8.840999472882,5.1E-002));
#11787 = VECTOR('',#11788,1.);
#11788 = DIRECTION('',(-4.371138828674E-008,1.,0.E+000));
#11789 = ORIENTED_EDGE('',*,*,#11790,.T.);
#11790 = EDGE_CURVE('',#11783,#11791,#11793,.T.);
#11791 = VERTEX_POINT('',#11792);
#11792 = CARTESIAN_POINT('',(5.777997448572,9.374999450677,5.1E-002));
#11793 = LINE('',#11794,#11795);
#11794 = CARTESIAN_POINT('',(6.285997448572,9.374999472882,5.1E-002));
#11795 = VECTOR('',#11796,1.);
#11796 = DIRECTION('',(-1.,-4.371138828674E-008,0.E+000));
#11797 = ORIENTED_EDGE('',*,*,#11798,.T.);
#11798 = EDGE_CURVE('',#11791,#11799,#11801,.T.);
#11799 = VERTEX_POINT('',#11800);
#11800 = CARTESIAN_POINT('',(5.777997471914,8.840999450677,5.1E-002));
#11801 = LINE('',#11802,#11803);
#11802 = CARTESIAN_POINT('',(5.777997448572,9.374999450677,5.1E-002));
#11803 = VECTOR('',#11804,1.);
#11804 = DIRECTION('',(4.371138828674E-008,-1.,0.E+000));
#11805 = ORIENTED_EDGE('',*,*,#11806,.T.);
#11806 = EDGE_CURVE('',#11799,#11781,#11807,.T.);
#11807 = LINE('',#11808,#11809);
#11808 = CARTESIAN_POINT('',(5.777997471914,8.840999450677,5.1E-002));
#11809 = VECTOR('',#11810,1.);
#11810 = DIRECTION('',(1.,4.371138828674E-008,0.E+000));
#11811 = PLANE('',#11812);
#11812 = AXIS2_PLACEMENT_3D('',#11813,#11814,#11815);
#11813 = CARTESIAN_POINT('',(6.285997471914,8.840999472882,5.1E-002));
#11814 = DIRECTION('',(0.E+000,0.E+000,1.));
#11815 = DIRECTION('',(-1.,-4.371138828674E-008,0.E+000));
#11816 = SHELL_BASED_SURFACE_MODEL('',(#11817));
#11817 = OPEN_SHELL('',(#11818));
#11818 = ADVANCED_FACE('',(#11819),#11853,.T.);
#11819 = FACE_BOUND('',#11820,.T.);
#11820 = EDGE_LOOP('',(#11821,#11831,#11839,#11847));
#11821 = ORIENTED_EDGE('',*,*,#11822,.F.);
#11822 = EDGE_CURVE('',#11823,#11825,#11827,.T.);
#11823 = VERTEX_POINT('',#11824);
#11824 = CARTESIAN_POINT('',(5.346997440354,9.562999431837,0.E+000));
#11825 = VERTEX_POINT('',#11826);
#11826 = CARTESIAN_POINT('',(5.34699746256,9.054999431837,0.E+000));
#11827 = LINE('',#11828,#11829);
#11828 = CARTESIAN_POINT('',(5.346997440354,9.562999431837,0.E+000));
#11829 = VECTOR('',#11830,1.);
#11830 = DIRECTION('',(4.371138828674E-008,-1.,0.E+000));
#11831 = ORIENTED_EDGE('',*,*,#11832,.F.);
#11832 = EDGE_CURVE('',#11833,#11823,#11835,.T.);
#11833 = VERTEX_POINT('',#11834);
#11834 = CARTESIAN_POINT('',(5.346997440354,9.562999431837,5.1E-002));
#11835 = LINE('',#11836,#11837);
#11836 = CARTESIAN_POINT('',(5.346997440354,9.562999431837,5.1E-002));
#11837 = VECTOR('',#11838,1.);
#11838 = DIRECTION('',(-0.E+000,0.E+000,-1.));
#11839 = ORIENTED_EDGE('',*,*,#11840,.F.);
#11840 = EDGE_CURVE('',#11841,#11833,#11843,.T.);
#11841 = VERTEX_POINT('',#11842);
#11842 = CARTESIAN_POINT('',(5.34699746256,9.054999431837,5.1E-002));
#11843 = LINE('',#11844,#11845);
#11844 = CARTESIAN_POINT('',(5.34699746256,9.054999431837,5.1E-002));
#11845 = VECTOR('',#11846,1.);
#11846 = DIRECTION('',(-4.371138828674E-008,1.,0.E+000));
#11847 = ORIENTED_EDGE('',*,*,#11848,.F.);
#11848 = EDGE_CURVE('',#11825,#11841,#11849,.T.);
#11849 = LINE('',#11850,#11851);
#11850 = CARTESIAN_POINT('',(5.34699746256,9.054999431837,0.E+000));
#11851 = VECTOR('',#11852,1.);
#11852 = DIRECTION('',(0.E+000,0.E+000,1.));
#11853 = PLANE('',#11854);
#11854 = AXIS2_PLACEMENT_3D('',#11855,#11856,#11857);
#11855 = CARTESIAN_POINT('',(5.34699746256,9.054999431837,0.E+000));
#11856 = DIRECTION('',(1.,4.371138828674E-008,0.E+000));
#11857 = DIRECTION('',(0.E+000,0.E+000,1.));
#11858 = SHELL_BASED_SURFACE_MODEL('',(#11859));
#11859 = OPEN_SHELL('',(#11860));
#11860 = ADVANCED_FACE('',(#11861),#11895,.T.);
#11861 = FACE_BOUND('',#11862,.T.);
#11862 = EDGE_LOOP('',(#11863,#11873,#11881,#11889));
#11863 = ORIENTED_EDGE('',*,*,#11864,.F.);
#11864 = EDGE_CURVE('',#11865,#11867,#11869,.T.);
#11865 = VERTEX_POINT('',#11866);
#11866 = CARTESIAN_POINT('',(4.812997440354,9.562999408495,0.E+000));
#11867 = VERTEX_POINT('',#11868);
#11868 = CARTESIAN_POINT('',(5.346997440354,9.562999431837,0.E+000));
#11869 = LINE('',#11870,#11871);
#11870 = CARTESIAN_POINT('',(4.812997440354,9.562999408495,0.E+000));
#11871 = VECTOR('',#11872,1.);
#11872 = DIRECTION('',(1.,4.371138828674E-008,0.E+000));
#11873 = ORIENTED_EDGE('',*,*,#11874,.F.);
#11874 = EDGE_CURVE('',#11875,#11865,#11877,.T.);
#11875 = VERTEX_POINT('',#11876);
#11876 = CARTESIAN_POINT('',(4.812997440354,9.562999408495,5.1E-002));
#11877 = LINE('',#11878,#11879);
#11878 = CARTESIAN_POINT('',(4.812997440354,9.562999408495,5.1E-002));
#11879 = VECTOR('',#11880,1.);
#11880 = DIRECTION('',(-0.E+000,0.E+000,-1.));
#11881 = ORIENTED_EDGE('',*,*,#11882,.F.);
#11882 = EDGE_CURVE('',#11883,#11875,#11885,.T.);
#11883 = VERTEX_POINT('',#11884);
#11884 = CARTESIAN_POINT('',(5.346997440354,9.562999431837,5.1E-002));
#11885 = LINE('',#11886,#11887);
#11886 = CARTESIAN_POINT('',(5.346997440354,9.562999431837,5.1E-002));
#11887 = VECTOR('',#11888,1.);
#11888 = DIRECTION('',(-1.,-4.371138828674E-008,0.E+000));
#11889 = ORIENTED_EDGE('',*,*,#11890,.T.);
#11890 = EDGE_CURVE('',#11883,#11867,#11891,.T.);
#11891 = LINE('',#11892,#11893);
#11892 = CARTESIAN_POINT('',(5.346997440354,9.562999431837,5.1E-002));
#11893 = VECTOR('',#11894,1.);
#11894 = DIRECTION('',(-0.E+000,0.E+000,-1.));
#11895 = PLANE('',#11896);
#11896 = AXIS2_PLACEMENT_3D('',#11897,#11898,#11899);
#11897 = CARTESIAN_POINT('',(5.346997440354,9.562999431837,0.E+000));
#11898 = DIRECTION('',(-4.371138828674E-008,1.,0.E+000));
#11899 = DIRECTION('',(0.E+000,0.E+000,1.));
#11900 = SHELL_BASED_SURFACE_MODEL('',(#11901));
#11901 = OPEN_SHELL('',(#11902));
#11902 = ADVANCED_FACE('',(#11903),#11937,.T.);
#11903 = FACE_BOUND('',#11904,.T.);
#11904 = EDGE_LOOP('',(#11905,#11915,#11923,#11931));
#11905 = ORIENTED_EDGE('',*,*,#11906,.F.);
#11906 = EDGE_CURVE('',#11907,#11909,#11911,.T.);
#11907 = VERTEX_POINT('',#11908);
#11908 = CARTESIAN_POINT('',(4.81299746256,9.054999408495,0.E+000));
#11909 = VERTEX_POINT('',#11910);
#11910 = CARTESIAN_POINT('',(4.812997440354,9.562999408495,0.E+000));
#11911 = LINE('',#11912,#11913);
#11912 = CARTESIAN_POINT('',(4.81299746256,9.054999408495,0.E+000));
#11913 = VECTOR('',#11914,1.);
#11914 = DIRECTION('',(-4.371138828674E-008,1.,0.E+000));
#11915 = ORIENTED_EDGE('',*,*,#11916,.F.);
#11916 = EDGE_CURVE('',#11917,#11907,#11919,.T.);
#11917 = VERTEX_POINT('',#11918);
#11918 = CARTESIAN_POINT('',(4.81299746256,9.054999408495,5.1E-002));
#11919 = LINE('',#11920,#11921);
#11920 = CARTESIAN_POINT('',(4.81299746256,9.054999408495,5.1E-002));
#11921 = VECTOR('',#11922,1.);
#11922 = DIRECTION('',(-0.E+000,0.E+000,-1.));
#11923 = ORIENTED_EDGE('',*,*,#11924,.F.);
#11924 = EDGE_CURVE('',#11925,#11917,#11927,.T.);
#11925 = VERTEX_POINT('',#11926);
#11926 = CARTESIAN_POINT('',(4.812997440354,9.562999408495,5.1E-002));
#11927 = LINE('',#11928,#11929);
#11928 = CARTESIAN_POINT('',(4.812997440354,9.562999408495,5.1E-002));
#11929 = VECTOR('',#11930,1.);
#11930 = DIRECTION('',(4.371138828674E-008,-1.,0.E+000));
#11931 = ORIENTED_EDGE('',*,*,#11932,.T.);
#11932 = EDGE_CURVE('',#11925,#11909,#11933,.T.);
#11933 = LINE('',#11934,#11935);
#11934 = CARTESIAN_POINT('',(4.812997440354,9.562999408495,5.1E-002));
#11935 = VECTOR('',#11936,1.);
#11936 = DIRECTION('',(-0.E+000,0.E+000,-1.));
#11937 = PLANE('',#11938);
#11938 = AXIS2_PLACEMENT_3D('',#11939,#11940,#11941);
#11939 = CARTESIAN_POINT('',(4.812997440354,9.562999408495,0.E+000));
#11940 = DIRECTION('',(-1.,-4.371138828674E-008,0.E+000));
#11941 = DIRECTION('',(0.E+000,0.E+000,1.));
#11942 = SHELL_BASED_SURFACE_MODEL('',(#11943));
#11943 = OPEN_SHELL('',(#11944));
#11944 = ADVANCED_FACE('',(#11945),#11979,.T.);
#11945 = FACE_BOUND('',#11946,.T.);
#11946 = EDGE_LOOP('',(#11947,#11957,#11965,#11973));
#11947 = ORIENTED_EDGE('',*,*,#11948,.F.);
#11948 = EDGE_CURVE('',#11949,#11951,#11953,.T.);
#11949 = VERTEX_POINT('',#11950);
#11950 = CARTESIAN_POINT('',(5.34699746256,9.054999431837,0.E+000));
#11951 = VERTEX_POINT('',#11952);
#11952 = CARTESIAN_POINT('',(4.81299746256,9.054999408495,0.E+000));
#11953 = LINE('',#11954,#11955);
#11954 = CARTESIAN_POINT('',(5.34699746256,9.054999431837,0.E+000));
#11955 = VECTOR('',#11956,1.);
#11956 = DIRECTION('',(-1.,-4.371138828674E-008,0.E+000));
#11957 = ORIENTED_EDGE('',*,*,#11958,.T.);
#11958 = EDGE_CURVE('',#11949,#11959,#11961,.T.);
#11959 = VERTEX_POINT('',#11960);
#11960 = CARTESIAN_POINT('',(5.34699746256,9.054999431837,5.1E-002));
#11961 = LINE('',#11962,#11963);
#11962 = CARTESIAN_POINT('',(5.34699746256,9.054999431837,0.E+000));
#11963 = VECTOR('',#11964,1.);
#11964 = DIRECTION('',(0.E+000,0.E+000,1.));
#11965 = ORIENTED_EDGE('',*,*,#11966,.F.);
#11966 = EDGE_CURVE('',#11967,#11959,#11969,.T.);
#11967 = VERTEX_POINT('',#11968);
#11968 = CARTESIAN_POINT('',(4.81299746256,9.054999408495,5.1E-002));
#11969 = LINE('',#11970,#11971);
#11970 = CARTESIAN_POINT('',(4.81299746256,9.054999408495,5.1E-002));
#11971 = VECTOR('',#11972,1.);
#11972 = DIRECTION('',(1.,4.371138828674E-008,0.E+000));
#11973 = ORIENTED_EDGE('',*,*,#11974,.T.);
#11974 = EDGE_CURVE('',#11967,#11951,#11975,.T.);
#11975 = LINE('',#11976,#11977);
#11976 = CARTESIAN_POINT('',(4.81299746256,9.054999408495,5.1E-002));
#11977 = VECTOR('',#11978,1.);
#11978 = DIRECTION('',(-0.E+000,0.E+000,-1.));
#11979 = PLANE('',#11980);
#11980 = AXIS2_PLACEMENT_3D('',#11981,#11982,#11983);
#11981 = CARTESIAN_POINT('',(4.81299746256,9.054999408495,0.E+000));
#11982 = DIRECTION('',(4.371138828674E-008,-1.,0.E+000));
#11983 = DIRECTION('',(0.E+000,0.E+000,1.));
#11984 = SHELL_BASED_SURFACE_MODEL('',(#11985));
#11985 = OPEN_SHELL('',(#11986));
#11986 = ADVANCED_FACE('',(#11987),#12021,.T.);
#11987 = FACE_BOUND('',#11988,.T.);
#11988 = EDGE_LOOP('',(#11989,#11999,#12007,#12015));
#11989 = ORIENTED_EDGE('',*,*,#11990,.T.);
#11990 = EDGE_CURVE('',#11991,#11993,#11995,.T.);
#11991 = VERTEX_POINT('',#11992);
#11992 = CARTESIAN_POINT('',(4.81299746256,9.054999408495,0.E+000));
#11993 = VERTEX_POINT('',#11994);
#11994 = CARTESIAN_POINT('',(4.812997440354,9.562999408495,0.E+000));
#11995 = LINE('',#11996,#11997);
#11996 = CARTESIAN_POINT('',(4.81299746256,9.054999408495,0.E+000));
#11997 = VECTOR('',#11998,1.);
#11998 = DIRECTION('',(-4.371138828674E-008,1.,0.E+000));
#11999 = ORIENTED_EDGE('',*,*,#12000,.T.);
#12000 = EDGE_CURVE('',#11993,#12001,#12003,.T.);
#12001 = VERTEX_POINT('',#12002);
#12002 = CARTESIAN_POINT('',(5.346997440354,9.562999431837,0.E+000));
#12003 = LINE('',#12004,#12005);
#12004 = CARTESIAN_POINT('',(4.812997440354,9.562999408495,0.E+000));
#12005 = VECTOR('',#12006,1.);
#12006 = DIRECTION('',(1.,4.371138828674E-008,0.E+000));
#12007 = ORIENTED_EDGE('',*,*,#12008,.T.);
#12008 = EDGE_CURVE('',#12001,#12009,#12011,.T.);
#12009 = VERTEX_POINT('',#12010);
#12010 = CARTESIAN_POINT('',(5.34699746256,9.054999431837,0.E+000));
#12011 = LINE('',#12012,#12013);
#12012 = CARTESIAN_POINT('',(5.346997440354,9.562999431837,0.E+000));
#12013 = VECTOR('',#12014,1.);
#12014 = DIRECTION('',(4.371138828674E-008,-1.,0.E+000));
#12015 = ORIENTED_EDGE('',*,*,#12016,.T.);
#12016 = EDGE_CURVE('',#12009,#11991,#12017,.T.);
#12017 = LINE('',#12018,#12019);
#12018 = CARTESIAN_POINT('',(5.34699746256,9.054999431837,0.E+000));
#12019 = VECTOR('',#12020,1.);
#12020 = DIRECTION('',(-1.,-4.371138828674E-008,0.E+000));
#12021 = PLANE('',#12022);
#12022 = AXIS2_PLACEMENT_3D('',#12023,#12024,#12025);
#12023 = CARTESIAN_POINT('',(4.81299746256,9.054999408495,0.E+000));
#12024 = DIRECTION('',(-0.E+000,0.E+000,-1.));
#12025 = DIRECTION('',(-1.,-4.371138828674E-008,0.E+000));
#12026 = SHELL_BASED_SURFACE_MODEL('',(#12027));
#12027 = OPEN_SHELL('',(#12028));
#12028 = ADVANCED_FACE('',(#12029),#12063,.T.);
#12029 = FACE_BOUND('',#12030,.T.);
#12030 = EDGE_LOOP('',(#12031,#12041,#12049,#12057));
#12031 = ORIENTED_EDGE('',*,*,#12032,.T.);
#12032 = EDGE_CURVE('',#12033,#12035,#12037,.T.);
#12033 = VERTEX_POINT('',#12034);
#12034 = CARTESIAN_POINT('',(5.34699746256,9.054999431837,5.1E-002));
#12035 = VERTEX_POINT('',#12036);
#12036 = CARTESIAN_POINT('',(5.346997440354,9.562999431837,5.1E-002));
#12037 = LINE('',#12038,#12039);
#12038 = CARTESIAN_POINT('',(5.34699746256,9.054999431837,5.1E-002));
#12039 = VECTOR('',#12040,1.);
#12040 = DIRECTION('',(-4.371138828674E-008,1.,0.E+000));
#12041 = ORIENTED_EDGE('',*,*,#12042,.T.);
#12042 = EDGE_CURVE('',#12035,#12043,#12045,.T.);
#12043 = VERTEX_POINT('',#12044);
#12044 = CARTESIAN_POINT('',(4.812997440354,9.562999408495,5.1E-002));
#12045 = LINE('',#12046,#12047);
#12046 = CARTESIAN_POINT('',(5.346997440354,9.562999431837,5.1E-002));
#12047 = VECTOR('',#12048,1.);
#12048 = DIRECTION('',(-1.,-4.371138828674E-008,0.E+000));
#12049 = ORIENTED_EDGE('',*,*,#12050,.T.);
#12050 = EDGE_CURVE('',#12043,#12051,#12053,.T.);
#12051 = VERTEX_POINT('',#12052);
#12052 = CARTESIAN_POINT('',(4.81299746256,9.054999408495,5.1E-002));
#12053 = LINE('',#12054,#12055);
#12054 = CARTESIAN_POINT('',(4.812997440354,9.562999408495,5.1E-002));
#12055 = VECTOR('',#12056,1.);
#12056 = DIRECTION('',(4.371138828674E-008,-1.,0.E+000));
#12057 = ORIENTED_EDGE('',*,*,#12058,.T.);
#12058 = EDGE_CURVE('',#12051,#12033,#12059,.T.);
#12059 = LINE('',#12060,#12061);
#12060 = CARTESIAN_POINT('',(4.81299746256,9.054999408495,5.1E-002));
#12061 = VECTOR('',#12062,1.);
#12062 = DIRECTION('',(1.,4.371138828674E-008,0.E+000));
#12063 = PLANE('',#12064);
#12064 = AXIS2_PLACEMENT_3D('',#12065,#12066,#12067);
#12065 = CARTESIAN_POINT('',(5.34699746256,9.054999431837,5.1E-002));
#12066 = DIRECTION('',(0.E+000,0.E+000,1.));
#12067 = DIRECTION('',(-1.,-4.371138828674E-008,0.E+000));
#12068 = SHELL_BASED_SURFACE_MODEL('',(#12069));
#12069 = OPEN_SHELL('',(#12070));
#12070 = ADVANCED_FACE('',(#12071),#12105,.T.);
#12071 = FACE_BOUND('',#12072,.T.);
#12072 = EDGE_LOOP('',(#12073,#12083,#12091,#12099));
#12073 = ORIENTED_EDGE('',*,*,#12074,.F.);
#12074 = EDGE_CURVE('',#12075,#12077,#12079,.T.);
#12075 = VERTEX_POINT('',#12076);
#12076 = CARTESIAN_POINT('',(4.381997448572,9.374999389655,0.E+000));
#12077 = VERTEX_POINT('',#12078);
#12078 = CARTESIAN_POINT('',(4.381997471914,8.840999389655,0.E+000));
#12079 = LINE('',#12080,#12081);
#12080 = CARTESIAN_POINT('',(4.381997448572,9.374999389655,0.E+000));
#12081 = VECTOR('',#12082,1.);
#12082 = DIRECTION('',(4.371138828674E-008,-1.,0.E+000));
#12083 = ORIENTED_EDGE('',*,*,#12084,.F.);
#12084 = EDGE_CURVE('',#12085,#12075,#12087,.T.);
#12085 = VERTEX_POINT('',#12086);
#12086 = CARTESIAN_POINT('',(4.381997448572,9.374999389655,5.1E-002));
#12087 = LINE('',#12088,#12089);
#12088 = CARTESIAN_POINT('',(4.381997448572,9.374999389655,5.1E-002));
#12089 = VECTOR('',#12090,1.);
#12090 = DIRECTION('',(-0.E+000,0.E+000,-1.));
#12091 = ORIENTED_EDGE('',*,*,#12092,.F.);
#12092 = EDGE_CURVE('',#12093,#12085,#12095,.T.);
#12093 = VERTEX_POINT('',#12094);
#12094 = CARTESIAN_POINT('',(4.381997471914,8.840999389655,5.1E-002));
#12095 = LINE('',#12096,#12097);
#12096 = CARTESIAN_POINT('',(4.381997471914,8.840999389655,5.1E-002));
#12097 = VECTOR('',#12098,1.);
#12098 = DIRECTION('',(-4.371138828674E-008,1.,0.E+000));
#12099 = ORIENTED_EDGE('',*,*,#12100,.F.);
#12100 = EDGE_CURVE('',#12077,#12093,#12101,.T.);
#12101 = LINE('',#12102,#12103);
#12102 = CARTESIAN_POINT('',(4.381997471914,8.840999389655,0.E+000));
#12103 = VECTOR('',#12104,1.);
#12104 = DIRECTION('',(0.E+000,0.E+000,1.));
#12105 = PLANE('',#12106);
#12106 = AXIS2_PLACEMENT_3D('',#12107,#12108,#12109);
#12107 = CARTESIAN_POINT('',(4.381997471914,8.840999389655,0.E+000));
#12108 = DIRECTION('',(1.,4.371138828674E-008,0.E+000));
#12109 = DIRECTION('',(0.E+000,0.E+000,1.));
#12110 = SHELL_BASED_SURFACE_MODEL('',(#12111));
#12111 = OPEN_SHELL('',(#12112));
#12112 = ADVANCED_FACE('',(#12113),#12147,.T.);
#12113 = FACE_BOUND('',#12114,.T.);
#12114 = EDGE_LOOP('',(#12115,#12125,#12133,#12141));
#12115 = ORIENTED_EDGE('',*,*,#12116,.F.);
#12116 = EDGE_CURVE('',#12117,#12119,#12121,.T.);
#12117 = VERTEX_POINT('',#12118);
#12118 = CARTESIAN_POINT('',(3.873997448572,9.37499936745,0.E+000));
#12119 = VERTEX_POINT('',#12120);
#12120 = CARTESIAN_POINT('',(4.381997448572,9.374999389655,0.E+000));
#12121 = LINE('',#12122,#12123);
#12122 = CARTESIAN_POINT('',(3.873997448572,9.37499936745,0.E+000));
#12123 = VECTOR('',#12124,1.);
#12124 = DIRECTION('',(1.,4.371138828674E-008,0.E+000));
#12125 = ORIENTED_EDGE('',*,*,#12126,.F.);
#12126 = EDGE_CURVE('',#12127,#12117,#12129,.T.);
#12127 = VERTEX_POINT('',#12128);
#12128 = CARTESIAN_POINT('',(3.873997448572,9.37499936745,5.1E-002));
#12129 = LINE('',#12130,#12131);
#12130 = CARTESIAN_POINT('',(3.873997448572,9.37499936745,5.1E-002));
#12131 = VECTOR('',#12132,1.);
#12132 = DIRECTION('',(-0.E+000,0.E+000,-1.));
#12133 = ORIENTED_EDGE('',*,*,#12134,.F.);
#12134 = EDGE_CURVE('',#12135,#12127,#12137,.T.);
#12135 = VERTEX_POINT('',#12136);
#12136 = CARTESIAN_POINT('',(4.381997448572,9.374999389655,5.1E-002));
#12137 = LINE('',#12138,#12139);
#12138 = CARTESIAN_POINT('',(4.381997448572,9.374999389655,5.1E-002));
#12139 = VECTOR('',#12140,1.);
#12140 = DIRECTION('',(-1.,-4.371138828674E-008,0.E+000));
#12141 = ORIENTED_EDGE('',*,*,#12142,.T.);
#12142 = EDGE_CURVE('',#12135,#12119,#12143,.T.);
#12143 = LINE('',#12144,#12145);
#12144 = CARTESIAN_POINT('',(4.381997448572,9.374999389655,5.1E-002));
#12145 = VECTOR('',#12146,1.);
#12146 = DIRECTION('',(-0.E+000,0.E+000,-1.));
#12147 = PLANE('',#12148);
#12148 = AXIS2_PLACEMENT_3D('',#12149,#12150,#12151);
#12149 = CARTESIAN_POINT('',(4.381997448572,9.374999389655,0.E+000));
#12150 = DIRECTION('',(-4.371138828674E-008,1.,0.E+000));
#12151 = DIRECTION('',(0.E+000,0.E+000,1.));
#12152 = SHELL_BASED_SURFACE_MODEL('',(#12153));
#12153 = OPEN_SHELL('',(#12154));
#12154 = ADVANCED_FACE('',(#12155),#12189,.T.);
#12155 = FACE_BOUND('',#12156,.T.);
#12156 = EDGE_LOOP('',(#12157,#12167,#12175,#12183));
#12157 = ORIENTED_EDGE('',*,*,#12158,.F.);
#12158 = EDGE_CURVE('',#12159,#12161,#12163,.T.);
#12159 = VERTEX_POINT('',#12160);
#12160 = CARTESIAN_POINT('',(3.873997471914,8.84099936745,0.E+000));
#12161 = VERTEX_POINT('',#12162);
#12162 = CARTESIAN_POINT('',(3.873997448572,9.37499936745,0.E+000));
#12163 = LINE('',#12164,#12165);
#12164 = CARTESIAN_POINT('',(3.873997471914,8.84099936745,0.E+000));
#12165 = VECTOR('',#12166,1.);
#12166 = DIRECTION('',(-4.371138828674E-008,1.,0.E+000));
#12167 = ORIENTED_EDGE('',*,*,#12168,.F.);
#12168 = EDGE_CURVE('',#12169,#12159,#12171,.T.);
#12169 = VERTEX_POINT('',#12170);
#12170 = CARTESIAN_POINT('',(3.873997471914,8.84099936745,5.1E-002));
#12171 = LINE('',#12172,#12173);
#12172 = CARTESIAN_POINT('',(3.873997471914,8.84099936745,5.1E-002));
#12173 = VECTOR('',#12174,1.);
#12174 = DIRECTION('',(-0.E+000,0.E+000,-1.));
#12175 = ORIENTED_EDGE('',*,*,#12176,.F.);
#12176 = EDGE_CURVE('',#12177,#12169,#12179,.T.);
#12177 = VERTEX_POINT('',#12178);
#12178 = CARTESIAN_POINT('',(3.873997448572,9.37499936745,5.1E-002));
#12179 = LINE('',#12180,#12181);
#12180 = CARTESIAN_POINT('',(3.873997448572,9.37499936745,5.1E-002));
#12181 = VECTOR('',#12182,1.);
#12182 = DIRECTION('',(4.371138828674E-008,-1.,0.E+000));
#12183 = ORIENTED_EDGE('',*,*,#12184,.T.);
#12184 = EDGE_CURVE('',#12177,#12161,#12185,.T.);
#12185 = LINE('',#12186,#12187);
#12186 = CARTESIAN_POINT('',(3.873997448572,9.37499936745,5.1E-002));
#12187 = VECTOR('',#12188,1.);
#12188 = DIRECTION('',(-0.E+000,0.E+000,-1.));
#12189 = PLANE('',#12190);
#12190 = AXIS2_PLACEMENT_3D('',#12191,#12192,#12193);
#12191 = CARTESIAN_POINT('',(3.873997448572,9.37499936745,0.E+000));
#12192 = DIRECTION('',(-1.,-4.371138828674E-008,0.E+000));
#12193 = DIRECTION('',(0.E+000,0.E+000,1.));
#12194 = SHELL_BASED_SURFACE_MODEL('',(#12195));
#12195 = OPEN_SHELL('',(#12196));
#12196 = ADVANCED_FACE('',(#12197),#12231,.T.);
#12197 = FACE_BOUND('',#12198,.T.);
#12198 = EDGE_LOOP('',(#12199,#12209,#12217,#12225));
#12199 = ORIENTED_EDGE('',*,*,#12200,.F.);
#12200 = EDGE_CURVE('',#12201,#12203,#12205,.T.);
#12201 = VERTEX_POINT('',#12202);
#12202 = CARTESIAN_POINT('',(4.381997471914,8.840999389655,0.E+000));
#12203 = VERTEX_POINT('',#12204);
#12204 = CARTESIAN_POINT('',(3.873997471914,8.84099936745,0.E+000));
#12205 = LINE('',#12206,#12207);
#12206 = CARTESIAN_POINT('',(4.381997471914,8.840999389655,0.E+000));
#12207 = VECTOR('',#12208,1.);
#12208 = DIRECTION('',(-1.,-4.371138828674E-008,0.E+000));
#12209 = ORIENTED_EDGE('',*,*,#12210,.T.);
#12210 = EDGE_CURVE('',#12201,#12211,#12213,.T.);
#12211 = VERTEX_POINT('',#12212);
#12212 = CARTESIAN_POINT('',(4.381997471914,8.840999389655,5.1E-002));
#12213 = LINE('',#12214,#12215);
#12214 = CARTESIAN_POINT('',(4.381997471914,8.840999389655,0.E+000));
#12215 = VECTOR('',#12216,1.);
#12216 = DIRECTION('',(0.E+000,0.E+000,1.));
#12217 = ORIENTED_EDGE('',*,*,#12218,.F.);
#12218 = EDGE_CURVE('',#12219,#12211,#12221,.T.);
#12219 = VERTEX_POINT('',#12220);
#12220 = CARTESIAN_POINT('',(3.873997471914,8.84099936745,5.1E-002));
#12221 = LINE('',#12222,#12223);
#12222 = CARTESIAN_POINT('',(3.873997471914,8.84099936745,5.1E-002));
#12223 = VECTOR('',#12224,1.);
#12224 = DIRECTION('',(1.,4.371138828674E-008,0.E+000));
#12225 = ORIENTED_EDGE('',*,*,#12226,.T.);
#12226 = EDGE_CURVE('',#12219,#12203,#12227,.T.);
#12227 = LINE('',#12228,#12229);
#12228 = CARTESIAN_POINT('',(3.873997471914,8.84099936745,5.1E-002));
#12229 = VECTOR('',#12230,1.);
#12230 = DIRECTION('',(-0.E+000,0.E+000,-1.));
#12231 = PLANE('',#12232);
#12232 = AXIS2_PLACEMENT_3D('',#12233,#12234,#12235);
#12233 = CARTESIAN_POINT('',(3.873997471914,8.84099936745,0.E+000));
#12234 = DIRECTION('',(4.371138828674E-008,-1.,0.E+000));
#12235 = DIRECTION('',(0.E+000,0.E+000,1.));
#12236 = SHELL_BASED_SURFACE_MODEL('',(#12237));
#12237 = OPEN_SHELL('',(#12238));
#12238 = ADVANCED_FACE('',(#12239),#12273,.T.);
#12239 = FACE_BOUND('',#12240,.T.);
#12240 = EDGE_LOOP('',(#12241,#12251,#12259,#12267));
#12241 = ORIENTED_EDGE('',*,*,#12242,.T.);
#12242 = EDGE_CURVE('',#12243,#12245,#12247,.T.);
#12243 = VERTEX_POINT('',#12244);
#12244 = CARTESIAN_POINT('',(3.873997471914,8.84099936745,0.E+000));
#12245 = VERTEX_POINT('',#12246);
#12246 = CARTESIAN_POINT('',(3.873997448572,9.37499936745,0.E+000));
#12247 = LINE('',#12248,#12249);
#12248 = CARTESIAN_POINT('',(3.873997471914,8.84099936745,0.E+000));
#12249 = VECTOR('',#12250,1.);
#12250 = DIRECTION('',(-4.371138828674E-008,1.,0.E+000));
#12251 = ORIENTED_EDGE('',*,*,#12252,.T.);
#12252 = EDGE_CURVE('',#12245,#12253,#12255,.T.);
#12253 = VERTEX_POINT('',#12254);
#12254 = CARTESIAN_POINT('',(4.381997448572,9.374999389655,0.E+000));
#12255 = LINE('',#12256,#12257);
#12256 = CARTESIAN_POINT('',(3.873997448572,9.37499936745,0.E+000));
#12257 = VECTOR('',#12258,1.);
#12258 = DIRECTION('',(1.,4.371138828674E-008,0.E+000));
#12259 = ORIENTED_EDGE('',*,*,#12260,.T.);
#12260 = EDGE_CURVE('',#12253,#12261,#12263,.T.);
#12261 = VERTEX_POINT('',#12262);
#12262 = CARTESIAN_POINT('',(4.381997471914,8.840999389655,0.E+000));
#12263 = LINE('',#12264,#12265);
#12264 = CARTESIAN_POINT('',(4.381997448572,9.374999389655,0.E+000));
#12265 = VECTOR('',#12266,1.);
#12266 = DIRECTION('',(4.371138828674E-008,-1.,0.E+000));
#12267 = ORIENTED_EDGE('',*,*,#12268,.T.);
#12268 = EDGE_CURVE('',#12261,#12243,#12269,.T.);
#12269 = LINE('',#12270,#12271);
#12270 = CARTESIAN_POINT('',(4.381997471914,8.840999389655,0.E+000));
#12271 = VECTOR('',#12272,1.);
#12272 = DIRECTION('',(-1.,-4.371138828674E-008,0.E+000));
#12273 = PLANE('',#12274);
#12274 = AXIS2_PLACEMENT_3D('',#12275,#12276,#12277);
#12275 = CARTESIAN_POINT('',(3.873997471914,8.84099936745,0.E+000));
#12276 = DIRECTION('',(-0.E+000,0.E+000,-1.));
#12277 = DIRECTION('',(-1.,-4.371138828674E-008,0.E+000));
#12278 = SHELL_BASED_SURFACE_MODEL('',(#12279));
#12279 = OPEN_SHELL('',(#12280));
#12280 = ADVANCED_FACE('',(#12281),#12315,.T.);
#12281 = FACE_BOUND('',#12282,.T.);
#12282 = EDGE_LOOP('',(#12283,#12293,#12301,#12309));
#12283 = ORIENTED_EDGE('',*,*,#12284,.T.);
#12284 = EDGE_CURVE('',#12285,#12287,#12289,.T.);
#12285 = VERTEX_POINT('',#12286);
#12286 = CARTESIAN_POINT('',(4.381997471914,8.840999389655,5.1E-002));
#12287 = VERTEX_POINT('',#12288);
#12288 = CARTESIAN_POINT('',(4.381997448572,9.374999389655,5.1E-002));
#12289 = LINE('',#12290,#12291);
#12290 = CARTESIAN_POINT('',(4.381997471914,8.840999389655,5.1E-002));
#12291 = VECTOR('',#12292,1.);
#12292 = DIRECTION('',(-4.371138828674E-008,1.,0.E+000));
#12293 = ORIENTED_EDGE('',*,*,#12294,.T.);
#12294 = EDGE_CURVE('',#12287,#12295,#12297,.T.);
#12295 = VERTEX_POINT('',#12296);
#12296 = CARTESIAN_POINT('',(3.873997448572,9.37499936745,5.1E-002));
#12297 = LINE('',#12298,#12299);
#12298 = CARTESIAN_POINT('',(4.381997448572,9.374999389655,5.1E-002));
#12299 = VECTOR('',#12300,1.);
#12300 = DIRECTION('',(-1.,-4.371138828674E-008,0.E+000));
#12301 = ORIENTED_EDGE('',*,*,#12302,.T.);
#12302 = EDGE_CURVE('',#12295,#12303,#12305,.T.);
#12303 = VERTEX_POINT('',#12304);
#12304 = CARTESIAN_POINT('',(3.873997471914,8.84099936745,5.1E-002));
#12305 = LINE('',#12306,#12307);
#12306 = CARTESIAN_POINT('',(3.873997448572,9.37499936745,5.1E-002));
#12307 = VECTOR('',#12308,1.);
#12308 = DIRECTION('',(4.371138828674E-008,-1.,0.E+000));
#12309 = ORIENTED_EDGE('',*,*,#12310,.T.);
#12310 = EDGE_CURVE('',#12303,#12285,#12311,.T.);
#12311 = LINE('',#12312,#12313);
#12312 = CARTESIAN_POINT('',(3.873997471914,8.84099936745,5.1E-002));
#12313 = VECTOR('',#12314,1.);
#12314 = DIRECTION('',(1.,4.371138828674E-008,0.E+000));
#12315 = PLANE('',#12316);
#12316 = AXIS2_PLACEMENT_3D('',#12317,#12318,#12319);
#12317 = CARTESIAN_POINT('',(4.381997471914,8.840999389655,5.1E-002));
#12318 = DIRECTION('',(0.E+000,0.E+000,1.));
#12319 = DIRECTION('',(-1.,-4.371138828674E-008,0.E+000));
#12320 = SHELL_BASED_SURFACE_MODEL('',(#12321));
#12321 = OPEN_SHELL('',(#12322));
#12322 = ADVANCED_FACE('',(#12323),#12357,.T.);
#12323 = FACE_BOUND('',#12324,.T.);
#12324 = EDGE_LOOP('',(#12325,#12335,#12343,#12351));
#12325 = ORIENTED_EDGE('',*,*,#12326,.F.);
#12326 = EDGE_CURVE('',#12327,#12329,#12331,.T.);
#12327 = VERTEX_POINT('',#12328);
#12328 = CARTESIAN_POINT('',(4.381997481356,8.624999389655,0.E+000));
#12329 = VERTEX_POINT('',#12330);
#12330 = CARTESIAN_POINT('',(4.381997504698,8.090999389655,0.E+000));
#12331 = LINE('',#12332,#12333);
#12332 = CARTESIAN_POINT('',(4.381997481356,8.624999389655,0.E+000));
#12333 = VECTOR('',#12334,1.);
#12334 = DIRECTION('',(4.371138828674E-008,-1.,0.E+000));
#12335 = ORIENTED_EDGE('',*,*,#12336,.F.);
#12336 = EDGE_CURVE('',#12337,#12327,#12339,.T.);
#12337 = VERTEX_POINT('',#12338);
#12338 = CARTESIAN_POINT('',(4.381997481356,8.624999389655,5.1E-002));
#12339 = LINE('',#12340,#12341);
#12340 = CARTESIAN_POINT('',(4.381997481356,8.624999389655,5.1E-002));
#12341 = VECTOR('',#12342,1.);
#12342 = DIRECTION('',(-0.E+000,0.E+000,-1.));
#12343 = ORIENTED_EDGE('',*,*,#12344,.F.);
#12344 = EDGE_CURVE('',#12345,#12337,#12347,.T.);
#12345 = VERTEX_POINT('',#12346);
#12346 = CARTESIAN_POINT('',(4.381997504698,8.090999389655,5.1E-002));
#12347 = LINE('',#12348,#12349);
#12348 = CARTESIAN_POINT('',(4.381997504698,8.090999389655,5.1E-002));
#12349 = VECTOR('',#12350,1.);
#12350 = DIRECTION('',(-4.371138828674E-008,1.,0.E+000));
#12351 = ORIENTED_EDGE('',*,*,#12352,.F.);
#12352 = EDGE_CURVE('',#12329,#12345,#12353,.T.);
#12353 = LINE('',#12354,#12355);
#12354 = CARTESIAN_POINT('',(4.381997504698,8.090999389655,0.E+000));
#12355 = VECTOR('',#12356,1.);
#12356 = DIRECTION('',(0.E+000,0.E+000,1.));
#12357 = PLANE('',#12358);
#12358 = AXIS2_PLACEMENT_3D('',#12359,#12360,#12361);
#12359 = CARTESIAN_POINT('',(4.381997504698,8.090999389655,0.E+000));
#12360 = DIRECTION('',(1.,4.371138828674E-008,0.E+000));
#12361 = DIRECTION('',(0.E+000,0.E+000,1.));
#12362 = SHELL_BASED_SURFACE_MODEL('',(#12363));
#12363 = OPEN_SHELL('',(#12364));
#12364 = ADVANCED_FACE('',(#12365),#12399,.T.);
#12365 = FACE_BOUND('',#12366,.T.);
#12366 = EDGE_LOOP('',(#12367,#12377,#12385,#12393));
#12367 = ORIENTED_EDGE('',*,*,#12368,.F.);
#12368 = EDGE_CURVE('',#12369,#12371,#12373,.T.);
#12369 = VERTEX_POINT('',#12370);
#12370 = CARTESIAN_POINT('',(3.873997481356,8.62499936745,0.E+000));
#12371 = VERTEX_POINT('',#12372);
#12372 = CARTESIAN_POINT('',(4.381997481356,8.624999389655,0.E+000));
#12373 = LINE('',#12374,#12375);
#12374 = CARTESIAN_POINT('',(3.873997481356,8.62499936745,0.E+000));
#12375 = VECTOR('',#12376,1.);
#12376 = DIRECTION('',(1.,4.371138828674E-008,0.E+000));
#12377 = ORIENTED_EDGE('',*,*,#12378,.F.);
#12378 = EDGE_CURVE('',#12379,#12369,#12381,.T.);
#12379 = VERTEX_POINT('',#12380);
#12380 = CARTESIAN_POINT('',(3.873997481356,8.62499936745,5.1E-002));
#12381 = LINE('',#12382,#12383);
#12382 = CARTESIAN_POINT('',(3.873997481356,8.62499936745,5.1E-002));
#12383 = VECTOR('',#12384,1.);
#12384 = DIRECTION('',(-0.E+000,0.E+000,-1.));
#12385 = ORIENTED_EDGE('',*,*,#12386,.F.);
#12386 = EDGE_CURVE('',#12387,#12379,#12389,.T.);
#12387 = VERTEX_POINT('',#12388);
#12388 = CARTESIAN_POINT('',(4.381997481356,8.624999389655,5.1E-002));
#12389 = LINE('',#12390,#12391);
#12390 = CARTESIAN_POINT('',(4.381997481356,8.624999389655,5.1E-002));
#12391 = VECTOR('',#12392,1.);
#12392 = DIRECTION('',(-1.,-4.371138828674E-008,0.E+000));
#12393 = ORIENTED_EDGE('',*,*,#12394,.T.);
#12394 = EDGE_CURVE('',#12387,#12371,#12395,.T.);
#12395 = LINE('',#12396,#12397);
#12396 = CARTESIAN_POINT('',(4.381997481356,8.624999389655,5.1E-002));
#12397 = VECTOR('',#12398,1.);
#12398 = DIRECTION('',(-0.E+000,0.E+000,-1.));
#12399 = PLANE('',#12400);
#12400 = AXIS2_PLACEMENT_3D('',#12401,#12402,#12403);
#12401 = CARTESIAN_POINT('',(4.381997481356,8.624999389655,0.E+000));
#12402 = DIRECTION('',(-4.371138828674E-008,1.,0.E+000));
#12403 = DIRECTION('',(0.E+000,0.E+000,1.));
#12404 = SHELL_BASED_SURFACE_MODEL('',(#12405));
#12405 = OPEN_SHELL('',(#12406));
#12406 = ADVANCED_FACE('',(#12407),#12441,.T.);
#12407 = FACE_BOUND('',#12408,.T.);
#12408 = EDGE_LOOP('',(#12409,#12419,#12427,#12435));
#12409 = ORIENTED_EDGE('',*,*,#12410,.F.);
#12410 = EDGE_CURVE('',#12411,#12413,#12415,.T.);
#12411 = VERTEX_POINT('',#12412);
#12412 = CARTESIAN_POINT('',(3.873997504698,8.09099936745,0.E+000));
#12413 = VERTEX_POINT('',#12414);
#12414 = CARTESIAN_POINT('',(3.873997481356,8.62499936745,0.E+000));
#12415 = LINE('',#12416,#12417);
#12416 = CARTESIAN_POINT('',(3.873997504698,8.09099936745,0.E+000));
#12417 = VECTOR('',#12418,1.);
#12418 = DIRECTION('',(-4.371138828674E-008,1.,0.E+000));
#12419 = ORIENTED_EDGE('',*,*,#12420,.F.);
#12420 = EDGE_CURVE('',#12421,#12411,#12423,.T.);
#12421 = VERTEX_POINT('',#12422);
#12422 = CARTESIAN_POINT('',(3.873997504698,8.09099936745,5.1E-002));
#12423 = LINE('',#12424,#12425);
#12424 = CARTESIAN_POINT('',(3.873997504698,8.09099936745,5.1E-002));
#12425 = VECTOR('',#12426,1.);
#12426 = DIRECTION('',(-0.E+000,0.E+000,-1.));
#12427 = ORIENTED_EDGE('',*,*,#12428,.F.);
#12428 = EDGE_CURVE('',#12429,#12421,#12431,.T.);
#12429 = VERTEX_POINT('',#12430);
#12430 = CARTESIAN_POINT('',(3.873997481356,8.62499936745,5.1E-002));
#12431 = LINE('',#12432,#12433);
#12432 = CARTESIAN_POINT('',(3.873997481356,8.62499936745,5.1E-002));
#12433 = VECTOR('',#12434,1.);
#12434 = DIRECTION('',(4.371138828674E-008,-1.,0.E+000));
#12435 = ORIENTED_EDGE('',*,*,#12436,.T.);
#12436 = EDGE_CURVE('',#12429,#12413,#12437,.T.);
#12437 = LINE('',#12438,#12439);
#12438 = CARTESIAN_POINT('',(3.873997481356,8.62499936745,5.1E-002));
#12439 = VECTOR('',#12440,1.);
#12440 = DIRECTION('',(-0.E+000,0.E+000,-1.));
#12441 = PLANE('',#12442);
#12442 = AXIS2_PLACEMENT_3D('',#12443,#12444,#12445);
#12443 = CARTESIAN_POINT('',(3.873997481356,8.62499936745,0.E+000));
#12444 = DIRECTION('',(-1.,-4.371138828674E-008,0.E+000));
#12445 = DIRECTION('',(0.E+000,0.E+000,1.));
#12446 = SHELL_BASED_SURFACE_MODEL('',(#12447));
#12447 = OPEN_SHELL('',(#12448));
#12448 = ADVANCED_FACE('',(#12449),#12483,.T.);
#12449 = FACE_BOUND('',#12450,.T.);
#12450 = EDGE_LOOP('',(#12451,#12461,#12469,#12477));
#12451 = ORIENTED_EDGE('',*,*,#12452,.F.);
#12452 = EDGE_CURVE('',#12453,#12455,#12457,.T.);
#12453 = VERTEX_POINT('',#12454);
#12454 = CARTESIAN_POINT('',(4.381997504698,8.090999389655,0.E+000));
#12455 = VERTEX_POINT('',#12456);
#12456 = CARTESIAN_POINT('',(3.873997504698,8.09099936745,0.E+000));
#12457 = LINE('',#12458,#12459);
#12458 = CARTESIAN_POINT('',(4.381997504698,8.090999389655,0.E+000));
#12459 = VECTOR('',#12460,1.);
#12460 = DIRECTION('',(-1.,-4.371138828674E-008,0.E+000));
#12461 = ORIENTED_EDGE('',*,*,#12462,.T.);
#12462 = EDGE_CURVE('',#12453,#12463,#12465,.T.);
#12463 = VERTEX_POINT('',#12464);
#12464 = CARTESIAN_POINT('',(4.381997504698,8.090999389655,5.1E-002));
#12465 = LINE('',#12466,#12467);
#12466 = CARTESIAN_POINT('',(4.381997504698,8.090999389655,0.E+000));
#12467 = VECTOR('',#12468,1.);
#12468 = DIRECTION('',(0.E+000,0.E+000,1.));
#12469 = ORIENTED_EDGE('',*,*,#12470,.F.);
#12470 = EDGE_CURVE('',#12471,#12463,#12473,.T.);
#12471 = VERTEX_POINT('',#12472);
#12472 = CARTESIAN_POINT('',(3.873997504698,8.09099936745,5.1E-002));
#12473 = LINE('',#12474,#12475);
#12474 = CARTESIAN_POINT('',(3.873997504698,8.09099936745,5.1E-002));
#12475 = VECTOR('',#12476,1.);
#12476 = DIRECTION('',(1.,4.371138828674E-008,0.E+000));
#12477 = ORIENTED_EDGE('',*,*,#12478,.T.);
#12478 = EDGE_CURVE('',#12471,#12455,#12479,.T.);
#12479 = LINE('',#12480,#12481);
#12480 = CARTESIAN_POINT('',(3.873997504698,8.09099936745,5.1E-002));
#12481 = VECTOR('',#12482,1.);
#12482 = DIRECTION('',(-0.E+000,0.E+000,-1.));
#12483 = PLANE('',#12484);
#12484 = AXIS2_PLACEMENT_3D('',#12485,#12486,#12487);
#12485 = CARTESIAN_POINT('',(3.873997504698,8.09099936745,0.E+000));
#12486 = DIRECTION('',(4.371138828674E-008,-1.,0.E+000));
#12487 = DIRECTION('',(0.E+000,0.E+000,1.));
#12488 = SHELL_BASED_SURFACE_MODEL('',(#12489));
#12489 = OPEN_SHELL('',(#12490));
#12490 = ADVANCED_FACE('',(#12491),#12525,.T.);
#12491 = FACE_BOUND('',#12492,.T.);
#12492 = EDGE_LOOP('',(#12493,#12503,#12511,#12519));
#12493 = ORIENTED_EDGE('',*,*,#12494,.T.);
#12494 = EDGE_CURVE('',#12495,#12497,#12499,.T.);
#12495 = VERTEX_POINT('',#12496);
#12496 = CARTESIAN_POINT('',(3.873997504698,8.09099936745,0.E+000));
#12497 = VERTEX_POINT('',#12498);
#12498 = CARTESIAN_POINT('',(3.873997481356,8.62499936745,0.E+000));
#12499 = LINE('',#12500,#12501);
#12500 = CARTESIAN_POINT('',(3.873997504698,8.09099936745,0.E+000));
#12501 = VECTOR('',#12502,1.);
#12502 = DIRECTION('',(-4.371138828674E-008,1.,0.E+000));
#12503 = ORIENTED_EDGE('',*,*,#12504,.T.);
#12504 = EDGE_CURVE('',#12497,#12505,#12507,.T.);
#12505 = VERTEX_POINT('',#12506);
#12506 = CARTESIAN_POINT('',(4.381997481356,8.624999389655,0.E+000));
#12507 = LINE('',#12508,#12509);
#12508 = CARTESIAN_POINT('',(3.873997481356,8.62499936745,0.E+000));
#12509 = VECTOR('',#12510,1.);
#12510 = DIRECTION('',(1.,4.371138828674E-008,0.E+000));
#12511 = ORIENTED_EDGE('',*,*,#12512,.T.);
#12512 = EDGE_CURVE('',#12505,#12513,#12515,.T.);
#12513 = VERTEX_POINT('',#12514);
#12514 = CARTESIAN_POINT('',(4.381997504698,8.090999389655,0.E+000));
#12515 = LINE('',#12516,#12517);
#12516 = CARTESIAN_POINT('',(4.381997481356,8.624999389655,0.E+000));
#12517 = VECTOR('',#12518,1.);
#12518 = DIRECTION('',(4.371138828674E-008,-1.,0.E+000));
#12519 = ORIENTED_EDGE('',*,*,#12520,.T.);
#12520 = EDGE_CURVE('',#12513,#12495,#12521,.T.);
#12521 = LINE('',#12522,#12523);
#12522 = CARTESIAN_POINT('',(4.381997504698,8.090999389655,0.E+000));
#12523 = VECTOR('',#12524,1.);
#12524 = DIRECTION('',(-1.,-4.371138828674E-008,0.E+000));
#12525 = PLANE('',#12526);
#12526 = AXIS2_PLACEMENT_3D('',#12527,#12528,#12529);
#12527 = CARTESIAN_POINT('',(3.873997504698,8.09099936745,0.E+000));
#12528 = DIRECTION('',(-0.E+000,0.E+000,-1.));
#12529 = DIRECTION('',(-1.,-4.371138828674E-008,0.E+000));
#12530 = SHELL_BASED_SURFACE_MODEL('',(#12531));
#12531 = OPEN_SHELL('',(#12532));
#12532 = ADVANCED_FACE('',(#12533),#12567,.T.);
#12533 = FACE_BOUND('',#12534,.T.);
#12534 = EDGE_LOOP('',(#12535,#12545,#12553,#12561));
#12535 = ORIENTED_EDGE('',*,*,#12536,.T.);
#12536 = EDGE_CURVE('',#12537,#12539,#12541,.T.);
#12537 = VERTEX_POINT('',#12538);
#12538 = CARTESIAN_POINT('',(4.381997504698,8.090999389655,5.1E-002));
#12539 = VERTEX_POINT('',#12540);
#12540 = CARTESIAN_POINT('',(4.381997481356,8.624999389655,5.1E-002));
#12541 = LINE('',#12542,#12543);
#12542 = CARTESIAN_POINT('',(4.381997504698,8.090999389655,5.1E-002));
#12543 = VECTOR('',#12544,1.);
#12544 = DIRECTION('',(-4.371138828674E-008,1.,0.E+000));
#12545 = ORIENTED_EDGE('',*,*,#12546,.T.);
#12546 = EDGE_CURVE('',#12539,#12547,#12549,.T.);
#12547 = VERTEX_POINT('',#12548);
#12548 = CARTESIAN_POINT('',(3.873997481356,8.62499936745,5.1E-002));
#12549 = LINE('',#12550,#12551);
#12550 = CARTESIAN_POINT('',(4.381997481356,8.624999389655,5.1E-002));
#12551 = VECTOR('',#12552,1.);
#12552 = DIRECTION('',(-1.,-4.371138828674E-008,0.E+000));
#12553 = ORIENTED_EDGE('',*,*,#12554,.T.);
#12554 = EDGE_CURVE('',#12547,#12555,#12557,.T.);
#12555 = VERTEX_POINT('',#12556);
#12556 = CARTESIAN_POINT('',(3.873997504698,8.09099936745,5.1E-002));
#12557 = LINE('',#12558,#12559);
#12558 = CARTESIAN_POINT('',(3.873997481356,8.62499936745,5.1E-002));
#12559 = VECTOR('',#12560,1.);
#12560 = DIRECTION('',(4.371138828674E-008,-1.,0.E+000));
#12561 = ORIENTED_EDGE('',*,*,#12562,.T.);
#12562 = EDGE_CURVE('',#12555,#12537,#12563,.T.);
#12563 = LINE('',#12564,#12565);
#12564 = CARTESIAN_POINT('',(3.873997504698,8.09099936745,5.1E-002));
#12565 = VECTOR('',#12566,1.);
#12566 = DIRECTION('',(1.,4.371138828674E-008,0.E+000));
#12567 = PLANE('',#12568);
#12568 = AXIS2_PLACEMENT_3D('',#12569,#12570,#12571);
#12569 = CARTESIAN_POINT('',(4.381997504698,8.090999389655,5.1E-002));
#12570 = DIRECTION('',(0.E+000,0.E+000,1.));
#12571 = DIRECTION('',(-1.,-4.371138828674E-008,0.E+000));
#12572 = SHELL_BASED_SURFACE_MODEL('',(#12573));
#12573 = OPEN_SHELL('',(#12574));
#12574 = ADVANCED_FACE('',(#12575),#12609,.T.);
#12575 = FACE_BOUND('',#12576,.T.);
#12576 = EDGE_LOOP('',(#12577,#12587,#12595,#12603));
#12577 = ORIENTED_EDGE('',*,*,#12578,.F.);
#12578 = EDGE_CURVE('',#12579,#12581,#12583,.T.);
#12579 = VERTEX_POINT('',#12580);
#12580 = CARTESIAN_POINT('',(4.381997514139,7.874999389655,0.E+000));
#12581 = VERTEX_POINT('',#12582);
#12582 = CARTESIAN_POINT('',(4.381997537481,7.340999389655,0.E+000));
#12583 = LINE('',#12584,#12585);
#12584 = CARTESIAN_POINT('',(4.381997514139,7.874999389655,0.E+000));
#12585 = VECTOR('',#12586,1.);
#12586 = DIRECTION('',(4.371138828674E-008,-1.,0.E+000));
#12587 = ORIENTED_EDGE('',*,*,#12588,.F.);
#12588 = EDGE_CURVE('',#12589,#12579,#12591,.T.);
#12589 = VERTEX_POINT('',#12590);
#12590 = CARTESIAN_POINT('',(4.381997514139,7.874999389655,5.1E-002));
#12591 = LINE('',#12592,#12593);
#12592 = CARTESIAN_POINT('',(4.381997514139,7.874999389655,5.1E-002));
#12593 = VECTOR('',#12594,1.);
#12594 = DIRECTION('',(-0.E+000,0.E+000,-1.));
#12595 = ORIENTED_EDGE('',*,*,#12596,.F.);
#12596 = EDGE_CURVE('',#12597,#12589,#12599,.T.);
#12597 = VERTEX_POINT('',#12598);
#12598 = CARTESIAN_POINT('',(4.381997537481,7.340999389655,5.1E-002));
#12599 = LINE('',#12600,#12601);
#12600 = CARTESIAN_POINT('',(4.381997537481,7.340999389655,5.1E-002));
#12601 = VECTOR('',#12602,1.);
#12602 = DIRECTION('',(-4.371138828674E-008,1.,0.E+000));
#12603 = ORIENTED_EDGE('',*,*,#12604,.F.);
#12604 = EDGE_CURVE('',#12581,#12597,#12605,.T.);
#12605 = LINE('',#12606,#12607);
#12606 = CARTESIAN_POINT('',(4.381997537481,7.340999389655,0.E+000));
#12607 = VECTOR('',#12608,1.);
#12608 = DIRECTION('',(0.E+000,0.E+000,1.));
#12609 = PLANE('',#12610);
#12610 = AXIS2_PLACEMENT_3D('',#12611,#12612,#12613);
#12611 = CARTESIAN_POINT('',(4.381997537481,7.340999389655,0.E+000));
#12612 = DIRECTION('',(1.,4.371138828674E-008,0.E+000));
#12613 = DIRECTION('',(0.E+000,0.E+000,1.));
#12614 = SHELL_BASED_SURFACE_MODEL('',(#12615));
#12615 = OPEN_SHELL('',(#12616));
#12616 = ADVANCED_FACE('',(#12617),#12651,.T.);
#12617 = FACE_BOUND('',#12618,.T.);
#12618 = EDGE_LOOP('',(#12619,#12629,#12637,#12645));
#12619 = ORIENTED_EDGE('',*,*,#12620,.F.);
#12620 = EDGE_CURVE('',#12621,#12623,#12625,.T.);
#12621 = VERTEX_POINT('',#12622);
#12622 = CARTESIAN_POINT('',(3.873997514139,7.87499936745,0.E+000));
#12623 = VERTEX_POINT('',#12624);
#12624 = CARTESIAN_POINT('',(4.381997514139,7.874999389655,0.E+000));
#12625 = LINE('',#12626,#12627);
#12626 = CARTESIAN_POINT('',(3.873997514139,7.87499936745,0.E+000));
#12627 = VECTOR('',#12628,1.);
#12628 = DIRECTION('',(1.,4.371138828674E-008,0.E+000));
#12629 = ORIENTED_EDGE('',*,*,#12630,.F.);
#12630 = EDGE_CURVE('',#12631,#12621,#12633,.T.);
#12631 = VERTEX_POINT('',#12632);
#12632 = CARTESIAN_POINT('',(3.873997514139,7.87499936745,5.1E-002));
#12633 = LINE('',#12634,#12635);
#12634 = CARTESIAN_POINT('',(3.873997514139,7.87499936745,5.1E-002));
#12635 = VECTOR('',#12636,1.);
#12636 = DIRECTION('',(-0.E+000,0.E+000,-1.));
#12637 = ORIENTED_EDGE('',*,*,#12638,.F.);
#12638 = EDGE_CURVE('',#12639,#12631,#12641,.T.);
#12639 = VERTEX_POINT('',#12640);
#12640 = CARTESIAN_POINT('',(4.381997514139,7.874999389655,5.1E-002));
#12641 = LINE('',#12642,#12643);
#12642 = CARTESIAN_POINT('',(4.381997514139,7.874999389655,5.1E-002));
#12643 = VECTOR('',#12644,1.);
#12644 = DIRECTION('',(-1.,-4.371138828674E-008,0.E+000));
#12645 = ORIENTED_EDGE('',*,*,#12646,.T.);
#12646 = EDGE_CURVE('',#12639,#12623,#12647,.T.);
#12647 = LINE('',#12648,#12649);
#12648 = CARTESIAN_POINT('',(4.381997514139,7.874999389655,5.1E-002));
#12649 = VECTOR('',#12650,1.);
#12650 = DIRECTION('',(-0.E+000,0.E+000,-1.));
#12651 = PLANE('',#12652);
#12652 = AXIS2_PLACEMENT_3D('',#12653,#12654,#12655);
#12653 = CARTESIAN_POINT('',(4.381997514139,7.874999389655,0.E+000));
#12654 = DIRECTION('',(-4.371138828674E-008,1.,0.E+000));
#12655 = DIRECTION('',(0.E+000,0.E+000,1.));
#12656 = SHELL_BASED_SURFACE_MODEL('',(#12657));
#12657 = OPEN_SHELL('',(#12658));
#12658 = ADVANCED_FACE('',(#12659),#12693,.T.);
#12659 = FACE_BOUND('',#12660,.T.);
#12660 = EDGE_LOOP('',(#12661,#12671,#12679,#12687));
#12661 = ORIENTED_EDGE('',*,*,#12662,.F.);
#12662 = EDGE_CURVE('',#12663,#12665,#12667,.T.);
#12663 = VERTEX_POINT('',#12664);
#12664 = CARTESIAN_POINT('',(3.873997537481,7.34099936745,0.E+000));
#12665 = VERTEX_POINT('',#12666);
#12666 = CARTESIAN_POINT('',(3.873997514139,7.87499936745,0.E+000));
#12667 = LINE('',#12668,#12669);
#12668 = CARTESIAN_POINT('',(3.873997537481,7.34099936745,0.E+000));
#12669 = VECTOR('',#12670,1.);
#12670 = DIRECTION('',(-4.371138828674E-008,1.,0.E+000));
#12671 = ORIENTED_EDGE('',*,*,#12672,.F.);
#12672 = EDGE_CURVE('',#12673,#12663,#12675,.T.);
#12673 = VERTEX_POINT('',#12674);
#12674 = CARTESIAN_POINT('',(3.873997537481,7.34099936745,5.1E-002));
#12675 = LINE('',#12676,#12677);
#12676 = CARTESIAN_POINT('',(3.873997537481,7.34099936745,5.1E-002));
#12677 = VECTOR('',#12678,1.);
#12678 = DIRECTION('',(-0.E+000,0.E+000,-1.));
#12679 = ORIENTED_EDGE('',*,*,#12680,.F.);
#12680 = EDGE_CURVE('',#12681,#12673,#12683,.T.);
#12681 = VERTEX_POINT('',#12682);
#12682 = CARTESIAN_POINT('',(3.873997514139,7.87499936745,5.1E-002));
#12683 = LINE('',#12684,#12685);
#12684 = CARTESIAN_POINT('',(3.873997514139,7.87499936745,5.1E-002));
#12685 = VECTOR('',#12686,1.);
#12686 = DIRECTION('',(4.371138828674E-008,-1.,0.E+000));
#12687 = ORIENTED_EDGE('',*,*,#12688,.T.);
#12688 = EDGE_CURVE('',#12681,#12665,#12689,.T.);
#12689 = LINE('',#12690,#12691);
#12690 = CARTESIAN_POINT('',(3.873997514139,7.87499936745,5.1E-002));
#12691 = VECTOR('',#12692,1.);
#12692 = DIRECTION('',(-0.E+000,0.E+000,-1.));
#12693 = PLANE('',#12694);
#12694 = AXIS2_PLACEMENT_3D('',#12695,#12696,#12697);
#12695 = CARTESIAN_POINT('',(3.873997514139,7.87499936745,0.E+000));
#12696 = DIRECTION('',(-1.,-4.371138828674E-008,0.E+000));
#12697 = DIRECTION('',(0.E+000,0.E+000,1.));
#12698 = SHELL_BASED_SURFACE_MODEL('',(#12699));
#12699 = OPEN_SHELL('',(#12700));
#12700 = ADVANCED_FACE('',(#12701),#12735,.T.);
#12701 = FACE_BOUND('',#12702,.T.);
#12702 = EDGE_LOOP('',(#12703,#12713,#12721,#12729));
#12703 = ORIENTED_EDGE('',*,*,#12704,.F.);
#12704 = EDGE_CURVE('',#12705,#12707,#12709,.T.);
#12705 = VERTEX_POINT('',#12706);
#12706 = CARTESIAN_POINT('',(4.381997537481,7.340999389655,0.E+000));
#12707 = VERTEX_POINT('',#12708);
#12708 = CARTESIAN_POINT('',(3.873997537481,7.34099936745,0.E+000));
#12709 = LINE('',#12710,#12711);
#12710 = CARTESIAN_POINT('',(4.381997537481,7.340999389655,0.E+000));
#12711 = VECTOR('',#12712,1.);
#12712 = DIRECTION('',(-1.,-4.371138828674E-008,0.E+000));
#12713 = ORIENTED_EDGE('',*,*,#12714,.T.);
#12714 = EDGE_CURVE('',#12705,#12715,#12717,.T.);
#12715 = VERTEX_POINT('',#12716);
#12716 = CARTESIAN_POINT('',(4.381997537481,7.340999389655,5.1E-002));
#12717 = LINE('',#12718,#12719);
#12718 = CARTESIAN_POINT('',(4.381997537481,7.340999389655,0.E+000));
#12719 = VECTOR('',#12720,1.);
#12720 = DIRECTION('',(0.E+000,0.E+000,1.));
#12721 = ORIENTED_EDGE('',*,*,#12722,.F.);
#12722 = EDGE_CURVE('',#12723,#12715,#12725,.T.);
#12723 = VERTEX_POINT('',#12724);
#12724 = CARTESIAN_POINT('',(3.873997537481,7.34099936745,5.1E-002));
#12725 = LINE('',#12726,#12727);
#12726 = CARTESIAN_POINT('',(3.873997537481,7.34099936745,5.1E-002));
#12727 = VECTOR('',#12728,1.);
#12728 = DIRECTION('',(1.,4.371138828674E-008,0.E+000));
#12729 = ORIENTED_EDGE('',*,*,#12730,.T.);
#12730 = EDGE_CURVE('',#12723,#12707,#12731,.T.);
#12731 = LINE('',#12732,#12733);
#12732 = CARTESIAN_POINT('',(3.873997537481,7.34099936745,5.1E-002));
#12733 = VECTOR('',#12734,1.);
#12734 = DIRECTION('',(-0.E+000,0.E+000,-1.));
#12735 = PLANE('',#12736);
#12736 = AXIS2_PLACEMENT_3D('',#12737,#12738,#12739);
#12737 = CARTESIAN_POINT('',(3.873997537481,7.34099936745,0.E+000));
#12738 = DIRECTION('',(4.371138828674E-008,-1.,0.E+000));
#12739 = DIRECTION('',(0.E+000,0.E+000,1.));
#12740 = SHELL_BASED_SURFACE_MODEL('',(#12741));
#12741 = OPEN_SHELL('',(#12742));
#12742 = ADVANCED_FACE('',(#12743),#12777,.T.);
#12743 = FACE_BOUND('',#12744,.T.);
#12744 = EDGE_LOOP('',(#12745,#12755,#12763,#12771));
#12745 = ORIENTED_EDGE('',*,*,#12746,.T.);
#12746 = EDGE_CURVE('',#12747,#12749,#12751,.T.);
#12747 = VERTEX_POINT('',#12748);
#12748 = CARTESIAN_POINT('',(3.873997537481,7.34099936745,0.E+000));
#12749 = VERTEX_POINT('',#12750);
#12750 = CARTESIAN_POINT('',(3.873997514139,7.87499936745,0.E+000));
#12751 = LINE('',#12752,#12753);
#12752 = CARTESIAN_POINT('',(3.873997537481,7.34099936745,0.E+000));
#12753 = VECTOR('',#12754,1.);
#12754 = DIRECTION('',(-4.371138828674E-008,1.,0.E+000));
#12755 = ORIENTED_EDGE('',*,*,#12756,.T.);
#12756 = EDGE_CURVE('',#12749,#12757,#12759,.T.);
#12757 = VERTEX_POINT('',#12758);
#12758 = CARTESIAN_POINT('',(4.381997514139,7.874999389655,0.E+000));
#12759 = LINE('',#12760,#12761);
#12760 = CARTESIAN_POINT('',(3.873997514139,7.87499936745,0.E+000));
#12761 = VECTOR('',#12762,1.);
#12762 = DIRECTION('',(1.,4.371138828674E-008,0.E+000));
#12763 = ORIENTED_EDGE('',*,*,#12764,.T.);
#12764 = EDGE_CURVE('',#12757,#12765,#12767,.T.);
#12765 = VERTEX_POINT('',#12766);
#12766 = CARTESIAN_POINT('',(4.381997537481,7.340999389655,0.E+000));
#12767 = LINE('',#12768,#12769);
#12768 = CARTESIAN_POINT('',(4.381997514139,7.874999389655,0.E+000));
#12769 = VECTOR('',#12770,1.);
#12770 = DIRECTION('',(4.371138828674E-008,-1.,0.E+000));
#12771 = ORIENTED_EDGE('',*,*,#12772,.T.);
#12772 = EDGE_CURVE('',#12765,#12747,#12773,.T.);
#12773 = LINE('',#12774,#12775);
#12774 = CARTESIAN_POINT('',(4.381997537481,7.340999389655,0.E+000));
#12775 = VECTOR('',#12776,1.);
#12776 = DIRECTION('',(-1.,-4.371138828674E-008,0.E+000));
#12777 = PLANE('',#12778);
#12778 = AXIS2_PLACEMENT_3D('',#12779,#12780,#12781);
#12779 = CARTESIAN_POINT('',(3.873997537481,7.34099936745,0.E+000));
#12780 = DIRECTION('',(-0.E+000,0.E+000,-1.));
#12781 = DIRECTION('',(-1.,-4.371138828674E-008,0.E+000));
#12782 = SHELL_BASED_SURFACE_MODEL('',(#12783));
#12783 = OPEN_SHELL('',(#12784));
#12784 = ADVANCED_FACE('',(#12785),#12819,.T.);
#12785 = FACE_BOUND('',#12786,.T.);
#12786 = EDGE_LOOP('',(#12787,#12797,#12805,#12813));
#12787 = ORIENTED_EDGE('',*,*,#12788,.T.);
#12788 = EDGE_CURVE('',#12789,#12791,#12793,.T.);
#12789 = VERTEX_POINT('',#12790);
#12790 = CARTESIAN_POINT('',(4.381997537481,7.340999389655,5.1E-002));
#12791 = VERTEX_POINT('',#12792);
#12792 = CARTESIAN_POINT('',(4.381997514139,7.874999389655,5.1E-002));
#12793 = LINE('',#12794,#12795);
#12794 = CARTESIAN_POINT('',(4.381997537481,7.340999389655,5.1E-002));
#12795 = VECTOR('',#12796,1.);
#12796 = DIRECTION('',(-4.371138828674E-008,1.,0.E+000));
#12797 = ORIENTED_EDGE('',*,*,#12798,.T.);
#12798 = EDGE_CURVE('',#12791,#12799,#12801,.T.);
#12799 = VERTEX_POINT('',#12800);
#12800 = CARTESIAN_POINT('',(3.873997514139,7.87499936745,5.1E-002));
#12801 = LINE('',#12802,#12803);
#12802 = CARTESIAN_POINT('',(4.381997514139,7.874999389655,5.1E-002));
#12803 = VECTOR('',#12804,1.);
#12804 = DIRECTION('',(-1.,-4.371138828674E-008,0.E+000));
#12805 = ORIENTED_EDGE('',*,*,#12806,.T.);
#12806 = EDGE_CURVE('',#12799,#12807,#12809,.T.);
#12807 = VERTEX_POINT('',#12808);
#12808 = CARTESIAN_POINT('',(3.873997537481,7.34099936745,5.1E-002));
#12809 = LINE('',#12810,#12811);
#12810 = CARTESIAN_POINT('',(3.873997514139,7.87499936745,5.1E-002));
#12811 = VECTOR('',#12812,1.);
#12812 = DIRECTION('',(4.371138828674E-008,-1.,0.E+000));
#12813 = ORIENTED_EDGE('',*,*,#12814,.T.);
#12814 = EDGE_CURVE('',#12807,#12789,#12815,.T.);
#12815 = LINE('',#12816,#12817);
#12816 = CARTESIAN_POINT('',(3.873997537481,7.34099936745,5.1E-002));
#12817 = VECTOR('',#12818,1.);
#12818 = DIRECTION('',(1.,4.371138828674E-008,0.E+000));
#12819 = PLANE('',#12820);
#12820 = AXIS2_PLACEMENT_3D('',#12821,#12822,#12823);
#12821 = CARTESIAN_POINT('',(4.381997537481,7.340999389655,5.1E-002));
#12822 = DIRECTION('',(0.E+000,0.E+000,1.));
#12823 = DIRECTION('',(-1.,-4.371138828674E-008,0.E+000));
#12824 = SHELL_BASED_SURFACE_MODEL('',(#12825));
#12825 = OPEN_SHELL('',(#12826));
#12826 = ADVANCED_FACE('',(#12827),#12861,.T.);
#12827 = FACE_BOUND('',#12828,.T.);
#12828 = EDGE_LOOP('',(#12829,#12839,#12847,#12855));
#12829 = ORIENTED_EDGE('',*,*,#12830,.F.);
#12830 = EDGE_CURVE('',#12831,#12833,#12835,.T.);
#12831 = VERTEX_POINT('',#12832);
#12832 = CARTESIAN_POINT('',(4.381997546923,7.124999389655,0.E+000));
#12833 = VERTEX_POINT('',#12834);
#12834 = CARTESIAN_POINT('',(4.381997570265,6.590999389655,0.E+000));
#12835 = LINE('',#12836,#12837);
#12836 = CARTESIAN_POINT('',(4.381997546923,7.124999389655,0.E+000));
#12837 = VECTOR('',#12838,1.);
#12838 = DIRECTION('',(4.371138828674E-008,-1.,0.E+000));
#12839 = ORIENTED_EDGE('',*,*,#12840,.F.);
#12840 = EDGE_CURVE('',#12841,#12831,#12843,.T.);
#12841 = VERTEX_POINT('',#12842);
#12842 = CARTESIAN_POINT('',(4.381997546923,7.124999389655,5.1E-002));
#12843 = LINE('',#12844,#12845);
#12844 = CARTESIAN_POINT('',(4.381997546923,7.124999389655,5.1E-002));
#12845 = VECTOR('',#12846,1.);
#12846 = DIRECTION('',(-0.E+000,0.E+000,-1.));
#12847 = ORIENTED_EDGE('',*,*,#12848,.F.);
#12848 = EDGE_CURVE('',#12849,#12841,#12851,.T.);
#12849 = VERTEX_POINT('',#12850);
#12850 = CARTESIAN_POINT('',(4.381997570265,6.590999389655,5.1E-002));
#12851 = LINE('',#12852,#12853);
#12852 = CARTESIAN_POINT('',(4.381997570265,6.590999389655,5.1E-002));
#12853 = VECTOR('',#12854,1.);
#12854 = DIRECTION('',(-4.371138828674E-008,1.,0.E+000));
#12855 = ORIENTED_EDGE('',*,*,#12856,.F.);
#12856 = EDGE_CURVE('',#12833,#12849,#12857,.T.);
#12857 = LINE('',#12858,#12859);
#12858 = CARTESIAN_POINT('',(4.381997570265,6.590999389655,0.E+000));
#12859 = VECTOR('',#12860,1.);
#12860 = DIRECTION('',(0.E+000,0.E+000,1.));
#12861 = PLANE('',#12862);
#12862 = AXIS2_PLACEMENT_3D('',#12863,#12864,#12865);
#12863 = CARTESIAN_POINT('',(4.381997570265,6.590999389655,0.E+000));
#12864 = DIRECTION('',(1.,4.371138828674E-008,0.E+000));
#12865 = DIRECTION('',(0.E+000,0.E+000,1.));
#12866 = SHELL_BASED_SURFACE_MODEL('',(#12867));
#12867 = OPEN_SHELL('',(#12868));
#12868 = ADVANCED_FACE('',(#12869),#12903,.T.);
#12869 = FACE_BOUND('',#12870,.T.);
#12870 = EDGE_LOOP('',(#12871,#12881,#12889,#12897));
#12871 = ORIENTED_EDGE('',*,*,#12872,.F.);
#12872 = EDGE_CURVE('',#12873,#12875,#12877,.T.);
#12873 = VERTEX_POINT('',#12874);
#12874 = CARTESIAN_POINT('',(3.873997546923,7.12499936745,0.E+000));
#12875 = VERTEX_POINT('',#12876);
#12876 = CARTESIAN_POINT('',(4.381997546923,7.124999389655,0.E+000));
#12877 = LINE('',#12878,#12879);
#12878 = CARTESIAN_POINT('',(3.873997546923,7.12499936745,0.E+000));
#12879 = VECTOR('',#12880,1.);
#12880 = DIRECTION('',(1.,4.371138828674E-008,0.E+000));
#12881 = ORIENTED_EDGE('',*,*,#12882,.F.);
#12882 = EDGE_CURVE('',#12883,#12873,#12885,.T.);
#12883 = VERTEX_POINT('',#12884);
#12884 = CARTESIAN_POINT('',(3.873997546923,7.12499936745,5.1E-002));
#12885 = LINE('',#12886,#12887);
#12886 = CARTESIAN_POINT('',(3.873997546923,7.12499936745,5.1E-002));
#12887 = VECTOR('',#12888,1.);
#12888 = DIRECTION('',(-0.E+000,0.E+000,-1.));
#12889 = ORIENTED_EDGE('',*,*,#12890,.F.);
#12890 = EDGE_CURVE('',#12891,#12883,#12893,.T.);
#12891 = VERTEX_POINT('',#12892);
#12892 = CARTESIAN_POINT('',(4.381997546923,7.124999389655,5.1E-002));
#12893 = LINE('',#12894,#12895);
#12894 = CARTESIAN_POINT('',(4.381997546923,7.124999389655,5.1E-002));
#12895 = VECTOR('',#12896,1.);
#12896 = DIRECTION('',(-1.,-4.371138828674E-008,0.E+000));
#12897 = ORIENTED_EDGE('',*,*,#12898,.T.);
#12898 = EDGE_CURVE('',#12891,#12875,#12899,.T.);
#12899 = LINE('',#12900,#12901);
#12900 = CARTESIAN_POINT('',(4.381997546923,7.124999389655,5.1E-002));
#12901 = VECTOR('',#12902,1.);
#12902 = DIRECTION('',(-0.E+000,0.E+000,-1.));
#12903 = PLANE('',#12904);
#12904 = AXIS2_PLACEMENT_3D('',#12905,#12906,#12907);
#12905 = CARTESIAN_POINT('',(4.381997546923,7.124999389655,0.E+000));
#12906 = DIRECTION('',(-4.371138828674E-008,1.,0.E+000));
#12907 = DIRECTION('',(0.E+000,0.E+000,1.));
#12908 = SHELL_BASED_SURFACE_MODEL('',(#12909));
#12909 = OPEN_SHELL('',(#12910));
#12910 = ADVANCED_FACE('',(#12911),#12945,.T.);
#12911 = FACE_BOUND('',#12912,.T.);
#12912 = EDGE_LOOP('',(#12913,#12923,#12931,#12939));
#12913 = ORIENTED_EDGE('',*,*,#12914,.F.);
#12914 = EDGE_CURVE('',#12915,#12917,#12919,.T.);
#12915 = VERTEX_POINT('',#12916);
#12916 = CARTESIAN_POINT('',(3.873997570265,6.59099936745,0.E+000));
#12917 = VERTEX_POINT('',#12918);
#12918 = CARTESIAN_POINT('',(3.873997546923,7.12499936745,0.E+000));
#12919 = LINE('',#12920,#12921);
#12920 = CARTESIAN_POINT('',(3.873997570265,6.59099936745,0.E+000));
#12921 = VECTOR('',#12922,1.);
#12922 = DIRECTION('',(-4.371138828674E-008,1.,0.E+000));
#12923 = ORIENTED_EDGE('',*,*,#12924,.F.);
#12924 = EDGE_CURVE('',#12925,#12915,#12927,.T.);
#12925 = VERTEX_POINT('',#12926);
#12926 = CARTESIAN_POINT('',(3.873997570265,6.59099936745,5.1E-002));
#12927 = LINE('',#12928,#12929);
#12928 = CARTESIAN_POINT('',(3.873997570265,6.59099936745,5.1E-002));
#12929 = VECTOR('',#12930,1.);
#12930 = DIRECTION('',(-0.E+000,0.E+000,-1.));
#12931 = ORIENTED_EDGE('',*,*,#12932,.F.);
#12932 = EDGE_CURVE('',#12933,#12925,#12935,.T.);
#12933 = VERTEX_POINT('',#12934);
#12934 = CARTESIAN_POINT('',(3.873997546923,7.12499936745,5.1E-002));
#12935 = LINE('',#12936,#12937);
#12936 = CARTESIAN_POINT('',(3.873997546923,7.12499936745,5.1E-002));
#12937 = VECTOR('',#12938,1.);
#12938 = DIRECTION('',(4.371138828674E-008,-1.,0.E+000));
#12939 = ORIENTED_EDGE('',*,*,#12940,.T.);
#12940 = EDGE_CURVE('',#12933,#12917,#12941,.T.);
#12941 = LINE('',#12942,#12943);
#12942 = CARTESIAN_POINT('',(3.873997546923,7.12499936745,5.1E-002));
#12943 = VECTOR('',#12944,1.);
#12944 = DIRECTION('',(-0.E+000,0.E+000,-1.));
#12945 = PLANE('',#12946);
#12946 = AXIS2_PLACEMENT_3D('',#12947,#12948,#12949);
#12947 = CARTESIAN_POINT('',(3.873997546923,7.12499936745,0.E+000));
#12948 = DIRECTION('',(-1.,-4.371138828674E-008,0.E+000));
#12949 = DIRECTION('',(0.E+000,0.E+000,1.));
#12950 = SHELL_BASED_SURFACE_MODEL('',(#12951));
#12951 = OPEN_SHELL('',(#12952));
#12952 = ADVANCED_FACE('',(#12953),#12987,.T.);
#12953 = FACE_BOUND('',#12954,.T.);
#12954 = EDGE_LOOP('',(#12955,#12965,#12973,#12981));
#12955 = ORIENTED_EDGE('',*,*,#12956,.F.);
#12956 = EDGE_CURVE('',#12957,#12959,#12961,.T.);
#12957 = VERTEX_POINT('',#12958);
#12958 = CARTESIAN_POINT('',(4.381997570265,6.590999389655,0.E+000));
#12959 = VERTEX_POINT('',#12960);
#12960 = CARTESIAN_POINT('',(3.873997570265,6.59099936745,0.E+000));
#12961 = LINE('',#12962,#12963);
#12962 = CARTESIAN_POINT('',(4.381997570265,6.590999389655,0.E+000));
#12963 = VECTOR('',#12964,1.);
#12964 = DIRECTION('',(-1.,-4.371138828674E-008,0.E+000));
#12965 = ORIENTED_EDGE('',*,*,#12966,.T.);
#12966 = EDGE_CURVE('',#12957,#12967,#12969,.T.);
#12967 = VERTEX_POINT('',#12968);
#12968 = CARTESIAN_POINT('',(4.381997570265,6.590999389655,5.1E-002));
#12969 = LINE('',#12970,#12971);
#12970 = CARTESIAN_POINT('',(4.381997570265,6.590999389655,0.E+000));
#12971 = VECTOR('',#12972,1.);
#12972 = DIRECTION('',(0.E+000,0.E+000,1.));
#12973 = ORIENTED_EDGE('',*,*,#12974,.F.);
#12974 = EDGE_CURVE('',#12975,#12967,#12977,.T.);
#12975 = VERTEX_POINT('',#12976);
#12976 = CARTESIAN_POINT('',(3.873997570265,6.59099936745,5.1E-002));
#12977 = LINE('',#12978,#12979);
#12978 = CARTESIAN_POINT('',(3.873997570265,6.59099936745,5.1E-002));
#12979 = VECTOR('',#12980,1.);
#12980 = DIRECTION('',(1.,4.371138828674E-008,0.E+000));
#12981 = ORIENTED_EDGE('',*,*,#12982,.T.);
#12982 = EDGE_CURVE('',#12975,#12959,#12983,.T.);
#12983 = LINE('',#12984,#12985);
#12984 = CARTESIAN_POINT('',(3.873997570265,6.59099936745,5.1E-002));
#12985 = VECTOR('',#12986,1.);
#12986 = DIRECTION('',(-0.E+000,0.E+000,-1.));
#12987 = PLANE('',#12988);
#12988 = AXIS2_PLACEMENT_3D('',#12989,#12990,#12991);
#12989 = CARTESIAN_POINT('',(3.873997570265,6.59099936745,0.E+000));
#12990 = DIRECTION('',(4.371138828674E-008,-1.,0.E+000));
#12991 = DIRECTION('',(0.E+000,0.E+000,1.));
#12992 = SHELL_BASED_SURFACE_MODEL('',(#12993));
#12993 = OPEN_SHELL('',(#12994));
#12994 = ADVANCED_FACE('',(#12995),#13029,.T.);
#12995 = FACE_BOUND('',#12996,.T.);
#12996 = EDGE_LOOP('',(#12997,#13007,#13015,#13023));
#12997 = ORIENTED_EDGE('',*,*,#12998,.T.);
#12998 = EDGE_CURVE('',#12999,#13001,#13003,.T.);
#12999 = VERTEX_POINT('',#13000);
#13000 = CARTESIAN_POINT('',(3.873997570265,6.59099936745,0.E+000));
#13001 = VERTEX_POINT('',#13002);
#13002 = CARTESIAN_POINT('',(3.873997546923,7.12499936745,0.E+000));
#13003 = LINE('',#13004,#13005);
#13004 = CARTESIAN_POINT('',(3.873997570265,6.59099936745,0.E+000));
#13005 = VECTOR('',#13006,1.);
#13006 = DIRECTION('',(-4.371138828674E-008,1.,0.E+000));
#13007 = ORIENTED_EDGE('',*,*,#13008,.T.);
#13008 = EDGE_CURVE('',#13001,#13009,#13011,.T.);
#13009 = VERTEX_POINT('',#13010);
#13010 = CARTESIAN_POINT('',(4.381997546923,7.124999389655,0.E+000));
#13011 = LINE('',#13012,#13013);
#13012 = CARTESIAN_POINT('',(3.873997546923,7.12499936745,0.E+000));
#13013 = VECTOR('',#13014,1.);
#13014 = DIRECTION('',(1.,4.371138828674E-008,0.E+000));
#13015 = ORIENTED_EDGE('',*,*,#13016,.T.);
#13016 = EDGE_CURVE('',#13009,#13017,#13019,.T.);
#13017 = VERTEX_POINT('',#13018);
#13018 = CARTESIAN_POINT('',(4.381997570265,6.590999389655,0.E+000));
#13019 = LINE('',#13020,#13021);
#13020 = CARTESIAN_POINT('',(4.381997546923,7.124999389655,0.E+000));
#13021 = VECTOR('',#13022,1.);
#13022 = DIRECTION('',(4.371138828674E-008,-1.,0.E+000));
#13023 = ORIENTED_EDGE('',*,*,#13024,.T.);
#13024 = EDGE_CURVE('',#13017,#12999,#13025,.T.);
#13025 = LINE('',#13026,#13027);
#13026 = CARTESIAN_POINT('',(4.381997570265,6.590999389655,0.E+000));
#13027 = VECTOR('',#13028,1.);
#13028 = DIRECTION('',(-1.,-4.371138828674E-008,0.E+000));
#13029 = PLANE('',#13030);
#13030 = AXIS2_PLACEMENT_3D('',#13031,#13032,#13033);
#13031 = CARTESIAN_POINT('',(3.873997570265,6.59099936745,0.E+000));
#13032 = DIRECTION('',(-0.E+000,0.E+000,-1.));
#13033 = DIRECTION('',(-1.,-4.371138828674E-008,0.E+000));
#13034 = SHELL_BASED_SURFACE_MODEL('',(#13035));
#13035 = OPEN_SHELL('',(#13036));
#13036 = ADVANCED_FACE('',(#13037),#13071,.T.);
#13037 = FACE_BOUND('',#13038,.T.);
#13038 = EDGE_LOOP('',(#13039,#13049,#13057,#13065));
#13039 = ORIENTED_EDGE('',*,*,#13040,.T.);
#13040 = EDGE_CURVE('',#13041,#13043,#13045,.T.);
#13041 = VERTEX_POINT('',#13042);
#13042 = CARTESIAN_POINT('',(4.381997570265,6.590999389655,5.1E-002));
#13043 = VERTEX_POINT('',#13044);
#13044 = CARTESIAN_POINT('',(4.381997546923,7.124999389655,5.1E-002));
#13045 = LINE('',#13046,#13047);
#13046 = CARTESIAN_POINT('',(4.381997570265,6.590999389655,5.1E-002));
#13047 = VECTOR('',#13048,1.);
#13048 = DIRECTION('',(-4.371138828674E-008,1.,0.E+000));
#13049 = ORIENTED_EDGE('',*,*,#13050,.T.);
#13050 = EDGE_CURVE('',#13043,#13051,#13053,.T.);
#13051 = VERTEX_POINT('',#13052);
#13052 = CARTESIAN_POINT('',(3.873997546923,7.12499936745,5.1E-002));
#13053 = LINE('',#13054,#13055);
#13054 = CARTESIAN_POINT('',(4.381997546923,7.124999389655,5.1E-002));
#13055 = VECTOR('',#13056,1.);
#13056 = DIRECTION('',(-1.,-4.371138828674E-008,0.E+000));
#13057 = ORIENTED_EDGE('',*,*,#13058,.T.);
#13058 = EDGE_CURVE('',#13051,#13059,#13061,.T.);
#13059 = VERTEX_POINT('',#13060);
#13060 = CARTESIAN_POINT('',(3.873997570265,6.59099936745,5.1E-002));
#13061 = LINE('',#13062,#13063);
#13062 = CARTESIAN_POINT('',(3.873997546923,7.12499936745,5.1E-002));
#13063 = VECTOR('',#13064,1.);
#13064 = DIRECTION('',(4.371138828674E-008,-1.,0.E+000));
#13065 = ORIENTED_EDGE('',*,*,#13066,.T.);
#13066 = EDGE_CURVE('',#13059,#13041,#13067,.T.);
#13067 = LINE('',#13068,#13069);
#13068 = CARTESIAN_POINT('',(3.873997570265,6.59099936745,5.1E-002));
#13069 = VECTOR('',#13070,1.);
#13070 = DIRECTION('',(1.,4.371138828674E-008,0.E+000));
#13071 = PLANE('',#13072);
#13072 = AXIS2_PLACEMENT_3D('',#13073,#13074,#13075);
#13073 = CARTESIAN_POINT('',(4.381997570265,6.590999389655,5.1E-002));
#13074 = DIRECTION('',(0.E+000,0.E+000,1.));
#13075 = DIRECTION('',(-1.,-4.371138828674E-008,0.E+000));
#13076 = SHELL_BASED_SURFACE_MODEL('',(#13077));
#13077 = OPEN_SHELL('',(#13078));
#13078 = ADVANCED_FACE('',(#13079),#13113,.T.);
#13079 = FACE_BOUND('',#13080,.T.);
#13080 = EDGE_LOOP('',(#13081,#13091,#13099,#13107));
#13081 = ORIENTED_EDGE('',*,*,#13082,.F.);
#13082 = EDGE_CURVE('',#13083,#13085,#13087,.T.);
#13083 = VERTEX_POINT('',#13084);
#13084 = CARTESIAN_POINT('',(4.381997579706,6.374999389655,0.E+000));
#13085 = VERTEX_POINT('',#13086);
#13086 = CARTESIAN_POINT('',(4.381997603048,5.840999389655,0.E+000));
#13087 = LINE('',#13088,#13089);
#13088 = CARTESIAN_POINT('',(4.381997579706,6.374999389655,0.E+000));
#13089 = VECTOR('',#13090,1.);
#13090 = DIRECTION('',(4.371138828674E-008,-1.,0.E+000));
#13091 = ORIENTED_EDGE('',*,*,#13092,.F.);
#13092 = EDGE_CURVE('',#13093,#13083,#13095,.T.);
#13093 = VERTEX_POINT('',#13094);
#13094 = CARTESIAN_POINT('',(4.381997579706,6.374999389655,5.1E-002));
#13095 = LINE('',#13096,#13097);
#13096 = CARTESIAN_POINT('',(4.381997579706,6.374999389655,5.1E-002));
#13097 = VECTOR('',#13098,1.);
#13098 = DIRECTION('',(-0.E+000,0.E+000,-1.));
#13099 = ORIENTED_EDGE('',*,*,#13100,.F.);
#13100 = EDGE_CURVE('',#13101,#13093,#13103,.T.);
#13101 = VERTEX_POINT('',#13102);
#13102 = CARTESIAN_POINT('',(4.381997603048,5.840999389655,5.1E-002));
#13103 = LINE('',#13104,#13105);
#13104 = CARTESIAN_POINT('',(4.381997603048,5.840999389655,5.1E-002));
#13105 = VECTOR('',#13106,1.);
#13106 = DIRECTION('',(-4.371138828674E-008,1.,0.E+000));
#13107 = ORIENTED_EDGE('',*,*,#13108,.F.);
#13108 = EDGE_CURVE('',#13085,#13101,#13109,.T.);
#13109 = LINE('',#13110,#13111);
#13110 = CARTESIAN_POINT('',(4.381997603048,5.840999389655,0.E+000));
#13111 = VECTOR('',#13112,1.);
#13112 = DIRECTION('',(0.E+000,0.E+000,1.));
#13113 = PLANE('',#13114);
#13114 = AXIS2_PLACEMENT_3D('',#13115,#13116,#13117);
#13115 = CARTESIAN_POINT('',(4.381997603048,5.840999389655,0.E+000));
#13116 = DIRECTION('',(1.,4.371138828674E-008,0.E+000));
#13117 = DIRECTION('',(0.E+000,0.E+000,1.));
#13118 = SHELL_BASED_SURFACE_MODEL('',(#13119));
#13119 = OPEN_SHELL('',(#13120));
#13120 = ADVANCED_FACE('',(#13121),#13155,.T.);
#13121 = FACE_BOUND('',#13122,.T.);
#13122 = EDGE_LOOP('',(#13123,#13133,#13141,#13149));
#13123 = ORIENTED_EDGE('',*,*,#13124,.F.);
#13124 = EDGE_CURVE('',#13125,#13127,#13129,.T.);
#13125 = VERTEX_POINT('',#13126);
#13126 = CARTESIAN_POINT('',(3.873997579706,6.37499936745,0.E+000));
#13127 = VERTEX_POINT('',#13128);
#13128 = CARTESIAN_POINT('',(4.381997579706,6.374999389655,0.E+000));
#13129 = LINE('',#13130,#13131);
#13130 = CARTESIAN_POINT('',(3.873997579706,6.37499936745,0.E+000));
#13131 = VECTOR('',#13132,1.);
#13132 = DIRECTION('',(1.,4.371138828674E-008,0.E+000));
#13133 = ORIENTED_EDGE('',*,*,#13134,.F.);
#13134 = EDGE_CURVE('',#13135,#13125,#13137,.T.);
#13135 = VERTEX_POINT('',#13136);
#13136 = CARTESIAN_POINT('',(3.873997579706,6.37499936745,5.1E-002));
#13137 = LINE('',#13138,#13139);
#13138 = CARTESIAN_POINT('',(3.873997579706,6.37499936745,5.1E-002));
#13139 = VECTOR('',#13140,1.);
#13140 = DIRECTION('',(-0.E+000,0.E+000,-1.));
#13141 = ORIENTED_EDGE('',*,*,#13142,.F.);
#13142 = EDGE_CURVE('',#13143,#13135,#13145,.T.);
#13143 = VERTEX_POINT('',#13144);
#13144 = CARTESIAN_POINT('',(4.381997579706,6.374999389655,5.1E-002));
#13145 = LINE('',#13146,#13147);
#13146 = CARTESIAN_POINT('',(4.381997579706,6.374999389655,5.1E-002));
#13147 = VECTOR('',#13148,1.);
#13148 = DIRECTION('',(-1.,-4.371138828674E-008,0.E+000));
#13149 = ORIENTED_EDGE('',*,*,#13150,.T.);
#13150 = EDGE_CURVE('',#13143,#13127,#13151,.T.);
#13151 = LINE('',#13152,#13153);
#13152 = CARTESIAN_POINT('',(4.381997579706,6.374999389655,5.1E-002));
#13153 = VECTOR('',#13154,1.);
#13154 = DIRECTION('',(-0.E+000,0.E+000,-1.));
#13155 = PLANE('',#13156);
#13156 = AXIS2_PLACEMENT_3D('',#13157,#13158,#13159);
#13157 = CARTESIAN_POINT('',(4.381997579706,6.374999389655,0.E+000));
#13158 = DIRECTION('',(-4.371138828674E-008,1.,0.E+000));
#13159 = DIRECTION('',(0.E+000,0.E+000,1.));
#13160 = SHELL_BASED_SURFACE_MODEL('',(#13161));
#13161 = OPEN_SHELL('',(#13162));
#13162 = ADVANCED_FACE('',(#13163),#13197,.T.);
#13163 = FACE_BOUND('',#13164,.T.);
#13164 = EDGE_LOOP('',(#13165,#13175,#13183,#13191));
#13165 = ORIENTED_EDGE('',*,*,#13166,.F.);
#13166 = EDGE_CURVE('',#13167,#13169,#13171,.T.);
#13167 = VERTEX_POINT('',#13168);
#13168 = CARTESIAN_POINT('',(3.873997603048,5.84099936745,0.E+000));
#13169 = VERTEX_POINT('',#13170);
#13170 = CARTESIAN_POINT('',(3.873997579706,6.37499936745,0.E+000));
#13171 = LINE('',#13172,#13173);
#13172 = CARTESIAN_POINT('',(3.873997603048,5.84099936745,0.E+000));
#13173 = VECTOR('',#13174,1.);
#13174 = DIRECTION('',(-4.371138828674E-008,1.,0.E+000));
#13175 = ORIENTED_EDGE('',*,*,#13176,.F.);
#13176 = EDGE_CURVE('',#13177,#13167,#13179,.T.);
#13177 = VERTEX_POINT('',#13178);
#13178 = CARTESIAN_POINT('',(3.873997603048,5.84099936745,5.1E-002));
#13179 = LINE('',#13180,#13181);
#13180 = CARTESIAN_POINT('',(3.873997603048,5.84099936745,5.1E-002));
#13181 = VECTOR('',#13182,1.);
#13182 = DIRECTION('',(-0.E+000,0.E+000,-1.));
#13183 = ORIENTED_EDGE('',*,*,#13184,.F.);
#13184 = EDGE_CURVE('',#13185,#13177,#13187,.T.);
#13185 = VERTEX_POINT('',#13186);
#13186 = CARTESIAN_POINT('',(3.873997579706,6.37499936745,5.1E-002));
#13187 = LINE('',#13188,#13189);
#13188 = CARTESIAN_POINT('',(3.873997579706,6.37499936745,5.1E-002));
#13189 = VECTOR('',#13190,1.);
#13190 = DIRECTION('',(4.371138828674E-008,-1.,0.E+000));
#13191 = ORIENTED_EDGE('',*,*,#13192,.T.);
#13192 = EDGE_CURVE('',#13185,#13169,#13193,.T.);
#13193 = LINE('',#13194,#13195);
#13194 = CARTESIAN_POINT('',(3.873997579706,6.37499936745,5.1E-002));
#13195 = VECTOR('',#13196,1.);
#13196 = DIRECTION('',(-0.E+000,0.E+000,-1.));
#13197 = PLANE('',#13198);
#13198 = AXIS2_PLACEMENT_3D('',#13199,#13200,#13201);
#13199 = CARTESIAN_POINT('',(3.873997579706,6.37499936745,0.E+000));
#13200 = DIRECTION('',(-1.,-4.371138828674E-008,0.E+000));
#13201 = DIRECTION('',(0.E+000,0.E+000,1.));
#13202 = SHELL_BASED_SURFACE_MODEL('',(#13203));
#13203 = OPEN_SHELL('',(#13204));
#13204 = ADVANCED_FACE('',(#13205),#13239,.T.);
#13205 = FACE_BOUND('',#13206,.T.);
#13206 = EDGE_LOOP('',(#13207,#13217,#13225,#13233));
#13207 = ORIENTED_EDGE('',*,*,#13208,.F.);
#13208 = EDGE_CURVE('',#13209,#13211,#13213,.T.);
#13209 = VERTEX_POINT('',#13210);
#13210 = CARTESIAN_POINT('',(4.381997603048,5.840999389655,0.E+000));
#13211 = VERTEX_POINT('',#13212);
#13212 = CARTESIAN_POINT('',(3.873997603048,5.84099936745,0.E+000));
#13213 = LINE('',#13214,#13215);
#13214 = CARTESIAN_POINT('',(4.381997603048,5.840999389655,0.E+000));
#13215 = VECTOR('',#13216,1.);
#13216 = DIRECTION('',(-1.,-4.371138828674E-008,0.E+000));
#13217 = ORIENTED_EDGE('',*,*,#13218,.T.);
#13218 = EDGE_CURVE('',#13209,#13219,#13221,.T.);
#13219 = VERTEX_POINT('',#13220);
#13220 = CARTESIAN_POINT('',(4.381997603048,5.840999389655,5.1E-002));
#13221 = LINE('',#13222,#13223);
#13222 = CARTESIAN_POINT('',(4.381997603048,5.840999389655,0.E+000));
#13223 = VECTOR('',#13224,1.);
#13224 = DIRECTION('',(0.E+000,0.E+000,1.));
#13225 = ORIENTED_EDGE('',*,*,#13226,.F.);
#13226 = EDGE_CURVE('',#13227,#13219,#13229,.T.);
#13227 = VERTEX_POINT('',#13228);
#13228 = CARTESIAN_POINT('',(3.873997603048,5.84099936745,5.1E-002));
#13229 = LINE('',#13230,#13231);
#13230 = CARTESIAN_POINT('',(3.873997603048,5.84099936745,5.1E-002));
#13231 = VECTOR('',#13232,1.);
#13232 = DIRECTION('',(1.,4.371138828674E-008,0.E+000));
#13233 = ORIENTED_EDGE('',*,*,#13234,.T.);
#13234 = EDGE_CURVE('',#13227,#13211,#13235,.T.);
#13235 = LINE('',#13236,#13237);
#13236 = CARTESIAN_POINT('',(3.873997603048,5.84099936745,5.1E-002));
#13237 = VECTOR('',#13238,1.);
#13238 = DIRECTION('',(-0.E+000,0.E+000,-1.));
#13239 = PLANE('',#13240);
#13240 = AXIS2_PLACEMENT_3D('',#13241,#13242,#13243);
#13241 = CARTESIAN_POINT('',(3.873997603048,5.84099936745,0.E+000));
#13242 = DIRECTION('',(4.371138828674E-008,-1.,0.E+000));
#13243 = DIRECTION('',(0.E+000,0.E+000,1.));
#13244 = SHELL_BASED_SURFACE_MODEL('',(#13245));
#13245 = OPEN_SHELL('',(#13246));
#13246 = ADVANCED_FACE('',(#13247),#13281,.T.);
#13247 = FACE_BOUND('',#13248,.T.);
#13248 = EDGE_LOOP('',(#13249,#13259,#13267,#13275));
#13249 = ORIENTED_EDGE('',*,*,#13250,.T.);
#13250 = EDGE_CURVE('',#13251,#13253,#13255,.T.);
#13251 = VERTEX_POINT('',#13252);
#13252 = CARTESIAN_POINT('',(3.873997603048,5.84099936745,0.E+000));
#13253 = VERTEX_POINT('',#13254);
#13254 = CARTESIAN_POINT('',(3.873997579706,6.37499936745,0.E+000));
#13255 = LINE('',#13256,#13257);
#13256 = CARTESIAN_POINT('',(3.873997603048,5.84099936745,0.E+000));
#13257 = VECTOR('',#13258,1.);
#13258 = DIRECTION('',(-4.371138828674E-008,1.,0.E+000));
#13259 = ORIENTED_EDGE('',*,*,#13260,.T.);
#13260 = EDGE_CURVE('',#13253,#13261,#13263,.T.);
#13261 = VERTEX_POINT('',#13262);
#13262 = CARTESIAN_POINT('',(4.381997579706,6.374999389655,0.E+000));
#13263 = LINE('',#13264,#13265);
#13264 = CARTESIAN_POINT('',(3.873997579706,6.37499936745,0.E+000));
#13265 = VECTOR('',#13266,1.);
#13266 = DIRECTION('',(1.,4.371138828674E-008,0.E+000));
#13267 = ORIENTED_EDGE('',*,*,#13268,.T.);
#13268 = EDGE_CURVE('',#13261,#13269,#13271,.T.);
#13269 = VERTEX_POINT('',#13270);
#13270 = CARTESIAN_POINT('',(4.381997603048,5.840999389655,0.E+000));
#13271 = LINE('',#13272,#13273);
#13272 = CARTESIAN_POINT('',(4.381997579706,6.374999389655,0.E+000));
#13273 = VECTOR('',#13274,1.);
#13274 = DIRECTION('',(4.371138828674E-008,-1.,0.E+000));
#13275 = ORIENTED_EDGE('',*,*,#13276,.T.);
#13276 = EDGE_CURVE('',#13269,#13251,#13277,.T.);
#13277 = LINE('',#13278,#13279);
#13278 = CARTESIAN_POINT('',(4.381997603048,5.840999389655,0.E+000));
#13279 = VECTOR('',#13280,1.);
#13280 = DIRECTION('',(-1.,-4.371138828674E-008,0.E+000));
#13281 = PLANE('',#13282);
#13282 = AXIS2_PLACEMENT_3D('',#13283,#13284,#13285);
#13283 = CARTESIAN_POINT('',(3.873997603048,5.84099936745,0.E+000));
#13284 = DIRECTION('',(-0.E+000,0.E+000,-1.));
#13285 = DIRECTION('',(-1.,-4.371138828674E-008,0.E+000));
#13286 = SHELL_BASED_SURFACE_MODEL('',(#13287));
#13287 = OPEN_SHELL('',(#13288));
#13288 = ADVANCED_FACE('',(#13289),#13323,.T.);
#13289 = FACE_BOUND('',#13290,.T.);
#13290 = EDGE_LOOP('',(#13291,#13301,#13309,#13317));
#13291 = ORIENTED_EDGE('',*,*,#13292,.T.);
#13292 = EDGE_CURVE('',#13293,#13295,#13297,.T.);
#13293 = VERTEX_POINT('',#13294);
#13294 = CARTESIAN_POINT('',(4.381997603048,5.840999389655,5.1E-002));
#13295 = VERTEX_POINT('',#13296);
#13296 = CARTESIAN_POINT('',(4.381997579706,6.374999389655,5.1E-002));
#13297 = LINE('',#13298,#13299);
#13298 = CARTESIAN_POINT('',(4.381997603048,5.840999389655,5.1E-002));
#13299 = VECTOR('',#13300,1.);
#13300 = DIRECTION('',(-4.371138828674E-008,1.,0.E+000));
#13301 = ORIENTED_EDGE('',*,*,#13302,.T.);
#13302 = EDGE_CURVE('',#13295,#13303,#13305,.T.);
#13303 = VERTEX_POINT('',#13304);
#13304 = CARTESIAN_POINT('',(3.873997579706,6.37499936745,5.1E-002));
#13305 = LINE('',#13306,#13307);
#13306 = CARTESIAN_POINT('',(4.381997579706,6.374999389655,5.1E-002));
#13307 = VECTOR('',#13308,1.);
#13308 = DIRECTION('',(-1.,-4.371138828674E-008,0.E+000));
#13309 = ORIENTED_EDGE('',*,*,#13310,.T.);
#13310 = EDGE_CURVE('',#13303,#13311,#13313,.T.);
#13311 = VERTEX_POINT('',#13312);
#13312 = CARTESIAN_POINT('',(3.873997603048,5.84099936745,5.1E-002));
#13313 = LINE('',#13314,#13315);
#13314 = CARTESIAN_POINT('',(3.873997579706,6.37499936745,5.1E-002));
#13315 = VECTOR('',#13316,1.);
#13316 = DIRECTION('',(4.371138828674E-008,-1.,0.E+000));
#13317 = ORIENTED_EDGE('',*,*,#13318,.T.);
#13318 = EDGE_CURVE('',#13311,#13293,#13319,.T.);
#13319 = LINE('',#13320,#13321);
#13320 = CARTESIAN_POINT('',(3.873997603048,5.84099936745,5.1E-002));
#13321 = VECTOR('',#13322,1.);
#13322 = DIRECTION('',(1.,4.371138828674E-008,0.E+000));
#13323 = PLANE('',#13324);
#13324 = AXIS2_PLACEMENT_3D('',#13325,#13326,#13327);
#13325 = CARTESIAN_POINT('',(4.381997603048,5.840999389655,5.1E-002));
#13326 = DIRECTION('',(0.E+000,0.E+000,1.));
#13327 = DIRECTION('',(-1.,-4.371138828674E-008,0.E+000));
#13328 = SHELL_BASED_SURFACE_MODEL('',(#13329));
#13329 = OPEN_SHELL('',(#13330));
#13330 = ADVANCED_FACE('',(#13331),#13365,.T.);
#13331 = FACE_BOUND('',#13332,.T.);
#13332 = EDGE_LOOP('',(#13333,#13343,#13351,#13359));
#13333 = ORIENTED_EDGE('',*,*,#13334,.F.);
#13334 = EDGE_CURVE('',#13335,#13337,#13339,.T.);
#13335 = VERTEX_POINT('',#13336);
#13336 = CARTESIAN_POINT('',(4.38199761249,5.624999389655,0.E+000));
#13337 = VERTEX_POINT('',#13338);
#13338 = CARTESIAN_POINT('',(4.381997635832,5.090999389655,0.E+000));
#13339 = LINE('',#13340,#13341);
#13340 = CARTESIAN_POINT('',(4.38199761249,5.624999389655,0.E+000));
#13341 = VECTOR('',#13342,1.);
#13342 = DIRECTION('',(4.371138828674E-008,-1.,0.E+000));
#13343 = ORIENTED_EDGE('',*,*,#13344,.F.);
#13344 = EDGE_CURVE('',#13345,#13335,#13347,.T.);
#13345 = VERTEX_POINT('',#13346);
#13346 = CARTESIAN_POINT('',(4.38199761249,5.624999389655,5.1E-002));
#13347 = LINE('',#13348,#13349);
#13348 = CARTESIAN_POINT('',(4.38199761249,5.624999389655,5.1E-002));
#13349 = VECTOR('',#13350,1.);
#13350 = DIRECTION('',(-0.E+000,0.E+000,-1.));
#13351 = ORIENTED_EDGE('',*,*,#13352,.F.);
#13352 = EDGE_CURVE('',#13353,#13345,#13355,.T.);
#13353 = VERTEX_POINT('',#13354);
#13354 = CARTESIAN_POINT('',(4.381997635832,5.090999389655,5.1E-002));
#13355 = LINE('',#13356,#13357);
#13356 = CARTESIAN_POINT('',(4.381997635832,5.090999389655,5.1E-002));
#13357 = VECTOR('',#13358,1.);
#13358 = DIRECTION('',(-4.371138828674E-008,1.,0.E+000));
#13359 = ORIENTED_EDGE('',*,*,#13360,.F.);
#13360 = EDGE_CURVE('',#13337,#13353,#13361,.T.);
#13361 = LINE('',#13362,#13363);
#13362 = CARTESIAN_POINT('',(4.381997635832,5.090999389655,0.E+000));
#13363 = VECTOR('',#13364,1.);
#13364 = DIRECTION('',(0.E+000,0.E+000,1.));
#13365 = PLANE('',#13366);
#13366 = AXIS2_PLACEMENT_3D('',#13367,#13368,#13369);
#13367 = CARTESIAN_POINT('',(4.381997635832,5.090999389655,0.E+000));
#13368 = DIRECTION('',(1.,4.371138828674E-008,0.E+000));
#13369 = DIRECTION('',(0.E+000,0.E+000,1.));
#13370 = SHELL_BASED_SURFACE_MODEL('',(#13371));
#13371 = OPEN_SHELL('',(#13372));
#13372 = ADVANCED_FACE('',(#13373),#13407,.T.);
#13373 = FACE_BOUND('',#13374,.T.);
#13374 = EDGE_LOOP('',(#13375,#13385,#13393,#13401));
#13375 = ORIENTED_EDGE('',*,*,#13376,.F.);
#13376 = EDGE_CURVE('',#13377,#13379,#13381,.T.);
#13377 = VERTEX_POINT('',#13378);
#13378 = CARTESIAN_POINT('',(3.87399761249,5.62499936745,0.E+000));
#13379 = VERTEX_POINT('',#13380);
#13380 = CARTESIAN_POINT('',(4.38199761249,5.624999389655,0.E+000));
#13381 = LINE('',#13382,#13383);
#13382 = CARTESIAN_POINT('',(3.87399761249,5.62499936745,0.E+000));
#13383 = VECTOR('',#13384,1.);
#13384 = DIRECTION('',(1.,4.371138828674E-008,0.E+000));
#13385 = ORIENTED_EDGE('',*,*,#13386,.F.);
#13386 = EDGE_CURVE('',#13387,#13377,#13389,.T.);
#13387 = VERTEX_POINT('',#13388);
#13388 = CARTESIAN_POINT('',(3.87399761249,5.62499936745,5.1E-002));
#13389 = LINE('',#13390,#13391);
#13390 = CARTESIAN_POINT('',(3.87399761249,5.62499936745,5.1E-002));
#13391 = VECTOR('',#13392,1.);
#13392 = DIRECTION('',(-0.E+000,0.E+000,-1.));
#13393 = ORIENTED_EDGE('',*,*,#13394,.F.);
#13394 = EDGE_CURVE('',#13395,#13387,#13397,.T.);
#13395 = VERTEX_POINT('',#13396);
#13396 = CARTESIAN_POINT('',(4.38199761249,5.624999389655,5.1E-002));
#13397 = LINE('',#13398,#13399);
#13398 = CARTESIAN_POINT('',(4.38199761249,5.624999389655,5.1E-002));
#13399 = VECTOR('',#13400,1.);
#13400 = DIRECTION('',(-1.,-4.371138828674E-008,0.E+000));
#13401 = ORIENTED_EDGE('',*,*,#13402,.T.);
#13402 = EDGE_CURVE('',#13395,#13379,#13403,.T.);
#13403 = LINE('',#13404,#13405);
#13404 = CARTESIAN_POINT('',(4.38199761249,5.624999389655,5.1E-002));
#13405 = VECTOR('',#13406,1.);
#13406 = DIRECTION('',(-0.E+000,0.E+000,-1.));
#13407 = PLANE('',#13408);
#13408 = AXIS2_PLACEMENT_3D('',#13409,#13410,#13411);
#13409 = CARTESIAN_POINT('',(4.38199761249,5.624999389655,0.E+000));
#13410 = DIRECTION('',(-4.371138828674E-008,1.,0.E+000));
#13411 = DIRECTION('',(0.E+000,0.E+000,1.));
#13412 = SHELL_BASED_SURFACE_MODEL('',(#13413));
#13413 = OPEN_SHELL('',(#13414));
#13414 = ADVANCED_FACE('',(#13415),#13449,.T.);
#13415 = FACE_BOUND('',#13416,.T.);
#13416 = EDGE_LOOP('',(#13417,#13427,#13435,#13443));
#13417 = ORIENTED_EDGE('',*,*,#13418,.F.);
#13418 = EDGE_CURVE('',#13419,#13421,#13423,.T.);
#13419 = VERTEX_POINT('',#13420);
#13420 = CARTESIAN_POINT('',(3.873997635832,5.09099936745,0.E+000));
#13421 = VERTEX_POINT('',#13422);
#13422 = CARTESIAN_POINT('',(3.87399761249,5.62499936745,0.E+000));
#13423 = LINE('',#13424,#13425);
#13424 = CARTESIAN_POINT('',(3.873997635832,5.09099936745,0.E+000));
#13425 = VECTOR('',#13426,1.);
#13426 = DIRECTION('',(-4.371138828674E-008,1.,0.E+000));
#13427 = ORIENTED_EDGE('',*,*,#13428,.F.);
#13428 = EDGE_CURVE('',#13429,#13419,#13431,.T.);
#13429 = VERTEX_POINT('',#13430);
#13430 = CARTESIAN_POINT('',(3.873997635832,5.09099936745,5.1E-002));
#13431 = LINE('',#13432,#13433);
#13432 = CARTESIAN_POINT('',(3.873997635832,5.09099936745,5.1E-002));
#13433 = VECTOR('',#13434,1.);
#13434 = DIRECTION('',(-0.E+000,0.E+000,-1.));
#13435 = ORIENTED_EDGE('',*,*,#13436,.F.);
#13436 = EDGE_CURVE('',#13437,#13429,#13439,.T.);
#13437 = VERTEX_POINT('',#13438);
#13438 = CARTESIAN_POINT('',(3.87399761249,5.62499936745,5.1E-002));
#13439 = LINE('',#13440,#13441);
#13440 = CARTESIAN_POINT('',(3.87399761249,5.62499936745,5.1E-002));
#13441 = VECTOR('',#13442,1.);
#13442 = DIRECTION('',(4.371138828674E-008,-1.,0.E+000));
#13443 = ORIENTED_EDGE('',*,*,#13444,.T.);
#13444 = EDGE_CURVE('',#13437,#13421,#13445,.T.);
#13445 = LINE('',#13446,#13447);
#13446 = CARTESIAN_POINT('',(3.87399761249,5.62499936745,5.1E-002));
#13447 = VECTOR('',#13448,1.);
#13448 = DIRECTION('',(-0.E+000,0.E+000,-1.));
#13449 = PLANE('',#13450);
#13450 = AXIS2_PLACEMENT_3D('',#13451,#13452,#13453);
#13451 = CARTESIAN_POINT('',(3.87399761249,5.62499936745,0.E+000));
#13452 = DIRECTION('',(-1.,-4.371138828674E-008,0.E+000));
#13453 = DIRECTION('',(0.E+000,0.E+000,1.));
#13454 = SHELL_BASED_SURFACE_MODEL('',(#13455));
#13455 = OPEN_SHELL('',(#13456));
#13456 = ADVANCED_FACE('',(#13457),#13491,.T.);
#13457 = FACE_BOUND('',#13458,.T.);
#13458 = EDGE_LOOP('',(#13459,#13469,#13477,#13485));
#13459 = ORIENTED_EDGE('',*,*,#13460,.F.);
#13460 = EDGE_CURVE('',#13461,#13463,#13465,.T.);
#13461 = VERTEX_POINT('',#13462);
#13462 = CARTESIAN_POINT('',(4.381997635832,5.090999389655,0.E+000));
#13463 = VERTEX_POINT('',#13464);
#13464 = CARTESIAN_POINT('',(3.873997635832,5.09099936745,0.E+000));
#13465 = LINE('',#13466,#13467);
#13466 = CARTESIAN_POINT('',(4.381997635832,5.090999389655,0.E+000));
#13467 = VECTOR('',#13468,1.);
#13468 = DIRECTION('',(-1.,-4.371138828674E-008,0.E+000));
#13469 = ORIENTED_EDGE('',*,*,#13470,.T.);
#13470 = EDGE_CURVE('',#13461,#13471,#13473,.T.);
#13471 = VERTEX_POINT('',#13472);
#13472 = CARTESIAN_POINT('',(4.381997635832,5.090999389655,5.1E-002));
#13473 = LINE('',#13474,#13475);
#13474 = CARTESIAN_POINT('',(4.381997635832,5.090999389655,0.E+000));
#13475 = VECTOR('',#13476,1.);
#13476 = DIRECTION('',(0.E+000,0.E+000,1.));
#13477 = ORIENTED_EDGE('',*,*,#13478,.F.);
#13478 = EDGE_CURVE('',#13479,#13471,#13481,.T.);
#13479 = VERTEX_POINT('',#13480);
#13480 = CARTESIAN_POINT('',(3.873997635832,5.09099936745,5.1E-002));
#13481 = LINE('',#13482,#13483);
#13482 = CARTESIAN_POINT('',(3.873997635832,5.09099936745,5.1E-002));
#13483 = VECTOR('',#13484,1.);
#13484 = DIRECTION('',(1.,4.371138828674E-008,0.E+000));
#13485 = ORIENTED_EDGE('',*,*,#13486,.T.);
#13486 = EDGE_CURVE('',#13479,#13463,#13487,.T.);
#13487 = LINE('',#13488,#13489);
#13488 = CARTESIAN_POINT('',(3.873997635832,5.09099936745,5.1E-002));
#13489 = VECTOR('',#13490,1.);
#13490 = DIRECTION('',(-0.E+000,0.E+000,-1.));
#13491 = PLANE('',#13492);
#13492 = AXIS2_PLACEMENT_3D('',#13493,#13494,#13495);
#13493 = CARTESIAN_POINT('',(3.873997635832,5.09099936745,0.E+000));
#13494 = DIRECTION('',(4.371138828674E-008,-1.,0.E+000));
#13495 = DIRECTION('',(0.E+000,0.E+000,1.));
#13496 = SHELL_BASED_SURFACE_MODEL('',(#13497));
#13497 = OPEN_SHELL('',(#13498));
#13498 = ADVANCED_FACE('',(#13499),#13533,.T.);
#13499 = FACE_BOUND('',#13500,.T.);
#13500 = EDGE_LOOP('',(#13501,#13511,#13519,#13527));
#13501 = ORIENTED_EDGE('',*,*,#13502,.T.);
#13502 = EDGE_CURVE('',#13503,#13505,#13507,.T.);
#13503 = VERTEX_POINT('',#13504);
#13504 = CARTESIAN_POINT('',(3.873997635832,5.09099936745,0.E+000));
#13505 = VERTEX_POINT('',#13506);
#13506 = CARTESIAN_POINT('',(3.87399761249,5.62499936745,0.E+000));
#13507 = LINE('',#13508,#13509);
#13508 = CARTESIAN_POINT('',(3.873997635832,5.09099936745,0.E+000));
#13509 = VECTOR('',#13510,1.);
#13510 = DIRECTION('',(-4.371138828674E-008,1.,0.E+000));
#13511 = ORIENTED_EDGE('',*,*,#13512,.T.);
#13512 = EDGE_CURVE('',#13505,#13513,#13515,.T.);
#13513 = VERTEX_POINT('',#13514);
#13514 = CARTESIAN_POINT('',(4.38199761249,5.624999389655,0.E+000));
#13515 = LINE('',#13516,#13517);
#13516 = CARTESIAN_POINT('',(3.87399761249,5.62499936745,0.E+000));
#13517 = VECTOR('',#13518,1.);
#13518 = DIRECTION('',(1.,4.371138828674E-008,0.E+000));
#13519 = ORIENTED_EDGE('',*,*,#13520,.T.);
#13520 = EDGE_CURVE('',#13513,#13521,#13523,.T.);
#13521 = VERTEX_POINT('',#13522);
#13522 = CARTESIAN_POINT('',(4.381997635832,5.090999389655,0.E+000));
#13523 = LINE('',#13524,#13525);
#13524 = CARTESIAN_POINT('',(4.38199761249,5.624999389655,0.E+000));
#13525 = VECTOR('',#13526,1.);
#13526 = DIRECTION('',(4.371138828674E-008,-1.,0.E+000));
#13527 = ORIENTED_EDGE('',*,*,#13528,.T.);
#13528 = EDGE_CURVE('',#13521,#13503,#13529,.T.);
#13529 = LINE('',#13530,#13531);
#13530 = CARTESIAN_POINT('',(4.381997635832,5.090999389655,0.E+000));
#13531 = VECTOR('',#13532,1.);
#13532 = DIRECTION('',(-1.,-4.371138828674E-008,0.E+000));
#13533 = PLANE('',#13534);
#13534 = AXIS2_PLACEMENT_3D('',#13535,#13536,#13537);
#13535 = CARTESIAN_POINT('',(3.873997635832,5.09099936745,0.E+000));
#13536 = DIRECTION('',(-0.E+000,0.E+000,-1.));
#13537 = DIRECTION('',(-1.,-4.371138828674E-008,0.E+000));
#13538 = SHELL_BASED_SURFACE_MODEL('',(#13539));
#13539 = OPEN_SHELL('',(#13540));
#13540 = ADVANCED_FACE('',(#13541),#13575,.T.);
#13541 = FACE_BOUND('',#13542,.T.);
#13542 = EDGE_LOOP('',(#13543,#13553,#13561,#13569));
#13543 = ORIENTED_EDGE('',*,*,#13544,.T.);
#13544 = EDGE_CURVE('',#13545,#13547,#13549,.T.);
#13545 = VERTEX_POINT('',#13546);
#13546 = CARTESIAN_POINT('',(4.381997635832,5.090999389655,5.1E-002));
#13547 = VERTEX_POINT('',#13548);
#13548 = CARTESIAN_POINT('',(4.38199761249,5.624999389655,5.1E-002));
#13549 = LINE('',#13550,#13551);
#13550 = CARTESIAN_POINT('',(4.381997635832,5.090999389655,5.1E-002));
#13551 = VECTOR('',#13552,1.);
#13552 = DIRECTION('',(-4.371138828674E-008,1.,0.E+000));
#13553 = ORIENTED_EDGE('',*,*,#13554,.T.);
#13554 = EDGE_CURVE('',#13547,#13555,#13557,.T.);
#13555 = VERTEX_POINT('',#13556);
#13556 = CARTESIAN_POINT('',(3.87399761249,5.62499936745,5.1E-002));
#13557 = LINE('',#13558,#13559);
#13558 = CARTESIAN_POINT('',(4.38199761249,5.624999389655,5.1E-002));
#13559 = VECTOR('',#13560,1.);
#13560 = DIRECTION('',(-1.,-4.371138828674E-008,0.E+000));
#13561 = ORIENTED_EDGE('',*,*,#13562,.T.);
#13562 = EDGE_CURVE('',#13555,#13563,#13565,.T.);
#13563 = VERTEX_POINT('',#13564);
#13564 = CARTESIAN_POINT('',(3.873997635832,5.09099936745,5.1E-002));
#13565 = LINE('',#13566,#13567);
#13566 = CARTESIAN_POINT('',(3.87399761249,5.62499936745,5.1E-002));
#13567 = VECTOR('',#13568,1.);
#13568 = DIRECTION('',(4.371138828674E-008,-1.,0.E+000));
#13569 = ORIENTED_EDGE('',*,*,#13570,.T.);
#13570 = EDGE_CURVE('',#13563,#13545,#13571,.T.);
#13571 = LINE('',#13572,#13573);
#13572 = CARTESIAN_POINT('',(3.873997635832,5.09099936745,5.1E-002));
#13573 = VECTOR('',#13574,1.);
#13574 = DIRECTION('',(1.,4.371138828674E-008,0.E+000));
#13575 = PLANE('',#13576);
#13576 = AXIS2_PLACEMENT_3D('',#13577,#13578,#13579);
#13577 = CARTESIAN_POINT('',(4.381997635832,5.090999389655,5.1E-002));
#13578 = DIRECTION('',(0.E+000,0.E+000,1.));
#13579 = DIRECTION('',(-1.,-4.371138828674E-008,0.E+000));
#13580 = SHELL_BASED_SURFACE_MODEL('',(#13581));
#13581 = OPEN_SHELL('',(#13582));
#13582 = ADVANCED_FACE('',(#13583),#13617,.T.);
#13583 = FACE_BOUND('',#13584,.T.);
#13584 = EDGE_LOOP('',(#13585,#13595,#13603,#13611));
#13585 = ORIENTED_EDGE('',*,*,#13586,.F.);
#13586 = EDGE_CURVE('',#13587,#13589,#13591,.T.);
#13587 = VERTEX_POINT('',#13588);
#13588 = CARTESIAN_POINT('',(4.381997645273,4.874999389655,0.E+000));
#13589 = VERTEX_POINT('',#13590);
#13590 = CARTESIAN_POINT('',(4.381997668615,4.340999389655,0.E+000));
#13591 = LINE('',#13592,#13593);
#13592 = CARTESIAN_POINT('',(4.381997645273,4.874999389655,0.E+000));
#13593 = VECTOR('',#13594,1.);
#13594 = DIRECTION('',(4.371138828674E-008,-1.,0.E+000));
#13595 = ORIENTED_EDGE('',*,*,#13596,.F.);
#13596 = EDGE_CURVE('',#13597,#13587,#13599,.T.);
#13597 = VERTEX_POINT('',#13598);
#13598 = CARTESIAN_POINT('',(4.381997645273,4.874999389655,5.1E-002));
#13599 = LINE('',#13600,#13601);
#13600 = CARTESIAN_POINT('',(4.381997645273,4.874999389655,5.1E-002));
#13601 = VECTOR('',#13602,1.);
#13602 = DIRECTION('',(-0.E+000,0.E+000,-1.));
#13603 = ORIENTED_EDGE('',*,*,#13604,.F.);
#13604 = EDGE_CURVE('',#13605,#13597,#13607,.T.);
#13605 = VERTEX_POINT('',#13606);
#13606 = CARTESIAN_POINT('',(4.381997668615,4.340999389655,5.1E-002));
#13607 = LINE('',#13608,#13609);
#13608 = CARTESIAN_POINT('',(4.381997668615,4.340999389655,5.1E-002));
#13609 = VECTOR('',#13610,1.);
#13610 = DIRECTION('',(-4.371138828674E-008,1.,0.E+000));
#13611 = ORIENTED_EDGE('',*,*,#13612,.F.);
#13612 = EDGE_CURVE('',#13589,#13605,#13613,.T.);
#13613 = LINE('',#13614,#13615);
#13614 = CARTESIAN_POINT('',(4.381997668615,4.340999389655,0.E+000));
#13615 = VECTOR('',#13616,1.);
#13616 = DIRECTION('',(0.E+000,0.E+000,1.));
#13617 = PLANE('',#13618);
#13618 = AXIS2_PLACEMENT_3D('',#13619,#13620,#13621);
#13619 = CARTESIAN_POINT('',(4.381997668615,4.340999389655,0.E+000));
#13620 = DIRECTION('',(1.,4.371138828674E-008,0.E+000));
#13621 = DIRECTION('',(0.E+000,0.E+000,1.));
#13622 = SHELL_BASED_SURFACE_MODEL('',(#13623));
#13623 = OPEN_SHELL('',(#13624));
#13624 = ADVANCED_FACE('',(#13625),#13659,.T.);
#13625 = FACE_BOUND('',#13626,.T.);
#13626 = EDGE_LOOP('',(#13627,#13637,#13645,#13653));
#13627 = ORIENTED_EDGE('',*,*,#13628,.F.);
#13628 = EDGE_CURVE('',#13629,#13631,#13633,.T.);
#13629 = VERTEX_POINT('',#13630);
#13630 = CARTESIAN_POINT('',(3.873997645273,4.87499936745,0.E+000));
#13631 = VERTEX_POINT('',#13632);
#13632 = CARTESIAN_POINT('',(4.381997645273,4.874999389655,0.E+000));
#13633 = LINE('',#13634,#13635);
#13634 = CARTESIAN_POINT('',(3.873997645273,4.87499936745,0.E+000));
#13635 = VECTOR('',#13636,1.);
#13636 = DIRECTION('',(1.,4.371138828674E-008,0.E+000));
#13637 = ORIENTED_EDGE('',*,*,#13638,.F.);
#13638 = EDGE_CURVE('',#13639,#13629,#13641,.T.);
#13639 = VERTEX_POINT('',#13640);
#13640 = CARTESIAN_POINT('',(3.873997645273,4.87499936745,5.1E-002));
#13641 = LINE('',#13642,#13643);
#13642 = CARTESIAN_POINT('',(3.873997645273,4.87499936745,5.1E-002));
#13643 = VECTOR('',#13644,1.);
#13644 = DIRECTION('',(-0.E+000,0.E+000,-1.));
#13645 = ORIENTED_EDGE('',*,*,#13646,.F.);
#13646 = EDGE_CURVE('',#13647,#13639,#13649,.T.);
#13647 = VERTEX_POINT('',#13648);
#13648 = CARTESIAN_POINT('',(4.381997645273,4.874999389655,5.1E-002));
#13649 = LINE('',#13650,#13651);
#13650 = CARTESIAN_POINT('',(4.381997645273,4.874999389655,5.1E-002));
#13651 = VECTOR('',#13652,1.);
#13652 = DIRECTION('',(-1.,-4.371138828674E-008,0.E+000));
#13653 = ORIENTED_EDGE('',*,*,#13654,.T.);
#13654 = EDGE_CURVE('',#13647,#13631,#13655,.T.);
#13655 = LINE('',#13656,#13657);
#13656 = CARTESIAN_POINT('',(4.381997645273,4.874999389655,5.1E-002));
#13657 = VECTOR('',#13658,1.);
#13658 = DIRECTION('',(-0.E+000,0.E+000,-1.));
#13659 = PLANE('',#13660);
#13660 = AXIS2_PLACEMENT_3D('',#13661,#13662,#13663);
#13661 = CARTESIAN_POINT('',(4.381997645273,4.874999389655,0.E+000));
#13662 = DIRECTION('',(-4.371138828674E-008,1.,0.E+000));
#13663 = DIRECTION('',(0.E+000,0.E+000,1.));
#13664 = SHELL_BASED_SURFACE_MODEL('',(#13665));
#13665 = OPEN_SHELL('',(#13666));
#13666 = ADVANCED_FACE('',(#13667),#13701,.T.);
#13667 = FACE_BOUND('',#13668,.T.);
#13668 = EDGE_LOOP('',(#13669,#13679,#13687,#13695));
#13669 = ORIENTED_EDGE('',*,*,#13670,.F.);
#13670 = EDGE_CURVE('',#13671,#13673,#13675,.T.);
#13671 = VERTEX_POINT('',#13672);
#13672 = CARTESIAN_POINT('',(3.873997668615,4.34099936745,0.E+000));
#13673 = VERTEX_POINT('',#13674);
#13674 = CARTESIAN_POINT('',(3.873997645273,4.87499936745,0.E+000));
#13675 = LINE('',#13676,#13677);
#13676 = CARTESIAN_POINT('',(3.873997668615,4.34099936745,0.E+000));
#13677 = VECTOR('',#13678,1.);
#13678 = DIRECTION('',(-4.371138828674E-008,1.,0.E+000));
#13679 = ORIENTED_EDGE('',*,*,#13680,.F.);
#13680 = EDGE_CURVE('',#13681,#13671,#13683,.T.);
#13681 = VERTEX_POINT('',#13682);
#13682 = CARTESIAN_POINT('',(3.873997668615,4.34099936745,5.1E-002));
#13683 = LINE('',#13684,#13685);
#13684 = CARTESIAN_POINT('',(3.873997668615,4.34099936745,5.1E-002));
#13685 = VECTOR('',#13686,1.);
#13686 = DIRECTION('',(-0.E+000,0.E+000,-1.));
#13687 = ORIENTED_EDGE('',*,*,#13688,.F.);
#13688 = EDGE_CURVE('',#13689,#13681,#13691,.T.);
#13689 = VERTEX_POINT('',#13690);
#13690 = CARTESIAN_POINT('',(3.873997645273,4.87499936745,5.1E-002));
#13691 = LINE('',#13692,#13693);
#13692 = CARTESIAN_POINT('',(3.873997645273,4.87499936745,5.1E-002));
#13693 = VECTOR('',#13694,1.);
#13694 = DIRECTION('',(4.371138828674E-008,-1.,0.E+000));
#13695 = ORIENTED_EDGE('',*,*,#13696,.T.);
#13696 = EDGE_CURVE('',#13689,#13673,#13697,.T.);
#13697 = LINE('',#13698,#13699);
#13698 = CARTESIAN_POINT('',(3.873997645273,4.87499936745,5.1E-002));
#13699 = VECTOR('',#13700,1.);
#13700 = DIRECTION('',(-0.E+000,0.E+000,-1.));
#13701 = PLANE('',#13702);
#13702 = AXIS2_PLACEMENT_3D('',#13703,#13704,#13705);
#13703 = CARTESIAN_POINT('',(3.873997645273,4.87499936745,0.E+000));
#13704 = DIRECTION('',(-1.,-4.371138828674E-008,0.E+000));
#13705 = DIRECTION('',(0.E+000,0.E+000,1.));
#13706 = SHELL_BASED_SURFACE_MODEL('',(#13707));
#13707 = OPEN_SHELL('',(#13708));
#13708 = ADVANCED_FACE('',(#13709),#13743,.T.);
#13709 = FACE_BOUND('',#13710,.T.);
#13710 = EDGE_LOOP('',(#13711,#13721,#13729,#13737));
#13711 = ORIENTED_EDGE('',*,*,#13712,.F.);
#13712 = EDGE_CURVE('',#13713,#13715,#13717,.T.);
#13713 = VERTEX_POINT('',#13714);
#13714 = CARTESIAN_POINT('',(4.381997668615,4.340999389655,0.E+000));
#13715 = VERTEX_POINT('',#13716);
#13716 = CARTESIAN_POINT('',(3.873997668615,4.34099936745,0.E+000));
#13717 = LINE('',#13718,#13719);
#13718 = CARTESIAN_POINT('',(4.381997668615,4.340999389655,0.E+000));
#13719 = VECTOR('',#13720,1.);
#13720 = DIRECTION('',(-1.,-4.371138828674E-008,0.E+000));
#13721 = ORIENTED_EDGE('',*,*,#13722,.T.);
#13722 = EDGE_CURVE('',#13713,#13723,#13725,.T.);
#13723 = VERTEX_POINT('',#13724);
#13724 = CARTESIAN_POINT('',(4.381997668615,4.340999389655,5.1E-002));
#13725 = LINE('',#13726,#13727);
#13726 = CARTESIAN_POINT('',(4.381997668615,4.340999389655,0.E+000));
#13727 = VECTOR('',#13728,1.);
#13728 = DIRECTION('',(0.E+000,0.E+000,1.));
#13729 = ORIENTED_EDGE('',*,*,#13730,.F.);
#13730 = EDGE_CURVE('',#13731,#13723,#13733,.T.);
#13731 = VERTEX_POINT('',#13732);
#13732 = CARTESIAN_POINT('',(3.873997668615,4.34099936745,5.1E-002));
#13733 = LINE('',#13734,#13735);
#13734 = CARTESIAN_POINT('',(3.873997668615,4.34099936745,5.1E-002));
#13735 = VECTOR('',#13736,1.);
#13736 = DIRECTION('',(1.,4.371138828674E-008,0.E+000));
#13737 = ORIENTED_EDGE('',*,*,#13738,.T.);
#13738 = EDGE_CURVE('',#13731,#13715,#13739,.T.);
#13739 = LINE('',#13740,#13741);
#13740 = CARTESIAN_POINT('',(3.873997668615,4.34099936745,5.1E-002));
#13741 = VECTOR('',#13742,1.);
#13742 = DIRECTION('',(-0.E+000,0.E+000,-1.));
#13743 = PLANE('',#13744);
#13744 = AXIS2_PLACEMENT_3D('',#13745,#13746,#13747);
#13745 = CARTESIAN_POINT('',(3.873997668615,4.34099936745,0.E+000));
#13746 = DIRECTION('',(4.371138828674E-008,-1.,0.E+000));
#13747 = DIRECTION('',(0.E+000,0.E+000,1.));
#13748 = SHELL_BASED_SURFACE_MODEL('',(#13749));
#13749 = OPEN_SHELL('',(#13750));
#13750 = ADVANCED_FACE('',(#13751),#13785,.T.);
#13751 = FACE_BOUND('',#13752,.T.);
#13752 = EDGE_LOOP('',(#13753,#13763,#13771,#13779));
#13753 = ORIENTED_EDGE('',*,*,#13754,.T.);
#13754 = EDGE_CURVE('',#13755,#13757,#13759,.T.);
#13755 = VERTEX_POINT('',#13756);
#13756 = CARTESIAN_POINT('',(3.873997668615,4.34099936745,0.E+000));
#13757 = VERTEX_POINT('',#13758);
#13758 = CARTESIAN_POINT('',(3.873997645273,4.87499936745,0.E+000));
#13759 = LINE('',#13760,#13761);
#13760 = CARTESIAN_POINT('',(3.873997668615,4.34099936745,0.E+000));
#13761 = VECTOR('',#13762,1.);
#13762 = DIRECTION('',(-4.371138828674E-008,1.,0.E+000));
#13763 = ORIENTED_EDGE('',*,*,#13764,.T.);
#13764 = EDGE_CURVE('',#13757,#13765,#13767,.T.);
#13765 = VERTEX_POINT('',#13766);
#13766 = CARTESIAN_POINT('',(4.381997645273,4.874999389655,0.E+000));
#13767 = LINE('',#13768,#13769);
#13768 = CARTESIAN_POINT('',(3.873997645273,4.87499936745,0.E+000));
#13769 = VECTOR('',#13770,1.);
#13770 = DIRECTION('',(1.,4.371138828674E-008,0.E+000));
#13771 = ORIENTED_EDGE('',*,*,#13772,.T.);
#13772 = EDGE_CURVE('',#13765,#13773,#13775,.T.);
#13773 = VERTEX_POINT('',#13774);
#13774 = CARTESIAN_POINT('',(4.381997668615,4.340999389655,0.E+000));
#13775 = LINE('',#13776,#13777);
#13776 = CARTESIAN_POINT('',(4.381997645273,4.874999389655,0.E+000));
#13777 = VECTOR('',#13778,1.);
#13778 = DIRECTION('',(4.371138828674E-008,-1.,0.E+000));
#13779 = ORIENTED_EDGE('',*,*,#13780,.T.);
#13780 = EDGE_CURVE('',#13773,#13755,#13781,.T.);
#13781 = LINE('',#13782,#13783);
#13782 = CARTESIAN_POINT('',(4.381997668615,4.340999389655,0.E+000));
#13783 = VECTOR('',#13784,1.);
#13784 = DIRECTION('',(-1.,-4.371138828674E-008,0.E+000));
#13785 = PLANE('',#13786);
#13786 = AXIS2_PLACEMENT_3D('',#13787,#13788,#13789);
#13787 = CARTESIAN_POINT('',(3.873997668615,4.34099936745,0.E+000));
#13788 = DIRECTION('',(-0.E+000,0.E+000,-1.));
#13789 = DIRECTION('',(-1.,-4.371138828674E-008,0.E+000));
#13790 = SHELL_BASED_SURFACE_MODEL('',(#13791));
#13791 = OPEN_SHELL('',(#13792));
#13792 = ADVANCED_FACE('',(#13793),#13827,.T.);
#13793 = FACE_BOUND('',#13794,.T.);
#13794 = EDGE_LOOP('',(#13795,#13805,#13813,#13821));
#13795 = ORIENTED_EDGE('',*,*,#13796,.T.);
#13796 = EDGE_CURVE('',#13797,#13799,#13801,.T.);
#13797 = VERTEX_POINT('',#13798);
#13798 = CARTESIAN_POINT('',(4.381997668615,4.340999389655,5.1E-002));
#13799 = VERTEX_POINT('',#13800);
#13800 = CARTESIAN_POINT('',(4.381997645273,4.874999389655,5.1E-002));
#13801 = LINE('',#13802,#13803);
#13802 = CARTESIAN_POINT('',(4.381997668615,4.340999389655,5.1E-002));
#13803 = VECTOR('',#13804,1.);
#13804 = DIRECTION('',(-4.371138828674E-008,1.,0.E+000));
#13805 = ORIENTED_EDGE('',*,*,#13806,.T.);
#13806 = EDGE_CURVE('',#13799,#13807,#13809,.T.);
#13807 = VERTEX_POINT('',#13808);
#13808 = CARTESIAN_POINT('',(3.873997645273,4.87499936745,5.1E-002));
#13809 = LINE('',#13810,#13811);
#13810 = CARTESIAN_POINT('',(4.381997645273,4.874999389655,5.1E-002));
#13811 = VECTOR('',#13812,1.);
#13812 = DIRECTION('',(-1.,-4.371138828674E-008,0.E+000));
#13813 = ORIENTED_EDGE('',*,*,#13814,.T.);
#13814 = EDGE_CURVE('',#13807,#13815,#13817,.T.);
#13815 = VERTEX_POINT('',#13816);
#13816 = CARTESIAN_POINT('',(3.873997668615,4.34099936745,5.1E-002));
#13817 = LINE('',#13818,#13819);
#13818 = CARTESIAN_POINT('',(3.873997645273,4.87499936745,5.1E-002));
#13819 = VECTOR('',#13820,1.);
#13820 = DIRECTION('',(4.371138828674E-008,-1.,0.E+000));
#13821 = ORIENTED_EDGE('',*,*,#13822,.T.);
#13822 = EDGE_CURVE('',#13815,#13797,#13823,.T.);
#13823 = LINE('',#13824,#13825);
#13824 = CARTESIAN_POINT('',(3.873997668615,4.34099936745,5.1E-002));
#13825 = VECTOR('',#13826,1.);
#13826 = DIRECTION('',(1.,4.371138828674E-008,0.E+000));
#13827 = PLANE('',#13828);
#13828 = AXIS2_PLACEMENT_3D('',#13829,#13830,#13831);
#13829 = CARTESIAN_POINT('',(4.381997668615,4.340999389655,5.1E-002));
#13830 = DIRECTION('',(0.E+000,0.E+000,1.));
#13831 = DIRECTION('',(-1.,-4.371138828674E-008,0.E+000));
#13832 = SHELL_BASED_SURFACE_MODEL('',(#13833));
#13833 = OPEN_SHELL('',(#13834));
#13834 = ADVANCED_FACE('',(#13835),#13869,.T.);
#13835 = FACE_BOUND('',#13836,.T.);
#13836 = EDGE_LOOP('',(#13837,#13847,#13855,#13863));
#13837 = ORIENTED_EDGE('',*,*,#13838,.F.);
#13838 = EDGE_CURVE('',#13839,#13841,#13843,.T.);
#13839 = VERTEX_POINT('',#13840);
#13840 = CARTESIAN_POINT('',(6.489997423132,9.956999481799,5.1E-002));
#13841 = VERTEX_POINT('',#13842);
#13842 = CARTESIAN_POINT('',(6.489997694055,3.758999481799,5.1E-002));
#13843 = LINE('',#13844,#13845);
#13844 = CARTESIAN_POINT('',(6.489997423132,9.956999481799,5.1E-002));
#13845 = VECTOR('',#13846,1.);
#13846 = DIRECTION('',(4.371138828674E-008,-1.,0.E+000));
#13847 = ORIENTED_EDGE('',*,*,#13848,.F.);
#13848 = EDGE_CURVE('',#13849,#13839,#13851,.T.);
#13849 = VERTEX_POINT('',#13850);
#13850 = CARTESIAN_POINT('',(6.489997423132,9.956999481799,1.651));
#13851 = LINE('',#13852,#13853);
#13852 = CARTESIAN_POINT('',(6.489997423132,9.956999481799,1.651));
#13853 = VECTOR('',#13854,1.);
#13854 = DIRECTION('',(-0.E+000,0.E+000,-1.));
#13855 = ORIENTED_EDGE('',*,*,#13856,.F.);
#13856 = EDGE_CURVE('',#13857,#13849,#13859,.T.);
#13857 = VERTEX_POINT('',#13858);
#13858 = CARTESIAN_POINT('',(6.489997694055,3.758999481799,1.651));
#13859 = LINE('',#13860,#13861);
#13860 = CARTESIAN_POINT('',(6.489997694055,3.758999481799,1.651));
#13861 = VECTOR('',#13862,1.);
#13862 = DIRECTION('',(-4.371138828674E-008,1.,0.E+000));
#13863 = ORIENTED_EDGE('',*,*,#13864,.F.);
#13864 = EDGE_CURVE('',#13841,#13857,#13865,.T.);
#13865 = LINE('',#13866,#13867);
#13866 = CARTESIAN_POINT('',(6.489997694055,3.758999481799,5.1E-002));
#13867 = VECTOR('',#13868,1.);
#13868 = DIRECTION('',(0.E+000,0.E+000,1.));
#13869 = PLANE('',#13870);
#13870 = AXIS2_PLACEMENT_3D('',#13871,#13872,#13873);
#13871 = CARTESIAN_POINT('',(6.489997694055,3.758999481799,5.1E-002));
#13872 = DIRECTION('',(1.,4.371138828674E-008,0.E+000));
#13873 = DIRECTION('',(0.E+000,0.E+000,1.));
#13874 = SHELL_BASED_SURFACE_MODEL('',(#13875));
#13875 = OPEN_SHELL('',(#13876));
#13876 = ADVANCED_FACE('',(#13877),#13911,.T.);
#13877 = FACE_BOUND('',#13878,.T.);
#13878 = EDGE_LOOP('',(#13879,#13889,#13897,#13905));
#13879 = ORIENTED_EDGE('',*,*,#13880,.F.);
#13880 = EDGE_CURVE('',#13881,#13883,#13885,.T.);
#13881 = VERTEX_POINT('',#13882);
#13882 = CARTESIAN_POINT('',(3.669997423132,9.956999358533,5.1E-002));
#13883 = VERTEX_POINT('',#13884);
#13884 = CARTESIAN_POINT('',(6.489997423132,9.956999481799,5.1E-002));
#13885 = LINE('',#13886,#13887);
#13886 = CARTESIAN_POINT('',(3.669997423132,9.956999358533,5.1E-002));
#13887 = VECTOR('',#13888,1.);
#13888 = DIRECTION('',(1.,4.371138828674E-008,0.E+000));
#13889 = ORIENTED_EDGE('',*,*,#13890,.F.);
#13890 = EDGE_CURVE('',#13891,#13881,#13893,.T.);
#13891 = VERTEX_POINT('',#13892);
#13892 = CARTESIAN_POINT('',(3.669997423132,9.956999358533,1.651));
#13893 = LINE('',#13894,#13895);
#13894 = CARTESIAN_POINT('',(3.669997423132,9.956999358533,1.651));
#13895 = VECTOR('',#13896,1.);
#13896 = DIRECTION('',(-0.E+000,0.E+000,-1.));
#13897 = ORIENTED_EDGE('',*,*,#13898,.F.);
#13898 = EDGE_CURVE('',#13899,#13891,#13901,.T.);
#13899 = VERTEX_POINT('',#13900);
#13900 = CARTESIAN_POINT('',(6.489997423132,9.956999481799,1.651));
#13901 = LINE('',#13902,#13903);
#13902 = CARTESIAN_POINT('',(6.489997423132,9.956999481799,1.651));
#13903 = VECTOR('',#13904,1.);
#13904 = DIRECTION('',(-1.,-4.371138828674E-008,0.E+000));
#13905 = ORIENTED_EDGE('',*,*,#13906,.T.);
#13906 = EDGE_CURVE('',#13899,#13883,#13907,.T.);
#13907 = LINE('',#13908,#13909);
#13908 = CARTESIAN_POINT('',(6.489997423132,9.956999481799,1.651));
#13909 = VECTOR('',#13910,1.);
#13910 = DIRECTION('',(-0.E+000,0.E+000,-1.));
#13911 = PLANE('',#13912);
#13912 = AXIS2_PLACEMENT_3D('',#13913,#13914,#13915);
#13913 = CARTESIAN_POINT('',(6.489997423132,9.956999481799,5.1E-002));
#13914 = DIRECTION('',(-4.371138828674E-008,1.,0.E+000));
#13915 = DIRECTION('',(0.E+000,0.E+000,1.));
#13916 = SHELL_BASED_SURFACE_MODEL('',(#13917));
#13917 = OPEN_SHELL('',(#13918));
#13918 = ADVANCED_FACE('',(#13919),#13953,.T.);
#13919 = FACE_BOUND('',#13920,.T.);
#13920 = EDGE_LOOP('',(#13921,#13931,#13939,#13947));
#13921 = ORIENTED_EDGE('',*,*,#13922,.F.);
#13922 = EDGE_CURVE('',#13923,#13925,#13927,.T.);
#13923 = VERTEX_POINT('',#13924);
#13924 = CARTESIAN_POINT('',(3.669997694055,3.758999358533,5.1E-002));
#13925 = VERTEX_POINT('',#13926);
#13926 = CARTESIAN_POINT('',(3.669997423132,9.956999358533,5.1E-002));
#13927 = LINE('',#13928,#13929);
#13928 = CARTESIAN_POINT('',(3.669997694055,3.758999358533,5.1E-002));
#13929 = VECTOR('',#13930,1.);
#13930 = DIRECTION('',(-4.371138828674E-008,1.,0.E+000));
#13931 = ORIENTED_EDGE('',*,*,#13932,.F.);
#13932 = EDGE_CURVE('',#13933,#13923,#13935,.T.);
#13933 = VERTEX_POINT('',#13934);
#13934 = CARTESIAN_POINT('',(3.669997694055,3.758999358533,1.651));
#13935 = LINE('',#13936,#13937);
#13936 = CARTESIAN_POINT('',(3.669997694055,3.758999358533,1.651));
#13937 = VECTOR('',#13938,1.);
#13938 = DIRECTION('',(-0.E+000,0.E+000,-1.));
#13939 = ORIENTED_EDGE('',*,*,#13940,.F.);
#13940 = EDGE_CURVE('',#13941,#13933,#13943,.T.);
#13941 = VERTEX_POINT('',#13942);
#13942 = CARTESIAN_POINT('',(3.669997423132,9.956999358533,1.651));
#13943 = LINE('',#13944,#13945);
#13944 = CARTESIAN_POINT('',(3.669997423132,9.956999358533,1.651));
#13945 = VECTOR('',#13946,1.);
#13946 = DIRECTION('',(4.371138828674E-008,-1.,0.E+000));
#13947 = ORIENTED_EDGE('',*,*,#13948,.T.);
#13948 = EDGE_CURVE('',#13941,#13925,#13949,.T.);
#13949 = LINE('',#13950,#13951);
#13950 = CARTESIAN_POINT('',(3.669997423132,9.956999358533,1.651));
#13951 = VECTOR('',#13952,1.);
#13952 = DIRECTION('',(-0.E+000,0.E+000,-1.));
#13953 = PLANE('',#13954);
#13954 = AXIS2_PLACEMENT_3D('',#13955,#13956,#13957);
#13955 = CARTESIAN_POINT('',(3.669997423132,9.956999358533,5.1E-002));
#13956 = DIRECTION('',(-1.,-4.371138828674E-008,0.E+000));
#13957 = DIRECTION('',(0.E+000,0.E+000,1.));
#13958 = SHELL_BASED_SURFACE_MODEL('',(#13959));
#13959 = OPEN_SHELL('',(#13960));
#13960 = ADVANCED_FACE('',(#13961),#13995,.T.);
#13961 = FACE_BOUND('',#13962,.T.);
#13962 = EDGE_LOOP('',(#13963,#13973,#13981,#13989));
#13963 = ORIENTED_EDGE('',*,*,#13964,.F.);
#13964 = EDGE_CURVE('',#13965,#13967,#13969,.T.);
#13965 = VERTEX_POINT('',#13966);
#13966 = CARTESIAN_POINT('',(6.489997694055,3.758999481799,5.1E-002));
#13967 = VERTEX_POINT('',#13968);
#13968 = CARTESIAN_POINT('',(3.669997694055,3.758999358533,5.1E-002));
#13969 = LINE('',#13970,#13971);
#13970 = CARTESIAN_POINT('',(6.489997694055,3.758999481799,5.1E-002));
#13971 = VECTOR('',#13972,1.);
#13972 = DIRECTION('',(-1.,-4.371138828674E-008,0.E+000));
#13973 = ORIENTED_EDGE('',*,*,#13974,.T.);
#13974 = EDGE_CURVE('',#13965,#13975,#13977,.T.);
#13975 = VERTEX_POINT('',#13976);
#13976 = CARTESIAN_POINT('',(6.489997694055,3.758999481799,1.651));
#13977 = LINE('',#13978,#13979);
#13978 = CARTESIAN_POINT('',(6.489997694055,3.758999481799,5.1E-002));
#13979 = VECTOR('',#13980,1.);
#13980 = DIRECTION('',(0.E+000,0.E+000,1.));
#13981 = ORIENTED_EDGE('',*,*,#13982,.F.);
#13982 = EDGE_CURVE('',#13983,#13975,#13985,.T.);
#13983 = VERTEX_POINT('',#13984);
#13984 = CARTESIAN_POINT('',(3.669997694055,3.758999358533,1.651));
#13985 = LINE('',#13986,#13987);
#13986 = CARTESIAN_POINT('',(3.669997694055,3.758999358533,1.651));
#13987 = VECTOR('',#13988,1.);
#13988 = DIRECTION('',(1.,4.371138828674E-008,0.E+000));
#13989 = ORIENTED_EDGE('',*,*,#13990,.T.);
#13990 = EDGE_CURVE('',#13983,#13967,#13991,.T.);
#13991 = LINE('',#13992,#13993);
#13992 = CARTESIAN_POINT('',(3.669997694055,3.758999358533,1.651));
#13993 = VECTOR('',#13994,1.);
#13994 = DIRECTION('',(-0.E+000,0.E+000,-1.));
#13995 = PLANE('',#13996);
#13996 = AXIS2_PLACEMENT_3D('',#13997,#13998,#13999);
#13997 = CARTESIAN_POINT('',(3.669997694055,3.758999358533,5.1E-002));
#13998 = DIRECTION('',(4.371138828674E-008,-1.,0.E+000));
#13999 = DIRECTION('',(0.E+000,0.E+000,1.));
#14000 = SHELL_BASED_SURFACE_MODEL('',(#14001));
#14001 = OPEN_SHELL('',(#14002));
#14002 = ADVANCED_FACE('',(#14003),#14037,.T.);
#14003 = FACE_BOUND('',#14004,.T.);
#14004 = EDGE_LOOP('',(#14005,#14015,#14023,#14031));
#14005 = ORIENTED_EDGE('',*,*,#14006,.T.);
#14006 = EDGE_CURVE('',#14007,#14009,#14011,.T.);
#14007 = VERTEX_POINT('',#14008);
#14008 = CARTESIAN_POINT('',(3.669997694055,3.758999358533,5.1E-002));
#14009 = VERTEX_POINT('',#14010);
#14010 = CARTESIAN_POINT('',(3.669997423132,9.956999358533,5.1E-002));
#14011 = LINE('',#14012,#14013);
#14012 = CARTESIAN_POINT('',(3.669997694055,3.758999358533,5.1E-002));
#14013 = VECTOR('',#14014,1.);
#14014 = DIRECTION('',(-4.371138828674E-008,1.,0.E+000));
#14015 = ORIENTED_EDGE('',*,*,#14016,.T.);
#14016 = EDGE_CURVE('',#14009,#14017,#14019,.T.);
#14017 = VERTEX_POINT('',#14018);
#14018 = CARTESIAN_POINT('',(6.489997423132,9.956999481799,5.1E-002));
#14019 = LINE('',#14020,#14021);
#14020 = CARTESIAN_POINT('',(3.669997423132,9.956999358533,5.1E-002));
#14021 = VECTOR('',#14022,1.);
#14022 = DIRECTION('',(1.,4.371138828674E-008,0.E+000));
#14023 = ORIENTED_EDGE('',*,*,#14024,.T.);
#14024 = EDGE_CURVE('',#14017,#14025,#14027,.T.);
#14025 = VERTEX_POINT('',#14026);
#14026 = CARTESIAN_POINT('',(6.489997694055,3.758999481799,5.1E-002));
#14027 = LINE('',#14028,#14029);
#14028 = CARTESIAN_POINT('',(6.489997423132,9.956999481799,5.1E-002));
#14029 = VECTOR('',#14030,1.);
#14030 = DIRECTION('',(4.371138828674E-008,-1.,0.E+000));
#14031 = ORIENTED_EDGE('',*,*,#14032,.T.);
#14032 = EDGE_CURVE('',#14025,#14007,#14033,.T.);
#14033 = LINE('',#14034,#14035);
#14034 = CARTESIAN_POINT('',(6.489997694055,3.758999481799,5.1E-002));
#14035 = VECTOR('',#14036,1.);
#14036 = DIRECTION('',(-1.,-4.371138828674E-008,0.E+000));
#14037 = PLANE('',#14038);
#14038 = AXIS2_PLACEMENT_3D('',#14039,#14040,#14041);
#14039 = CARTESIAN_POINT('',(3.669997694055,3.758999358533,5.1E-002));
#14040 = DIRECTION('',(-0.E+000,0.E+000,-1.));
#14041 = DIRECTION('',(-1.,-4.371138828674E-008,0.E+000));
#14042 = SHELL_BASED_SURFACE_MODEL('',(#14043));
#14043 = OPEN_SHELL('',(#14044));
#14044 = ADVANCED_FACE('',(#14045),#14079,.T.);
#14045 = FACE_BOUND('',#14046,.T.);
#14046 = EDGE_LOOP('',(#14047,#14057,#14065,#14073));
#14047 = ORIENTED_EDGE('',*,*,#14048,.T.);
#14048 = EDGE_CURVE('',#14049,#14051,#14053,.T.);
#14049 = VERTEX_POINT('',#14050);
#14050 = CARTESIAN_POINT('',(6.489997694055,3.758999481799,1.651));
#14051 = VERTEX_POINT('',#14052);
#14052 = CARTESIAN_POINT('',(6.489997423132,9.956999481799,1.651));
#14053 = LINE('',#14054,#14055);
#14054 = CARTESIAN_POINT('',(6.489997694055,3.758999481799,1.651));
#14055 = VECTOR('',#14056,1.);
#14056 = DIRECTION('',(-4.371138828674E-008,1.,0.E+000));
#14057 = ORIENTED_EDGE('',*,*,#14058,.T.);
#14058 = EDGE_CURVE('',#14051,#14059,#14061,.T.);
#14059 = VERTEX_POINT('',#14060);
#14060 = CARTESIAN_POINT('',(3.669997423132,9.956999358533,1.651));
#14061 = LINE('',#14062,#14063);
#14062 = CARTESIAN_POINT('',(6.489997423132,9.956999481799,1.651));
#14063 = VECTOR('',#14064,1.);
#14064 = DIRECTION('',(-1.,-4.371138828674E-008,0.E+000));
#14065 = ORIENTED_EDGE('',*,*,#14066,.T.);
#14066 = EDGE_CURVE('',#14059,#14067,#14069,.T.);
#14067 = VERTEX_POINT('',#14068);
#14068 = CARTESIAN_POINT('',(3.669997694055,3.758999358533,1.651));
#14069 = LINE('',#14070,#14071);
#14070 = CARTESIAN_POINT('',(3.669997423132,9.956999358533,1.651));
#14071 = VECTOR('',#14072,1.);
#14072 = DIRECTION('',(4.371138828674E-008,-1.,0.E+000));
#14073 = ORIENTED_EDGE('',*,*,#14074,.T.);
#14074 = EDGE_CURVE('',#14067,#14049,#14075,.T.);
#14075 = LINE('',#14076,#14077);
#14076 = CARTESIAN_POINT('',(3.669997694055,3.758999358533,1.651));
#14077 = VECTOR('',#14078,1.);
#14078 = DIRECTION('',(1.,4.371138828674E-008,0.E+000));
#14079 = PLANE('',#14080);
#14080 = AXIS2_PLACEMENT_3D('',#14081,#14082,#14083);
#14081 = CARTESIAN_POINT('',(6.489997694055,3.758999481799,1.651));
#14082 = DIRECTION('',(0.E+000,0.E+000,1.));
#14083 = DIRECTION('',(-1.,-4.371138828674E-008,0.E+000));
#14084 = SHELL_BASED_SURFACE_MODEL('',(#14085));
#14085 = OPEN_SHELL('',(#14086));
#14086 = ADVANCED_FACE('',(#14087),#14113,.T.);
#14087 = FACE_BOUND('',#14088,.T.);
#14088 = EDGE_LOOP('',(#14089,#14098,#14105,#14112));
#14089 = ORIENTED_EDGE('',*,*,#14090,.F.);
#14090 = EDGE_CURVE('',#14091,#14091,#14093,.T.);
#14091 = VERTEX_POINT('',#14092);
#14092 = CARTESIAN_POINT('',(5.079997670058,4.307999420166,1.654));
#14093 = CIRCLE('',#14094,7.0485E-002);
#14094 = AXIS2_PLACEMENT_3D('',#14095,#14096,#14097);
#14095 = CARTESIAN_POINT('',(5.079997666954,4.378999420166,1.654));
#14096 = DIRECTION('',(0.E+000,0.E+000,1.));
#14097 = DIRECTION('',(-4.371138828674E-008,1.,0.E+000));
#14098 = ORIENTED_EDGE('',*,*,#14099,.F.);
#14099 = EDGE_CURVE('',#14100,#14091,#14102,.T.);
#14100 = VERTEX_POINT('',#14101);
#14101 = CARTESIAN_POINT('',(5.079997670058,4.307999420166,1.651));
#14102 = B_SPLINE_CURVE_WITH_KNOTS('',1,(#14103,#14104),.UNSPECIFIED.,
  .F.,.F.,(2,2),(0.E+000,3.E-003),.PIECEWISE_BEZIER_KNOTS.);
#14103 = CARTESIAN_POINT('',(5.079997670035,4.308514420166,1.651));
#14104 = CARTESIAN_POINT('',(5.079997670035,4.308514420166,1.654));
#14105 = ORIENTED_EDGE('',*,*,#14106,.F.);
#14106 = EDGE_CURVE('',#14100,#14100,#14107,.T.);
#14107 = CIRCLE('',#14108,7.0485E-002);
#14108 = AXIS2_PLACEMENT_3D('',#14109,#14110,#14111);
#14109 = CARTESIAN_POINT('',(5.079997666954,4.378999420166,1.651));
#14110 = DIRECTION('',(0.E+000,0.E+000,-1.));
#14111 = DIRECTION('',(-4.371138828674E-008,1.,0.E+000));
#14112 = ORIENTED_EDGE('',*,*,#14099,.T.);
#14113 = CYLINDRICAL_SURFACE('',#14114,7.0485E-002);
#14114 = AXIS2_PLACEMENT_3D('',#14115,#14116,#14117);
#14115 = CARTESIAN_POINT('',(5.079997666954,4.378999420166,1.651));
#14116 = DIRECTION('',(0.E+000,0.E+000,1.));
#14117 = DIRECTION('',(-4.371138828674E-008,1.,0.E+000));
#14118 = SHELL_BASED_SURFACE_MODEL('',(#14119));
#14119 = OPEN_SHELL('',(#14120));
#14120 = ADVANCED_FACE('',(#14121),#14132,.F.);
#14121 = FACE_BOUND('',#14122,.T.);
#14122 = EDGE_LOOP('',(#14123));
#14123 = ORIENTED_EDGE('',*,*,#14124,.T.);
#14124 = EDGE_CURVE('',#14125,#14125,#14127,.T.);
#14125 = VERTEX_POINT('',#14126);
#14126 = CARTESIAN_POINT('',(5.079997670058,4.307999420166,1.651));
#14127 = CIRCLE('',#14128,7.0485E-002);
#14128 = AXIS2_PLACEMENT_3D('',#14129,#14130,#14131);
#14129 = CARTESIAN_POINT('',(5.079997666954,4.378999420166,1.651));
#14130 = DIRECTION('',(0.E+000,0.E+000,-1.));
#14131 = DIRECTION('',(-4.371138828674E-008,1.,0.E+000));
#14132 = PLANE('',#14133);
#14133 = AXIS2_PLACEMENT_3D('',#14134,#14135,#14136);
#14134 = CARTESIAN_POINT('',(5.079997666954,4.378999420166,1.651));
#14135 = DIRECTION('',(0.E+000,0.E+000,1.));
#14136 = DIRECTION('',(-1.,-4.371138828674E-008,0.E+000));
#14137 = SHELL_BASED_SURFACE_MODEL('',(#14138));
#14138 = OPEN_SHELL('',(#14139));
#14139 = ADVANCED_FACE('',(#14140),#14151,.T.);
#14140 = FACE_BOUND('',#14141,.T.);
#14141 = EDGE_LOOP('',(#14142));
#14142 = ORIENTED_EDGE('',*,*,#14143,.T.);
#14143 = EDGE_CURVE('',#14144,#14144,#14146,.T.);
#14144 = VERTEX_POINT('',#14145);
#14145 = CARTESIAN_POINT('',(5.079997670058,4.307999420166,1.654));
#14146 = CIRCLE('',#14147,7.0485E-002);
#14147 = AXIS2_PLACEMENT_3D('',#14148,#14149,#14150);
#14148 = CARTESIAN_POINT('',(5.079997666954,4.378999420166,1.654));
#14149 = DIRECTION('',(0.E+000,0.E+000,1.));
#14150 = DIRECTION('',(-4.371138828674E-008,1.,0.E+000));
#14151 = PLANE('',#14152);
#14152 = AXIS2_PLACEMENT_3D('',#14153,#14154,#14155);
#14153 = CARTESIAN_POINT('',(5.079997666954,4.378999420166,1.654));
#14154 = DIRECTION('',(0.E+000,0.E+000,1.));
#14155 = DIRECTION('',(-1.,-4.371138828674E-008,0.E+000));
#14156 = SHELL_BASED_SURFACE_MODEL('',(#14157));
#14157 = OPEN_SHELL('',(#14158));
#14158 = ADVANCED_FACE('',(#14159),#14193,.T.);
#14159 = FACE_BOUND('',#14160,.T.);
#14160 = EDGE_LOOP('',(#14161,#14171,#14179,#14187));
#14161 = ORIENTED_EDGE('',*,*,#14162,.F.);
#14162 = EDGE_CURVE('',#14163,#14165,#14167,.T.);
#14163 = VERTEX_POINT('',#14164);
#14164 = CARTESIAN_POINT('',(5.676997508063,8.013999446262,0.E+000));
#14165 = VERTEX_POINT('',#14166);
#14166 = CARTESIAN_POINT('',(5.676997609124,5.701999446262,0.E+000));
#14167 = LINE('',#14168,#14169);
#14168 = CARTESIAN_POINT('',(5.676997508063,8.013999446262,0.E+000));
#14169 = VECTOR('',#14170,1.);
#14170 = DIRECTION('',(4.371138828674E-008,-1.,0.E+000));
#14171 = ORIENTED_EDGE('',*,*,#14172,.F.);
#14172 = EDGE_CURVE('',#14173,#14163,#14175,.T.);
#14173 = VERTEX_POINT('',#14174);
#14174 = CARTESIAN_POINT('',(5.676997508063,8.013999446262,5.1E-002));
#14175 = LINE('',#14176,#14177);
#14176 = CARTESIAN_POINT('',(5.676997508063,8.013999446262,5.1E-002));
#14177 = VECTOR('',#14178,1.);
#14178 = DIRECTION('',(-0.E+000,0.E+000,-1.));
#14179 = ORIENTED_EDGE('',*,*,#14180,.F.);
#14180 = EDGE_CURVE('',#14181,#14173,#14183,.T.);
#14181 = VERTEX_POINT('',#14182);
#14182 = CARTESIAN_POINT('',(5.676997609124,5.701999446262,5.1E-002));
#14183 = LINE('',#14184,#14185);
#14184 = CARTESIAN_POINT('',(5.676997609124,5.701999446262,5.1E-002));
#14185 = VECTOR('',#14186,1.);
#14186 = DIRECTION('',(-4.371138828674E-008,1.,0.E+000));
#14187 = ORIENTED_EDGE('',*,*,#14188,.F.);
#14188 = EDGE_CURVE('',#14165,#14181,#14189,.T.);
#14189 = LINE('',#14190,#14191);
#14190 = CARTESIAN_POINT('',(5.676997609124,5.701999446262,0.E+000));
#14191 = VECTOR('',#14192,1.);
#14192 = DIRECTION('',(0.E+000,0.E+000,1.));
#14193 = PLANE('',#14194);
#14194 = AXIS2_PLACEMENT_3D('',#14195,#14196,#14197);
#14195 = CARTESIAN_POINT('',(5.676997609124,5.701999446262,0.E+000));
#14196 = DIRECTION('',(1.,4.371138828674E-008,0.E+000));
#14197 = DIRECTION('',(0.E+000,0.E+000,1.));
#14198 = SHELL_BASED_SURFACE_MODEL('',(#14199));
#14199 = OPEN_SHELL('',(#14200));
#14200 = ADVANCED_FACE('',(#14201),#14235,.T.);
#14201 = FACE_BOUND('',#14202,.T.);
#14202 = EDGE_LOOP('',(#14203,#14213,#14221,#14229));
#14203 = ORIENTED_EDGE('',*,*,#14204,.F.);
#14204 = EDGE_CURVE('',#14205,#14207,#14209,.T.);
#14205 = VERTEX_POINT('',#14206);
#14206 = CARTESIAN_POINT('',(4.482997508063,8.01399939407,0.E+000));
#14207 = VERTEX_POINT('',#14208);
#14208 = CARTESIAN_POINT('',(5.676997508063,8.013999446262,0.E+000));
#14209 = LINE('',#14210,#14211);
#14210 = CARTESIAN_POINT('',(4.482997508063,8.01399939407,0.E+000));
#14211 = VECTOR('',#14212,1.);
#14212 = DIRECTION('',(1.,4.371138828674E-008,0.E+000));
#14213 = ORIENTED_EDGE('',*,*,#14214,.F.);
#14214 = EDGE_CURVE('',#14215,#14205,#14217,.T.);
#14215 = VERTEX_POINT('',#14216);
#14216 = CARTESIAN_POINT('',(4.482997508063,8.01399939407,5.1E-002));
#14217 = LINE('',#14218,#14219);
#14218 = CARTESIAN_POINT('',(4.482997508063,8.01399939407,5.1E-002));
#14219 = VECTOR('',#14220,1.);
#14220 = DIRECTION('',(-0.E+000,0.E+000,-1.));
#14221 = ORIENTED_EDGE('',*,*,#14222,.F.);
#14222 = EDGE_CURVE('',#14223,#14215,#14225,.T.);
#14223 = VERTEX_POINT('',#14224);
#14224 = CARTESIAN_POINT('',(5.676997508063,8.013999446262,5.1E-002));
#14225 = LINE('',#14226,#14227);
#14226 = CARTESIAN_POINT('',(5.676997508063,8.013999446262,5.1E-002));
#14227 = VECTOR('',#14228,1.);
#14228 = DIRECTION('',(-1.,-4.371138828674E-008,0.E+000));
#14229 = ORIENTED_EDGE('',*,*,#14230,.T.);
#14230 = EDGE_CURVE('',#14223,#14207,#14231,.T.);
#14231 = LINE('',#14232,#14233);
#14232 = CARTESIAN_POINT('',(5.676997508063,8.013999446262,5.1E-002));
#14233 = VECTOR('',#14234,1.);
#14234 = DIRECTION('',(-0.E+000,0.E+000,-1.));
#14235 = PLANE('',#14236);
#14236 = AXIS2_PLACEMENT_3D('',#14237,#14238,#14239);
#14237 = CARTESIAN_POINT('',(5.676997508063,8.013999446262,0.E+000));
#14238 = DIRECTION('',(-4.371138828674E-008,1.,0.E+000));
#14239 = DIRECTION('',(0.E+000,0.E+000,1.));
#14240 = SHELL_BASED_SURFACE_MODEL('',(#14241));
#14241 = OPEN_SHELL('',(#14242));
#14242 = ADVANCED_FACE('',(#14243),#14277,.T.);
#14243 = FACE_BOUND('',#14244,.T.);
#14244 = EDGE_LOOP('',(#14245,#14255,#14263,#14271));
#14245 = ORIENTED_EDGE('',*,*,#14246,.F.);
#14246 = EDGE_CURVE('',#14247,#14249,#14251,.T.);
#14247 = VERTEX_POINT('',#14248);
#14248 = CARTESIAN_POINT('',(4.482997609124,5.70199939407,0.E+000));
#14249 = VERTEX_POINT('',#14250);
#14250 = CARTESIAN_POINT('',(4.482997508063,8.01399939407,0.E+000));
#14251 = LINE('',#14252,#14253);
#14252 = CARTESIAN_POINT('',(4.482997609124,5.70199939407,0.E+000));
#14253 = VECTOR('',#14254,1.);
#14254 = DIRECTION('',(-4.371138828674E-008,1.,0.E+000));
#14255 = ORIENTED_EDGE('',*,*,#14256,.F.);
#14256 = EDGE_CURVE('',#14257,#14247,#14259,.T.);
#14257 = VERTEX_POINT('',#14258);
#14258 = CARTESIAN_POINT('',(4.482997609124,5.70199939407,5.1E-002));
#14259 = LINE('',#14260,#14261);
#14260 = CARTESIAN_POINT('',(4.482997609124,5.70199939407,5.1E-002));
#14261 = VECTOR('',#14262,1.);
#14262 = DIRECTION('',(-0.E+000,0.E+000,-1.));
#14263 = ORIENTED_EDGE('',*,*,#14264,.F.);
#14264 = EDGE_CURVE('',#14265,#14257,#14267,.T.);
#14265 = VERTEX_POINT('',#14266);
#14266 = CARTESIAN_POINT('',(4.482997508063,8.01399939407,5.1E-002));
#14267 = LINE('',#14268,#14269);
#14268 = CARTESIAN_POINT('',(4.482997508063,8.01399939407,5.1E-002));
#14269 = VECTOR('',#14270,1.);
#14270 = DIRECTION('',(4.371138828674E-008,-1.,0.E+000));
#14271 = ORIENTED_EDGE('',*,*,#14272,.T.);
#14272 = EDGE_CURVE('',#14265,#14249,#14273,.T.);
#14273 = LINE('',#14274,#14275);
#14274 = CARTESIAN_POINT('',(4.482997508063,8.01399939407,5.1E-002));
#14275 = VECTOR('',#14276,1.);
#14276 = DIRECTION('',(-0.E+000,0.E+000,-1.));
#14277 = PLANE('',#14278);
#14278 = AXIS2_PLACEMENT_3D('',#14279,#14280,#14281);
#14279 = CARTESIAN_POINT('',(4.482997508063,8.01399939407,0.E+000));
#14280 = DIRECTION('',(-1.,-4.371138828674E-008,0.E+000));
#14281 = DIRECTION('',(0.E+000,0.E+000,1.));
#14282 = SHELL_BASED_SURFACE_MODEL('',(#14283));
#14283 = OPEN_SHELL('',(#14284));
#14284 = ADVANCED_FACE('',(#14285),#14319,.T.);
#14285 = FACE_BOUND('',#14286,.T.);
#14286 = EDGE_LOOP('',(#14287,#14297,#14305,#14313));
#14287 = ORIENTED_EDGE('',*,*,#14288,.F.);
#14288 = EDGE_CURVE('',#14289,#14291,#14293,.T.);
#14289 = VERTEX_POINT('',#14290);
#14290 = CARTESIAN_POINT('',(5.676997609124,5.701999446262,0.E+000));
#14291 = VERTEX_POINT('',#14292);
#14292 = CARTESIAN_POINT('',(4.482997609124,5.70199939407,0.E+000));
#14293 = LINE('',#14294,#14295);
#14294 = CARTESIAN_POINT('',(5.676997609124,5.701999446262,0.E+000));
#14295 = VECTOR('',#14296,1.);
#14296 = DIRECTION('',(-1.,-4.371138828674E-008,0.E+000));
#14297 = ORIENTED_EDGE('',*,*,#14298,.T.);
#14298 = EDGE_CURVE('',#14289,#14299,#14301,.T.);
#14299 = VERTEX_POINT('',#14300);
#14300 = CARTESIAN_POINT('',(5.676997609124,5.701999446262,5.1E-002));
#14301 = LINE('',#14302,#14303);
#14302 = CARTESIAN_POINT('',(5.676997609124,5.701999446262,0.E+000));
#14303 = VECTOR('',#14304,1.);
#14304 = DIRECTION('',(0.E+000,0.E+000,1.));
#14305 = ORIENTED_EDGE('',*,*,#14306,.F.);
#14306 = EDGE_CURVE('',#14307,#14299,#14309,.T.);
#14307 = VERTEX_POINT('',#14308);
#14308 = CARTESIAN_POINT('',(4.482997609124,5.70199939407,5.1E-002));
#14309 = LINE('',#14310,#14311);
#14310 = CARTESIAN_POINT('',(4.482997609124,5.70199939407,5.1E-002));
#14311 = VECTOR('',#14312,1.);
#14312 = DIRECTION('',(1.,4.371138828674E-008,0.E+000));
#14313 = ORIENTED_EDGE('',*,*,#14314,.T.);
#14314 = EDGE_CURVE('',#14307,#14291,#14315,.T.);
#14315 = LINE('',#14316,#14317);
#14316 = CARTESIAN_POINT('',(4.482997609124,5.70199939407,5.1E-002));
#14317 = VECTOR('',#14318,1.);
#14318 = DIRECTION('',(-0.E+000,0.E+000,-1.));
#14319 = PLANE('',#14320);
#14320 = AXIS2_PLACEMENT_3D('',#14321,#14322,#14323);
#14321 = CARTESIAN_POINT('',(4.482997609124,5.70199939407,0.E+000));
#14322 = DIRECTION('',(4.371138828674E-008,-1.,0.E+000));
#14323 = DIRECTION('',(0.E+000,0.E+000,1.));
#14324 = SHELL_BASED_SURFACE_MODEL('',(#14325));
#14325 = OPEN_SHELL('',(#14326));
#14326 = ADVANCED_FACE('',(#14327),#14361,.T.);
#14327 = FACE_BOUND('',#14328,.T.);
#14328 = EDGE_LOOP('',(#14329,#14339,#14347,#14355));
#14329 = ORIENTED_EDGE('',*,*,#14330,.T.);
#14330 = EDGE_CURVE('',#14331,#14333,#14335,.T.);
#14331 = VERTEX_POINT('',#14332);
#14332 = CARTESIAN_POINT('',(4.482997609124,5.70199939407,0.E+000));
#14333 = VERTEX_POINT('',#14334);
#14334 = CARTESIAN_POINT('',(4.482997508063,8.01399939407,0.E+000));
#14335 = LINE('',#14336,#14337);
#14336 = CARTESIAN_POINT('',(4.482997609124,5.70199939407,0.E+000));
#14337 = VECTOR('',#14338,1.);
#14338 = DIRECTION('',(-4.371138828674E-008,1.,0.E+000));
#14339 = ORIENTED_EDGE('',*,*,#14340,.T.);
#14340 = EDGE_CURVE('',#14333,#14341,#14343,.T.);
#14341 = VERTEX_POINT('',#14342);
#14342 = CARTESIAN_POINT('',(5.676997508063,8.013999446262,0.E+000));
#14343 = LINE('',#14344,#14345);
#14344 = CARTESIAN_POINT('',(4.482997508063,8.01399939407,0.E+000));
#14345 = VECTOR('',#14346,1.);
#14346 = DIRECTION('',(1.,4.371138828674E-008,0.E+000));
#14347 = ORIENTED_EDGE('',*,*,#14348,.T.);
#14348 = EDGE_CURVE('',#14341,#14349,#14351,.T.);
#14349 = VERTEX_POINT('',#14350);
#14350 = CARTESIAN_POINT('',(5.676997609124,5.701999446262,0.E+000));
#14351 = LINE('',#14352,#14353);
#14352 = CARTESIAN_POINT('',(5.676997508063,8.013999446262,0.E+000));
#14353 = VECTOR('',#14354,1.);
#14354 = DIRECTION('',(4.371138828674E-008,-1.,0.E+000));
#14355 = ORIENTED_EDGE('',*,*,#14356,.T.);
#14356 = EDGE_CURVE('',#14349,#14331,#14357,.T.);
#14357 = LINE('',#14358,#14359);
#14358 = CARTESIAN_POINT('',(5.676997609124,5.701999446262,0.E+000));
#14359 = VECTOR('',#14360,1.);
#14360 = DIRECTION('',(-1.,-4.371138828674E-008,0.E+000));
#14361 = PLANE('',#14362);
#14362 = AXIS2_PLACEMENT_3D('',#14363,#14364,#14365);
#14363 = CARTESIAN_POINT('',(4.482997609124,5.70199939407,0.E+000));
#14364 = DIRECTION('',(-0.E+000,0.E+000,-1.));
#14365 = DIRECTION('',(-1.,-4.371138828674E-008,0.E+000));
#14366 = SHELL_BASED_SURFACE_MODEL('',(#14367));
#14367 = OPEN_SHELL('',(#14368));
#14368 = ADVANCED_FACE('',(#14369),#14403,.T.);
#14369 = FACE_BOUND('',#14370,.T.);
#14370 = EDGE_LOOP('',(#14371,#14381,#14389,#14397));
#14371 = ORIENTED_EDGE('',*,*,#14372,.T.);
#14372 = EDGE_CURVE('',#14373,#14375,#14377,.T.);
#14373 = VERTEX_POINT('',#14374);
#14374 = CARTESIAN_POINT('',(5.676997609124,5.701999446262,5.1E-002));
#14375 = VERTEX_POINT('',#14376);
#14376 = CARTESIAN_POINT('',(5.676997508063,8.013999446262,5.1E-002));
#14377 = LINE('',#14378,#14379);
#14378 = CARTESIAN_POINT('',(5.676997609124,5.701999446262,5.1E-002));
#14379 = VECTOR('',#14380,1.);
#14380 = DIRECTION('',(-4.371138828674E-008,1.,0.E+000));
#14381 = ORIENTED_EDGE('',*,*,#14382,.T.);
#14382 = EDGE_CURVE('',#14375,#14383,#14385,.T.);
#14383 = VERTEX_POINT('',#14384);
#14384 = CARTESIAN_POINT('',(4.482997508063,8.01399939407,5.1E-002));
#14385 = LINE('',#14386,#14387);
#14386 = CARTESIAN_POINT('',(5.676997508063,8.013999446262,5.1E-002));
#14387 = VECTOR('',#14388,1.);
#14388 = DIRECTION('',(-1.,-4.371138828674E-008,0.E+000));
#14389 = ORIENTED_EDGE('',*,*,#14390,.T.);
#14390 = EDGE_CURVE('',#14383,#14391,#14393,.T.);
#14391 = VERTEX_POINT('',#14392);
#14392 = CARTESIAN_POINT('',(4.482997609124,5.70199939407,5.1E-002));
#14393 = LINE('',#14394,#14395);
#14394 = CARTESIAN_POINT('',(4.482997508063,8.01399939407,5.1E-002));
#14395 = VECTOR('',#14396,1.);
#14396 = DIRECTION('',(4.371138828674E-008,-1.,0.E+000));
#14397 = ORIENTED_EDGE('',*,*,#14398,.T.);
#14398 = EDGE_CURVE('',#14391,#14373,#14399,.T.);
#14399 = LINE('',#14400,#14401);
#14400 = CARTESIAN_POINT('',(4.482997609124,5.70199939407,5.1E-002));
#14401 = VECTOR('',#14402,1.);
#14402 = DIRECTION('',(1.,4.371138828674E-008,0.E+000));
#14403 = PLANE('',#14404);
#14404 = AXIS2_PLACEMENT_3D('',#14405,#14406,#14407);
#14405 = CARTESIAN_POINT('',(5.676997609124,5.701999446262,5.1E-002));
#14406 = DIRECTION('',(0.E+000,0.E+000,1.));
#14407 = DIRECTION('',(-1.,-4.371138828674E-008,0.E+000));
#14408 = ( GEOMETRIC_REPRESENTATION_CONTEXT(3) 
GLOBAL_UNCERTAINTY_ASSIGNED_CONTEXT((#14412)) 
GLOBAL_UNIT_ASSIGNED_CONTEXT((#14409,#14410,#14411)) 
REPRESENTATION_CONTEXT('Context #1',
  '3D Context with UNIT and UNCERTAINTY') );
#14409 = ( LENGTH_UNIT() NAMED_UNIT(*) SI_UNIT(.MILLI.,.METRE.) );
#14410 = ( NAMED_UNIT(*) PLANE_ANGLE_UNIT() SI_UNIT($,.RADIAN.) );
#14411 = ( NAMED_UNIT(*) SI_UNIT($,.STERADIAN.) SOLID_ANGLE_UNIT() );
#14412 = UNCERTAINTY_MEASURE_WITH_UNIT(LENGTH_MEASURE(1.E-006),#14409,
  'distance_accuracy_value','confusion accuracy');
#14413 = PRODUCT_RELATED_PRODUCT_CATEGORY('part',$,(#7));
#14414 = MECHANICAL_DESIGN_GEOMETRIC_PRESENTATION_REPRESENTATION('',(
    #14415,#14423,#14431,#14438,#14445,#14452,#14459,#14466,#14473,
    #14480,#14487,#14494,#14501,#14508,#14515,#14522,#14529,#14536,
    #14543,#14550,#14557,#14564,#14571,#14578,#14585,#14592,#14599,
    #14606,#14613,#14620,#14627,#14634,#14641,#14648,#14655,#14662,
    #14669,#14676,#14683,#14690,#14697,#14704,#14711,#14718,#14725,
    #14732,#14739,#14746,#14753,#14760,#14767,#14774,#14781,#14788,
    #14795,#14802,#14809,#14816,#14823,#14830,#14837,#14844,#14851,
    #14858,#14865,#14872,#14879,#14886,#14893,#14900,#14907,#14914,
    #14921,#14928,#14935,#14942,#14949,#14956,#14963,#14970,#14977,
    #14984,#14991,#14998,#15005,#15012,#15019,#15026,#15033,#15040,
    #15047,#15054,#15061,#15068,#15075,#15082,#15089,#15096,#15104,
    #15111,#15118,#15125,#15132,#15139,#15147,#15154,#15161,#15168,
    #15175,#15182,#15189,#15196,#15203,#15211,#15218,#15225,#15232,
    #15239,#15247,#15254,#15261,#15268,#15276,#15283,#15290,#15297,
    #15304,#15311,#15318,#15325,#15332,#15339,#15346,#15353,#15360,
    #15367,#15374,#15381,#15388,#15395,#15403,#15410,#15417,#15424),
  #14408);
#14415 = STYLED_ITEM('color',(#14416),#15);
#14416 = PRESENTATION_STYLE_ASSIGNMENT((#14417));
#14417 = SURFACE_STYLE_USAGE(.BOTH.,#14418);
#14418 = SURFACE_SIDE_STYLE('',(#14419));
#14419 = SURFACE_STYLE_FILL_AREA(#14420);
#14420 = FILL_AREA_STYLE('',(#14421));
#14421 = FILL_AREA_STYLE_COLOUR('',#14422);
#14422 = COLOUR_RGB('',0.501960813999,0.501960813999,0.501960813999);
#14423 = STYLED_ITEM('color',(#14424),#9802);
#14424 = PRESENTATION_STYLE_ASSIGNMENT((#14425));
#14425 = SURFACE_STYLE_USAGE(.BOTH.,#14426);
#14426 = SURFACE_SIDE_STYLE('',(#14427));
#14427 = SURFACE_STYLE_FILL_AREA(#14428);
#14428 = FILL_AREA_STYLE('',(#14429));
#14429 = FILL_AREA_STYLE_COLOUR('',#14430);
#14430 = COLOUR_RGB('',0.725000023842,0.725000023842,0.725000023842);
#14431 = STYLED_ITEM('color',(#14432),#9844);
#14432 = PRESENTATION_STYLE_ASSIGNMENT((#14433));
#14433 = SURFACE_STYLE_USAGE(.BOTH.,#14434);
#14434 = SURFACE_SIDE_STYLE('',(#14435));
#14435 = SURFACE_STYLE_FILL_AREA(#14436);
#14436 = FILL_AREA_STYLE('',(#14437));
#14437 = FILL_AREA_STYLE_COLOUR('',#14430);
#14438 = STYLED_ITEM('color',(#14439),#9886);
#14439 = PRESENTATION_STYLE_ASSIGNMENT((#14440));
#14440 = SURFACE_STYLE_USAGE(.BOTH.,#14441);
#14441 = SURFACE_SIDE_STYLE('',(#14442));
#14442 = SURFACE_STYLE_FILL_AREA(#14443);
#14443 = FILL_AREA_STYLE('',(#14444));
#14444 = FILL_AREA_STYLE_COLOUR('',#14430);
#14445 = STYLED_ITEM('color',(#14446),#9928);
#14446 = PRESENTATION_STYLE_ASSIGNMENT((#14447));
#14447 = SURFACE_STYLE_USAGE(.BOTH.,#14448);
#14448 = SURFACE_SIDE_STYLE('',(#14449));
#14449 = SURFACE_STYLE_FILL_AREA(#14450);
#14450 = FILL_AREA_STYLE('',(#14451));
#14451 = FILL_AREA_STYLE_COLOUR('',#14430);
#14452 = STYLED_ITEM('color',(#14453),#9970);
#14453 = PRESENTATION_STYLE_ASSIGNMENT((#14454));
#14454 = SURFACE_STYLE_USAGE(.BOTH.,#14455);
#14455 = SURFACE_SIDE_STYLE('',(#14456));
#14456 = SURFACE_STYLE_FILL_AREA(#14457);
#14457 = FILL_AREA_STYLE('',(#14458));
#14458 = FILL_AREA_STYLE_COLOUR('',#14430);
#14459 = STYLED_ITEM('color',(#14460),#10012);
#14460 = PRESENTATION_STYLE_ASSIGNMENT((#14461));
#14461 = SURFACE_STYLE_USAGE(.BOTH.,#14462);
#14462 = SURFACE_SIDE_STYLE('',(#14463));
#14463 = SURFACE_STYLE_FILL_AREA(#14464);
#14464 = FILL_AREA_STYLE('',(#14465));
#14465 = FILL_AREA_STYLE_COLOUR('',#14430);
#14466 = STYLED_ITEM('color',(#14467),#10054);
#14467 = PRESENTATION_STYLE_ASSIGNMENT((#14468));
#14468 = SURFACE_STYLE_USAGE(.BOTH.,#14469);
#14469 = SURFACE_SIDE_STYLE('',(#14470));
#14470 = SURFACE_STYLE_FILL_AREA(#14471);
#14471 = FILL_AREA_STYLE('',(#14472));
#14472 = FILL_AREA_STYLE_COLOUR('',#14430);
#14473 = STYLED_ITEM('color',(#14474),#10096);
#14474 = PRESENTATION_STYLE_ASSIGNMENT((#14475));
#14475 = SURFACE_STYLE_USAGE(.BOTH.,#14476);
#14476 = SURFACE_SIDE_STYLE('',(#14477));
#14477 = SURFACE_STYLE_FILL_AREA(#14478);
#14478 = FILL_AREA_STYLE('',(#14479));
#14479 = FILL_AREA_STYLE_COLOUR('',#14430);
#14480 = STYLED_ITEM('color',(#14481),#10138);
#14481 = PRESENTATION_STYLE_ASSIGNMENT((#14482));
#14482 = SURFACE_STYLE_USAGE(.BOTH.,#14483);
#14483 = SURFACE_SIDE_STYLE('',(#14484));
#14484 = SURFACE_STYLE_FILL_AREA(#14485);
#14485 = FILL_AREA_STYLE('',(#14486));
#14486 = FILL_AREA_STYLE_COLOUR('',#14430);
#14487 = STYLED_ITEM('color',(#14488),#10180);
#14488 = PRESENTATION_STYLE_ASSIGNMENT((#14489));
#14489 = SURFACE_STYLE_USAGE(.BOTH.,#14490);
#14490 = SURFACE_SIDE_STYLE('',(#14491));
#14491 = SURFACE_STYLE_FILL_AREA(#14492);
#14492 = FILL_AREA_STYLE('',(#14493));
#14493 = FILL_AREA_STYLE_COLOUR('',#14430);
#14494 = STYLED_ITEM('color',(#14495),#10222);
#14495 = PRESENTATION_STYLE_ASSIGNMENT((#14496));
#14496 = SURFACE_STYLE_USAGE(.BOTH.,#14497);
#14497 = SURFACE_SIDE_STYLE('',(#14498));
#14498 = SURFACE_STYLE_FILL_AREA(#14499);
#14499 = FILL_AREA_STYLE('',(#14500));
#14500 = FILL_AREA_STYLE_COLOUR('',#14430);
#14501 = STYLED_ITEM('color',(#14502),#10264);
#14502 = PRESENTATION_STYLE_ASSIGNMENT((#14503));
#14503 = SURFACE_STYLE_USAGE(.BOTH.,#14504);
#14504 = SURFACE_SIDE_STYLE('',(#14505));
#14505 = SURFACE_STYLE_FILL_AREA(#14506);
#14506 = FILL_AREA_STYLE('',(#14507));
#14507 = FILL_AREA_STYLE_COLOUR('',#14430);
#14508 = STYLED_ITEM('color',(#14509),#10306);
#14509 = PRESENTATION_STYLE_ASSIGNMENT((#14510));
#14510 = SURFACE_STYLE_USAGE(.BOTH.,#14511);
#14511 = SURFACE_SIDE_STYLE('',(#14512));
#14512 = SURFACE_STYLE_FILL_AREA(#14513);
#14513 = FILL_AREA_STYLE('',(#14514));
#14514 = FILL_AREA_STYLE_COLOUR('',#14430);
#14515 = STYLED_ITEM('color',(#14516),#10348);
#14516 = PRESENTATION_STYLE_ASSIGNMENT((#14517));
#14517 = SURFACE_STYLE_USAGE(.BOTH.,#14518);
#14518 = SURFACE_SIDE_STYLE('',(#14519));
#14519 = SURFACE_STYLE_FILL_AREA(#14520);
#14520 = FILL_AREA_STYLE('',(#14521));
#14521 = FILL_AREA_STYLE_COLOUR('',#14430);
#14522 = STYLED_ITEM('color',(#14523),#10390);
#14523 = PRESENTATION_STYLE_ASSIGNMENT((#14524));
#14524 = SURFACE_STYLE_USAGE(.BOTH.,#14525);
#14525 = SURFACE_SIDE_STYLE('',(#14526));
#14526 = SURFACE_STYLE_FILL_AREA(#14527);
#14527 = FILL_AREA_STYLE('',(#14528));
#14528 = FILL_AREA_STYLE_COLOUR('',#14430);
#14529 = STYLED_ITEM('color',(#14530),#10432);
#14530 = PRESENTATION_STYLE_ASSIGNMENT((#14531));
#14531 = SURFACE_STYLE_USAGE(.BOTH.,#14532);
#14532 = SURFACE_SIDE_STYLE('',(#14533));
#14533 = SURFACE_STYLE_FILL_AREA(#14534);
#14534 = FILL_AREA_STYLE('',(#14535));
#14535 = FILL_AREA_STYLE_COLOUR('',#14430);
#14536 = STYLED_ITEM('color',(#14537),#10474);
#14537 = PRESENTATION_STYLE_ASSIGNMENT((#14538));
#14538 = SURFACE_STYLE_USAGE(.BOTH.,#14539);
#14539 = SURFACE_SIDE_STYLE('',(#14540));
#14540 = SURFACE_STYLE_FILL_AREA(#14541);
#14541 = FILL_AREA_STYLE('',(#14542));
#14542 = FILL_AREA_STYLE_COLOUR('',#14430);
#14543 = STYLED_ITEM('color',(#14544),#10516);
#14544 = PRESENTATION_STYLE_ASSIGNMENT((#14545));
#14545 = SURFACE_STYLE_USAGE(.BOTH.,#14546);
#14546 = SURFACE_SIDE_STYLE('',(#14547));
#14547 = SURFACE_STYLE_FILL_AREA(#14548);
#14548 = FILL_AREA_STYLE('',(#14549));
#14549 = FILL_AREA_STYLE_COLOUR('',#14430);
#14550 = STYLED_ITEM('color',(#14551),#10558);
#14551 = PRESENTATION_STYLE_ASSIGNMENT((#14552));
#14552 = SURFACE_STYLE_USAGE(.BOTH.,#14553);
#14553 = SURFACE_SIDE_STYLE('',(#14554));
#14554 = SURFACE_STYLE_FILL_AREA(#14555);
#14555 = FILL_AREA_STYLE('',(#14556));
#14556 = FILL_AREA_STYLE_COLOUR('',#14430);
#14557 = STYLED_ITEM('color',(#14558),#10600);
#14558 = PRESENTATION_STYLE_ASSIGNMENT((#14559));
#14559 = SURFACE_STYLE_USAGE(.BOTH.,#14560);
#14560 = SURFACE_SIDE_STYLE('',(#14561));
#14561 = SURFACE_STYLE_FILL_AREA(#14562);
#14562 = FILL_AREA_STYLE('',(#14563));
#14563 = FILL_AREA_STYLE_COLOUR('',#14430);
#14564 = STYLED_ITEM('color',(#14565),#10642);
#14565 = PRESENTATION_STYLE_ASSIGNMENT((#14566));
#14566 = SURFACE_STYLE_USAGE(.BOTH.,#14567);
#14567 = SURFACE_SIDE_STYLE('',(#14568));
#14568 = SURFACE_STYLE_FILL_AREA(#14569);
#14569 = FILL_AREA_STYLE('',(#14570));
#14570 = FILL_AREA_STYLE_COLOUR('',#14430);
#14571 = STYLED_ITEM('color',(#14572),#10684);
#14572 = PRESENTATION_STYLE_ASSIGNMENT((#14573));
#14573 = SURFACE_STYLE_USAGE(.BOTH.,#14574);
#14574 = SURFACE_SIDE_STYLE('',(#14575));
#14575 = SURFACE_STYLE_FILL_AREA(#14576);
#14576 = FILL_AREA_STYLE('',(#14577));
#14577 = FILL_AREA_STYLE_COLOUR('',#14430);
#14578 = STYLED_ITEM('color',(#14579),#10726);
#14579 = PRESENTATION_STYLE_ASSIGNMENT((#14580));
#14580 = SURFACE_STYLE_USAGE(.BOTH.,#14581);
#14581 = SURFACE_SIDE_STYLE('',(#14582));
#14582 = SURFACE_STYLE_FILL_AREA(#14583);
#14583 = FILL_AREA_STYLE('',(#14584));
#14584 = FILL_AREA_STYLE_COLOUR('',#14430);
#14585 = STYLED_ITEM('color',(#14586),#10768);
#14586 = PRESENTATION_STYLE_ASSIGNMENT((#14587));
#14587 = SURFACE_STYLE_USAGE(.BOTH.,#14588);
#14588 = SURFACE_SIDE_STYLE('',(#14589));
#14589 = SURFACE_STYLE_FILL_AREA(#14590);
#14590 = FILL_AREA_STYLE('',(#14591));
#14591 = FILL_AREA_STYLE_COLOUR('',#14430);
#14592 = STYLED_ITEM('color',(#14593),#10810);
#14593 = PRESENTATION_STYLE_ASSIGNMENT((#14594));
#14594 = SURFACE_STYLE_USAGE(.BOTH.,#14595);
#14595 = SURFACE_SIDE_STYLE('',(#14596));
#14596 = SURFACE_STYLE_FILL_AREA(#14597);
#14597 = FILL_AREA_STYLE('',(#14598));
#14598 = FILL_AREA_STYLE_COLOUR('',#14430);
#14599 = STYLED_ITEM('color',(#14600),#10852);
#14600 = PRESENTATION_STYLE_ASSIGNMENT((#14601));
#14601 = SURFACE_STYLE_USAGE(.BOTH.,#14602);
#14602 = SURFACE_SIDE_STYLE('',(#14603));
#14603 = SURFACE_STYLE_FILL_AREA(#14604);
#14604 = FILL_AREA_STYLE('',(#14605));
#14605 = FILL_AREA_STYLE_COLOUR('',#14430);
#14606 = STYLED_ITEM('color',(#14607),#10894);
#14607 = PRESENTATION_STYLE_ASSIGNMENT((#14608));
#14608 = SURFACE_STYLE_USAGE(.BOTH.,#14609);
#14609 = SURFACE_SIDE_STYLE('',(#14610));
#14610 = SURFACE_STYLE_FILL_AREA(#14611);
#14611 = FILL_AREA_STYLE('',(#14612));
#14612 = FILL_AREA_STYLE_COLOUR('',#14430);
#14613 = STYLED_ITEM('color',(#14614),#10936);
#14614 = PRESENTATION_STYLE_ASSIGNMENT((#14615));
#14615 = SURFACE_STYLE_USAGE(.BOTH.,#14616);
#14616 = SURFACE_SIDE_STYLE('',(#14617));
#14617 = SURFACE_STYLE_FILL_AREA(#14618);
#14618 = FILL_AREA_STYLE('',(#14619));
#14619 = FILL_AREA_STYLE_COLOUR('',#14430);
#14620 = STYLED_ITEM('color',(#14621),#10978);
#14621 = PRESENTATION_STYLE_ASSIGNMENT((#14622));
#14622 = SURFACE_STYLE_USAGE(.BOTH.,#14623);
#14623 = SURFACE_SIDE_STYLE('',(#14624));
#14624 = SURFACE_STYLE_FILL_AREA(#14625);
#14625 = FILL_AREA_STYLE('',(#14626));
#14626 = FILL_AREA_STYLE_COLOUR('',#14430);
#14627 = STYLED_ITEM('color',(#14628),#11020);
#14628 = PRESENTATION_STYLE_ASSIGNMENT((#14629));
#14629 = SURFACE_STYLE_USAGE(.BOTH.,#14630);
#14630 = SURFACE_SIDE_STYLE('',(#14631));
#14631 = SURFACE_STYLE_FILL_AREA(#14632);
#14632 = FILL_AREA_STYLE('',(#14633));
#14633 = FILL_AREA_STYLE_COLOUR('',#14430);
#14634 = STYLED_ITEM('color',(#14635),#11062);
#14635 = PRESENTATION_STYLE_ASSIGNMENT((#14636));
#14636 = SURFACE_STYLE_USAGE(.BOTH.,#14637);
#14637 = SURFACE_SIDE_STYLE('',(#14638));
#14638 = SURFACE_STYLE_FILL_AREA(#14639);
#14639 = FILL_AREA_STYLE('',(#14640));
#14640 = FILL_AREA_STYLE_COLOUR('',#14430);
#14641 = STYLED_ITEM('color',(#14642),#11104);
#14642 = PRESENTATION_STYLE_ASSIGNMENT((#14643));
#14643 = SURFACE_STYLE_USAGE(.BOTH.,#14644);
#14644 = SURFACE_SIDE_STYLE('',(#14645));
#14645 = SURFACE_STYLE_FILL_AREA(#14646);
#14646 = FILL_AREA_STYLE('',(#14647));
#14647 = FILL_AREA_STYLE_COLOUR('',#14430);
#14648 = STYLED_ITEM('color',(#14649),#11146);
#14649 = PRESENTATION_STYLE_ASSIGNMENT((#14650));
#14650 = SURFACE_STYLE_USAGE(.BOTH.,#14651);
#14651 = SURFACE_SIDE_STYLE('',(#14652));
#14652 = SURFACE_STYLE_FILL_AREA(#14653);
#14653 = FILL_AREA_STYLE('',(#14654));
#14654 = FILL_AREA_STYLE_COLOUR('',#14430);
#14655 = STYLED_ITEM('color',(#14656),#11188);
#14656 = PRESENTATION_STYLE_ASSIGNMENT((#14657));
#14657 = SURFACE_STYLE_USAGE(.BOTH.,#14658);
#14658 = SURFACE_SIDE_STYLE('',(#14659));
#14659 = SURFACE_STYLE_FILL_AREA(#14660);
#14660 = FILL_AREA_STYLE('',(#14661));
#14661 = FILL_AREA_STYLE_COLOUR('',#14430);
#14662 = STYLED_ITEM('color',(#14663),#11230);
#14663 = PRESENTATION_STYLE_ASSIGNMENT((#14664));
#14664 = SURFACE_STYLE_USAGE(.BOTH.,#14665);
#14665 = SURFACE_SIDE_STYLE('',(#14666));
#14666 = SURFACE_STYLE_FILL_AREA(#14667);
#14667 = FILL_AREA_STYLE('',(#14668));
#14668 = FILL_AREA_STYLE_COLOUR('',#14430);
#14669 = STYLED_ITEM('color',(#14670),#11272);
#14670 = PRESENTATION_STYLE_ASSIGNMENT((#14671));
#14671 = SURFACE_STYLE_USAGE(.BOTH.,#14672);
#14672 = SURFACE_SIDE_STYLE('',(#14673));
#14673 = SURFACE_STYLE_FILL_AREA(#14674);
#14674 = FILL_AREA_STYLE('',(#14675));
#14675 = FILL_AREA_STYLE_COLOUR('',#14430);
#14676 = STYLED_ITEM('color',(#14677),#11314);
#14677 = PRESENTATION_STYLE_ASSIGNMENT((#14678));
#14678 = SURFACE_STYLE_USAGE(.BOTH.,#14679);
#14679 = SURFACE_SIDE_STYLE('',(#14680));
#14680 = SURFACE_STYLE_FILL_AREA(#14681);
#14681 = FILL_AREA_STYLE('',(#14682));
#14682 = FILL_AREA_STYLE_COLOUR('',#14430);
#14683 = STYLED_ITEM('color',(#14684),#11356);
#14684 = PRESENTATION_STYLE_ASSIGNMENT((#14685));
#14685 = SURFACE_STYLE_USAGE(.BOTH.,#14686);
#14686 = SURFACE_SIDE_STYLE('',(#14687));
#14687 = SURFACE_STYLE_FILL_AREA(#14688);
#14688 = FILL_AREA_STYLE('',(#14689));
#14689 = FILL_AREA_STYLE_COLOUR('',#14430);
#14690 = STYLED_ITEM('color',(#14691),#11398);
#14691 = PRESENTATION_STYLE_ASSIGNMENT((#14692));
#14692 = SURFACE_STYLE_USAGE(.BOTH.,#14693);
#14693 = SURFACE_SIDE_STYLE('',(#14694));
#14694 = SURFACE_STYLE_FILL_AREA(#14695);
#14695 = FILL_AREA_STYLE('',(#14696));
#14696 = FILL_AREA_STYLE_COLOUR('',#14430);
#14697 = STYLED_ITEM('color',(#14698),#11440);
#14698 = PRESENTATION_STYLE_ASSIGNMENT((#14699));
#14699 = SURFACE_STYLE_USAGE(.BOTH.,#14700);
#14700 = SURFACE_SIDE_STYLE('',(#14701));
#14701 = SURFACE_STYLE_FILL_AREA(#14702);
#14702 = FILL_AREA_STYLE('',(#14703));
#14703 = FILL_AREA_STYLE_COLOUR('',#14430);
#14704 = STYLED_ITEM('color',(#14705),#11482);
#14705 = PRESENTATION_STYLE_ASSIGNMENT((#14706));
#14706 = SURFACE_STYLE_USAGE(.BOTH.,#14707);
#14707 = SURFACE_SIDE_STYLE('',(#14708));
#14708 = SURFACE_STYLE_FILL_AREA(#14709);
#14709 = FILL_AREA_STYLE('',(#14710));
#14710 = FILL_AREA_STYLE_COLOUR('',#14430);
#14711 = STYLED_ITEM('color',(#14712),#11524);
#14712 = PRESENTATION_STYLE_ASSIGNMENT((#14713));
#14713 = SURFACE_STYLE_USAGE(.BOTH.,#14714);
#14714 = SURFACE_SIDE_STYLE('',(#14715));
#14715 = SURFACE_STYLE_FILL_AREA(#14716);
#14716 = FILL_AREA_STYLE('',(#14717));
#14717 = FILL_AREA_STYLE_COLOUR('',#14430);
#14718 = STYLED_ITEM('color',(#14719),#11566);
#14719 = PRESENTATION_STYLE_ASSIGNMENT((#14720));
#14720 = SURFACE_STYLE_USAGE(.BOTH.,#14721);
#14721 = SURFACE_SIDE_STYLE('',(#14722));
#14722 = SURFACE_STYLE_FILL_AREA(#14723);
#14723 = FILL_AREA_STYLE('',(#14724));
#14724 = FILL_AREA_STYLE_COLOUR('',#14430);
#14725 = STYLED_ITEM('color',(#14726),#11608);
#14726 = PRESENTATION_STYLE_ASSIGNMENT((#14727));
#14727 = SURFACE_STYLE_USAGE(.BOTH.,#14728);
#14728 = SURFACE_SIDE_STYLE('',(#14729));
#14729 = SURFACE_STYLE_FILL_AREA(#14730);
#14730 = FILL_AREA_STYLE('',(#14731));
#14731 = FILL_AREA_STYLE_COLOUR('',#14430);
#14732 = STYLED_ITEM('color',(#14733),#11650);
#14733 = PRESENTATION_STYLE_ASSIGNMENT((#14734));
#14734 = SURFACE_STYLE_USAGE(.BOTH.,#14735);
#14735 = SURFACE_SIDE_STYLE('',(#14736));
#14736 = SURFACE_STYLE_FILL_AREA(#14737);
#14737 = FILL_AREA_STYLE('',(#14738));
#14738 = FILL_AREA_STYLE_COLOUR('',#14430);
#14739 = STYLED_ITEM('color',(#14740),#11692);
#14740 = PRESENTATION_STYLE_ASSIGNMENT((#14741));
#14741 = SURFACE_STYLE_USAGE(.BOTH.,#14742);
#14742 = SURFACE_SIDE_STYLE('',(#14743));
#14743 = SURFACE_STYLE_FILL_AREA(#14744);
#14744 = FILL_AREA_STYLE('',(#14745));
#14745 = FILL_AREA_STYLE_COLOUR('',#14430);
#14746 = STYLED_ITEM('color',(#14747),#11734);
#14747 = PRESENTATION_STYLE_ASSIGNMENT((#14748));
#14748 = SURFACE_STYLE_USAGE(.BOTH.,#14749);
#14749 = SURFACE_SIDE_STYLE('',(#14750));
#14750 = SURFACE_STYLE_FILL_AREA(#14751);
#14751 = FILL_AREA_STYLE('',(#14752));
#14752 = FILL_AREA_STYLE_COLOUR('',#14430);
#14753 = STYLED_ITEM('color',(#14754),#11776);
#14754 = PRESENTATION_STYLE_ASSIGNMENT((#14755));
#14755 = SURFACE_STYLE_USAGE(.BOTH.,#14756);
#14756 = SURFACE_SIDE_STYLE('',(#14757));
#14757 = SURFACE_STYLE_FILL_AREA(#14758);
#14758 = FILL_AREA_STYLE('',(#14759));
#14759 = FILL_AREA_STYLE_COLOUR('',#14430);
#14760 = STYLED_ITEM('color',(#14761),#11818);
#14761 = PRESENTATION_STYLE_ASSIGNMENT((#14762));
#14762 = SURFACE_STYLE_USAGE(.BOTH.,#14763);
#14763 = SURFACE_SIDE_STYLE('',(#14764));
#14764 = SURFACE_STYLE_FILL_AREA(#14765);
#14765 = FILL_AREA_STYLE('',(#14766));
#14766 = FILL_AREA_STYLE_COLOUR('',#14430);
#14767 = STYLED_ITEM('color',(#14768),#11860);
#14768 = PRESENTATION_STYLE_ASSIGNMENT((#14769));
#14769 = SURFACE_STYLE_USAGE(.BOTH.,#14770);
#14770 = SURFACE_SIDE_STYLE('',(#14771));
#14771 = SURFACE_STYLE_FILL_AREA(#14772);
#14772 = FILL_AREA_STYLE('',(#14773));
#14773 = FILL_AREA_STYLE_COLOUR('',#14430);
#14774 = STYLED_ITEM('color',(#14775),#11902);
#14775 = PRESENTATION_STYLE_ASSIGNMENT((#14776));
#14776 = SURFACE_STYLE_USAGE(.BOTH.,#14777);
#14777 = SURFACE_SIDE_STYLE('',(#14778));
#14778 = SURFACE_STYLE_FILL_AREA(#14779);
#14779 = FILL_AREA_STYLE('',(#14780));
#14780 = FILL_AREA_STYLE_COLOUR('',#14430);
#14781 = STYLED_ITEM('color',(#14782),#11944);
#14782 = PRESENTATION_STYLE_ASSIGNMENT((#14783));
#14783 = SURFACE_STYLE_USAGE(.BOTH.,#14784);
#14784 = SURFACE_SIDE_STYLE('',(#14785));
#14785 = SURFACE_STYLE_FILL_AREA(#14786);
#14786 = FILL_AREA_STYLE('',(#14787));
#14787 = FILL_AREA_STYLE_COLOUR('',#14430);
#14788 = STYLED_ITEM('color',(#14789),#11986);
#14789 = PRESENTATION_STYLE_ASSIGNMENT((#14790));
#14790 = SURFACE_STYLE_USAGE(.BOTH.,#14791);
#14791 = SURFACE_SIDE_STYLE('',(#14792));
#14792 = SURFACE_STYLE_FILL_AREA(#14793);
#14793 = FILL_AREA_STYLE('',(#14794));
#14794 = FILL_AREA_STYLE_COLOUR('',#14430);
#14795 = STYLED_ITEM('color',(#14796),#12028);
#14796 = PRESENTATION_STYLE_ASSIGNMENT((#14797));
#14797 = SURFACE_STYLE_USAGE(.BOTH.,#14798);
#14798 = SURFACE_SIDE_STYLE('',(#14799));
#14799 = SURFACE_STYLE_FILL_AREA(#14800);
#14800 = FILL_AREA_STYLE('',(#14801));
#14801 = FILL_AREA_STYLE_COLOUR('',#14430);
#14802 = STYLED_ITEM('color',(#14803),#12070);
#14803 = PRESENTATION_STYLE_ASSIGNMENT((#14804));
#14804 = SURFACE_STYLE_USAGE(.BOTH.,#14805);
#14805 = SURFACE_SIDE_STYLE('',(#14806));
#14806 = SURFACE_STYLE_FILL_AREA(#14807);
#14807 = FILL_AREA_STYLE('',(#14808));
#14808 = FILL_AREA_STYLE_COLOUR('',#14430);
#14809 = STYLED_ITEM('color',(#14810),#12112);
#14810 = PRESENTATION_STYLE_ASSIGNMENT((#14811));
#14811 = SURFACE_STYLE_USAGE(.BOTH.,#14812);
#14812 = SURFACE_SIDE_STYLE('',(#14813));
#14813 = SURFACE_STYLE_FILL_AREA(#14814);
#14814 = FILL_AREA_STYLE('',(#14815));
#14815 = FILL_AREA_STYLE_COLOUR('',#14430);
#14816 = STYLED_ITEM('color',(#14817),#12154);
#14817 = PRESENTATION_STYLE_ASSIGNMENT((#14818));
#14818 = SURFACE_STYLE_USAGE(.BOTH.,#14819);
#14819 = SURFACE_SIDE_STYLE('',(#14820));
#14820 = SURFACE_STYLE_FILL_AREA(#14821);
#14821 = FILL_AREA_STYLE('',(#14822));
#14822 = FILL_AREA_STYLE_COLOUR('',#14430);
#14823 = STYLED_ITEM('color',(#14824),#12196);
#14824 = PRESENTATION_STYLE_ASSIGNMENT((#14825));
#14825 = SURFACE_STYLE_USAGE(.BOTH.,#14826);
#14826 = SURFACE_SIDE_STYLE('',(#14827));
#14827 = SURFACE_STYLE_FILL_AREA(#14828);
#14828 = FILL_AREA_STYLE('',(#14829));
#14829 = FILL_AREA_STYLE_COLOUR('',#14430);
#14830 = STYLED_ITEM('color',(#14831),#12238);
#14831 = PRESENTATION_STYLE_ASSIGNMENT((#14832));
#14832 = SURFACE_STYLE_USAGE(.BOTH.,#14833);
#14833 = SURFACE_SIDE_STYLE('',(#14834));
#14834 = SURFACE_STYLE_FILL_AREA(#14835);
#14835 = FILL_AREA_STYLE('',(#14836));
#14836 = FILL_AREA_STYLE_COLOUR('',#14430);
#14837 = STYLED_ITEM('color',(#14838),#12280);
#14838 = PRESENTATION_STYLE_ASSIGNMENT((#14839));
#14839 = SURFACE_STYLE_USAGE(.BOTH.,#14840);
#14840 = SURFACE_SIDE_STYLE('',(#14841));
#14841 = SURFACE_STYLE_FILL_AREA(#14842);
#14842 = FILL_AREA_STYLE('',(#14843));
#14843 = FILL_AREA_STYLE_COLOUR('',#14430);
#14844 = STYLED_ITEM('color',(#14845),#12322);
#14845 = PRESENTATION_STYLE_ASSIGNMENT((#14846));
#14846 = SURFACE_STYLE_USAGE(.BOTH.,#14847);
#14847 = SURFACE_SIDE_STYLE('',(#14848));
#14848 = SURFACE_STYLE_FILL_AREA(#14849);
#14849 = FILL_AREA_STYLE('',(#14850));
#14850 = FILL_AREA_STYLE_COLOUR('',#14430);
#14851 = STYLED_ITEM('color',(#14852),#12364);
#14852 = PRESENTATION_STYLE_ASSIGNMENT((#14853));
#14853 = SURFACE_STYLE_USAGE(.BOTH.,#14854);
#14854 = SURFACE_SIDE_STYLE('',(#14855));
#14855 = SURFACE_STYLE_FILL_AREA(#14856);
#14856 = FILL_AREA_STYLE('',(#14857));
#14857 = FILL_AREA_STYLE_COLOUR('',#14430);
#14858 = STYLED_ITEM('color',(#14859),#12406);
#14859 = PRESENTATION_STYLE_ASSIGNMENT((#14860));
#14860 = SURFACE_STYLE_USAGE(.BOTH.,#14861);
#14861 = SURFACE_SIDE_STYLE('',(#14862));
#14862 = SURFACE_STYLE_FILL_AREA(#14863);
#14863 = FILL_AREA_STYLE('',(#14864));
#14864 = FILL_AREA_STYLE_COLOUR('',#14430);
#14865 = STYLED_ITEM('color',(#14866),#12448);
#14866 = PRESENTATION_STYLE_ASSIGNMENT((#14867));
#14867 = SURFACE_STYLE_USAGE(.BOTH.,#14868);
#14868 = SURFACE_SIDE_STYLE('',(#14869));
#14869 = SURFACE_STYLE_FILL_AREA(#14870);
#14870 = FILL_AREA_STYLE('',(#14871));
#14871 = FILL_AREA_STYLE_COLOUR('',#14430);
#14872 = STYLED_ITEM('color',(#14873),#12490);
#14873 = PRESENTATION_STYLE_ASSIGNMENT((#14874));
#14874 = SURFACE_STYLE_USAGE(.BOTH.,#14875);
#14875 = SURFACE_SIDE_STYLE('',(#14876));
#14876 = SURFACE_STYLE_FILL_AREA(#14877);
#14877 = FILL_AREA_STYLE('',(#14878));
#14878 = FILL_AREA_STYLE_COLOUR('',#14430);
#14879 = STYLED_ITEM('color',(#14880),#12532);
#14880 = PRESENTATION_STYLE_ASSIGNMENT((#14881));
#14881 = SURFACE_STYLE_USAGE(.BOTH.,#14882);
#14882 = SURFACE_SIDE_STYLE('',(#14883));
#14883 = SURFACE_STYLE_FILL_AREA(#14884);
#14884 = FILL_AREA_STYLE('',(#14885));
#14885 = FILL_AREA_STYLE_COLOUR('',#14430);
#14886 = STYLED_ITEM('color',(#14887),#12574);
#14887 = PRESENTATION_STYLE_ASSIGNMENT((#14888));
#14888 = SURFACE_STYLE_USAGE(.BOTH.,#14889);
#14889 = SURFACE_SIDE_STYLE('',(#14890));
#14890 = SURFACE_STYLE_FILL_AREA(#14891);
#14891 = FILL_AREA_STYLE('',(#14892));
#14892 = FILL_AREA_STYLE_COLOUR('',#14430);
#14893 = STYLED_ITEM('color',(#14894),#12616);
#14894 = PRESENTATION_STYLE_ASSIGNMENT((#14895));
#14895 = SURFACE_STYLE_USAGE(.BOTH.,#14896);
#14896 = SURFACE_SIDE_STYLE('',(#14897));
#14897 = SURFACE_STYLE_FILL_AREA(#14898);
#14898 = FILL_AREA_STYLE('',(#14899));
#14899 = FILL_AREA_STYLE_COLOUR('',#14430);
#14900 = STYLED_ITEM('color',(#14901),#12658);
#14901 = PRESENTATION_STYLE_ASSIGNMENT((#14902));
#14902 = SURFACE_STYLE_USAGE(.BOTH.,#14903);
#14903 = SURFACE_SIDE_STYLE('',(#14904));
#14904 = SURFACE_STYLE_FILL_AREA(#14905);
#14905 = FILL_AREA_STYLE('',(#14906));
#14906 = FILL_AREA_STYLE_COLOUR('',#14430);
#14907 = STYLED_ITEM('color',(#14908),#12700);
#14908 = PRESENTATION_STYLE_ASSIGNMENT((#14909));
#14909 = SURFACE_STYLE_USAGE(.BOTH.,#14910);
#14910 = SURFACE_SIDE_STYLE('',(#14911));
#14911 = SURFACE_STYLE_FILL_AREA(#14912);
#14912 = FILL_AREA_STYLE('',(#14913));
#14913 = FILL_AREA_STYLE_COLOUR('',#14430);
#14914 = STYLED_ITEM('color',(#14915),#12742);
#14915 = PRESENTATION_STYLE_ASSIGNMENT((#14916));
#14916 = SURFACE_STYLE_USAGE(.BOTH.,#14917);
#14917 = SURFACE_SIDE_STYLE('',(#14918));
#14918 = SURFACE_STYLE_FILL_AREA(#14919);
#14919 = FILL_AREA_STYLE('',(#14920));
#14920 = FILL_AREA_STYLE_COLOUR('',#14430);
#14921 = STYLED_ITEM('color',(#14922),#12784);
#14922 = PRESENTATION_STYLE_ASSIGNMENT((#14923));
#14923 = SURFACE_STYLE_USAGE(.BOTH.,#14924);
#14924 = SURFACE_SIDE_STYLE('',(#14925));
#14925 = SURFACE_STYLE_FILL_AREA(#14926);
#14926 = FILL_AREA_STYLE('',(#14927));
#14927 = FILL_AREA_STYLE_COLOUR('',#14430);
#14928 = STYLED_ITEM('color',(#14929),#12826);
#14929 = PRESENTATION_STYLE_ASSIGNMENT((#14930));
#14930 = SURFACE_STYLE_USAGE(.BOTH.,#14931);
#14931 = SURFACE_SIDE_STYLE('',(#14932));
#14932 = SURFACE_STYLE_FILL_AREA(#14933);
#14933 = FILL_AREA_STYLE('',(#14934));
#14934 = FILL_AREA_STYLE_COLOUR('',#14430);
#14935 = STYLED_ITEM('color',(#14936),#12868);
#14936 = PRESENTATION_STYLE_ASSIGNMENT((#14937));
#14937 = SURFACE_STYLE_USAGE(.BOTH.,#14938);
#14938 = SURFACE_SIDE_STYLE('',(#14939));
#14939 = SURFACE_STYLE_FILL_AREA(#14940);
#14940 = FILL_AREA_STYLE('',(#14941));
#14941 = FILL_AREA_STYLE_COLOUR('',#14430);
#14942 = STYLED_ITEM('color',(#14943),#12910);
#14943 = PRESENTATION_STYLE_ASSIGNMENT((#14944));
#14944 = SURFACE_STYLE_USAGE(.BOTH.,#14945);
#14945 = SURFACE_SIDE_STYLE('',(#14946));
#14946 = SURFACE_STYLE_FILL_AREA(#14947);
#14947 = FILL_AREA_STYLE('',(#14948));
#14948 = FILL_AREA_STYLE_COLOUR('',#14430);
#14949 = STYLED_ITEM('color',(#14950),#12952);
#14950 = PRESENTATION_STYLE_ASSIGNMENT((#14951));
#14951 = SURFACE_STYLE_USAGE(.BOTH.,#14952);
#14952 = SURFACE_SIDE_STYLE('',(#14953));
#14953 = SURFACE_STYLE_FILL_AREA(#14954);
#14954 = FILL_AREA_STYLE('',(#14955));
#14955 = FILL_AREA_STYLE_COLOUR('',#14430);
#14956 = STYLED_ITEM('color',(#14957),#12994);
#14957 = PRESENTATION_STYLE_ASSIGNMENT((#14958));
#14958 = SURFACE_STYLE_USAGE(.BOTH.,#14959);
#14959 = SURFACE_SIDE_STYLE('',(#14960));
#14960 = SURFACE_STYLE_FILL_AREA(#14961);
#14961 = FILL_AREA_STYLE('',(#14962));
#14962 = FILL_AREA_STYLE_COLOUR('',#14430);
#14963 = STYLED_ITEM('color',(#14964),#13036);
#14964 = PRESENTATION_STYLE_ASSIGNMENT((#14965));
#14965 = SURFACE_STYLE_USAGE(.BOTH.,#14966);
#14966 = SURFACE_SIDE_STYLE('',(#14967));
#14967 = SURFACE_STYLE_FILL_AREA(#14968);
#14968 = FILL_AREA_STYLE('',(#14969));
#14969 = FILL_AREA_STYLE_COLOUR('',#14430);
#14970 = STYLED_ITEM('color',(#14971),#13078);
#14971 = PRESENTATION_STYLE_ASSIGNMENT((#14972));
#14972 = SURFACE_STYLE_USAGE(.BOTH.,#14973);
#14973 = SURFACE_SIDE_STYLE('',(#14974));
#14974 = SURFACE_STYLE_FILL_AREA(#14975);
#14975 = FILL_AREA_STYLE('',(#14976));
#14976 = FILL_AREA_STYLE_COLOUR('',#14430);
#14977 = STYLED_ITEM('color',(#14978),#13120);
#14978 = PRESENTATION_STYLE_ASSIGNMENT((#14979));
#14979 = SURFACE_STYLE_USAGE(.BOTH.,#14980);
#14980 = SURFACE_SIDE_STYLE('',(#14981));
#14981 = SURFACE_STYLE_FILL_AREA(#14982);
#14982 = FILL_AREA_STYLE('',(#14983));
#14983 = FILL_AREA_STYLE_COLOUR('',#14430);
#14984 = STYLED_ITEM('color',(#14985),#13162);
#14985 = PRESENTATION_STYLE_ASSIGNMENT((#14986));
#14986 = SURFACE_STYLE_USAGE(.BOTH.,#14987);
#14987 = SURFACE_SIDE_STYLE('',(#14988));
#14988 = SURFACE_STYLE_FILL_AREA(#14989);
#14989 = FILL_AREA_STYLE('',(#14990));
#14990 = FILL_AREA_STYLE_COLOUR('',#14430);
#14991 = STYLED_ITEM('color',(#14992),#13204);
#14992 = PRESENTATION_STYLE_ASSIGNMENT((#14993));
#14993 = SURFACE_STYLE_USAGE(.BOTH.,#14994);
#14994 = SURFACE_SIDE_STYLE('',(#14995));
#14995 = SURFACE_STYLE_FILL_AREA(#14996);
#14996 = FILL_AREA_STYLE('',(#14997));
#14997 = FILL_AREA_STYLE_COLOUR('',#14430);
#14998 = STYLED_ITEM('color',(#14999),#13246);
#14999 = PRESENTATION_STYLE_ASSIGNMENT((#15000));
#15000 = SURFACE_STYLE_USAGE(.BOTH.,#15001);
#15001 = SURFACE_SIDE_STYLE('',(#15002));
#15002 = SURFACE_STYLE_FILL_AREA(#15003);
#15003 = FILL_AREA_STYLE('',(#15004));
#15004 = FILL_AREA_STYLE_COLOUR('',#14430);
#15005 = STYLED_ITEM('color',(#15006),#13288);
#15006 = PRESENTATION_STYLE_ASSIGNMENT((#15007));
#15007 = SURFACE_STYLE_USAGE(.BOTH.,#15008);
#15008 = SURFACE_SIDE_STYLE('',(#15009));
#15009 = SURFACE_STYLE_FILL_AREA(#15010);
#15010 = FILL_AREA_STYLE('',(#15011));
#15011 = FILL_AREA_STYLE_COLOUR('',#14430);
#15012 = STYLED_ITEM('color',(#15013),#13330);
#15013 = PRESENTATION_STYLE_ASSIGNMENT((#15014));
#15014 = SURFACE_STYLE_USAGE(.BOTH.,#15015);
#15015 = SURFACE_SIDE_STYLE('',(#15016));
#15016 = SURFACE_STYLE_FILL_AREA(#15017);
#15017 = FILL_AREA_STYLE('',(#15018));
#15018 = FILL_AREA_STYLE_COLOUR('',#14430);
#15019 = STYLED_ITEM('color',(#15020),#13372);
#15020 = PRESENTATION_STYLE_ASSIGNMENT((#15021));
#15021 = SURFACE_STYLE_USAGE(.BOTH.,#15022);
#15022 = SURFACE_SIDE_STYLE('',(#15023));
#15023 = SURFACE_STYLE_FILL_AREA(#15024);
#15024 = FILL_AREA_STYLE('',(#15025));
#15025 = FILL_AREA_STYLE_COLOUR('',#14430);
#15026 = STYLED_ITEM('color',(#15027),#13414);
#15027 = PRESENTATION_STYLE_ASSIGNMENT((#15028));
#15028 = SURFACE_STYLE_USAGE(.BOTH.,#15029);
#15029 = SURFACE_SIDE_STYLE('',(#15030));
#15030 = SURFACE_STYLE_FILL_AREA(#15031);
#15031 = FILL_AREA_STYLE('',(#15032));
#15032 = FILL_AREA_STYLE_COLOUR('',#14430);
#15033 = STYLED_ITEM('color',(#15034),#13456);
#15034 = PRESENTATION_STYLE_ASSIGNMENT((#15035));
#15035 = SURFACE_STYLE_USAGE(.BOTH.,#15036);
#15036 = SURFACE_SIDE_STYLE('',(#15037));
#15037 = SURFACE_STYLE_FILL_AREA(#15038);
#15038 = FILL_AREA_STYLE('',(#15039));
#15039 = FILL_AREA_STYLE_COLOUR('',#14430);
#15040 = STYLED_ITEM('color',(#15041),#13498);
#15041 = PRESENTATION_STYLE_ASSIGNMENT((#15042));
#15042 = SURFACE_STYLE_USAGE(.BOTH.,#15043);
#15043 = SURFACE_SIDE_STYLE('',(#15044));
#15044 = SURFACE_STYLE_FILL_AREA(#15045);
#15045 = FILL_AREA_STYLE('',(#15046));
#15046 = FILL_AREA_STYLE_COLOUR('',#14430);
#15047 = STYLED_ITEM('color',(#15048),#13540);
#15048 = PRESENTATION_STYLE_ASSIGNMENT((#15049));
#15049 = SURFACE_STYLE_USAGE(.BOTH.,#15050);
#15050 = SURFACE_SIDE_STYLE('',(#15051));
#15051 = SURFACE_STYLE_FILL_AREA(#15052);
#15052 = FILL_AREA_STYLE('',(#15053));
#15053 = FILL_AREA_STYLE_COLOUR('',#14430);
#15054 = STYLED_ITEM('color',(#15055),#13582);
#15055 = PRESENTATION_STYLE_ASSIGNMENT((#15056));
#15056 = SURFACE_STYLE_USAGE(.BOTH.,#15057);
#15057 = SURFACE_SIDE_STYLE('',(#15058));
#15058 = SURFACE_STYLE_FILL_AREA(#15059);
#15059 = FILL_AREA_STYLE('',(#15060));
#15060 = FILL_AREA_STYLE_COLOUR('',#14430);
#15061 = STYLED_ITEM('color',(#15062),#13624);
#15062 = PRESENTATION_STYLE_ASSIGNMENT((#15063));
#15063 = SURFACE_STYLE_USAGE(.BOTH.,#15064);
#15064 = SURFACE_SIDE_STYLE('',(#15065));
#15065 = SURFACE_STYLE_FILL_AREA(#15066);
#15066 = FILL_AREA_STYLE('',(#15067));
#15067 = FILL_AREA_STYLE_COLOUR('',#14430);
#15068 = STYLED_ITEM('color',(#15069),#13666);
#15069 = PRESENTATION_STYLE_ASSIGNMENT((#15070));
#15070 = SURFACE_STYLE_USAGE(.BOTH.,#15071);
#15071 = SURFACE_SIDE_STYLE('',(#15072));
#15072 = SURFACE_STYLE_FILL_AREA(#15073);
#15073 = FILL_AREA_STYLE('',(#15074));
#15074 = FILL_AREA_STYLE_COLOUR('',#14430);
#15075 = STYLED_ITEM('color',(#15076),#13708);
#15076 = PRESENTATION_STYLE_ASSIGNMENT((#15077));
#15077 = SURFACE_STYLE_USAGE(.BOTH.,#15078);
#15078 = SURFACE_SIDE_STYLE('',(#15079));
#15079 = SURFACE_STYLE_FILL_AREA(#15080);
#15080 = FILL_AREA_STYLE('',(#15081));
#15081 = FILL_AREA_STYLE_COLOUR('',#14430);
#15082 = STYLED_ITEM('color',(#15083),#13750);
#15083 = PRESENTATION_STYLE_ASSIGNMENT((#15084));
#15084 = SURFACE_STYLE_USAGE(.BOTH.,#15085);
#15085 = SURFACE_SIDE_STYLE('',(#15086));
#15086 = SURFACE_STYLE_FILL_AREA(#15087);
#15087 = FILL_AREA_STYLE('',(#15088));
#15088 = FILL_AREA_STYLE_COLOUR('',#14430);
#15089 = STYLED_ITEM('color',(#15090),#13792);
#15090 = PRESENTATION_STYLE_ASSIGNMENT((#15091));
#15091 = SURFACE_STYLE_USAGE(.BOTH.,#15092);
#15092 = SURFACE_SIDE_STYLE('',(#15093));
#15093 = SURFACE_STYLE_FILL_AREA(#15094);
#15094 = FILL_AREA_STYLE('',(#15095));
#15095 = FILL_AREA_STYLE_COLOUR('',#14430);
#15096 = STYLED_ITEM('color',(#15097),#13834);
#15097 = PRESENTATION_STYLE_ASSIGNMENT((#15098));
#15098 = SURFACE_STYLE_USAGE(.BOTH.,#15099);
#15099 = SURFACE_SIDE_STYLE('',(#15100));
#15100 = SURFACE_STYLE_FILL_AREA(#15101);
#15101 = FILL_AREA_STYLE('',(#15102));
#15102 = FILL_AREA_STYLE_COLOUR('',#15103);
#15103 = COLOUR_RGB('',0.195999994874,0.195999994874,0.195999994874);
#15104 = STYLED_ITEM('color',(#15105),#13876);
#15105 = PRESENTATION_STYLE_ASSIGNMENT((#15106));
#15106 = SURFACE_STYLE_USAGE(.BOTH.,#15107);
#15107 = SURFACE_SIDE_STYLE('',(#15108));
#15108 = SURFACE_STYLE_FILL_AREA(#15109);
#15109 = FILL_AREA_STYLE('',(#15110));
#15110 = FILL_AREA_STYLE_COLOUR('',#15103);
#15111 = STYLED_ITEM('color',(#15112),#13918);
#15112 = PRESENTATION_STYLE_ASSIGNMENT((#15113));
#15113 = SURFACE_STYLE_USAGE(.BOTH.,#15114);
#15114 = SURFACE_SIDE_STYLE('',(#15115));
#15115 = SURFACE_STYLE_FILL_AREA(#15116);
#15116 = FILL_AREA_STYLE('',(#15117));
#15117 = FILL_AREA_STYLE_COLOUR('',#15103);
#15118 = STYLED_ITEM('color',(#15119),#13960);
#15119 = PRESENTATION_STYLE_ASSIGNMENT((#15120));
#15120 = SURFACE_STYLE_USAGE(.BOTH.,#15121);
#15121 = SURFACE_SIDE_STYLE('',(#15122));
#15122 = SURFACE_STYLE_FILL_AREA(#15123);
#15123 = FILL_AREA_STYLE('',(#15124));
#15124 = FILL_AREA_STYLE_COLOUR('',#15103);
#15125 = STYLED_ITEM('color',(#15126),#14002);
#15126 = PRESENTATION_STYLE_ASSIGNMENT((#15127));
#15127 = SURFACE_STYLE_USAGE(.BOTH.,#15128);
#15128 = SURFACE_SIDE_STYLE('',(#15129));
#15129 = SURFACE_STYLE_FILL_AREA(#15130);
#15130 = FILL_AREA_STYLE('',(#15131));
#15131 = FILL_AREA_STYLE_COLOUR('',#15103);
#15132 = STYLED_ITEM('color',(#15133),#14044);
#15133 = PRESENTATION_STYLE_ASSIGNMENT((#15134));
#15134 = SURFACE_STYLE_USAGE(.BOTH.,#15135);
#15135 = SURFACE_SIDE_STYLE('',(#15136));
#15136 = SURFACE_STYLE_FILL_AREA(#15137);
#15137 = FILL_AREA_STYLE('',(#15138));
#15138 = FILL_AREA_STYLE_COLOUR('',#15103);
#15139 = STYLED_ITEM('color',(#15140),#14086);
#15140 = PRESENTATION_STYLE_ASSIGNMENT((#15141));
#15141 = SURFACE_STYLE_USAGE(.BOTH.,#15142);
#15142 = SURFACE_SIDE_STYLE('',(#15143));
#15143 = SURFACE_STYLE_FILL_AREA(#15144);
#15144 = FILL_AREA_STYLE('',(#15145));
#15145 = FILL_AREA_STYLE_COLOUR('',#15146);
#15146 = COLOUR_RGB('',0.587999999523,0.587999999523,0.587999999523);
#15147 = STYLED_ITEM('color',(#15148),#14120);
#15148 = PRESENTATION_STYLE_ASSIGNMENT((#15149));
#15149 = SURFACE_STYLE_USAGE(.BOTH.,#15150);
#15150 = SURFACE_SIDE_STYLE('',(#15151));
#15151 = SURFACE_STYLE_FILL_AREA(#15152);
#15152 = FILL_AREA_STYLE('',(#15153));
#15153 = FILL_AREA_STYLE_COLOUR('',#15146);
#15154 = STYLED_ITEM('color',(#15155),#14139);
#15155 = PRESENTATION_STYLE_ASSIGNMENT((#15156));
#15156 = SURFACE_STYLE_USAGE(.BOTH.,#15157);
#15157 = SURFACE_SIDE_STYLE('',(#15158));
#15158 = SURFACE_STYLE_FILL_AREA(#15159);
#15159 = FILL_AREA_STYLE('',(#15160));
#15160 = FILL_AREA_STYLE_COLOUR('',#15146);
#15161 = STYLED_ITEM('color',(#15162),#14158);
#15162 = PRESENTATION_STYLE_ASSIGNMENT((#15163));
#15163 = SURFACE_STYLE_USAGE(.BOTH.,#15164);
#15164 = SURFACE_SIDE_STYLE('',(#15165));
#15165 = SURFACE_STYLE_FILL_AREA(#15166);
#15166 = FILL_AREA_STYLE('',(#15167));
#15167 = FILL_AREA_STYLE_COLOUR('',#15146);
#15168 = STYLED_ITEM('color',(#15169),#14200);
#15169 = PRESENTATION_STYLE_ASSIGNMENT((#15170));
#15170 = SURFACE_STYLE_USAGE(.BOTH.,#15171);
#15171 = SURFACE_SIDE_STYLE('',(#15172));
#15172 = SURFACE_STYLE_FILL_AREA(#15173);
#15173 = FILL_AREA_STYLE('',(#15174));
#15174 = FILL_AREA_STYLE_COLOUR('',#15146);
#15175 = STYLED_ITEM('color',(#15176),#14242);
#15176 = PRESENTATION_STYLE_ASSIGNMENT((#15177));
#15177 = SURFACE_STYLE_USAGE(.BOTH.,#15178);
#15178 = SURFACE_SIDE_STYLE('',(#15179));
#15179 = SURFACE_STYLE_FILL_AREA(#15180);
#15180 = FILL_AREA_STYLE('',(#15181));
#15181 = FILL_AREA_STYLE_COLOUR('',#15146);
#15182 = STYLED_ITEM('color',(#15183),#14284);
#15183 = PRESENTATION_STYLE_ASSIGNMENT((#15184));
#15184 = SURFACE_STYLE_USAGE(.BOTH.,#15185);
#15185 = SURFACE_SIDE_STYLE('',(#15186));
#15186 = SURFACE_STYLE_FILL_AREA(#15187);
#15187 = FILL_AREA_STYLE('',(#15188));
#15188 = FILL_AREA_STYLE_COLOUR('',#15146);
#15189 = STYLED_ITEM('color',(#15190),#14326);
#15190 = PRESENTATION_STYLE_ASSIGNMENT((#15191));
#15191 = SURFACE_STYLE_USAGE(.BOTH.,#15192);
#15192 = SURFACE_SIDE_STYLE('',(#15193));
#15193 = SURFACE_STYLE_FILL_AREA(#15194);
#15194 = FILL_AREA_STYLE('',(#15195));
#15195 = FILL_AREA_STYLE_COLOUR('',#15146);
#15196 = STYLED_ITEM('color',(#15197),#14368);
#15197 = PRESENTATION_STYLE_ASSIGNMENT((#15198));
#15198 = SURFACE_STYLE_USAGE(.BOTH.,#15199);
#15199 = SURFACE_SIDE_STYLE('',(#15200));
#15200 = SURFACE_STYLE_FILL_AREA(#15201);
#15201 = FILL_AREA_STYLE('',(#15202));
#15202 = FILL_AREA_STYLE_COLOUR('',#15146);
#15203 = STYLED_ITEM('color',(#15204),#165);
#15204 = PRESENTATION_STYLE_ASSIGNMENT((#15205));
#15205 = SURFACE_STYLE_USAGE(.BOTH.,#15206);
#15206 = SURFACE_SIDE_STYLE('',(#15207));
#15207 = SURFACE_STYLE_FILL_AREA(#15208);
#15208 = FILL_AREA_STYLE('',(#15209));
#15209 = FILL_AREA_STYLE_COLOUR('',#15210);
#15210 = COLOUR_RGB('',0.721568644047,0.525490224361,4.313725605607E-002
  );
#15211 = STYLED_ITEM('color',(#15212),#455);
#15212 = PRESENTATION_STYLE_ASSIGNMENT((#15213));
#15213 = SURFACE_STYLE_USAGE(.BOTH.,#15214);
#15214 = SURFACE_SIDE_STYLE('',(#15215));
#15215 = SURFACE_STYLE_FILL_AREA(#15216);
#15216 = FILL_AREA_STYLE('',(#15217));
#15217 = FILL_AREA_STYLE_COLOUR('',#15210);
#15218 = STYLED_ITEM('color',(#15219),#745);
#15219 = PRESENTATION_STYLE_ASSIGNMENT((#15220));
#15220 = SURFACE_STYLE_USAGE(.BOTH.,#15221);
#15221 = SURFACE_SIDE_STYLE('',(#15222));
#15222 = SURFACE_STYLE_FILL_AREA(#15223);
#15223 = FILL_AREA_STYLE('',(#15224));
#15224 = FILL_AREA_STYLE_COLOUR('',#15210);
#15225 = STYLED_ITEM('color',(#15226),#1035);
#15226 = PRESENTATION_STYLE_ASSIGNMENT((#15227));
#15227 = SURFACE_STYLE_USAGE(.BOTH.,#15228);
#15228 = SURFACE_SIDE_STYLE('',(#15229));
#15229 = SURFACE_STYLE_FILL_AREA(#15230);
#15230 = FILL_AREA_STYLE('',(#15231));
#15231 = FILL_AREA_STYLE_COLOUR('',#15210);
#15232 = STYLED_ITEM('color',(#15233),#1325);
#15233 = PRESENTATION_STYLE_ASSIGNMENT((#15234));
#15234 = SURFACE_STYLE_USAGE(.BOTH.,#15235);
#15235 = SURFACE_SIDE_STYLE('',(#15236));
#15236 = SURFACE_STYLE_FILL_AREA(#15237);
#15237 = FILL_AREA_STYLE('',(#15238));
#15238 = FILL_AREA_STYLE_COLOUR('',#15210);
#15239 = STYLED_ITEM('color',(#15240),#1615);
#15240 = PRESENTATION_STYLE_ASSIGNMENT((#15241));
#15241 = SURFACE_STYLE_USAGE(.BOTH.,#15242);
#15242 = SURFACE_SIDE_STYLE('',(#15243));
#15243 = SURFACE_STYLE_FILL_AREA(#15244);
#15244 = FILL_AREA_STYLE('',(#15245));
#15245 = FILL_AREA_STYLE_COLOUR('',#15246);
#15246 = COLOUR_RGB('',0.160784319043,0.160784319043,0.160784319043);
#15247 = STYLED_ITEM('color',(#15248),#1765);
#15248 = PRESENTATION_STYLE_ASSIGNMENT((#15249));
#15249 = SURFACE_STYLE_USAGE(.BOTH.,#15250);
#15250 = SURFACE_SIDE_STYLE('',(#15251));
#15251 = SURFACE_STYLE_FILL_AREA(#15252);
#15252 = FILL_AREA_STYLE('',(#15253));
#15253 = FILL_AREA_STYLE_COLOUR('',#15246);
#15254 = STYLED_ITEM('color',(#15255),#1915);
#15255 = PRESENTATION_STYLE_ASSIGNMENT((#15256));
#15256 = SURFACE_STYLE_USAGE(.BOTH.,#15257);
#15257 = SURFACE_SIDE_STYLE('',(#15258));
#15258 = SURFACE_STYLE_FILL_AREA(#15259);
#15259 = FILL_AREA_STYLE('',(#15260));
#15260 = FILL_AREA_STYLE_COLOUR('',#15246);
#15261 = STYLED_ITEM('color',(#15262),#2065);
#15262 = PRESENTATION_STYLE_ASSIGNMENT((#15263));
#15263 = SURFACE_STYLE_USAGE(.BOTH.,#15264);
#15264 = SURFACE_SIDE_STYLE('',(#15265));
#15265 = SURFACE_STYLE_FILL_AREA(#15266);
#15266 = FILL_AREA_STYLE('',(#15267));
#15267 = FILL_AREA_STYLE_COLOUR('',#15246);
#15268 = STYLED_ITEM('color',(#15269),#2215);
#15269 = PRESENTATION_STYLE_ASSIGNMENT((#15270));
#15270 = SURFACE_STYLE_USAGE(.BOTH.,#15271);
#15271 = SURFACE_SIDE_STYLE('',(#15272));
#15272 = SURFACE_STYLE_FILL_AREA(#15273);
#15273 = FILL_AREA_STYLE('',(#15274));
#15274 = FILL_AREA_STYLE_COLOUR('',#15275);
#15275 = COLOUR_RGB('',0.800000011921,0.800000011921,0.800000011921);
#15276 = STYLED_ITEM('color',(#15277),#2497);
#15277 = PRESENTATION_STYLE_ASSIGNMENT((#15278));
#15278 = SURFACE_STYLE_USAGE(.BOTH.,#15279);
#15279 = SURFACE_SIDE_STYLE('',(#15280));
#15280 = SURFACE_STYLE_FILL_AREA(#15281);
#15281 = FILL_AREA_STYLE('',(#15282));
#15282 = FILL_AREA_STYLE_COLOUR('',#15275);
#15283 = STYLED_ITEM('color',(#15284),#2779);
#15284 = PRESENTATION_STYLE_ASSIGNMENT((#15285));
#15285 = SURFACE_STYLE_USAGE(.BOTH.,#15286);
#15286 = SURFACE_SIDE_STYLE('',(#15287));
#15287 = SURFACE_STYLE_FILL_AREA(#15288);
#15288 = FILL_AREA_STYLE('',(#15289));
#15289 = FILL_AREA_STYLE_COLOUR('',#15275);
#15290 = STYLED_ITEM('color',(#15291),#3061);
#15291 = PRESENTATION_STYLE_ASSIGNMENT((#15292));
#15292 = SURFACE_STYLE_USAGE(.BOTH.,#15293);
#15293 = SURFACE_SIDE_STYLE('',(#15294));
#15294 = SURFACE_STYLE_FILL_AREA(#15295);
#15295 = FILL_AREA_STYLE('',(#15296));
#15296 = FILL_AREA_STYLE_COLOUR('',#15275);
#15297 = STYLED_ITEM('color',(#15298),#3343);
#15298 = PRESENTATION_STYLE_ASSIGNMENT((#15299));
#15299 = SURFACE_STYLE_USAGE(.BOTH.,#15300);
#15300 = SURFACE_SIDE_STYLE('',(#15301));
#15301 = SURFACE_STYLE_FILL_AREA(#15302);
#15302 = FILL_AREA_STYLE('',(#15303));
#15303 = FILL_AREA_STYLE_COLOUR('',#15275);
#15304 = STYLED_ITEM('color',(#15305),#3625);
#15305 = PRESENTATION_STYLE_ASSIGNMENT((#15306));
#15306 = SURFACE_STYLE_USAGE(.BOTH.,#15307);
#15307 = SURFACE_SIDE_STYLE('',(#15308));
#15308 = SURFACE_STYLE_FILL_AREA(#15309);
#15309 = FILL_AREA_STYLE('',(#15310));
#15310 = FILL_AREA_STYLE_COLOUR('',#15275);
#15311 = STYLED_ITEM('color',(#15312),#3907);
#15312 = PRESENTATION_STYLE_ASSIGNMENT((#15313));
#15313 = SURFACE_STYLE_USAGE(.BOTH.,#15314);
#15314 = SURFACE_SIDE_STYLE('',(#15315));
#15315 = SURFACE_STYLE_FILL_AREA(#15316);
#15316 = FILL_AREA_STYLE('',(#15317));
#15317 = FILL_AREA_STYLE_COLOUR('',#15275);
#15318 = STYLED_ITEM('color',(#15319),#4189);
#15319 = PRESENTATION_STYLE_ASSIGNMENT((#15320));
#15320 = SURFACE_STYLE_USAGE(.BOTH.,#15321);
#15321 = SURFACE_SIDE_STYLE('',(#15322));
#15322 = SURFACE_STYLE_FILL_AREA(#15323);
#15323 = FILL_AREA_STYLE('',(#15324));
#15324 = FILL_AREA_STYLE_COLOUR('',#15275);
#15325 = STYLED_ITEM('color',(#15326),#4471);
#15326 = PRESENTATION_STYLE_ASSIGNMENT((#15327));
#15327 = SURFACE_STYLE_USAGE(.BOTH.,#15328);
#15328 = SURFACE_SIDE_STYLE('',(#15329));
#15329 = SURFACE_STYLE_FILL_AREA(#15330);
#15330 = FILL_AREA_STYLE('',(#15331));
#15331 = FILL_AREA_STYLE_COLOUR('',#15275);
#15332 = STYLED_ITEM('color',(#15333),#4925);
#15333 = PRESENTATION_STYLE_ASSIGNMENT((#15334));
#15334 = SURFACE_STYLE_USAGE(.BOTH.,#15335);
#15335 = SURFACE_SIDE_STYLE('',(#15336));
#15336 = SURFACE_STYLE_FILL_AREA(#15337);
#15337 = FILL_AREA_STYLE('',(#15338));
#15338 = FILL_AREA_STYLE_COLOUR('',#15275);
#15339 = STYLED_ITEM('color',(#15340),#5379);
#15340 = PRESENTATION_STYLE_ASSIGNMENT((#15341));
#15341 = SURFACE_STYLE_USAGE(.BOTH.,#15342);
#15342 = SURFACE_SIDE_STYLE('',(#15343));
#15343 = SURFACE_STYLE_FILL_AREA(#15344);
#15344 = FILL_AREA_STYLE('',(#15345));
#15345 = FILL_AREA_STYLE_COLOUR('',#15275);
#15346 = STYLED_ITEM('color',(#15347),#5833);
#15347 = PRESENTATION_STYLE_ASSIGNMENT((#15348));
#15348 = SURFACE_STYLE_USAGE(.BOTH.,#15349);
#15349 = SURFACE_SIDE_STYLE('',(#15350));
#15350 = SURFACE_STYLE_FILL_AREA(#15351);
#15351 = FILL_AREA_STYLE('',(#15352));
#15352 = FILL_AREA_STYLE_COLOUR('',#15275);
#15353 = STYLED_ITEM('color',(#15354),#6287);
#15354 = PRESENTATION_STYLE_ASSIGNMENT((#15355));
#15355 = SURFACE_STYLE_USAGE(.BOTH.,#15356);
#15356 = SURFACE_SIDE_STYLE('',(#15357));
#15357 = SURFACE_STYLE_FILL_AREA(#15358);
#15358 = FILL_AREA_STYLE('',(#15359));
#15359 = FILL_AREA_STYLE_COLOUR('',#15275);
#15360 = STYLED_ITEM('color',(#15361),#6741);
#15361 = PRESENTATION_STYLE_ASSIGNMENT((#15362));
#15362 = SURFACE_STYLE_USAGE(.BOTH.,#15363);
#15363 = SURFACE_SIDE_STYLE('',(#15364));
#15364 = SURFACE_STYLE_FILL_AREA(#15365);
#15365 = FILL_AREA_STYLE('',(#15366));
#15366 = FILL_AREA_STYLE_COLOUR('',#15275);
#15367 = STYLED_ITEM('color',(#15368),#7195);
#15368 = PRESENTATION_STYLE_ASSIGNMENT((#15369));
#15369 = SURFACE_STYLE_USAGE(.BOTH.,#15370);
#15370 = SURFACE_SIDE_STYLE('',(#15371));
#15371 = SURFACE_STYLE_FILL_AREA(#15372);
#15372 = FILL_AREA_STYLE('',(#15373));
#15373 = FILL_AREA_STYLE_COLOUR('',#15275);
#15374 = STYLED_ITEM('color',(#15375),#7649);
#15375 = PRESENTATION_STYLE_ASSIGNMENT((#15376));
#15376 = SURFACE_STYLE_USAGE(.BOTH.,#15377);
#15377 = SURFACE_SIDE_STYLE('',(#15378));
#15378 = SURFACE_STYLE_FILL_AREA(#15379);
#15379 = FILL_AREA_STYLE('',(#15380));
#15380 = FILL_AREA_STYLE_COLOUR('',#15275);
#15381 = STYLED_ITEM('color',(#15382),#8103);
#15382 = PRESENTATION_STYLE_ASSIGNMENT((#15383));
#15383 = SURFACE_STYLE_USAGE(.BOTH.,#15384);
#15384 = SURFACE_SIDE_STYLE('',(#15385));
#15385 = SURFACE_STYLE_FILL_AREA(#15386);
#15386 = FILL_AREA_STYLE('',(#15387));
#15387 = FILL_AREA_STYLE_COLOUR('',#15275);
#15388 = STYLED_ITEM('color',(#15389),#8557);
#15389 = PRESENTATION_STYLE_ASSIGNMENT((#15390));
#15390 = SURFACE_STYLE_USAGE(.BOTH.,#15391);
#15391 = SURFACE_SIDE_STYLE('',(#15392));
#15392 = SURFACE_STYLE_FILL_AREA(#15393);
#15393 = FILL_AREA_STYLE('',(#15394));
#15394 = FILL_AREA_STYLE_COLOUR('',#15275);
#15395 = STYLED_ITEM('color',(#15396),#9011);
#15396 = PRESENTATION_STYLE_ASSIGNMENT((#15397));
#15397 = SURFACE_STYLE_USAGE(.BOTH.,#15398);
#15398 = SURFACE_SIDE_STYLE('',(#15399));
#15399 = SURFACE_STYLE_FILL_AREA(#15400);
#15400 = FILL_AREA_STYLE('',(#15401));
#15401 = FILL_AREA_STYLE_COLOUR('',#15402);
#15402 = COLOUR_RGB('',0.827450990677,0.827450990677,0.827450990677);
#15403 = STYLED_ITEM('color',(#15404),#9161);
#15404 = PRESENTATION_STYLE_ASSIGNMENT((#15405));
#15405 = SURFACE_STYLE_USAGE(.BOTH.,#15406);
#15406 = SURFACE_SIDE_STYLE('',(#15407));
#15407 = SURFACE_STYLE_FILL_AREA(#15408);
#15408 = FILL_AREA_STYLE('',(#15409));
#15409 = FILL_AREA_STYLE_COLOUR('',#15402);
#15410 = STYLED_ITEM('color',(#15411),#9311);
#15411 = PRESENTATION_STYLE_ASSIGNMENT((#15412));
#15412 = SURFACE_STYLE_USAGE(.BOTH.,#15413);
#15413 = SURFACE_SIDE_STYLE('',(#15414));
#15414 = SURFACE_STYLE_FILL_AREA(#15415);
#15415 = FILL_AREA_STYLE('',(#15416));
#15416 = FILL_AREA_STYLE_COLOUR('',#15402);
#15417 = STYLED_ITEM('color',(#15418),#9461);
#15418 = PRESENTATION_STYLE_ASSIGNMENT((#15419));
#15419 = SURFACE_STYLE_USAGE(.BOTH.,#15420);
#15420 = SURFACE_SIDE_STYLE('',(#15421));
#15421 = SURFACE_STYLE_FILL_AREA(#15422);
#15422 = FILL_AREA_STYLE('',(#15423));
#15423 = FILL_AREA_STYLE_COLOUR('',#15402);
#15424 = STYLED_ITEM('color',(#15425),#9611);
#15425 = PRESENTATION_STYLE_ASSIGNMENT((#15426));
#15426 = SURFACE_STYLE_USAGE(.BOTH.,#15427);
#15427 = SURFACE_SIDE_STYLE('',(#15428));
#15428 = SURFACE_STYLE_FILL_AREA(#15429);
#15429 = FILL_AREA_STYLE('',(#15430));
#15430 = FILL_AREA_STYLE_COLOUR('',#15431);
#15431 = COLOUR_RGB('',0.141176477075,0.470588237047,0.196078434587);
ENDSEC;
END-ISO-10303-21;
