ISO-10303-21;
HEADER;
/* Generated by software containing ST-Developer
 * from STEP Tools, Inc. (www.steptools.com) 
 */
/* OPTION: using custom renumber hook */

FILE_DESCRIPTION(
/* description */ ('STEP AP214'),
/* implementation_level */ '2;1');

FILE_NAME(
/* name */ 'SIBF-10-F-S-AD',
/* time_stamp */ '2022-09-16T17:43:00+02:00',
/* author */ ('License CC BY-ND 4.0'),
/* organization */ ('CADENAS'),
/* preprocessor_version */ 'ST-DEVELOPER v18.102',
/* originating_system */ 'PARTsolutions',
/* authorisation */ '  ');

FILE_SCHEMA (('AUTOMOTIVE_DESIGN {1 0 10303 214 3 1 1}'));
ENDSEC;

DATA;
#10=PROPERTY_DEFINITION_REPRESENTATION(#14,#12);
#11=PROPERTY_DEFINITION_REPRESENTATION(#15,#13);
#12=REPRESENTATION('',(#16),#20439);
#13=REPRESENTATION('',(#17),#20439);
#14=PROPERTY_DEFINITION('pmi validation property','',#20453);
#15=PROPERTY_DEFINITION('pmi validation property','',#20453);
#16=VALUE_REPRESENTATION_ITEM('number of annotations',COUNT_MEASURE(0.));
#17=VALUE_REPRESENTATION_ITEM('number of views',COUNT_MEASURE(0.));
#18=COLOUR_RGB('',0.5,0.5,0.5);
#19=CIRCLE('',#12558,0.0393);
#20=CIRCLE('',#12559,0.0393);
#21=CIRCLE('',#12561,0.0393);
#22=CIRCLE('',#12562,0.0393);
#23=CIRCLE('',#12564,0.0393);
#24=CIRCLE('',#12565,0.0393);
#25=CIRCLE('',#12567,0.0393);
#26=CIRCLE('',#12568,0.0393);
#27=CIRCLE('',#12570,0.0393);
#28=CIRCLE('',#12571,0.0393);
#29=CIRCLE('',#12573,0.0393);
#30=CIRCLE('',#12574,0.0393);
#31=CIRCLE('',#12576,0.0393);
#32=CIRCLE('',#12577,0.0393);
#33=CIRCLE('',#12579,0.0393);
#34=CIRCLE('',#12580,0.0393);
#35=CIRCLE('',#12582,0.0393);
#36=CIRCLE('',#12583,0.0393);
#37=CIRCLE('',#12585,0.0333);
#38=CIRCLE('',#12586,0.0333);
#39=CIRCLE('',#12588,0.0333);
#40=CIRCLE('',#12589,0.0333);
#41=CIRCLE('',#12591,0.0333);
#42=CIRCLE('',#12592,0.0333);
#43=CIRCLE('',#12594,0.0333);
#44=CIRCLE('',#12595,0.0333);
#45=CIRCLE('',#12597,0.0333);
#46=CIRCLE('',#12598,0.0333);
#47=CIRCLE('',#12600,0.0333);
#48=CIRCLE('',#12601,0.0333);
#49=CIRCLE('',#12603,0.0333);
#50=CIRCLE('',#12604,0.0333);
#51=CIRCLE('',#12606,0.0333);
#52=CIRCLE('',#12607,0.0333);
#53=CIRCLE('',#12609,0.0333);
#54=CIRCLE('',#12610,0.0333);
#55=CIRCLE('',#12621,0.0167);
#56=CIRCLE('',#12622,0.0167);
#57=CIRCLE('',#12624,0.0167);
#58=CIRCLE('',#12625,0.0167);
#59=CIRCLE('',#12627,0.0167);
#60=CIRCLE('',#12628,0.0167);
#61=CIRCLE('',#12630,0.0167);
#62=CIRCLE('',#12631,0.0167);
#63=CIRCLE('',#12633,0.0167);
#64=CIRCLE('',#12634,0.0167);
#65=CIRCLE('',#12636,0.0167);
#66=CIRCLE('',#12637,0.0167);
#67=CIRCLE('',#12639,0.0167);
#68=CIRCLE('',#12640,0.0167);
#69=CIRCLE('',#12642,0.0167);
#70=CIRCLE('',#12643,0.0167);
#71=CIRCLE('',#12645,0.0167);
#72=CIRCLE('',#12646,0.0167);
#73=CIRCLE('',#12657,0.02);
#74=CIRCLE('',#12658,0.02);
#75=CIRCLE('',#12660,0.02);
#76=CIRCLE('',#12661,0.02);
#77=CIRCLE('',#12663,0.02);
#78=CIRCLE('',#12664,0.02);
#79=CIRCLE('',#12666,0.02);
#80=CIRCLE('',#12667,0.02);
#81=CIRCLE('',#12669,0.02);
#82=CIRCLE('',#12670,0.02);
#83=CIRCLE('',#12672,0.02);
#84=CIRCLE('',#12673,0.02);
#85=CIRCLE('',#12675,0.02);
#86=CIRCLE('',#12676,0.02);
#87=CIRCLE('',#12678,0.02);
#88=CIRCLE('',#12679,0.02);
#89=CIRCLE('',#12681,0.02);
#90=CIRCLE('',#12682,0.02);
#91=CIRCLE('',#12711,0.014);
#92=CIRCLE('',#12712,0.014);
#93=CIRCLE('',#12714,0.014);
#94=CIRCLE('',#12715,0.014);
#95=CIRCLE('',#12717,0.014);
#96=CIRCLE('',#12718,0.014);
#97=CIRCLE('',#12720,0.014);
#98=CIRCLE('',#12721,0.014);
#99=CIRCLE('',#12723,0.014);
#100=CIRCLE('',#12724,0.014);
#101=CIRCLE('',#12726,0.014);
#102=CIRCLE('',#12727,0.014);
#103=CIRCLE('',#12729,0.014);
#104=CIRCLE('',#12730,0.014);
#105=CIRCLE('',#12732,0.014);
#106=CIRCLE('',#12733,0.014);
#107=CIRCLE('',#12735,0.014);
#108=CIRCLE('',#12736,0.014);
#109=CIRCLE('',#12747,0.0226999999999999);
#110=CIRCLE('',#12748,0.0226999999999999);
#111=CIRCLE('',#12750,0.0226999999999999);
#112=CIRCLE('',#12751,0.0226999999999999);
#113=CIRCLE('',#12753,0.0226999999999999);
#114=CIRCLE('',#12754,0.0226999999999999);
#115=CIRCLE('',#12756,0.0226999999999999);
#116=CIRCLE('',#12757,0.0226999999999999);
#117=CIRCLE('',#12759,0.0226999999999999);
#118=CIRCLE('',#12760,0.0226999999999999);
#119=CIRCLE('',#12762,0.0226999999999999);
#120=CIRCLE('',#12763,0.0226999999999999);
#121=CIRCLE('',#12765,0.0226999999999999);
#122=CIRCLE('',#12766,0.0226999999999999);
#123=CIRCLE('',#12768,0.0226999999999999);
#124=CIRCLE('',#12769,0.0226999999999999);
#125=CIRCLE('',#12771,0.0226999999999999);
#126=CIRCLE('',#12772,0.0226999999999999);
#127=CIRCLE('',#12783,0.016);
#128=CIRCLE('',#12784,0.0100000000000001);
#129=CIRCLE('',#12785,0.018);
#130=CIRCLE('',#12786,0.0119999999999999);
#131=CIRCLE('',#12788,0.0100000000000001);
#132=CIRCLE('',#12789,0.016);
#133=CIRCLE('',#12790,0.0119999999999999);
#134=CIRCLE('',#12791,0.018);
#135=CIRCLE('',#12793,0.0100000000000001);
#136=CIRCLE('',#12794,0.016);
#137=CIRCLE('',#12795,0.0119999999999999);
#138=CIRCLE('',#12796,0.018);
#139=CIRCLE('',#12798,0.016);
#140=CIRCLE('',#12799,0.0100000000000001);
#141=CIRCLE('',#12800,0.018);
#142=CIRCLE('',#12801,0.0119999999999999);
#143=CIRCLE('',#12803,0.0100000000000001);
#144=CIRCLE('',#12804,0.016);
#145=CIRCLE('',#12805,0.0119999999999999);
#146=CIRCLE('',#12806,0.018);
#147=CIRCLE('',#12808,0.016);
#148=CIRCLE('',#12809,0.0100000000000001);
#149=CIRCLE('',#12810,0.018);
#150=CIRCLE('',#12811,0.0119999999999999);
#151=CIRCLE('',#12813,0.0100000000000001);
#152=CIRCLE('',#12814,0.016);
#153=CIRCLE('',#12815,0.0119999999999999);
#154=CIRCLE('',#12816,0.018);
#155=CIRCLE('',#12818,0.016);
#156=CIRCLE('',#12819,0.0100000000000001);
#157=CIRCLE('',#12820,0.018);
#158=CIRCLE('',#12821,0.0119999999999999);
#159=CIRCLE('',#12823,0.0100000000000001);
#160=CIRCLE('',#12824,0.016);
#161=CIRCLE('',#12825,0.0119999999999999);
#162=CIRCLE('',#12826,0.018);
#163=CIRCLE('',#12828,0.016);
#164=CIRCLE('',#12829,0.0100000000000001);
#165=CIRCLE('',#12830,0.018);
#166=CIRCLE('',#12831,0.0119999999999999);
#167=CIRCLE('',#12833,0.0100000000000001);
#168=CIRCLE('',#12834,0.016);
#169=CIRCLE('',#12835,0.0119999999999999);
#170=CIRCLE('',#12836,0.018);
#171=CIRCLE('',#12838,0.016);
#172=CIRCLE('',#12839,0.0100000000000001);
#173=CIRCLE('',#12840,0.018);
#174=CIRCLE('',#12841,0.0119999999999999);
#175=CIRCLE('',#12843,0.0100000000000001);
#176=CIRCLE('',#12844,0.016);
#177=CIRCLE('',#12845,0.0119999999999999);
#178=CIRCLE('',#12846,0.018);
#179=CIRCLE('',#12848,0.016);
#180=CIRCLE('',#12849,0.0100000000000001);
#181=CIRCLE('',#12850,0.018);
#182=CIRCLE('',#12851,0.0119999999999999);
#183=CIRCLE('',#12853,0.0100000000000001);
#184=CIRCLE('',#12854,0.016);
#185=CIRCLE('',#12855,0.0119999999999999);
#186=CIRCLE('',#12856,0.018);
#187=CIRCLE('',#12858,0.016);
#188=CIRCLE('',#12859,0.0100000000000001);
#189=CIRCLE('',#12860,0.018);
#190=CIRCLE('',#12861,0.0119999999999999);
#191=CIRCLE('',#12863,0.0100000000000001);
#192=CIRCLE('',#12864,0.016);
#193=CIRCLE('',#12865,0.0119999999999999);
#194=CIRCLE('',#12866,0.018);
#195=CIRCLE('',#12868,0.016);
#196=CIRCLE('',#12869,0.0100000000000001);
#197=CIRCLE('',#12870,0.018);
#198=CIRCLE('',#12871,0.0119999999999999);
#199=CIRCLE('',#12873,0.016);
#200=CIRCLE('',#12874,0.0100000000000001);
#201=CIRCLE('',#12875,0.018);
#202=CIRCLE('',#12876,0.0119999999999999);
#203=CIRCLE('',#12878,0.0100000000000001);
#204=CIRCLE('',#12879,0.016);
#205=CIRCLE('',#12880,0.0119999999999999);
#206=CIRCLE('',#12881,0.018);
#207=CIRCLE('',#12883,0.00787401574803148);
#208=CIRCLE('',#12884,0.00787401574803152);
#209=CIRCLE('',#12886,0.00787401574803148);
#210=CIRCLE('',#12887,0.00787401574803148);
#211=CIRCLE('',#12889,0.00787401574803145);
#212=CIRCLE('',#12890,0.00787401574803155);
#213=CIRCLE('',#12892,0.00787401574803145);
#214=CIRCLE('',#12893,0.00787401574803155);
#215=CIRCLE('',#12895,0.00787401574803145);
#216=CIRCLE('',#12896,0.00787401574803155);
#217=CIRCLE('',#12898,0.00787401574803145);
#218=CIRCLE('',#12899,0.00787401574803155);
#219=CIRCLE('',#12901,0.00787401574803145);
#220=CIRCLE('',#12902,0.00787401574803155);
#221=CIRCLE('',#12904,0.00787401574803143);
#222=CIRCLE('',#12905,0.00787401574803155);
#223=CIRCLE('',#12907,0.00787401574803141);
#224=CIRCLE('',#12908,0.00787401574803148);
#225=CIRCLE('',#12910,0.00787401574803145);
#226=CIRCLE('',#12911,0.00787401574803148);
#227=CIRCLE('',#12923,0.00787401574803152);
#228=CIRCLE('',#12924,0.00787401574803148);
#229=CIRCLE('',#12926,0.00787401574803148);
#230=CIRCLE('',#12927,0.00787401574803148);
#231=CIRCLE('',#12929,0.00787401574803155);
#232=CIRCLE('',#12930,0.00787401574803145);
#233=CIRCLE('',#12932,0.00787401574803155);
#234=CIRCLE('',#12933,0.00787401574803145);
#235=CIRCLE('',#12935,0.00787401574803155);
#236=CIRCLE('',#12936,0.00787401574803145);
#237=CIRCLE('',#12938,0.00787401574803155);
#238=CIRCLE('',#12939,0.00787401574803145);
#239=CIRCLE('',#12941,0.00787401574803155);
#240=CIRCLE('',#12942,0.00787401574803145);
#241=CIRCLE('',#12944,0.00787401574803155);
#242=CIRCLE('',#12945,0.00787401574803143);
#243=CIRCLE('',#12947,0.00787401574803148);
#244=CIRCLE('',#12948,0.00787401574803141);
#245=CIRCLE('',#12950,0.00787401574803148);
#246=CIRCLE('',#12951,0.00787401574803145);
#247=CIRCLE('',#12984,0.0393);
#248=CIRCLE('',#12985,0.0393);
#249=CIRCLE('',#12987,0.0333);
#250=CIRCLE('',#12988,0.0333);
#251=CIRCLE('',#12991,0.016);
#252=CIRCLE('',#12992,0.016);
#253=CIRCLE('',#12994,0.016);
#254=CIRCLE('',#12995,0.016);
#255=CIRCLE('',#12997,0.016);
#256=CIRCLE('',#12998,0.016);
#257=CIRCLE('',#13000,0.016);
#258=CIRCLE('',#13001,0.016);
#259=CIRCLE('',#13003,0.016);
#260=CIRCLE('',#13004,0.016);
#261=CIRCLE('',#13006,0.016);
#262=CIRCLE('',#13007,0.016);
#263=CIRCLE('',#13009,0.016);
#264=CIRCLE('',#13010,0.016);
#265=CIRCLE('',#13012,0.016);
#266=CIRCLE('',#13013,0.016);
#267=CIRCLE('',#13015,0.016);
#268=CIRCLE('',#13016,0.016);
#269=CIRCLE('',#13018,0.016);
#270=CIRCLE('',#13019,0.016);
#271=CIRCLE('',#13042,0.0167);
#272=CIRCLE('',#13043,0.0167);
#273=CIRCLE('',#13046,0.02);
#274=CIRCLE('',#13047,0.02);
#275=CIRCLE('',#13052,0.014);
#276=CIRCLE('',#13053,0.014);
#277=CIRCLE('',#13056,0.0226999999999999);
#278=CIRCLE('',#13057,0.0226999999999999);
#279=CIRCLE('',#13217,0.0236221);
#280=CIRCLE('',#13219,0.0236221);
#281=CIRCLE('',#13221,0.0236221);
#282=CIRCLE('',#13223,0.0236221);
#283=CIRCLE('',#13225,0.0236221);
#284=CIRCLE('',#13227,0.0236221);
#285=CIRCLE('',#13229,0.0236221);
#286=CIRCLE('',#13231,0.0236221);
#287=CIRCLE('',#13233,0.0236221);
#288=CIRCLE('',#13235,0.0236221);
#289=CIRCLE('',#13237,0.0236221);
#290=CIRCLE('',#13239,0.0236221);
#291=CIRCLE('',#13241,0.0236221);
#292=CIRCLE('',#13243,0.0236221);
#293=CIRCLE('',#13245,0.0236221);
#294=CIRCLE('',#13247,0.0236221);
#295=CIRCLE('',#13249,0.0236221);
#296=CIRCLE('',#13251,0.0236221);
#297=CIRCLE('',#13253,0.0236221);
#298=CIRCLE('',#13255,0.0236221);
#299=CIRCLE('',#13277,0.0236221);
#300=CIRCLE('',#13288,0.0215);
#301=CIRCLE('',#13289,0.0215);
#302=CIRCLE('',#13290,0.026);
#303=CIRCLE('',#13292,0.0236221);
#304=CIRCLE('',#13308,0.0215);
#305=CIRCLE('',#13309,0.0215);
#306=CIRCLE('',#13310,0.026);
#307=CIRCLE('',#13374,0.026);
#308=CIRCLE('',#13377,0.026);
#309=CIRCLE('',#13381,0.0215);
#310=CIRCLE('',#13384,0.0215);
#311=CIRCLE('',#13388,0.0215);
#312=CIRCLE('',#13391,0.0215);
#313=CYLINDRICAL_SURFACE('',#12557,0.0393);
#314=CYLINDRICAL_SURFACE('',#12560,0.0393);
#315=CYLINDRICAL_SURFACE('',#12563,0.0393);
#316=CYLINDRICAL_SURFACE('',#12566,0.0393);
#317=CYLINDRICAL_SURFACE('',#12569,0.0393);
#318=CYLINDRICAL_SURFACE('',#12572,0.0393);
#319=CYLINDRICAL_SURFACE('',#12575,0.0393);
#320=CYLINDRICAL_SURFACE('',#12578,0.0393);
#321=CYLINDRICAL_SURFACE('',#12581,0.0393);
#322=CYLINDRICAL_SURFACE('',#12584,0.0333);
#323=CYLINDRICAL_SURFACE('',#12587,0.0333);
#324=CYLINDRICAL_SURFACE('',#12590,0.0333);
#325=CYLINDRICAL_SURFACE('',#12593,0.0333);
#326=CYLINDRICAL_SURFACE('',#12596,0.0333);
#327=CYLINDRICAL_SURFACE('',#12599,0.0333);
#328=CYLINDRICAL_SURFACE('',#12602,0.0333);
#329=CYLINDRICAL_SURFACE('',#12605,0.0333);
#330=CYLINDRICAL_SURFACE('',#12608,0.0333);
#331=CYLINDRICAL_SURFACE('',#12620,0.0167);
#332=CYLINDRICAL_SURFACE('',#12623,0.0167);
#333=CYLINDRICAL_SURFACE('',#12626,0.0167);
#334=CYLINDRICAL_SURFACE('',#12629,0.0167);
#335=CYLINDRICAL_SURFACE('',#12632,0.0167);
#336=CYLINDRICAL_SURFACE('',#12635,0.0167);
#337=CYLINDRICAL_SURFACE('',#12638,0.0167);
#338=CYLINDRICAL_SURFACE('',#12641,0.0167);
#339=CYLINDRICAL_SURFACE('',#12644,0.0167);
#340=CYLINDRICAL_SURFACE('',#12656,0.02);
#341=CYLINDRICAL_SURFACE('',#12659,0.02);
#342=CYLINDRICAL_SURFACE('',#12662,0.02);
#343=CYLINDRICAL_SURFACE('',#12665,0.02);
#344=CYLINDRICAL_SURFACE('',#12668,0.02);
#345=CYLINDRICAL_SURFACE('',#12671,0.02);
#346=CYLINDRICAL_SURFACE('',#12674,0.02);
#347=CYLINDRICAL_SURFACE('',#12677,0.02);
#348=CYLINDRICAL_SURFACE('',#12680,0.02);
#349=CYLINDRICAL_SURFACE('',#12710,0.014);
#350=CYLINDRICAL_SURFACE('',#12713,0.014);
#351=CYLINDRICAL_SURFACE('',#12716,0.014);
#352=CYLINDRICAL_SURFACE('',#12719,0.014);
#353=CYLINDRICAL_SURFACE('',#12722,0.014);
#354=CYLINDRICAL_SURFACE('',#12725,0.014);
#355=CYLINDRICAL_SURFACE('',#12728,0.014);
#356=CYLINDRICAL_SURFACE('',#12731,0.014);
#357=CYLINDRICAL_SURFACE('',#12734,0.014);
#358=CYLINDRICAL_SURFACE('',#12746,0.0226999999999999);
#359=CYLINDRICAL_SURFACE('',#12749,0.0226999999999999);
#360=CYLINDRICAL_SURFACE('',#12752,0.0226999999999999);
#361=CYLINDRICAL_SURFACE('',#12755,0.0226999999999999);
#362=CYLINDRICAL_SURFACE('',#12758,0.0226999999999999);
#363=CYLINDRICAL_SURFACE('',#12761,0.0226999999999999);
#364=CYLINDRICAL_SURFACE('',#12764,0.0226999999999999);
#365=CYLINDRICAL_SURFACE('',#12767,0.0226999999999999);
#366=CYLINDRICAL_SURFACE('',#12770,0.0226999999999999);
#367=CYLINDRICAL_SURFACE('',#12952,0.018);
#368=CYLINDRICAL_SURFACE('',#12953,0.018);
#369=CYLINDRICAL_SURFACE('',#12954,0.018);
#370=CYLINDRICAL_SURFACE('',#12955,0.018);
#371=CYLINDRICAL_SURFACE('',#12956,0.018);
#372=CYLINDRICAL_SURFACE('',#12957,0.018);
#373=CYLINDRICAL_SURFACE('',#12958,0.018);
#374=CYLINDRICAL_SURFACE('',#12959,0.018);
#375=CYLINDRICAL_SURFACE('',#12960,0.018);
#376=CYLINDRICAL_SURFACE('',#12961,0.018);
#377=CYLINDRICAL_SURFACE('',#12972,0.0100000000000001);
#378=CYLINDRICAL_SURFACE('',#12973,0.0100000000000001);
#379=CYLINDRICAL_SURFACE('',#12974,0.0100000000000001);
#380=CYLINDRICAL_SURFACE('',#12975,0.0100000000000001);
#381=CYLINDRICAL_SURFACE('',#12976,0.0100000000000001);
#382=CYLINDRICAL_SURFACE('',#12977,0.0100000000000001);
#383=CYLINDRICAL_SURFACE('',#12978,0.0100000000000001);
#384=CYLINDRICAL_SURFACE('',#12979,0.0100000000000001);
#385=CYLINDRICAL_SURFACE('',#12980,0.0100000000000001);
#386=CYLINDRICAL_SURFACE('',#12981,0.0100000000000001);
#387=CYLINDRICAL_SURFACE('',#12983,0.0393);
#388=CYLINDRICAL_SURFACE('',#12986,0.0333);
#389=CYLINDRICAL_SURFACE('',#12990,0.016);
#390=CYLINDRICAL_SURFACE('',#12993,0.016);
#391=CYLINDRICAL_SURFACE('',#12996,0.016);
#392=CYLINDRICAL_SURFACE('',#12999,0.016);
#393=CYLINDRICAL_SURFACE('',#13002,0.016);
#394=CYLINDRICAL_SURFACE('',#13005,0.016);
#395=CYLINDRICAL_SURFACE('',#13008,0.016);
#396=CYLINDRICAL_SURFACE('',#13011,0.016);
#397=CYLINDRICAL_SURFACE('',#13014,0.016);
#398=CYLINDRICAL_SURFACE('',#13017,0.016);
#399=CYLINDRICAL_SURFACE('',#13030,0.0119999999999999);
#400=CYLINDRICAL_SURFACE('',#13031,0.0119999999999999);
#401=CYLINDRICAL_SURFACE('',#13032,0.0119999999999999);
#402=CYLINDRICAL_SURFACE('',#13033,0.0119999999999999);
#403=CYLINDRICAL_SURFACE('',#13034,0.0119999999999999);
#404=CYLINDRICAL_SURFACE('',#13035,0.0119999999999999);
#405=CYLINDRICAL_SURFACE('',#13036,0.0119999999999999);
#406=CYLINDRICAL_SURFACE('',#13037,0.0119999999999999);
#407=CYLINDRICAL_SURFACE('',#13038,0.0119999999999999);
#408=CYLINDRICAL_SURFACE('',#13039,0.0119999999999999);
#409=CYLINDRICAL_SURFACE('',#13041,0.0167);
#410=CYLINDRICAL_SURFACE('',#13045,0.02);
#411=CYLINDRICAL_SURFACE('',#13051,0.014);
#412=CYLINDRICAL_SURFACE('',#13055,0.0226999999999999);
#413=CYLINDRICAL_SURFACE('',#13060,0.00787401574803145);
#414=CYLINDRICAL_SURFACE('',#13062,0.00787401574803152);
#415=CYLINDRICAL_SURFACE('',#13065,0.00787401574803148);
#416=CYLINDRICAL_SURFACE('',#13066,0.00787401574803141);
#417=CYLINDRICAL_SURFACE('',#13069,0.00787401574803148);
#418=CYLINDRICAL_SURFACE('',#13070,0.00787401574803143);
#419=CYLINDRICAL_SURFACE('',#13073,0.00787401574803155);
#420=CYLINDRICAL_SURFACE('',#13074,0.00787401574803145);
#421=CYLINDRICAL_SURFACE('',#13077,0.00787401574803155);
#422=CYLINDRICAL_SURFACE('',#13078,0.00787401574803145);
#423=CYLINDRICAL_SURFACE('',#13081,0.00787401574803155);
#424=CYLINDRICAL_SURFACE('',#13082,0.00787401574803145);
#425=CYLINDRICAL_SURFACE('',#13085,0.00787401574803155);
#426=CYLINDRICAL_SURFACE('',#13086,0.00787401574803145);
#427=CYLINDRICAL_SURFACE('',#13089,0.00787401574803155);
#428=CYLINDRICAL_SURFACE('',#13090,0.00787401574803145);
#429=CYLINDRICAL_SURFACE('',#13093,0.00787401574803155);
#430=CYLINDRICAL_SURFACE('',#13094,0.00787401574803148);
#431=CYLINDRICAL_SURFACE('',#13095,0.00787401574803148);
#432=CYLINDRICAL_SURFACE('',#13096,0.00787401574803148);
#433=CYLINDRICAL_SURFACE('',#13276,0.0236221);
#434=CYLINDRICAL_SURFACE('',#13278,0.0236221);
#435=CYLINDRICAL_SURFACE('',#13279,0.0236221);
#436=CYLINDRICAL_SURFACE('',#13280,0.0236221);
#437=CYLINDRICAL_SURFACE('',#13281,0.0236221);
#438=CYLINDRICAL_SURFACE('',#13282,0.0236221);
#439=CYLINDRICAL_SURFACE('',#13283,0.0236221);
#440=CYLINDRICAL_SURFACE('',#13284,0.0236221);
#441=CYLINDRICAL_SURFACE('',#13285,0.0236221);
#442=CYLINDRICAL_SURFACE('',#13286,0.0236221);
#443=CYLINDRICAL_SURFACE('',#13312,0.0236221);
#444=CYLINDRICAL_SURFACE('',#13373,0.026);
#445=CYLINDRICAL_SURFACE('',#13376,0.026);
#446=CYLINDRICAL_SURFACE('',#13380,0.0215);
#447=CYLINDRICAL_SURFACE('',#13383,0.0215);
#448=CYLINDRICAL_SURFACE('',#13387,0.0215);
#449=CYLINDRICAL_SURFACE('',#13390,0.0215);
#450=CONTEXT_DEPENDENT_SHAPE_REPRESENTATION(#456,#20455);
#451=CONTEXT_DEPENDENT_SHAPE_REPRESENTATION(#457,#20457);
#452=CONTEXT_DEPENDENT_SHAPE_REPRESENTATION(#458,#20459);
#453=NEXT_ASSEMBLY_USAGE_OCCURRENCE('NAUO1','SIBF-10-F-S-AD_tr',
'SIBF-10-F-S-AD_tr',#20460,#20461,'');
#454=NEXT_ASSEMBLY_USAGE_OCCURRENCE('NAUO2','SIBF-10-F-S-AD_p',
'SIBF-10-F-S-AD_p',#20460,#20462,'');
#455=NEXT_ASSEMBLY_USAGE_OCCURRENCE('NAUO3','SIBF-10-F-S-AD_b',
'SIBF-10-F-S-AD_b',#20460,#20463,'');
#456=(
REPRESENTATION_RELATIONSHIP(' ',' ',#12543,#12542)
REPRESENTATION_RELATIONSHIP_WITH_TRANSFORMATION(#459)
SHAPE_REPRESENTATION_RELATIONSHIP()
);
#457=(
REPRESENTATION_RELATIONSHIP(' ',' ',#12544,#12542)
REPRESENTATION_RELATIONSHIP_WITH_TRANSFORMATION(#460)
SHAPE_REPRESENTATION_RELATIONSHIP()
);
#458=(
REPRESENTATION_RELATIONSHIP(' ',' ',#12545,#12542)
REPRESENTATION_RELATIONSHIP_WITH_TRANSFORMATION(#461)
SHAPE_REPRESENTATION_RELATIONSHIP()
);
#459=ITEM_DEFINED_TRANSFORMATION(' ',' ',#12546,#12556);
#460=ITEM_DEFINED_TRANSFORMATION(' ',' ',#12546,#13215);
#461=ITEM_DEFINED_TRANSFORMATION(' ',' ',#12546,#13457);
#462=SHAPE_REPRESENTATION_RELATIONSHIP('','',#12543,#465);
#463=SHAPE_REPRESENTATION_RELATIONSHIP('','',#12544,#466);
#464=SHAPE_REPRESENTATION_RELATIONSHIP('','',#12545,#467);
#465=ADVANCED_BREP_SHAPE_REPRESENTATION('',(#12535),#20440);
#466=ADVANCED_BREP_SHAPE_REPRESENTATION('',(#12536),#20441);
#467=ADVANCED_BREP_SHAPE_REPRESENTATION('',(#12537),#20442);
#468=ORIENTED_EDGE('',*,*,#4096,.F.);
#469=ORIENTED_EDGE('',*,*,#4097,.F.);
#470=ORIENTED_EDGE('',*,*,#4098,.T.);
#471=ORIENTED_EDGE('',*,*,#4099,.T.);
#472=ORIENTED_EDGE('',*,*,#4100,.F.);
#473=ORIENTED_EDGE('',*,*,#4099,.F.);
#474=ORIENTED_EDGE('',*,*,#4101,.T.);
#475=ORIENTED_EDGE('',*,*,#4102,.T.);
#476=ORIENTED_EDGE('',*,*,#4103,.F.);
#477=ORIENTED_EDGE('',*,*,#4102,.F.);
#478=ORIENTED_EDGE('',*,*,#4104,.T.);
#479=ORIENTED_EDGE('',*,*,#4097,.T.);
#480=ORIENTED_EDGE('',*,*,#4098,.F.);
#481=ORIENTED_EDGE('',*,*,#4104,.F.);
#482=ORIENTED_EDGE('',*,*,#4101,.F.);
#483=ORIENTED_EDGE('',*,*,#4105,.F.);
#484=ORIENTED_EDGE('',*,*,#4106,.F.);
#485=ORIENTED_EDGE('',*,*,#4107,.F.);
#486=ORIENTED_EDGE('',*,*,#4096,.T.);
#487=ORIENTED_EDGE('',*,*,#4100,.T.);
#488=ORIENTED_EDGE('',*,*,#4103,.T.);
#489=ORIENTED_EDGE('',*,*,#4105,.T.);
#490=ORIENTED_EDGE('',*,*,#4108,.F.);
#491=ORIENTED_EDGE('',*,*,#4109,.F.);
#492=ORIENTED_EDGE('',*,*,#4110,.T.);
#493=ORIENTED_EDGE('',*,*,#4107,.T.);
#494=ORIENTED_EDGE('',*,*,#4111,.F.);
#495=ORIENTED_EDGE('',*,*,#4112,.F.);
#496=ORIENTED_EDGE('',*,*,#4108,.T.);
#497=ORIENTED_EDGE('',*,*,#4106,.T.);
#498=ORIENTED_EDGE('',*,*,#4110,.F.);
#499=ORIENTED_EDGE('',*,*,#4113,.F.);
#500=ORIENTED_EDGE('',*,*,#4111,.T.);
#501=ORIENTED_EDGE('',*,*,#4109,.T.);
#502=ORIENTED_EDGE('',*,*,#4112,.T.);
#503=ORIENTED_EDGE('',*,*,#4113,.T.);
#504=ORIENTED_EDGE('',*,*,#4114,.F.);
#505=ORIENTED_EDGE('',*,*,#4115,.F.);
#506=ORIENTED_EDGE('',*,*,#4116,.T.);
#507=ORIENTED_EDGE('',*,*,#4117,.F.);
#508=ORIENTED_EDGE('',*,*,#4118,.F.);
#509=ORIENTED_EDGE('',*,*,#4119,.F.);
#510=ORIENTED_EDGE('',*,*,#4120,.T.);
#511=ORIENTED_EDGE('',*,*,#4121,.F.);
#512=ORIENTED_EDGE('',*,*,#4122,.F.);
#513=ORIENTED_EDGE('',*,*,#4123,.F.);
#514=ORIENTED_EDGE('',*,*,#4124,.T.);
#515=ORIENTED_EDGE('',*,*,#4125,.F.);
#516=ORIENTED_EDGE('',*,*,#4126,.F.);
#517=ORIENTED_EDGE('',*,*,#4127,.F.);
#518=ORIENTED_EDGE('',*,*,#4128,.T.);
#519=ORIENTED_EDGE('',*,*,#4129,.F.);
#520=ORIENTED_EDGE('',*,*,#4130,.F.);
#521=ORIENTED_EDGE('',*,*,#4131,.F.);
#522=ORIENTED_EDGE('',*,*,#4132,.T.);
#523=ORIENTED_EDGE('',*,*,#4133,.F.);
#524=ORIENTED_EDGE('',*,*,#4134,.F.);
#525=ORIENTED_EDGE('',*,*,#4135,.F.);
#526=ORIENTED_EDGE('',*,*,#4136,.T.);
#527=ORIENTED_EDGE('',*,*,#4137,.F.);
#528=ORIENTED_EDGE('',*,*,#4138,.F.);
#529=ORIENTED_EDGE('',*,*,#4139,.F.);
#530=ORIENTED_EDGE('',*,*,#4140,.T.);
#531=ORIENTED_EDGE('',*,*,#4141,.F.);
#532=ORIENTED_EDGE('',*,*,#4142,.F.);
#533=ORIENTED_EDGE('',*,*,#4143,.F.);
#534=ORIENTED_EDGE('',*,*,#4144,.T.);
#535=ORIENTED_EDGE('',*,*,#4145,.F.);
#536=ORIENTED_EDGE('',*,*,#4146,.F.);
#537=ORIENTED_EDGE('',*,*,#4147,.F.);
#538=ORIENTED_EDGE('',*,*,#4148,.T.);
#539=ORIENTED_EDGE('',*,*,#4149,.F.);
#540=ORIENTED_EDGE('',*,*,#4150,.T.);
#541=ORIENTED_EDGE('',*,*,#4151,.T.);
#542=ORIENTED_EDGE('',*,*,#4152,.T.);
#543=ORIENTED_EDGE('',*,*,#4153,.F.);
#544=ORIENTED_EDGE('',*,*,#4154,.T.);
#545=ORIENTED_EDGE('',*,*,#4155,.T.);
#546=ORIENTED_EDGE('',*,*,#4156,.T.);
#547=ORIENTED_EDGE('',*,*,#4157,.F.);
#548=ORIENTED_EDGE('',*,*,#4158,.T.);
#549=ORIENTED_EDGE('',*,*,#4159,.T.);
#550=ORIENTED_EDGE('',*,*,#4160,.T.);
#551=ORIENTED_EDGE('',*,*,#4161,.F.);
#552=ORIENTED_EDGE('',*,*,#4162,.T.);
#553=ORIENTED_EDGE('',*,*,#4163,.T.);
#554=ORIENTED_EDGE('',*,*,#4164,.T.);
#555=ORIENTED_EDGE('',*,*,#4165,.F.);
#556=ORIENTED_EDGE('',*,*,#4166,.T.);
#557=ORIENTED_EDGE('',*,*,#4167,.T.);
#558=ORIENTED_EDGE('',*,*,#4168,.T.);
#559=ORIENTED_EDGE('',*,*,#4169,.F.);
#560=ORIENTED_EDGE('',*,*,#4170,.T.);
#561=ORIENTED_EDGE('',*,*,#4171,.T.);
#562=ORIENTED_EDGE('',*,*,#4172,.T.);
#563=ORIENTED_EDGE('',*,*,#4173,.F.);
#564=ORIENTED_EDGE('',*,*,#4174,.T.);
#565=ORIENTED_EDGE('',*,*,#4175,.T.);
#566=ORIENTED_EDGE('',*,*,#4176,.T.);
#567=ORIENTED_EDGE('',*,*,#4177,.F.);
#568=ORIENTED_EDGE('',*,*,#4178,.T.);
#569=ORIENTED_EDGE('',*,*,#4179,.T.);
#570=ORIENTED_EDGE('',*,*,#4180,.T.);
#571=ORIENTED_EDGE('',*,*,#4181,.F.);
#572=ORIENTED_EDGE('',*,*,#4182,.T.);
#573=ORIENTED_EDGE('',*,*,#4183,.T.);
#574=ORIENTED_EDGE('',*,*,#4184,.T.);
#575=ORIENTED_EDGE('',*,*,#4185,.F.);
#576=ORIENTED_EDGE('',*,*,#4186,.F.);
#577=ORIENTED_EDGE('',*,*,#4187,.T.);
#578=ORIENTED_EDGE('',*,*,#4114,.T.);
#579=ORIENTED_EDGE('',*,*,#4188,.T.);
#580=ORIENTED_EDGE('',*,*,#4189,.F.);
#581=ORIENTED_EDGE('',*,*,#4190,.T.);
#582=ORIENTED_EDGE('',*,*,#4118,.T.);
#583=ORIENTED_EDGE('',*,*,#4191,.T.);
#584=ORIENTED_EDGE('',*,*,#4192,.F.);
#585=ORIENTED_EDGE('',*,*,#4193,.T.);
#586=ORIENTED_EDGE('',*,*,#4122,.T.);
#587=ORIENTED_EDGE('',*,*,#4194,.T.);
#588=ORIENTED_EDGE('',*,*,#4195,.F.);
#589=ORIENTED_EDGE('',*,*,#4196,.T.);
#590=ORIENTED_EDGE('',*,*,#4126,.T.);
#591=ORIENTED_EDGE('',*,*,#4197,.T.);
#592=ORIENTED_EDGE('',*,*,#4198,.F.);
#593=ORIENTED_EDGE('',*,*,#4199,.T.);
#594=ORIENTED_EDGE('',*,*,#4130,.T.);
#595=ORIENTED_EDGE('',*,*,#4200,.T.);
#596=ORIENTED_EDGE('',*,*,#4201,.F.);
#597=ORIENTED_EDGE('',*,*,#4202,.T.);
#598=ORIENTED_EDGE('',*,*,#4134,.T.);
#599=ORIENTED_EDGE('',*,*,#4203,.T.);
#600=ORIENTED_EDGE('',*,*,#4204,.F.);
#601=ORIENTED_EDGE('',*,*,#4205,.T.);
#602=ORIENTED_EDGE('',*,*,#4138,.T.);
#603=ORIENTED_EDGE('',*,*,#4206,.T.);
#604=ORIENTED_EDGE('',*,*,#4207,.F.);
#605=ORIENTED_EDGE('',*,*,#4208,.T.);
#606=ORIENTED_EDGE('',*,*,#4142,.T.);
#607=ORIENTED_EDGE('',*,*,#4209,.T.);
#608=ORIENTED_EDGE('',*,*,#4210,.F.);
#609=ORIENTED_EDGE('',*,*,#4211,.T.);
#610=ORIENTED_EDGE('',*,*,#4146,.T.);
#611=ORIENTED_EDGE('',*,*,#4212,.T.);
#612=ORIENTED_EDGE('',*,*,#4213,.F.);
#613=ORIENTED_EDGE('',*,*,#4186,.T.);
#614=ORIENTED_EDGE('',*,*,#4214,.F.);
#615=ORIENTED_EDGE('',*,*,#4215,.F.);
#616=ORIENTED_EDGE('',*,*,#4216,.F.);
#617=ORIENTED_EDGE('',*,*,#4189,.T.);
#618=ORIENTED_EDGE('',*,*,#4217,.F.);
#619=ORIENTED_EDGE('',*,*,#4218,.F.);
#620=ORIENTED_EDGE('',*,*,#4219,.F.);
#621=ORIENTED_EDGE('',*,*,#4192,.T.);
#622=ORIENTED_EDGE('',*,*,#4220,.F.);
#623=ORIENTED_EDGE('',*,*,#4221,.F.);
#624=ORIENTED_EDGE('',*,*,#4222,.F.);
#625=ORIENTED_EDGE('',*,*,#4195,.T.);
#626=ORIENTED_EDGE('',*,*,#4223,.F.);
#627=ORIENTED_EDGE('',*,*,#4224,.F.);
#628=ORIENTED_EDGE('',*,*,#4225,.F.);
#629=ORIENTED_EDGE('',*,*,#4198,.T.);
#630=ORIENTED_EDGE('',*,*,#4226,.F.);
#631=ORIENTED_EDGE('',*,*,#4227,.F.);
#632=ORIENTED_EDGE('',*,*,#4228,.F.);
#633=ORIENTED_EDGE('',*,*,#4201,.T.);
#634=ORIENTED_EDGE('',*,*,#4229,.F.);
#635=ORIENTED_EDGE('',*,*,#4230,.F.);
#636=ORIENTED_EDGE('',*,*,#4231,.F.);
#637=ORIENTED_EDGE('',*,*,#4204,.T.);
#638=ORIENTED_EDGE('',*,*,#4232,.F.);
#639=ORIENTED_EDGE('',*,*,#4233,.F.);
#640=ORIENTED_EDGE('',*,*,#4234,.F.);
#641=ORIENTED_EDGE('',*,*,#4207,.T.);
#642=ORIENTED_EDGE('',*,*,#4235,.F.);
#643=ORIENTED_EDGE('',*,*,#4236,.F.);
#644=ORIENTED_EDGE('',*,*,#4237,.F.);
#645=ORIENTED_EDGE('',*,*,#4210,.T.);
#646=ORIENTED_EDGE('',*,*,#4238,.F.);
#647=ORIENTED_EDGE('',*,*,#4239,.F.);
#648=ORIENTED_EDGE('',*,*,#4240,.F.);
#649=ORIENTED_EDGE('',*,*,#4241,.T.);
#650=ORIENTED_EDGE('',*,*,#4215,.T.);
#651=ORIENTED_EDGE('',*,*,#4242,.T.);
#652=ORIENTED_EDGE('',*,*,#4243,.F.);
#653=ORIENTED_EDGE('',*,*,#4244,.T.);
#654=ORIENTED_EDGE('',*,*,#4218,.T.);
#655=ORIENTED_EDGE('',*,*,#4245,.T.);
#656=ORIENTED_EDGE('',*,*,#4246,.F.);
#657=ORIENTED_EDGE('',*,*,#4247,.T.);
#658=ORIENTED_EDGE('',*,*,#4221,.T.);
#659=ORIENTED_EDGE('',*,*,#4248,.T.);
#660=ORIENTED_EDGE('',*,*,#4249,.F.);
#661=ORIENTED_EDGE('',*,*,#4250,.T.);
#662=ORIENTED_EDGE('',*,*,#4224,.T.);
#663=ORIENTED_EDGE('',*,*,#4251,.T.);
#664=ORIENTED_EDGE('',*,*,#4252,.F.);
#665=ORIENTED_EDGE('',*,*,#4253,.T.);
#666=ORIENTED_EDGE('',*,*,#4227,.T.);
#667=ORIENTED_EDGE('',*,*,#4254,.T.);
#668=ORIENTED_EDGE('',*,*,#4255,.F.);
#669=ORIENTED_EDGE('',*,*,#4256,.T.);
#670=ORIENTED_EDGE('',*,*,#4230,.T.);
#671=ORIENTED_EDGE('',*,*,#4257,.T.);
#672=ORIENTED_EDGE('',*,*,#4258,.F.);
#673=ORIENTED_EDGE('',*,*,#4259,.T.);
#674=ORIENTED_EDGE('',*,*,#4233,.T.);
#675=ORIENTED_EDGE('',*,*,#4260,.T.);
#676=ORIENTED_EDGE('',*,*,#4261,.F.);
#677=ORIENTED_EDGE('',*,*,#4262,.T.);
#678=ORIENTED_EDGE('',*,*,#4236,.T.);
#679=ORIENTED_EDGE('',*,*,#4263,.T.);
#680=ORIENTED_EDGE('',*,*,#4264,.F.);
#681=ORIENTED_EDGE('',*,*,#4265,.T.);
#682=ORIENTED_EDGE('',*,*,#4239,.T.);
#683=ORIENTED_EDGE('',*,*,#4266,.T.);
#684=ORIENTED_EDGE('',*,*,#4267,.T.);
#685=ORIENTED_EDGE('',*,*,#4268,.T.);
#686=ORIENTED_EDGE('',*,*,#4269,.T.);
#687=ORIENTED_EDGE('',*,*,#4270,.F.);
#688=ORIENTED_EDGE('',*,*,#4271,.T.);
#689=ORIENTED_EDGE('',*,*,#4240,.T.);
#690=ORIENTED_EDGE('',*,*,#4272,.T.);
#691=ORIENTED_EDGE('',*,*,#4273,.F.);
#692=ORIENTED_EDGE('',*,*,#4274,.T.);
#693=ORIENTED_EDGE('',*,*,#4243,.T.);
#694=ORIENTED_EDGE('',*,*,#4275,.T.);
#695=ORIENTED_EDGE('',*,*,#4276,.F.);
#696=ORIENTED_EDGE('',*,*,#4277,.T.);
#697=ORIENTED_EDGE('',*,*,#4246,.T.);
#698=ORIENTED_EDGE('',*,*,#4278,.T.);
#699=ORIENTED_EDGE('',*,*,#4279,.F.);
#700=ORIENTED_EDGE('',*,*,#4280,.T.);
#701=ORIENTED_EDGE('',*,*,#4249,.T.);
#702=ORIENTED_EDGE('',*,*,#4281,.T.);
#703=ORIENTED_EDGE('',*,*,#4282,.F.);
#704=ORIENTED_EDGE('',*,*,#4283,.T.);
#705=ORIENTED_EDGE('',*,*,#4252,.T.);
#706=ORIENTED_EDGE('',*,*,#4284,.T.);
#707=ORIENTED_EDGE('',*,*,#4285,.F.);
#708=ORIENTED_EDGE('',*,*,#4286,.T.);
#709=ORIENTED_EDGE('',*,*,#4255,.T.);
#710=ORIENTED_EDGE('',*,*,#4287,.T.);
#711=ORIENTED_EDGE('',*,*,#4288,.F.);
#712=ORIENTED_EDGE('',*,*,#4289,.T.);
#713=ORIENTED_EDGE('',*,*,#4258,.T.);
#714=ORIENTED_EDGE('',*,*,#4290,.T.);
#715=ORIENTED_EDGE('',*,*,#4291,.F.);
#716=ORIENTED_EDGE('',*,*,#4292,.T.);
#717=ORIENTED_EDGE('',*,*,#4261,.T.);
#718=ORIENTED_EDGE('',*,*,#4293,.T.);
#719=ORIENTED_EDGE('',*,*,#4294,.F.);
#720=ORIENTED_EDGE('',*,*,#4295,.F.);
#721=ORIENTED_EDGE('',*,*,#4296,.T.);
#722=ORIENTED_EDGE('',*,*,#4273,.T.);
#723=ORIENTED_EDGE('',*,*,#4297,.T.);
#724=ORIENTED_EDGE('',*,*,#4298,.F.);
#725=ORIENTED_EDGE('',*,*,#4299,.T.);
#726=ORIENTED_EDGE('',*,*,#4276,.T.);
#727=ORIENTED_EDGE('',*,*,#4300,.T.);
#728=ORIENTED_EDGE('',*,*,#4301,.F.);
#729=ORIENTED_EDGE('',*,*,#4302,.T.);
#730=ORIENTED_EDGE('',*,*,#4279,.T.);
#731=ORIENTED_EDGE('',*,*,#4303,.T.);
#732=ORIENTED_EDGE('',*,*,#4304,.F.);
#733=ORIENTED_EDGE('',*,*,#4305,.T.);
#734=ORIENTED_EDGE('',*,*,#4282,.T.);
#735=ORIENTED_EDGE('',*,*,#4306,.T.);
#736=ORIENTED_EDGE('',*,*,#4307,.F.);
#737=ORIENTED_EDGE('',*,*,#4308,.T.);
#738=ORIENTED_EDGE('',*,*,#4285,.T.);
#739=ORIENTED_EDGE('',*,*,#4309,.T.);
#740=ORIENTED_EDGE('',*,*,#4310,.F.);
#741=ORIENTED_EDGE('',*,*,#4311,.T.);
#742=ORIENTED_EDGE('',*,*,#4288,.T.);
#743=ORIENTED_EDGE('',*,*,#4312,.T.);
#744=ORIENTED_EDGE('',*,*,#4313,.F.);
#745=ORIENTED_EDGE('',*,*,#4314,.T.);
#746=ORIENTED_EDGE('',*,*,#4291,.T.);
#747=ORIENTED_EDGE('',*,*,#4315,.T.);
#748=ORIENTED_EDGE('',*,*,#4316,.F.);
#749=ORIENTED_EDGE('',*,*,#4317,.T.);
#750=ORIENTED_EDGE('',*,*,#4294,.T.);
#751=ORIENTED_EDGE('',*,*,#4318,.T.);
#752=ORIENTED_EDGE('',*,*,#4319,.F.);
#753=ORIENTED_EDGE('',*,*,#4320,.T.);
#754=ORIENTED_EDGE('',*,*,#4321,.T.);
#755=ORIENTED_EDGE('',*,*,#4322,.T.);
#756=ORIENTED_EDGE('',*,*,#4323,.F.);
#757=ORIENTED_EDGE('',*,*,#4324,.T.);
#758=ORIENTED_EDGE('',*,*,#4295,.T.);
#759=ORIENTED_EDGE('',*,*,#4325,.T.);
#760=ORIENTED_EDGE('',*,*,#4326,.F.);
#761=ORIENTED_EDGE('',*,*,#4327,.T.);
#762=ORIENTED_EDGE('',*,*,#4298,.T.);
#763=ORIENTED_EDGE('',*,*,#4328,.T.);
#764=ORIENTED_EDGE('',*,*,#4329,.F.);
#765=ORIENTED_EDGE('',*,*,#4330,.T.);
#766=ORIENTED_EDGE('',*,*,#4301,.T.);
#767=ORIENTED_EDGE('',*,*,#4331,.T.);
#768=ORIENTED_EDGE('',*,*,#4332,.F.);
#769=ORIENTED_EDGE('',*,*,#4333,.T.);
#770=ORIENTED_EDGE('',*,*,#4304,.T.);
#771=ORIENTED_EDGE('',*,*,#4334,.T.);
#772=ORIENTED_EDGE('',*,*,#4335,.F.);
#773=ORIENTED_EDGE('',*,*,#4336,.T.);
#774=ORIENTED_EDGE('',*,*,#4307,.T.);
#775=ORIENTED_EDGE('',*,*,#4337,.T.);
#776=ORIENTED_EDGE('',*,*,#4338,.F.);
#777=ORIENTED_EDGE('',*,*,#4339,.T.);
#778=ORIENTED_EDGE('',*,*,#4310,.T.);
#779=ORIENTED_EDGE('',*,*,#4340,.T.);
#780=ORIENTED_EDGE('',*,*,#4341,.F.);
#781=ORIENTED_EDGE('',*,*,#4342,.T.);
#782=ORIENTED_EDGE('',*,*,#4313,.T.);
#783=ORIENTED_EDGE('',*,*,#4343,.T.);
#784=ORIENTED_EDGE('',*,*,#4344,.F.);
#785=ORIENTED_EDGE('',*,*,#4345,.T.);
#786=ORIENTED_EDGE('',*,*,#4316,.T.);
#787=ORIENTED_EDGE('',*,*,#4346,.T.);
#788=ORIENTED_EDGE('',*,*,#4347,.F.);
#789=ORIENTED_EDGE('',*,*,#4348,.T.);
#790=ORIENTED_EDGE('',*,*,#4319,.T.);
#791=ORIENTED_EDGE('',*,*,#4349,.T.);
#792=ORIENTED_EDGE('',*,*,#4350,.F.);
#793=ORIENTED_EDGE('',*,*,#4351,.T.);
#794=ORIENTED_EDGE('',*,*,#4323,.T.);
#795=ORIENTED_EDGE('',*,*,#4352,.T.);
#796=ORIENTED_EDGE('',*,*,#4353,.F.);
#797=ORIENTED_EDGE('',*,*,#4354,.T.);
#798=ORIENTED_EDGE('',*,*,#4326,.T.);
#799=ORIENTED_EDGE('',*,*,#4355,.T.);
#800=ORIENTED_EDGE('',*,*,#4356,.F.);
#801=ORIENTED_EDGE('',*,*,#4357,.T.);
#802=ORIENTED_EDGE('',*,*,#4329,.T.);
#803=ORIENTED_EDGE('',*,*,#4358,.T.);
#804=ORIENTED_EDGE('',*,*,#4359,.F.);
#805=ORIENTED_EDGE('',*,*,#4360,.T.);
#806=ORIENTED_EDGE('',*,*,#4332,.T.);
#807=ORIENTED_EDGE('',*,*,#4361,.T.);
#808=ORIENTED_EDGE('',*,*,#4362,.F.);
#809=ORIENTED_EDGE('',*,*,#4363,.T.);
#810=ORIENTED_EDGE('',*,*,#4335,.T.);
#811=ORIENTED_EDGE('',*,*,#4364,.T.);
#812=ORIENTED_EDGE('',*,*,#4365,.F.);
#813=ORIENTED_EDGE('',*,*,#4366,.T.);
#814=ORIENTED_EDGE('',*,*,#4338,.T.);
#815=ORIENTED_EDGE('',*,*,#4367,.T.);
#816=ORIENTED_EDGE('',*,*,#4368,.F.);
#817=ORIENTED_EDGE('',*,*,#4369,.T.);
#818=ORIENTED_EDGE('',*,*,#4341,.T.);
#819=ORIENTED_EDGE('',*,*,#4370,.T.);
#820=ORIENTED_EDGE('',*,*,#4371,.F.);
#821=ORIENTED_EDGE('',*,*,#4372,.T.);
#822=ORIENTED_EDGE('',*,*,#4344,.T.);
#823=ORIENTED_EDGE('',*,*,#4373,.T.);
#824=ORIENTED_EDGE('',*,*,#4374,.F.);
#825=ORIENTED_EDGE('',*,*,#4375,.T.);
#826=ORIENTED_EDGE('',*,*,#4347,.T.);
#827=ORIENTED_EDGE('',*,*,#4376,.T.);
#828=ORIENTED_EDGE('',*,*,#4377,.F.);
#829=ORIENTED_EDGE('',*,*,#4350,.T.);
#830=ORIENTED_EDGE('',*,*,#4378,.F.);
#831=ORIENTED_EDGE('',*,*,#4379,.F.);
#832=ORIENTED_EDGE('',*,*,#4380,.F.);
#833=ORIENTED_EDGE('',*,*,#4353,.T.);
#834=ORIENTED_EDGE('',*,*,#4381,.F.);
#835=ORIENTED_EDGE('',*,*,#4382,.F.);
#836=ORIENTED_EDGE('',*,*,#4383,.F.);
#837=ORIENTED_EDGE('',*,*,#4356,.T.);
#838=ORIENTED_EDGE('',*,*,#4384,.F.);
#839=ORIENTED_EDGE('',*,*,#4385,.F.);
#840=ORIENTED_EDGE('',*,*,#4386,.F.);
#841=ORIENTED_EDGE('',*,*,#4359,.T.);
#842=ORIENTED_EDGE('',*,*,#4387,.F.);
#843=ORIENTED_EDGE('',*,*,#4388,.F.);
#844=ORIENTED_EDGE('',*,*,#4389,.F.);
#845=ORIENTED_EDGE('',*,*,#4362,.T.);
#846=ORIENTED_EDGE('',*,*,#4390,.F.);
#847=ORIENTED_EDGE('',*,*,#4391,.F.);
#848=ORIENTED_EDGE('',*,*,#4392,.F.);
#849=ORIENTED_EDGE('',*,*,#4365,.T.);
#850=ORIENTED_EDGE('',*,*,#4393,.F.);
#851=ORIENTED_EDGE('',*,*,#4394,.F.);
#852=ORIENTED_EDGE('',*,*,#4395,.F.);
#853=ORIENTED_EDGE('',*,*,#4368,.T.);
#854=ORIENTED_EDGE('',*,*,#4396,.F.);
#855=ORIENTED_EDGE('',*,*,#4397,.F.);
#856=ORIENTED_EDGE('',*,*,#4398,.F.);
#857=ORIENTED_EDGE('',*,*,#4371,.T.);
#858=ORIENTED_EDGE('',*,*,#4399,.F.);
#859=ORIENTED_EDGE('',*,*,#4400,.F.);
#860=ORIENTED_EDGE('',*,*,#4401,.F.);
#861=ORIENTED_EDGE('',*,*,#4374,.T.);
#862=ORIENTED_EDGE('',*,*,#4402,.F.);
#863=ORIENTED_EDGE('',*,*,#4403,.F.);
#864=ORIENTED_EDGE('',*,*,#4404,.F.);
#865=ORIENTED_EDGE('',*,*,#4405,.T.);
#866=ORIENTED_EDGE('',*,*,#4379,.T.);
#867=ORIENTED_EDGE('',*,*,#4406,.T.);
#868=ORIENTED_EDGE('',*,*,#4407,.F.);
#869=ORIENTED_EDGE('',*,*,#4408,.T.);
#870=ORIENTED_EDGE('',*,*,#4382,.T.);
#871=ORIENTED_EDGE('',*,*,#4409,.T.);
#872=ORIENTED_EDGE('',*,*,#4410,.F.);
#873=ORIENTED_EDGE('',*,*,#4411,.T.);
#874=ORIENTED_EDGE('',*,*,#4385,.T.);
#875=ORIENTED_EDGE('',*,*,#4412,.T.);
#876=ORIENTED_EDGE('',*,*,#4413,.F.);
#877=ORIENTED_EDGE('',*,*,#4414,.T.);
#878=ORIENTED_EDGE('',*,*,#4388,.T.);
#879=ORIENTED_EDGE('',*,*,#4415,.T.);
#880=ORIENTED_EDGE('',*,*,#4416,.F.);
#881=ORIENTED_EDGE('',*,*,#4417,.T.);
#882=ORIENTED_EDGE('',*,*,#4391,.T.);
#883=ORIENTED_EDGE('',*,*,#4418,.T.);
#884=ORIENTED_EDGE('',*,*,#4419,.F.);
#885=ORIENTED_EDGE('',*,*,#4420,.T.);
#886=ORIENTED_EDGE('',*,*,#4394,.T.);
#887=ORIENTED_EDGE('',*,*,#4421,.T.);
#888=ORIENTED_EDGE('',*,*,#4422,.F.);
#889=ORIENTED_EDGE('',*,*,#4423,.T.);
#890=ORIENTED_EDGE('',*,*,#4397,.T.);
#891=ORIENTED_EDGE('',*,*,#4424,.T.);
#892=ORIENTED_EDGE('',*,*,#4425,.F.);
#893=ORIENTED_EDGE('',*,*,#4426,.T.);
#894=ORIENTED_EDGE('',*,*,#4400,.T.);
#895=ORIENTED_EDGE('',*,*,#4427,.T.);
#896=ORIENTED_EDGE('',*,*,#4428,.F.);
#897=ORIENTED_EDGE('',*,*,#4429,.T.);
#898=ORIENTED_EDGE('',*,*,#4403,.T.);
#899=ORIENTED_EDGE('',*,*,#4430,.T.);
#900=ORIENTED_EDGE('',*,*,#4431,.F.);
#901=ORIENTED_EDGE('',*,*,#4432,.T.);
#902=ORIENTED_EDGE('',*,*,#4404,.T.);
#903=ORIENTED_EDGE('',*,*,#4433,.T.);
#904=ORIENTED_EDGE('',*,*,#4434,.F.);
#905=ORIENTED_EDGE('',*,*,#4435,.T.);
#906=ORIENTED_EDGE('',*,*,#4407,.T.);
#907=ORIENTED_EDGE('',*,*,#4436,.T.);
#908=ORIENTED_EDGE('',*,*,#4437,.F.);
#909=ORIENTED_EDGE('',*,*,#4438,.T.);
#910=ORIENTED_EDGE('',*,*,#4410,.T.);
#911=ORIENTED_EDGE('',*,*,#4439,.T.);
#912=ORIENTED_EDGE('',*,*,#4440,.F.);
#913=ORIENTED_EDGE('',*,*,#4441,.T.);
#914=ORIENTED_EDGE('',*,*,#4413,.T.);
#915=ORIENTED_EDGE('',*,*,#4442,.T.);
#916=ORIENTED_EDGE('',*,*,#4443,.F.);
#917=ORIENTED_EDGE('',*,*,#4444,.T.);
#918=ORIENTED_EDGE('',*,*,#4416,.T.);
#919=ORIENTED_EDGE('',*,*,#4445,.T.);
#920=ORIENTED_EDGE('',*,*,#4446,.F.);
#921=ORIENTED_EDGE('',*,*,#4447,.T.);
#922=ORIENTED_EDGE('',*,*,#4419,.T.);
#923=ORIENTED_EDGE('',*,*,#4448,.T.);
#924=ORIENTED_EDGE('',*,*,#4449,.F.);
#925=ORIENTED_EDGE('',*,*,#4450,.T.);
#926=ORIENTED_EDGE('',*,*,#4422,.T.);
#927=ORIENTED_EDGE('',*,*,#4451,.T.);
#928=ORIENTED_EDGE('',*,*,#4452,.F.);
#929=ORIENTED_EDGE('',*,*,#4453,.T.);
#930=ORIENTED_EDGE('',*,*,#4425,.T.);
#931=ORIENTED_EDGE('',*,*,#4454,.T.);
#932=ORIENTED_EDGE('',*,*,#4455,.F.);
#933=ORIENTED_EDGE('',*,*,#4456,.T.);
#934=ORIENTED_EDGE('',*,*,#4428,.T.);
#935=ORIENTED_EDGE('',*,*,#4457,.T.);
#936=ORIENTED_EDGE('',*,*,#4151,.F.);
#937=ORIENTED_EDGE('',*,*,#4458,.T.);
#938=ORIENTED_EDGE('',*,*,#4431,.T.);
#939=ORIENTED_EDGE('',*,*,#4459,.T.);
#940=ORIENTED_EDGE('',*,*,#4155,.F.);
#941=ORIENTED_EDGE('',*,*,#4460,.T.);
#942=ORIENTED_EDGE('',*,*,#4434,.T.);
#943=ORIENTED_EDGE('',*,*,#4461,.T.);
#944=ORIENTED_EDGE('',*,*,#4159,.F.);
#945=ORIENTED_EDGE('',*,*,#4462,.T.);
#946=ORIENTED_EDGE('',*,*,#4437,.T.);
#947=ORIENTED_EDGE('',*,*,#4463,.T.);
#948=ORIENTED_EDGE('',*,*,#4163,.F.);
#949=ORIENTED_EDGE('',*,*,#4464,.T.);
#950=ORIENTED_EDGE('',*,*,#4440,.T.);
#951=ORIENTED_EDGE('',*,*,#4465,.T.);
#952=ORIENTED_EDGE('',*,*,#4167,.F.);
#953=ORIENTED_EDGE('',*,*,#4466,.T.);
#954=ORIENTED_EDGE('',*,*,#4443,.T.);
#955=ORIENTED_EDGE('',*,*,#4467,.T.);
#956=ORIENTED_EDGE('',*,*,#4171,.F.);
#957=ORIENTED_EDGE('',*,*,#4468,.T.);
#958=ORIENTED_EDGE('',*,*,#4446,.T.);
#959=ORIENTED_EDGE('',*,*,#4469,.T.);
#960=ORIENTED_EDGE('',*,*,#4175,.F.);
#961=ORIENTED_EDGE('',*,*,#4470,.T.);
#962=ORIENTED_EDGE('',*,*,#4449,.T.);
#963=ORIENTED_EDGE('',*,*,#4471,.T.);
#964=ORIENTED_EDGE('',*,*,#4179,.F.);
#965=ORIENTED_EDGE('',*,*,#4472,.T.);
#966=ORIENTED_EDGE('',*,*,#4452,.T.);
#967=ORIENTED_EDGE('',*,*,#4473,.T.);
#968=ORIENTED_EDGE('',*,*,#4183,.F.);
#969=ORIENTED_EDGE('',*,*,#4474,.T.);
#970=ORIENTED_EDGE('',*,*,#4455,.T.);
#971=ORIENTED_EDGE('',*,*,#4475,.T.);
#972=ORIENTED_EDGE('',*,*,#4476,.T.);
#973=ORIENTED_EDGE('',*,*,#4477,.T.);
#974=ORIENTED_EDGE('',*,*,#4478,.F.);
#975=ORIENTED_EDGE('',*,*,#4479,.T.);
#976=ORIENTED_EDGE('',*,*,#4480,.T.);
#977=ORIENTED_EDGE('',*,*,#4481,.T.);
#978=ORIENTED_EDGE('',*,*,#4482,.T.);
#979=ORIENTED_EDGE('',*,*,#4483,.T.);
#980=ORIENTED_EDGE('',*,*,#4484,.F.);
#981=ORIENTED_EDGE('',*,*,#4485,.T.);
#982=ORIENTED_EDGE('',*,*,#4486,.F.);
#983=ORIENTED_EDGE('',*,*,#4487,.T.);
#984=ORIENTED_EDGE('',*,*,#4488,.T.);
#985=ORIENTED_EDGE('',*,*,#4489,.T.);
#986=ORIENTED_EDGE('',*,*,#4490,.F.);
#987=ORIENTED_EDGE('',*,*,#4491,.T.);
#988=ORIENTED_EDGE('',*,*,#4492,.F.);
#989=ORIENTED_EDGE('',*,*,#4493,.T.);
#990=ORIENTED_EDGE('',*,*,#4494,.T.);
#991=ORIENTED_EDGE('',*,*,#4495,.T.);
#992=ORIENTED_EDGE('',*,*,#4496,.F.);
#993=ORIENTED_EDGE('',*,*,#4497,.T.);
#994=ORIENTED_EDGE('',*,*,#4498,.T.);
#995=ORIENTED_EDGE('',*,*,#4499,.T.);
#996=ORIENTED_EDGE('',*,*,#4500,.F.);
#997=ORIENTED_EDGE('',*,*,#4501,.T.);
#998=ORIENTED_EDGE('',*,*,#4502,.F.);
#999=ORIENTED_EDGE('',*,*,#4503,.T.);
#1000=ORIENTED_EDGE('',*,*,#4504,.T.);
#1001=ORIENTED_EDGE('',*,*,#4505,.T.);
#1002=ORIENTED_EDGE('',*,*,#4506,.T.);
#1003=ORIENTED_EDGE('',*,*,#4507,.T.);
#1004=ORIENTED_EDGE('',*,*,#4508,.F.);
#1005=ORIENTED_EDGE('',*,*,#4509,.T.);
#1006=ORIENTED_EDGE('',*,*,#4510,.T.);
#1007=ORIENTED_EDGE('',*,*,#4511,.T.);
#1008=ORIENTED_EDGE('',*,*,#4512,.T.);
#1009=ORIENTED_EDGE('',*,*,#4513,.T.);
#1010=ORIENTED_EDGE('',*,*,#4514,.F.);
#1011=ORIENTED_EDGE('',*,*,#4515,.T.);
#1012=ORIENTED_EDGE('',*,*,#4516,.F.);
#1013=ORIENTED_EDGE('',*,*,#4517,.T.);
#1014=ORIENTED_EDGE('',*,*,#4518,.T.);
#1015=ORIENTED_EDGE('',*,*,#4519,.T.);
#1016=ORIENTED_EDGE('',*,*,#4520,.F.);
#1017=ORIENTED_EDGE('',*,*,#4521,.T.);
#1018=ORIENTED_EDGE('',*,*,#4522,.F.);
#1019=ORIENTED_EDGE('',*,*,#4523,.T.);
#1020=ORIENTED_EDGE('',*,*,#4524,.T.);
#1021=ORIENTED_EDGE('',*,*,#4525,.T.);
#1022=ORIENTED_EDGE('',*,*,#4526,.T.);
#1023=ORIENTED_EDGE('',*,*,#4527,.T.);
#1024=ORIENTED_EDGE('',*,*,#4528,.F.);
#1025=ORIENTED_EDGE('',*,*,#4529,.T.);
#1026=ORIENTED_EDGE('',*,*,#4530,.T.);
#1027=ORIENTED_EDGE('',*,*,#4531,.T.);
#1028=ORIENTED_EDGE('',*,*,#4532,.T.);
#1029=ORIENTED_EDGE('',*,*,#4533,.T.);
#1030=ORIENTED_EDGE('',*,*,#4534,.F.);
#1031=ORIENTED_EDGE('',*,*,#4535,.T.);
#1032=ORIENTED_EDGE('',*,*,#4536,.F.);
#1033=ORIENTED_EDGE('',*,*,#4537,.T.);
#1034=ORIENTED_EDGE('',*,*,#4538,.T.);
#1035=ORIENTED_EDGE('',*,*,#4539,.T.);
#1036=ORIENTED_EDGE('',*,*,#4540,.F.);
#1037=ORIENTED_EDGE('',*,*,#4541,.T.);
#1038=ORIENTED_EDGE('',*,*,#4542,.F.);
#1039=ORIENTED_EDGE('',*,*,#4543,.T.);
#1040=ORIENTED_EDGE('',*,*,#4544,.T.);
#1041=ORIENTED_EDGE('',*,*,#4545,.T.);
#1042=ORIENTED_EDGE('',*,*,#4546,.T.);
#1043=ORIENTED_EDGE('',*,*,#4547,.T.);
#1044=ORIENTED_EDGE('',*,*,#4548,.F.);
#1045=ORIENTED_EDGE('',*,*,#4549,.T.);
#1046=ORIENTED_EDGE('',*,*,#4550,.T.);
#1047=ORIENTED_EDGE('',*,*,#4551,.T.);
#1048=ORIENTED_EDGE('',*,*,#4552,.T.);
#1049=ORIENTED_EDGE('',*,*,#4553,.T.);
#1050=ORIENTED_EDGE('',*,*,#4554,.F.);
#1051=ORIENTED_EDGE('',*,*,#4555,.T.);
#1052=ORIENTED_EDGE('',*,*,#4556,.F.);
#1053=ORIENTED_EDGE('',*,*,#4557,.T.);
#1054=ORIENTED_EDGE('',*,*,#4558,.T.);
#1055=ORIENTED_EDGE('',*,*,#4559,.T.);
#1056=ORIENTED_EDGE('',*,*,#4560,.F.);
#1057=ORIENTED_EDGE('',*,*,#4561,.T.);
#1058=ORIENTED_EDGE('',*,*,#4562,.F.);
#1059=ORIENTED_EDGE('',*,*,#4563,.T.);
#1060=ORIENTED_EDGE('',*,*,#4564,.T.);
#1061=ORIENTED_EDGE('',*,*,#4565,.T.);
#1062=ORIENTED_EDGE('',*,*,#4566,.T.);
#1063=ORIENTED_EDGE('',*,*,#4567,.T.);
#1064=ORIENTED_EDGE('',*,*,#4568,.F.);
#1065=ORIENTED_EDGE('',*,*,#4569,.T.);
#1066=ORIENTED_EDGE('',*,*,#4570,.T.);
#1067=ORIENTED_EDGE('',*,*,#4571,.T.);
#1068=ORIENTED_EDGE('',*,*,#4572,.T.);
#1069=ORIENTED_EDGE('',*,*,#4573,.T.);
#1070=ORIENTED_EDGE('',*,*,#4574,.F.);
#1071=ORIENTED_EDGE('',*,*,#4575,.T.);
#1072=ORIENTED_EDGE('',*,*,#4576,.F.);
#1073=ORIENTED_EDGE('',*,*,#4577,.T.);
#1074=ORIENTED_EDGE('',*,*,#4578,.T.);
#1075=ORIENTED_EDGE('',*,*,#4579,.T.);
#1076=ORIENTED_EDGE('',*,*,#4580,.F.);
#1077=ORIENTED_EDGE('',*,*,#4581,.T.);
#1078=ORIENTED_EDGE('',*,*,#4582,.F.);
#1079=ORIENTED_EDGE('',*,*,#4583,.T.);
#1080=ORIENTED_EDGE('',*,*,#4584,.T.);
#1081=ORIENTED_EDGE('',*,*,#4585,.T.);
#1082=ORIENTED_EDGE('',*,*,#4586,.T.);
#1083=ORIENTED_EDGE('',*,*,#4587,.T.);
#1084=ORIENTED_EDGE('',*,*,#4588,.F.);
#1085=ORIENTED_EDGE('',*,*,#4589,.T.);
#1086=ORIENTED_EDGE('',*,*,#4590,.T.);
#1087=ORIENTED_EDGE('',*,*,#4591,.T.);
#1088=ORIENTED_EDGE('',*,*,#4592,.T.);
#1089=ORIENTED_EDGE('',*,*,#4593,.T.);
#1090=ORIENTED_EDGE('',*,*,#4594,.F.);
#1091=ORIENTED_EDGE('',*,*,#4595,.T.);
#1092=ORIENTED_EDGE('',*,*,#4596,.F.);
#1093=ORIENTED_EDGE('',*,*,#4597,.T.);
#1094=ORIENTED_EDGE('',*,*,#4598,.T.);
#1095=ORIENTED_EDGE('',*,*,#4599,.T.);
#1096=ORIENTED_EDGE('',*,*,#4600,.F.);
#1097=ORIENTED_EDGE('',*,*,#4601,.T.);
#1098=ORIENTED_EDGE('',*,*,#4602,.F.);
#1099=ORIENTED_EDGE('',*,*,#4603,.T.);
#1100=ORIENTED_EDGE('',*,*,#4604,.T.);
#1101=ORIENTED_EDGE('',*,*,#4605,.T.);
#1102=ORIENTED_EDGE('',*,*,#4606,.T.);
#1103=ORIENTED_EDGE('',*,*,#4607,.T.);
#1104=ORIENTED_EDGE('',*,*,#4608,.F.);
#1105=ORIENTED_EDGE('',*,*,#4609,.T.);
#1106=ORIENTED_EDGE('',*,*,#4610,.T.);
#1107=ORIENTED_EDGE('',*,*,#4611,.T.);
#1108=ORIENTED_EDGE('',*,*,#4612,.T.);
#1109=ORIENTED_EDGE('',*,*,#4613,.T.);
#1110=ORIENTED_EDGE('',*,*,#4614,.F.);
#1111=ORIENTED_EDGE('',*,*,#4615,.T.);
#1112=ORIENTED_EDGE('',*,*,#4616,.F.);
#1113=ORIENTED_EDGE('',*,*,#4617,.T.);
#1114=ORIENTED_EDGE('',*,*,#4618,.T.);
#1115=ORIENTED_EDGE('',*,*,#4619,.T.);
#1116=ORIENTED_EDGE('',*,*,#4620,.F.);
#1117=ORIENTED_EDGE('',*,*,#4621,.T.);
#1118=ORIENTED_EDGE('',*,*,#4622,.F.);
#1119=ORIENTED_EDGE('',*,*,#4623,.T.);
#1120=ORIENTED_EDGE('',*,*,#4624,.T.);
#1121=ORIENTED_EDGE('',*,*,#4625,.T.);
#1122=ORIENTED_EDGE('',*,*,#4626,.T.);
#1123=ORIENTED_EDGE('',*,*,#4627,.T.);
#1124=ORIENTED_EDGE('',*,*,#4628,.F.);
#1125=ORIENTED_EDGE('',*,*,#4629,.T.);
#1126=ORIENTED_EDGE('',*,*,#4630,.T.);
#1127=ORIENTED_EDGE('',*,*,#4631,.T.);
#1128=ORIENTED_EDGE('',*,*,#4632,.T.);
#1129=ORIENTED_EDGE('',*,*,#4633,.T.);
#1130=ORIENTED_EDGE('',*,*,#4634,.F.);
#1131=ORIENTED_EDGE('',*,*,#4635,.T.);
#1132=ORIENTED_EDGE('',*,*,#4636,.F.);
#1133=ORIENTED_EDGE('',*,*,#4637,.T.);
#1134=ORIENTED_EDGE('',*,*,#4638,.T.);
#1135=ORIENTED_EDGE('',*,*,#4639,.T.);
#1136=ORIENTED_EDGE('',*,*,#4640,.F.);
#1137=ORIENTED_EDGE('',*,*,#4641,.T.);
#1138=ORIENTED_EDGE('',*,*,#4642,.F.);
#1139=ORIENTED_EDGE('',*,*,#4643,.T.);
#1140=ORIENTED_EDGE('',*,*,#4644,.T.);
#1141=ORIENTED_EDGE('',*,*,#4645,.T.);
#1142=ORIENTED_EDGE('',*,*,#4646,.T.);
#1143=ORIENTED_EDGE('',*,*,#4647,.T.);
#1144=ORIENTED_EDGE('',*,*,#4648,.F.);
#1145=ORIENTED_EDGE('',*,*,#4649,.T.);
#1146=ORIENTED_EDGE('',*,*,#4650,.T.);
#1147=ORIENTED_EDGE('',*,*,#4651,.T.);
#1148=ORIENTED_EDGE('',*,*,#4652,.T.);
#1149=ORIENTED_EDGE('',*,*,#4653,.T.);
#1150=ORIENTED_EDGE('',*,*,#4654,.F.);
#1151=ORIENTED_EDGE('',*,*,#4655,.T.);
#1152=ORIENTED_EDGE('',*,*,#4656,.T.);
#1153=ORIENTED_EDGE('',*,*,#4657,.T.);
#1154=ORIENTED_EDGE('',*,*,#4658,.F.);
#1155=ORIENTED_EDGE('',*,*,#4659,.T.);
#1156=ORIENTED_EDGE('',*,*,#4660,.T.);
#1157=ORIENTED_EDGE('',*,*,#4661,.T.);
#1158=ORIENTED_EDGE('',*,*,#4662,.T.);
#1159=ORIENTED_EDGE('',*,*,#4663,.T.);
#1160=ORIENTED_EDGE('',*,*,#4664,.F.);
#1161=ORIENTED_EDGE('',*,*,#4665,.T.);
#1162=ORIENTED_EDGE('',*,*,#4666,.F.);
#1163=ORIENTED_EDGE('',*,*,#4667,.T.);
#1164=ORIENTED_EDGE('',*,*,#4668,.T.);
#1165=ORIENTED_EDGE('',*,*,#4669,.T.);
#1166=ORIENTED_EDGE('',*,*,#4670,.F.);
#1167=ORIENTED_EDGE('',*,*,#4671,.T.);
#1168=ORIENTED_EDGE('',*,*,#4672,.F.);
#1169=ORIENTED_EDGE('',*,*,#4673,.T.);
#1170=ORIENTED_EDGE('',*,*,#4674,.T.);
#1171=ORIENTED_EDGE('',*,*,#4675,.T.);
#1172=ORIENTED_EDGE('',*,*,#4491,.F.);
#1173=ORIENTED_EDGE('',*,*,#4676,.T.);
#1174=ORIENTED_EDGE('',*,*,#4663,.F.);
#1175=ORIENTED_EDGE('',*,*,#4677,.F.);
#1176=ORIENTED_EDGE('',*,*,#4678,.F.);
#1177=ORIENTED_EDGE('',*,*,#4679,.F.);
#1178=ORIENTED_EDGE('',*,*,#4671,.F.);
#1179=ORIENTED_EDGE('',*,*,#4680,.T.);
#1180=ORIENTED_EDGE('',*,*,#4653,.F.);
#1181=ORIENTED_EDGE('',*,*,#4681,.F.);
#1182=ORIENTED_EDGE('',*,*,#4682,.F.);
#1183=ORIENTED_EDGE('',*,*,#4683,.F.);
#1184=ORIENTED_EDGE('',*,*,#4641,.F.);
#1185=ORIENTED_EDGE('',*,*,#4684,.T.);
#1186=ORIENTED_EDGE('',*,*,#4633,.F.);
#1187=ORIENTED_EDGE('',*,*,#4685,.F.);
#1188=ORIENTED_EDGE('',*,*,#4686,.F.);
#1189=ORIENTED_EDGE('',*,*,#4687,.F.);
#1190=ORIENTED_EDGE('',*,*,#4621,.F.);
#1191=ORIENTED_EDGE('',*,*,#4688,.T.);
#1192=ORIENTED_EDGE('',*,*,#4613,.F.);
#1193=ORIENTED_EDGE('',*,*,#4689,.F.);
#1194=ORIENTED_EDGE('',*,*,#4690,.F.);
#1195=ORIENTED_EDGE('',*,*,#4691,.F.);
#1196=ORIENTED_EDGE('',*,*,#4601,.F.);
#1197=ORIENTED_EDGE('',*,*,#4692,.T.);
#1198=ORIENTED_EDGE('',*,*,#4593,.F.);
#1199=ORIENTED_EDGE('',*,*,#4693,.F.);
#1200=ORIENTED_EDGE('',*,*,#4694,.F.);
#1201=ORIENTED_EDGE('',*,*,#4695,.F.);
#1202=ORIENTED_EDGE('',*,*,#4581,.F.);
#1203=ORIENTED_EDGE('',*,*,#4696,.T.);
#1204=ORIENTED_EDGE('',*,*,#4573,.F.);
#1205=ORIENTED_EDGE('',*,*,#4697,.F.);
#1206=ORIENTED_EDGE('',*,*,#4698,.F.);
#1207=ORIENTED_EDGE('',*,*,#4699,.F.);
#1208=ORIENTED_EDGE('',*,*,#4561,.F.);
#1209=ORIENTED_EDGE('',*,*,#4700,.T.);
#1210=ORIENTED_EDGE('',*,*,#4553,.F.);
#1211=ORIENTED_EDGE('',*,*,#4701,.F.);
#1212=ORIENTED_EDGE('',*,*,#4702,.F.);
#1213=ORIENTED_EDGE('',*,*,#4703,.F.);
#1214=ORIENTED_EDGE('',*,*,#4541,.F.);
#1215=ORIENTED_EDGE('',*,*,#4704,.T.);
#1216=ORIENTED_EDGE('',*,*,#4533,.F.);
#1217=ORIENTED_EDGE('',*,*,#4705,.F.);
#1218=ORIENTED_EDGE('',*,*,#4706,.F.);
#1219=ORIENTED_EDGE('',*,*,#4707,.F.);
#1220=ORIENTED_EDGE('',*,*,#4521,.F.);
#1221=ORIENTED_EDGE('',*,*,#4708,.T.);
#1222=ORIENTED_EDGE('',*,*,#4513,.F.);
#1223=ORIENTED_EDGE('',*,*,#4709,.F.);
#1224=ORIENTED_EDGE('',*,*,#4710,.F.);
#1225=ORIENTED_EDGE('',*,*,#4711,.F.);
#1226=ORIENTED_EDGE('',*,*,#4501,.F.);
#1227=ORIENTED_EDGE('',*,*,#4712,.T.);
#1228=ORIENTED_EDGE('',*,*,#4483,.F.);
#1229=ORIENTED_EDGE('',*,*,#4713,.F.);
#1230=ORIENTED_EDGE('',*,*,#4714,.F.);
#1231=ORIENTED_EDGE('',*,*,#4715,.F.);
#1232=ORIENTED_EDGE('',*,*,#4716,.F.);
#1233=ORIENTED_EDGE('',*,*,#4717,.T.);
#1234=ORIENTED_EDGE('',*,*,#4678,.T.);
#1235=ORIENTED_EDGE('',*,*,#4718,.F.);
#1236=ORIENTED_EDGE('',*,*,#4719,.F.);
#1237=ORIENTED_EDGE('',*,*,#4720,.T.);
#1238=ORIENTED_EDGE('',*,*,#4682,.T.);
#1239=ORIENTED_EDGE('',*,*,#4721,.F.);
#1240=ORIENTED_EDGE('',*,*,#4722,.F.);
#1241=ORIENTED_EDGE('',*,*,#4723,.T.);
#1242=ORIENTED_EDGE('',*,*,#4686,.T.);
#1243=ORIENTED_EDGE('',*,*,#4724,.F.);
#1244=ORIENTED_EDGE('',*,*,#4725,.F.);
#1245=ORIENTED_EDGE('',*,*,#4726,.T.);
#1246=ORIENTED_EDGE('',*,*,#4690,.T.);
#1247=ORIENTED_EDGE('',*,*,#4727,.F.);
#1248=ORIENTED_EDGE('',*,*,#4728,.F.);
#1249=ORIENTED_EDGE('',*,*,#4729,.T.);
#1250=ORIENTED_EDGE('',*,*,#4694,.T.);
#1251=ORIENTED_EDGE('',*,*,#4730,.F.);
#1252=ORIENTED_EDGE('',*,*,#4731,.F.);
#1253=ORIENTED_EDGE('',*,*,#4732,.T.);
#1254=ORIENTED_EDGE('',*,*,#4698,.T.);
#1255=ORIENTED_EDGE('',*,*,#4733,.F.);
#1256=ORIENTED_EDGE('',*,*,#4734,.F.);
#1257=ORIENTED_EDGE('',*,*,#4735,.T.);
#1258=ORIENTED_EDGE('',*,*,#4702,.T.);
#1259=ORIENTED_EDGE('',*,*,#4736,.F.);
#1260=ORIENTED_EDGE('',*,*,#4737,.F.);
#1261=ORIENTED_EDGE('',*,*,#4738,.T.);
#1262=ORIENTED_EDGE('',*,*,#4706,.T.);
#1263=ORIENTED_EDGE('',*,*,#4739,.F.);
#1264=ORIENTED_EDGE('',*,*,#4740,.F.);
#1265=ORIENTED_EDGE('',*,*,#4741,.T.);
#1266=ORIENTED_EDGE('',*,*,#4710,.T.);
#1267=ORIENTED_EDGE('',*,*,#4742,.F.);
#1268=ORIENTED_EDGE('',*,*,#4743,.F.);
#1269=ORIENTED_EDGE('',*,*,#4744,.T.);
#1270=ORIENTED_EDGE('',*,*,#4714,.T.);
#1271=ORIENTED_EDGE('',*,*,#4745,.F.);
#1272=ORIENTED_EDGE('',*,*,#4493,.F.);
#1273=ORIENTED_EDGE('',*,*,#4746,.F.);
#1274=ORIENTED_EDGE('',*,*,#4716,.T.);
#1275=ORIENTED_EDGE('',*,*,#4747,.F.);
#1276=ORIENTED_EDGE('',*,*,#4661,.F.);
#1277=ORIENTED_EDGE('',*,*,#4748,.F.);
#1278=ORIENTED_EDGE('',*,*,#4673,.F.);
#1279=ORIENTED_EDGE('',*,*,#4749,.F.);
#1280=ORIENTED_EDGE('',*,*,#4719,.T.);
#1281=ORIENTED_EDGE('',*,*,#4750,.F.);
#1282=ORIENTED_EDGE('',*,*,#4651,.F.);
#1283=ORIENTED_EDGE('',*,*,#4751,.F.);
#1284=ORIENTED_EDGE('',*,*,#4643,.F.);
#1285=ORIENTED_EDGE('',*,*,#4752,.F.);
#1286=ORIENTED_EDGE('',*,*,#4722,.T.);
#1287=ORIENTED_EDGE('',*,*,#4753,.F.);
#1288=ORIENTED_EDGE('',*,*,#4631,.F.);
#1289=ORIENTED_EDGE('',*,*,#4754,.F.);
#1290=ORIENTED_EDGE('',*,*,#4623,.F.);
#1291=ORIENTED_EDGE('',*,*,#4755,.F.);
#1292=ORIENTED_EDGE('',*,*,#4725,.T.);
#1293=ORIENTED_EDGE('',*,*,#4756,.F.);
#1294=ORIENTED_EDGE('',*,*,#4611,.F.);
#1295=ORIENTED_EDGE('',*,*,#4757,.F.);
#1296=ORIENTED_EDGE('',*,*,#4603,.F.);
#1297=ORIENTED_EDGE('',*,*,#4758,.F.);
#1298=ORIENTED_EDGE('',*,*,#4728,.T.);
#1299=ORIENTED_EDGE('',*,*,#4759,.F.);
#1300=ORIENTED_EDGE('',*,*,#4591,.F.);
#1301=ORIENTED_EDGE('',*,*,#4760,.F.);
#1302=ORIENTED_EDGE('',*,*,#4583,.F.);
#1303=ORIENTED_EDGE('',*,*,#4761,.F.);
#1304=ORIENTED_EDGE('',*,*,#4731,.T.);
#1305=ORIENTED_EDGE('',*,*,#4762,.F.);
#1306=ORIENTED_EDGE('',*,*,#4571,.F.);
#1307=ORIENTED_EDGE('',*,*,#4763,.F.);
#1308=ORIENTED_EDGE('',*,*,#4563,.F.);
#1309=ORIENTED_EDGE('',*,*,#4764,.F.);
#1310=ORIENTED_EDGE('',*,*,#4734,.T.);
#1311=ORIENTED_EDGE('',*,*,#4765,.F.);
#1312=ORIENTED_EDGE('',*,*,#4551,.F.);
#1313=ORIENTED_EDGE('',*,*,#4766,.F.);
#1314=ORIENTED_EDGE('',*,*,#4543,.F.);
#1315=ORIENTED_EDGE('',*,*,#4767,.F.);
#1316=ORIENTED_EDGE('',*,*,#4737,.T.);
#1317=ORIENTED_EDGE('',*,*,#4768,.F.);
#1318=ORIENTED_EDGE('',*,*,#4531,.F.);
#1319=ORIENTED_EDGE('',*,*,#4769,.F.);
#1320=ORIENTED_EDGE('',*,*,#4523,.F.);
#1321=ORIENTED_EDGE('',*,*,#4770,.F.);
#1322=ORIENTED_EDGE('',*,*,#4740,.T.);
#1323=ORIENTED_EDGE('',*,*,#4771,.F.);
#1324=ORIENTED_EDGE('',*,*,#4511,.F.);
#1325=ORIENTED_EDGE('',*,*,#4772,.F.);
#1326=ORIENTED_EDGE('',*,*,#4503,.F.);
#1327=ORIENTED_EDGE('',*,*,#4773,.F.);
#1328=ORIENTED_EDGE('',*,*,#4743,.T.);
#1329=ORIENTED_EDGE('',*,*,#4774,.F.);
#1330=ORIENTED_EDGE('',*,*,#4481,.F.);
#1331=ORIENTED_EDGE('',*,*,#4775,.F.);
#1332=ORIENTED_EDGE('',*,*,#4494,.F.);
#1333=ORIENTED_EDGE('',*,*,#4748,.T.);
#1334=ORIENTED_EDGE('',*,*,#4660,.F.);
#1335=ORIENTED_EDGE('',*,*,#4776,.F.);
#1336=ORIENTED_EDGE('',*,*,#4674,.F.);
#1337=ORIENTED_EDGE('',*,*,#4751,.T.);
#1338=ORIENTED_EDGE('',*,*,#4650,.F.);
#1339=ORIENTED_EDGE('',*,*,#4777,.F.);
#1340=ORIENTED_EDGE('',*,*,#4644,.F.);
#1341=ORIENTED_EDGE('',*,*,#4754,.T.);
#1342=ORIENTED_EDGE('',*,*,#4630,.F.);
#1343=ORIENTED_EDGE('',*,*,#4778,.F.);
#1344=ORIENTED_EDGE('',*,*,#4624,.F.);
#1345=ORIENTED_EDGE('',*,*,#4757,.T.);
#1346=ORIENTED_EDGE('',*,*,#4610,.F.);
#1347=ORIENTED_EDGE('',*,*,#4779,.F.);
#1348=ORIENTED_EDGE('',*,*,#4604,.F.);
#1349=ORIENTED_EDGE('',*,*,#4760,.T.);
#1350=ORIENTED_EDGE('',*,*,#4590,.F.);
#1351=ORIENTED_EDGE('',*,*,#4780,.F.);
#1352=ORIENTED_EDGE('',*,*,#4584,.F.);
#1353=ORIENTED_EDGE('',*,*,#4763,.T.);
#1354=ORIENTED_EDGE('',*,*,#4570,.F.);
#1355=ORIENTED_EDGE('',*,*,#4781,.F.);
#1356=ORIENTED_EDGE('',*,*,#4564,.F.);
#1357=ORIENTED_EDGE('',*,*,#4766,.T.);
#1358=ORIENTED_EDGE('',*,*,#4550,.F.);
#1359=ORIENTED_EDGE('',*,*,#4782,.F.);
#1360=ORIENTED_EDGE('',*,*,#4544,.F.);
#1361=ORIENTED_EDGE('',*,*,#4769,.T.);
#1362=ORIENTED_EDGE('',*,*,#4530,.F.);
#1363=ORIENTED_EDGE('',*,*,#4783,.F.);
#1364=ORIENTED_EDGE('',*,*,#4524,.F.);
#1365=ORIENTED_EDGE('',*,*,#4772,.T.);
#1366=ORIENTED_EDGE('',*,*,#4510,.F.);
#1367=ORIENTED_EDGE('',*,*,#4784,.F.);
#1368=ORIENTED_EDGE('',*,*,#4504,.F.);
#1369=ORIENTED_EDGE('',*,*,#4775,.T.);
#1370=ORIENTED_EDGE('',*,*,#4480,.F.);
#1371=ORIENTED_EDGE('',*,*,#4785,.F.);
#1372=ORIENTED_EDGE('',*,*,#4495,.F.);
#1373=ORIENTED_EDGE('',*,*,#4776,.T.);
#1374=ORIENTED_EDGE('',*,*,#4659,.F.);
#1375=ORIENTED_EDGE('',*,*,#4786,.F.);
#1376=ORIENTED_EDGE('',*,*,#4675,.F.);
#1377=ORIENTED_EDGE('',*,*,#4777,.T.);
#1378=ORIENTED_EDGE('',*,*,#4649,.F.);
#1379=ORIENTED_EDGE('',*,*,#4787,.F.);
#1380=ORIENTED_EDGE('',*,*,#4645,.F.);
#1381=ORIENTED_EDGE('',*,*,#4778,.T.);
#1382=ORIENTED_EDGE('',*,*,#4629,.F.);
#1383=ORIENTED_EDGE('',*,*,#4788,.F.);
#1384=ORIENTED_EDGE('',*,*,#4625,.F.);
#1385=ORIENTED_EDGE('',*,*,#4779,.T.);
#1386=ORIENTED_EDGE('',*,*,#4609,.F.);
#1387=ORIENTED_EDGE('',*,*,#4789,.F.);
#1388=ORIENTED_EDGE('',*,*,#4605,.F.);
#1389=ORIENTED_EDGE('',*,*,#4780,.T.);
#1390=ORIENTED_EDGE('',*,*,#4589,.F.);
#1391=ORIENTED_EDGE('',*,*,#4790,.F.);
#1392=ORIENTED_EDGE('',*,*,#4585,.F.);
#1393=ORIENTED_EDGE('',*,*,#4781,.T.);
#1394=ORIENTED_EDGE('',*,*,#4569,.F.);
#1395=ORIENTED_EDGE('',*,*,#4791,.F.);
#1396=ORIENTED_EDGE('',*,*,#4565,.F.);
#1397=ORIENTED_EDGE('',*,*,#4782,.T.);
#1398=ORIENTED_EDGE('',*,*,#4549,.F.);
#1399=ORIENTED_EDGE('',*,*,#4792,.F.);
#1400=ORIENTED_EDGE('',*,*,#4545,.F.);
#1401=ORIENTED_EDGE('',*,*,#4783,.T.);
#1402=ORIENTED_EDGE('',*,*,#4529,.F.);
#1403=ORIENTED_EDGE('',*,*,#4793,.F.);
#1404=ORIENTED_EDGE('',*,*,#4525,.F.);
#1405=ORIENTED_EDGE('',*,*,#4784,.T.);
#1406=ORIENTED_EDGE('',*,*,#4509,.F.);
#1407=ORIENTED_EDGE('',*,*,#4794,.F.);
#1408=ORIENTED_EDGE('',*,*,#4505,.F.);
#1409=ORIENTED_EDGE('',*,*,#4785,.T.);
#1410=ORIENTED_EDGE('',*,*,#4479,.F.);
#1411=ORIENTED_EDGE('',*,*,#4795,.F.);
#1412=ORIENTED_EDGE('',*,*,#4796,.F.);
#1413=ORIENTED_EDGE('',*,*,#4486,.T.);
#1414=ORIENTED_EDGE('',*,*,#4786,.T.);
#1415=ORIENTED_EDGE('',*,*,#4658,.T.);
#1416=ORIENTED_EDGE('',*,*,#4797,.F.);
#1417=ORIENTED_EDGE('',*,*,#4666,.T.);
#1418=ORIENTED_EDGE('',*,*,#4787,.T.);
#1419=ORIENTED_EDGE('',*,*,#4648,.T.);
#1420=ORIENTED_EDGE('',*,*,#4798,.F.);
#1421=ORIENTED_EDGE('',*,*,#4636,.T.);
#1422=ORIENTED_EDGE('',*,*,#4788,.T.);
#1423=ORIENTED_EDGE('',*,*,#4628,.T.);
#1424=ORIENTED_EDGE('',*,*,#4799,.F.);
#1425=ORIENTED_EDGE('',*,*,#4616,.T.);
#1426=ORIENTED_EDGE('',*,*,#4789,.T.);
#1427=ORIENTED_EDGE('',*,*,#4608,.T.);
#1428=ORIENTED_EDGE('',*,*,#4800,.F.);
#1429=ORIENTED_EDGE('',*,*,#4596,.T.);
#1430=ORIENTED_EDGE('',*,*,#4790,.T.);
#1431=ORIENTED_EDGE('',*,*,#4588,.T.);
#1432=ORIENTED_EDGE('',*,*,#4801,.F.);
#1433=ORIENTED_EDGE('',*,*,#4576,.T.);
#1434=ORIENTED_EDGE('',*,*,#4791,.T.);
#1435=ORIENTED_EDGE('',*,*,#4568,.T.);
#1436=ORIENTED_EDGE('',*,*,#4802,.F.);
#1437=ORIENTED_EDGE('',*,*,#4556,.T.);
#1438=ORIENTED_EDGE('',*,*,#4792,.T.);
#1439=ORIENTED_EDGE('',*,*,#4548,.T.);
#1440=ORIENTED_EDGE('',*,*,#4803,.F.);
#1441=ORIENTED_EDGE('',*,*,#4536,.T.);
#1442=ORIENTED_EDGE('',*,*,#4793,.T.);
#1443=ORIENTED_EDGE('',*,*,#4528,.T.);
#1444=ORIENTED_EDGE('',*,*,#4804,.F.);
#1445=ORIENTED_EDGE('',*,*,#4516,.T.);
#1446=ORIENTED_EDGE('',*,*,#4794,.T.);
#1447=ORIENTED_EDGE('',*,*,#4508,.T.);
#1448=ORIENTED_EDGE('',*,*,#4805,.F.);
#1449=ORIENTED_EDGE('',*,*,#4496,.T.);
#1450=ORIENTED_EDGE('',*,*,#4795,.T.);
#1451=ORIENTED_EDGE('',*,*,#4478,.T.);
#1452=ORIENTED_EDGE('',*,*,#4796,.T.);
#1453=ORIENTED_EDGE('',*,*,#4657,.F.);
#1454=ORIENTED_EDGE('',*,*,#4806,.F.);
#1455=ORIENTED_EDGE('',*,*,#4807,.F.);
#1456=ORIENTED_EDGE('',*,*,#4808,.F.);
#1457=ORIENTED_EDGE('',*,*,#4809,.F.);
#1458=ORIENTED_EDGE('',*,*,#4810,.F.);
#1459=ORIENTED_EDGE('',*,*,#4811,.F.);
#1460=ORIENTED_EDGE('',*,*,#4812,.F.);
#1461=ORIENTED_EDGE('',*,*,#4667,.F.);
#1462=ORIENTED_EDGE('',*,*,#4797,.T.);
#1463=ORIENTED_EDGE('',*,*,#4647,.F.);
#1464=ORIENTED_EDGE('',*,*,#4813,.F.);
#1465=ORIENTED_EDGE('',*,*,#4814,.F.);
#1466=ORIENTED_EDGE('',*,*,#4815,.F.);
#1467=ORIENTED_EDGE('',*,*,#4816,.F.);
#1468=ORIENTED_EDGE('',*,*,#4817,.F.);
#1469=ORIENTED_EDGE('',*,*,#4818,.F.);
#1470=ORIENTED_EDGE('',*,*,#4819,.F.);
#1471=ORIENTED_EDGE('',*,*,#4637,.F.);
#1472=ORIENTED_EDGE('',*,*,#4798,.T.);
#1473=ORIENTED_EDGE('',*,*,#4627,.F.);
#1474=ORIENTED_EDGE('',*,*,#4820,.F.);
#1475=ORIENTED_EDGE('',*,*,#4821,.F.);
#1476=ORIENTED_EDGE('',*,*,#4822,.F.);
#1477=ORIENTED_EDGE('',*,*,#4823,.F.);
#1478=ORIENTED_EDGE('',*,*,#4824,.F.);
#1479=ORIENTED_EDGE('',*,*,#4825,.F.);
#1480=ORIENTED_EDGE('',*,*,#4826,.F.);
#1481=ORIENTED_EDGE('',*,*,#4617,.F.);
#1482=ORIENTED_EDGE('',*,*,#4799,.T.);
#1483=ORIENTED_EDGE('',*,*,#4607,.F.);
#1484=ORIENTED_EDGE('',*,*,#4827,.F.);
#1485=ORIENTED_EDGE('',*,*,#4828,.F.);
#1486=ORIENTED_EDGE('',*,*,#4829,.F.);
#1487=ORIENTED_EDGE('',*,*,#4830,.F.);
#1488=ORIENTED_EDGE('',*,*,#4831,.F.);
#1489=ORIENTED_EDGE('',*,*,#4832,.F.);
#1490=ORIENTED_EDGE('',*,*,#4833,.F.);
#1491=ORIENTED_EDGE('',*,*,#4597,.F.);
#1492=ORIENTED_EDGE('',*,*,#4800,.T.);
#1493=ORIENTED_EDGE('',*,*,#4587,.F.);
#1494=ORIENTED_EDGE('',*,*,#4834,.F.);
#1495=ORIENTED_EDGE('',*,*,#4835,.F.);
#1496=ORIENTED_EDGE('',*,*,#4836,.F.);
#1497=ORIENTED_EDGE('',*,*,#4837,.F.);
#1498=ORIENTED_EDGE('',*,*,#4838,.F.);
#1499=ORIENTED_EDGE('',*,*,#4839,.F.);
#1500=ORIENTED_EDGE('',*,*,#4840,.F.);
#1501=ORIENTED_EDGE('',*,*,#4577,.F.);
#1502=ORIENTED_EDGE('',*,*,#4801,.T.);
#1503=ORIENTED_EDGE('',*,*,#4567,.F.);
#1504=ORIENTED_EDGE('',*,*,#4841,.F.);
#1505=ORIENTED_EDGE('',*,*,#4842,.F.);
#1506=ORIENTED_EDGE('',*,*,#4843,.F.);
#1507=ORIENTED_EDGE('',*,*,#4844,.F.);
#1508=ORIENTED_EDGE('',*,*,#4845,.F.);
#1509=ORIENTED_EDGE('',*,*,#4846,.F.);
#1510=ORIENTED_EDGE('',*,*,#4847,.F.);
#1511=ORIENTED_EDGE('',*,*,#4557,.F.);
#1512=ORIENTED_EDGE('',*,*,#4802,.T.);
#1513=ORIENTED_EDGE('',*,*,#4547,.F.);
#1514=ORIENTED_EDGE('',*,*,#4848,.F.);
#1515=ORIENTED_EDGE('',*,*,#4849,.F.);
#1516=ORIENTED_EDGE('',*,*,#4850,.F.);
#1517=ORIENTED_EDGE('',*,*,#4851,.F.);
#1518=ORIENTED_EDGE('',*,*,#4852,.F.);
#1519=ORIENTED_EDGE('',*,*,#4853,.F.);
#1520=ORIENTED_EDGE('',*,*,#4854,.F.);
#1521=ORIENTED_EDGE('',*,*,#4537,.F.);
#1522=ORIENTED_EDGE('',*,*,#4803,.T.);
#1523=ORIENTED_EDGE('',*,*,#4527,.F.);
#1524=ORIENTED_EDGE('',*,*,#4855,.F.);
#1525=ORIENTED_EDGE('',*,*,#4856,.F.);
#1526=ORIENTED_EDGE('',*,*,#4857,.F.);
#1527=ORIENTED_EDGE('',*,*,#4858,.F.);
#1528=ORIENTED_EDGE('',*,*,#4859,.F.);
#1529=ORIENTED_EDGE('',*,*,#4860,.F.);
#1530=ORIENTED_EDGE('',*,*,#4861,.F.);
#1531=ORIENTED_EDGE('',*,*,#4517,.F.);
#1532=ORIENTED_EDGE('',*,*,#4804,.T.);
#1533=ORIENTED_EDGE('',*,*,#4507,.F.);
#1534=ORIENTED_EDGE('',*,*,#4862,.F.);
#1535=ORIENTED_EDGE('',*,*,#4863,.F.);
#1536=ORIENTED_EDGE('',*,*,#4864,.F.);
#1537=ORIENTED_EDGE('',*,*,#4865,.F.);
#1538=ORIENTED_EDGE('',*,*,#4866,.F.);
#1539=ORIENTED_EDGE('',*,*,#4867,.F.);
#1540=ORIENTED_EDGE('',*,*,#4868,.F.);
#1541=ORIENTED_EDGE('',*,*,#4497,.F.);
#1542=ORIENTED_EDGE('',*,*,#4805,.T.);
#1543=ORIENTED_EDGE('',*,*,#4477,.F.);
#1544=ORIENTED_EDGE('',*,*,#4869,.F.);
#1545=ORIENTED_EDGE('',*,*,#4870,.F.);
#1546=ORIENTED_EDGE('',*,*,#4871,.F.);
#1547=ORIENTED_EDGE('',*,*,#4872,.F.);
#1548=ORIENTED_EDGE('',*,*,#4873,.F.);
#1549=ORIENTED_EDGE('',*,*,#4148,.F.);
#1550=ORIENTED_EDGE('',*,*,#4874,.F.);
#1551=ORIENTED_EDGE('',*,*,#4875,.F.);
#1552=ORIENTED_EDGE('',*,*,#4876,.F.);
#1553=ORIENTED_EDGE('',*,*,#4877,.F.);
#1554=ORIENTED_EDGE('',*,*,#4878,.F.);
#1555=ORIENTED_EDGE('',*,*,#4879,.F.);
#1556=ORIENTED_EDGE('',*,*,#4880,.F.);
#1557=ORIENTED_EDGE('',*,*,#4144,.F.);
#1558=ORIENTED_EDGE('',*,*,#4881,.F.);
#1559=ORIENTED_EDGE('',*,*,#4882,.F.);
#1560=ORIENTED_EDGE('',*,*,#4883,.F.);
#1561=ORIENTED_EDGE('',*,*,#4884,.F.);
#1562=ORIENTED_EDGE('',*,*,#4885,.F.);
#1563=ORIENTED_EDGE('',*,*,#4886,.F.);
#1564=ORIENTED_EDGE('',*,*,#4887,.F.);
#1565=ORIENTED_EDGE('',*,*,#4140,.F.);
#1566=ORIENTED_EDGE('',*,*,#4888,.F.);
#1567=ORIENTED_EDGE('',*,*,#4889,.F.);
#1568=ORIENTED_EDGE('',*,*,#4890,.F.);
#1569=ORIENTED_EDGE('',*,*,#4891,.F.);
#1570=ORIENTED_EDGE('',*,*,#4892,.F.);
#1571=ORIENTED_EDGE('',*,*,#4893,.F.);
#1572=ORIENTED_EDGE('',*,*,#4894,.F.);
#1573=ORIENTED_EDGE('',*,*,#4136,.F.);
#1574=ORIENTED_EDGE('',*,*,#4895,.F.);
#1575=ORIENTED_EDGE('',*,*,#4896,.F.);
#1576=ORIENTED_EDGE('',*,*,#4897,.F.);
#1577=ORIENTED_EDGE('',*,*,#4898,.F.);
#1578=ORIENTED_EDGE('',*,*,#4899,.F.);
#1579=ORIENTED_EDGE('',*,*,#4900,.F.);
#1580=ORIENTED_EDGE('',*,*,#4901,.F.);
#1581=ORIENTED_EDGE('',*,*,#4132,.F.);
#1582=ORIENTED_EDGE('',*,*,#4902,.F.);
#1583=ORIENTED_EDGE('',*,*,#4903,.F.);
#1584=ORIENTED_EDGE('',*,*,#4904,.F.);
#1585=ORIENTED_EDGE('',*,*,#4905,.F.);
#1586=ORIENTED_EDGE('',*,*,#4906,.F.);
#1587=ORIENTED_EDGE('',*,*,#4907,.F.);
#1588=ORIENTED_EDGE('',*,*,#4908,.F.);
#1589=ORIENTED_EDGE('',*,*,#4128,.F.);
#1590=ORIENTED_EDGE('',*,*,#4909,.F.);
#1591=ORIENTED_EDGE('',*,*,#4910,.F.);
#1592=ORIENTED_EDGE('',*,*,#4911,.F.);
#1593=ORIENTED_EDGE('',*,*,#4912,.F.);
#1594=ORIENTED_EDGE('',*,*,#4913,.F.);
#1595=ORIENTED_EDGE('',*,*,#4914,.F.);
#1596=ORIENTED_EDGE('',*,*,#4915,.F.);
#1597=ORIENTED_EDGE('',*,*,#4124,.F.);
#1598=ORIENTED_EDGE('',*,*,#4916,.F.);
#1599=ORIENTED_EDGE('',*,*,#4917,.F.);
#1600=ORIENTED_EDGE('',*,*,#4918,.F.);
#1601=ORIENTED_EDGE('',*,*,#4919,.F.);
#1602=ORIENTED_EDGE('',*,*,#4920,.F.);
#1603=ORIENTED_EDGE('',*,*,#4921,.F.);
#1604=ORIENTED_EDGE('',*,*,#4922,.F.);
#1605=ORIENTED_EDGE('',*,*,#4120,.F.);
#1606=ORIENTED_EDGE('',*,*,#4923,.F.);
#1607=ORIENTED_EDGE('',*,*,#4924,.F.);
#1608=ORIENTED_EDGE('',*,*,#4925,.F.);
#1609=ORIENTED_EDGE('',*,*,#4926,.F.);
#1610=ORIENTED_EDGE('',*,*,#4927,.F.);
#1611=ORIENTED_EDGE('',*,*,#4928,.F.);
#1612=ORIENTED_EDGE('',*,*,#4929,.F.);
#1613=ORIENTED_EDGE('',*,*,#4116,.F.);
#1614=ORIENTED_EDGE('',*,*,#4930,.F.);
#1615=ORIENTED_EDGE('',*,*,#4931,.F.);
#1616=ORIENTED_EDGE('',*,*,#4932,.F.);
#1617=ORIENTED_EDGE('',*,*,#4933,.F.);
#1618=ORIENTED_EDGE('',*,*,#4934,.F.);
#1619=ORIENTED_EDGE('',*,*,#4935,.F.);
#1620=ORIENTED_EDGE('',*,*,#4936,.F.);
#1621=ORIENTED_EDGE('',*,*,#4937,.F.);
#1622=ORIENTED_EDGE('',*,*,#4938,.F.);
#1623=ORIENTED_EDGE('',*,*,#4939,.F.);
#1624=ORIENTED_EDGE('',*,*,#4940,.F.);
#1625=ORIENTED_EDGE('',*,*,#4941,.F.);
#1626=ORIENTED_EDGE('',*,*,#4942,.F.);
#1627=ORIENTED_EDGE('',*,*,#4487,.F.);
#1628=ORIENTED_EDGE('',*,*,#4943,.F.);
#1629=ORIENTED_EDGE('',*,*,#4944,.F.);
#1630=ORIENTED_EDGE('',*,*,#4937,.T.);
#1631=ORIENTED_EDGE('',*,*,#4945,.F.);
#1632=ORIENTED_EDGE('',*,*,#4946,.T.);
#1633=ORIENTED_EDGE('',*,*,#4947,.T.);
#1634=ORIENTED_EDGE('',*,*,#4948,.T.);
#1635=ORIENTED_EDGE('',*,*,#4949,.F.);
#1636=ORIENTED_EDGE('',*,*,#4950,.F.);
#1637=ORIENTED_EDGE('',*,*,#4951,.T.);
#1638=ORIENTED_EDGE('',*,*,#4952,.T.);
#1639=ORIENTED_EDGE('',*,*,#4953,.T.);
#1640=ORIENTED_EDGE('',*,*,#4954,.T.);
#1641=ORIENTED_EDGE('',*,*,#4955,.F.);
#1642=ORIENTED_EDGE('',*,*,#4956,.T.);
#1643=ORIENTED_EDGE('',*,*,#4957,.T.);
#1644=ORIENTED_EDGE('',*,*,#4958,.T.);
#1645=ORIENTED_EDGE('',*,*,#4959,.T.);
#1646=ORIENTED_EDGE('',*,*,#4960,.T.);
#1647=ORIENTED_EDGE('',*,*,#4961,.T.);
#1648=ORIENTED_EDGE('',*,*,#4962,.T.);
#1649=ORIENTED_EDGE('',*,*,#4963,.F.);
#1650=ORIENTED_EDGE('',*,*,#4964,.T.);
#1651=ORIENTED_EDGE('',*,*,#4965,.T.);
#1652=ORIENTED_EDGE('',*,*,#4966,.T.);
#1653=ORIENTED_EDGE('',*,*,#4967,.T.);
#1654=ORIENTED_EDGE('',*,*,#4968,.T.);
#1655=ORIENTED_EDGE('',*,*,#4969,.T.);
#1656=ORIENTED_EDGE('',*,*,#4970,.T.);
#1657=ORIENTED_EDGE('',*,*,#4971,.F.);
#1658=ORIENTED_EDGE('',*,*,#4972,.T.);
#1659=ORIENTED_EDGE('',*,*,#4973,.T.);
#1660=ORIENTED_EDGE('',*,*,#4974,.T.);
#1661=ORIENTED_EDGE('',*,*,#4975,.T.);
#1662=ORIENTED_EDGE('',*,*,#4976,.T.);
#1663=ORIENTED_EDGE('',*,*,#4977,.T.);
#1664=ORIENTED_EDGE('',*,*,#4978,.T.);
#1665=ORIENTED_EDGE('',*,*,#4979,.F.);
#1666=ORIENTED_EDGE('',*,*,#4980,.T.);
#1667=ORIENTED_EDGE('',*,*,#4981,.T.);
#1668=ORIENTED_EDGE('',*,*,#4982,.T.);
#1669=ORIENTED_EDGE('',*,*,#4983,.T.);
#1670=ORIENTED_EDGE('',*,*,#4984,.T.);
#1671=ORIENTED_EDGE('',*,*,#4985,.T.);
#1672=ORIENTED_EDGE('',*,*,#4986,.T.);
#1673=ORIENTED_EDGE('',*,*,#4987,.F.);
#1674=ORIENTED_EDGE('',*,*,#4988,.T.);
#1675=ORIENTED_EDGE('',*,*,#4989,.T.);
#1676=ORIENTED_EDGE('',*,*,#4990,.T.);
#1677=ORIENTED_EDGE('',*,*,#4991,.T.);
#1678=ORIENTED_EDGE('',*,*,#4992,.T.);
#1679=ORIENTED_EDGE('',*,*,#4993,.T.);
#1680=ORIENTED_EDGE('',*,*,#4994,.T.);
#1681=ORIENTED_EDGE('',*,*,#4995,.F.);
#1682=ORIENTED_EDGE('',*,*,#4996,.T.);
#1683=ORIENTED_EDGE('',*,*,#4997,.T.);
#1684=ORIENTED_EDGE('',*,*,#4998,.T.);
#1685=ORIENTED_EDGE('',*,*,#4999,.T.);
#1686=ORIENTED_EDGE('',*,*,#5000,.T.);
#1687=ORIENTED_EDGE('',*,*,#5001,.T.);
#1688=ORIENTED_EDGE('',*,*,#5002,.T.);
#1689=ORIENTED_EDGE('',*,*,#5003,.F.);
#1690=ORIENTED_EDGE('',*,*,#5004,.T.);
#1691=ORIENTED_EDGE('',*,*,#5005,.T.);
#1692=ORIENTED_EDGE('',*,*,#5006,.T.);
#1693=ORIENTED_EDGE('',*,*,#5007,.T.);
#1694=ORIENTED_EDGE('',*,*,#5008,.T.);
#1695=ORIENTED_EDGE('',*,*,#5009,.T.);
#1696=ORIENTED_EDGE('',*,*,#5010,.T.);
#1697=ORIENTED_EDGE('',*,*,#5011,.F.);
#1698=ORIENTED_EDGE('',*,*,#5012,.T.);
#1699=ORIENTED_EDGE('',*,*,#5013,.T.);
#1700=ORIENTED_EDGE('',*,*,#5014,.T.);
#1701=ORIENTED_EDGE('',*,*,#5015,.T.);
#1702=ORIENTED_EDGE('',*,*,#5016,.T.);
#1703=ORIENTED_EDGE('',*,*,#5017,.T.);
#1704=ORIENTED_EDGE('',*,*,#5018,.T.);
#1705=ORIENTED_EDGE('',*,*,#5019,.F.);
#1706=ORIENTED_EDGE('',*,*,#5020,.T.);
#1707=ORIENTED_EDGE('',*,*,#5021,.T.);
#1708=ORIENTED_EDGE('',*,*,#5022,.T.);
#1709=ORIENTED_EDGE('',*,*,#5023,.T.);
#1710=ORIENTED_EDGE('',*,*,#5024,.T.);
#1711=ORIENTED_EDGE('',*,*,#5025,.T.);
#1712=ORIENTED_EDGE('',*,*,#5026,.T.);
#1713=ORIENTED_EDGE('',*,*,#5027,.F.);
#1714=ORIENTED_EDGE('',*,*,#5028,.T.);
#1715=ORIENTED_EDGE('',*,*,#5029,.T.);
#1716=ORIENTED_EDGE('',*,*,#5030,.T.);
#1717=ORIENTED_EDGE('',*,*,#5031,.T.);
#1718=ORIENTED_EDGE('',*,*,#5032,.F.);
#1719=ORIENTED_EDGE('',*,*,#4949,.T.);
#1720=ORIENTED_EDGE('',*,*,#5033,.F.);
#1721=ORIENTED_EDGE('',*,*,#5034,.T.);
#1722=ORIENTED_EDGE('',*,*,#5035,.T.);
#1723=ORIENTED_EDGE('',*,*,#5036,.T.);
#1724=ORIENTED_EDGE('',*,*,#5037,.T.);
#1725=ORIENTED_EDGE('',*,*,#5038,.T.);
#1726=ORIENTED_EDGE('',*,*,#5039,.F.);
#1727=ORIENTED_EDGE('',*,*,#4153,.T.);
#1728=ORIENTED_EDGE('',*,*,#5040,.F.);
#1729=ORIENTED_EDGE('',*,*,#5041,.T.);
#1730=ORIENTED_EDGE('',*,*,#5042,.T.);
#1731=ORIENTED_EDGE('',*,*,#5043,.T.);
#1732=ORIENTED_EDGE('',*,*,#5044,.T.);
#1733=ORIENTED_EDGE('',*,*,#5045,.T.);
#1734=ORIENTED_EDGE('',*,*,#5046,.F.);
#1735=ORIENTED_EDGE('',*,*,#4157,.T.);
#1736=ORIENTED_EDGE('',*,*,#5047,.F.);
#1737=ORIENTED_EDGE('',*,*,#5048,.T.);
#1738=ORIENTED_EDGE('',*,*,#5049,.T.);
#1739=ORIENTED_EDGE('',*,*,#5050,.T.);
#1740=ORIENTED_EDGE('',*,*,#5051,.T.);
#1741=ORIENTED_EDGE('',*,*,#5052,.T.);
#1742=ORIENTED_EDGE('',*,*,#5053,.F.);
#1743=ORIENTED_EDGE('',*,*,#4161,.T.);
#1744=ORIENTED_EDGE('',*,*,#5054,.F.);
#1745=ORIENTED_EDGE('',*,*,#5055,.T.);
#1746=ORIENTED_EDGE('',*,*,#5056,.T.);
#1747=ORIENTED_EDGE('',*,*,#5057,.T.);
#1748=ORIENTED_EDGE('',*,*,#5058,.T.);
#1749=ORIENTED_EDGE('',*,*,#5059,.T.);
#1750=ORIENTED_EDGE('',*,*,#5060,.F.);
#1751=ORIENTED_EDGE('',*,*,#4165,.T.);
#1752=ORIENTED_EDGE('',*,*,#5061,.F.);
#1753=ORIENTED_EDGE('',*,*,#5062,.T.);
#1754=ORIENTED_EDGE('',*,*,#5063,.T.);
#1755=ORIENTED_EDGE('',*,*,#5064,.T.);
#1756=ORIENTED_EDGE('',*,*,#5065,.T.);
#1757=ORIENTED_EDGE('',*,*,#5066,.T.);
#1758=ORIENTED_EDGE('',*,*,#5067,.F.);
#1759=ORIENTED_EDGE('',*,*,#4169,.T.);
#1760=ORIENTED_EDGE('',*,*,#5068,.F.);
#1761=ORIENTED_EDGE('',*,*,#5069,.T.);
#1762=ORIENTED_EDGE('',*,*,#5070,.T.);
#1763=ORIENTED_EDGE('',*,*,#5071,.T.);
#1764=ORIENTED_EDGE('',*,*,#5072,.T.);
#1765=ORIENTED_EDGE('',*,*,#5073,.T.);
#1766=ORIENTED_EDGE('',*,*,#5074,.F.);
#1767=ORIENTED_EDGE('',*,*,#4173,.T.);
#1768=ORIENTED_EDGE('',*,*,#5075,.F.);
#1769=ORIENTED_EDGE('',*,*,#5076,.T.);
#1770=ORIENTED_EDGE('',*,*,#5077,.T.);
#1771=ORIENTED_EDGE('',*,*,#5078,.T.);
#1772=ORIENTED_EDGE('',*,*,#5079,.T.);
#1773=ORIENTED_EDGE('',*,*,#5080,.T.);
#1774=ORIENTED_EDGE('',*,*,#5081,.F.);
#1775=ORIENTED_EDGE('',*,*,#4177,.T.);
#1776=ORIENTED_EDGE('',*,*,#5082,.F.);
#1777=ORIENTED_EDGE('',*,*,#5083,.T.);
#1778=ORIENTED_EDGE('',*,*,#5084,.T.);
#1779=ORIENTED_EDGE('',*,*,#5085,.T.);
#1780=ORIENTED_EDGE('',*,*,#5086,.T.);
#1781=ORIENTED_EDGE('',*,*,#5087,.T.);
#1782=ORIENTED_EDGE('',*,*,#5088,.F.);
#1783=ORIENTED_EDGE('',*,*,#4181,.T.);
#1784=ORIENTED_EDGE('',*,*,#5089,.F.);
#1785=ORIENTED_EDGE('',*,*,#5090,.T.);
#1786=ORIENTED_EDGE('',*,*,#5091,.T.);
#1787=ORIENTED_EDGE('',*,*,#5092,.T.);
#1788=ORIENTED_EDGE('',*,*,#5093,.T.);
#1789=ORIENTED_EDGE('',*,*,#5094,.T.);
#1790=ORIENTED_EDGE('',*,*,#5095,.F.);
#1791=ORIENTED_EDGE('',*,*,#4185,.T.);
#1792=ORIENTED_EDGE('',*,*,#5096,.F.);
#1793=ORIENTED_EDGE('',*,*,#5027,.T.);
#1794=ORIENTED_EDGE('',*,*,#5097,.F.);
#1795=ORIENTED_EDGE('',*,*,#4656,.F.);
#1796=ORIENTED_EDGE('',*,*,#5098,.F.);
#1797=ORIENTED_EDGE('',*,*,#4488,.F.);
#1798=ORIENTED_EDGE('',*,*,#5099,.F.);
#1799=ORIENTED_EDGE('',*,*,#5019,.T.);
#1800=ORIENTED_EDGE('',*,*,#5100,.F.);
#1801=ORIENTED_EDGE('',*,*,#4646,.F.);
#1802=ORIENTED_EDGE('',*,*,#5101,.F.);
#1803=ORIENTED_EDGE('',*,*,#4668,.F.);
#1804=ORIENTED_EDGE('',*,*,#5102,.F.);
#1805=ORIENTED_EDGE('',*,*,#5011,.T.);
#1806=ORIENTED_EDGE('',*,*,#5103,.F.);
#1807=ORIENTED_EDGE('',*,*,#4626,.F.);
#1808=ORIENTED_EDGE('',*,*,#5104,.F.);
#1809=ORIENTED_EDGE('',*,*,#4638,.F.);
#1810=ORIENTED_EDGE('',*,*,#5105,.F.);
#1811=ORIENTED_EDGE('',*,*,#5003,.T.);
#1812=ORIENTED_EDGE('',*,*,#5106,.F.);
#1813=ORIENTED_EDGE('',*,*,#4606,.F.);
#1814=ORIENTED_EDGE('',*,*,#5107,.F.);
#1815=ORIENTED_EDGE('',*,*,#4618,.F.);
#1816=ORIENTED_EDGE('',*,*,#5108,.F.);
#1817=ORIENTED_EDGE('',*,*,#4995,.T.);
#1818=ORIENTED_EDGE('',*,*,#5109,.F.);
#1819=ORIENTED_EDGE('',*,*,#4586,.F.);
#1820=ORIENTED_EDGE('',*,*,#5110,.F.);
#1821=ORIENTED_EDGE('',*,*,#4598,.F.);
#1822=ORIENTED_EDGE('',*,*,#5111,.F.);
#1823=ORIENTED_EDGE('',*,*,#4987,.T.);
#1824=ORIENTED_EDGE('',*,*,#5112,.F.);
#1825=ORIENTED_EDGE('',*,*,#4566,.F.);
#1826=ORIENTED_EDGE('',*,*,#5113,.F.);
#1827=ORIENTED_EDGE('',*,*,#4578,.F.);
#1828=ORIENTED_EDGE('',*,*,#5114,.F.);
#1829=ORIENTED_EDGE('',*,*,#4979,.T.);
#1830=ORIENTED_EDGE('',*,*,#5115,.F.);
#1831=ORIENTED_EDGE('',*,*,#4546,.F.);
#1832=ORIENTED_EDGE('',*,*,#5116,.F.);
#1833=ORIENTED_EDGE('',*,*,#4558,.F.);
#1834=ORIENTED_EDGE('',*,*,#5117,.F.);
#1835=ORIENTED_EDGE('',*,*,#4971,.T.);
#1836=ORIENTED_EDGE('',*,*,#5118,.F.);
#1837=ORIENTED_EDGE('',*,*,#4526,.F.);
#1838=ORIENTED_EDGE('',*,*,#5119,.F.);
#1839=ORIENTED_EDGE('',*,*,#4538,.F.);
#1840=ORIENTED_EDGE('',*,*,#5120,.F.);
#1841=ORIENTED_EDGE('',*,*,#4963,.T.);
#1842=ORIENTED_EDGE('',*,*,#5121,.F.);
#1843=ORIENTED_EDGE('',*,*,#4506,.F.);
#1844=ORIENTED_EDGE('',*,*,#5122,.F.);
#1845=ORIENTED_EDGE('',*,*,#4518,.F.);
#1846=ORIENTED_EDGE('',*,*,#5123,.F.);
#1847=ORIENTED_EDGE('',*,*,#4955,.T.);
#1848=ORIENTED_EDGE('',*,*,#5124,.F.);
#1849=ORIENTED_EDGE('',*,*,#4476,.F.);
#1850=ORIENTED_EDGE('',*,*,#5125,.F.);
#1851=ORIENTED_EDGE('',*,*,#4498,.F.);
#1852=ORIENTED_EDGE('',*,*,#4489,.F.);
#1853=ORIENTED_EDGE('',*,*,#5098,.T.);
#1854=ORIENTED_EDGE('',*,*,#4665,.F.);
#1855=ORIENTED_EDGE('',*,*,#5126,.F.);
#1856=ORIENTED_EDGE('',*,*,#4669,.F.);
#1857=ORIENTED_EDGE('',*,*,#5101,.T.);
#1858=ORIENTED_EDGE('',*,*,#4655,.F.);
#1859=ORIENTED_EDGE('',*,*,#5127,.F.);
#1860=ORIENTED_EDGE('',*,*,#4639,.F.);
#1861=ORIENTED_EDGE('',*,*,#5104,.T.);
#1862=ORIENTED_EDGE('',*,*,#4635,.F.);
#1863=ORIENTED_EDGE('',*,*,#5128,.F.);
#1864=ORIENTED_EDGE('',*,*,#4619,.F.);
#1865=ORIENTED_EDGE('',*,*,#5107,.T.);
#1866=ORIENTED_EDGE('',*,*,#4615,.F.);
#1867=ORIENTED_EDGE('',*,*,#5129,.F.);
#1868=ORIENTED_EDGE('',*,*,#4599,.F.);
#1869=ORIENTED_EDGE('',*,*,#5110,.T.);
#1870=ORIENTED_EDGE('',*,*,#4595,.F.);
#1871=ORIENTED_EDGE('',*,*,#5130,.F.);
#1872=ORIENTED_EDGE('',*,*,#4579,.F.);
#1873=ORIENTED_EDGE('',*,*,#5113,.T.);
#1874=ORIENTED_EDGE('',*,*,#4575,.F.);
#1875=ORIENTED_EDGE('',*,*,#5131,.F.);
#1876=ORIENTED_EDGE('',*,*,#4559,.F.);
#1877=ORIENTED_EDGE('',*,*,#5116,.T.);
#1878=ORIENTED_EDGE('',*,*,#4555,.F.);
#1879=ORIENTED_EDGE('',*,*,#5132,.F.);
#1880=ORIENTED_EDGE('',*,*,#4539,.F.);
#1881=ORIENTED_EDGE('',*,*,#5119,.T.);
#1882=ORIENTED_EDGE('',*,*,#4535,.F.);
#1883=ORIENTED_EDGE('',*,*,#5133,.F.);
#1884=ORIENTED_EDGE('',*,*,#4519,.F.);
#1885=ORIENTED_EDGE('',*,*,#5122,.T.);
#1886=ORIENTED_EDGE('',*,*,#4515,.F.);
#1887=ORIENTED_EDGE('',*,*,#5134,.F.);
#1888=ORIENTED_EDGE('',*,*,#4499,.F.);
#1889=ORIENTED_EDGE('',*,*,#5125,.T.);
#1890=ORIENTED_EDGE('',*,*,#4485,.F.);
#1891=ORIENTED_EDGE('',*,*,#5135,.F.);
#1892=ORIENTED_EDGE('',*,*,#4676,.F.);
#1893=ORIENTED_EDGE('',*,*,#4490,.T.);
#1894=ORIENTED_EDGE('',*,*,#5126,.T.);
#1895=ORIENTED_EDGE('',*,*,#4664,.T.);
#1896=ORIENTED_EDGE('',*,*,#4680,.F.);
#1897=ORIENTED_EDGE('',*,*,#4670,.T.);
#1898=ORIENTED_EDGE('',*,*,#5127,.T.);
#1899=ORIENTED_EDGE('',*,*,#4654,.T.);
#1900=ORIENTED_EDGE('',*,*,#4684,.F.);
#1901=ORIENTED_EDGE('',*,*,#4640,.T.);
#1902=ORIENTED_EDGE('',*,*,#5128,.T.);
#1903=ORIENTED_EDGE('',*,*,#4634,.T.);
#1904=ORIENTED_EDGE('',*,*,#4688,.F.);
#1905=ORIENTED_EDGE('',*,*,#4620,.T.);
#1906=ORIENTED_EDGE('',*,*,#5129,.T.);
#1907=ORIENTED_EDGE('',*,*,#4614,.T.);
#1908=ORIENTED_EDGE('',*,*,#4692,.F.);
#1909=ORIENTED_EDGE('',*,*,#4600,.T.);
#1910=ORIENTED_EDGE('',*,*,#5130,.T.);
#1911=ORIENTED_EDGE('',*,*,#4594,.T.);
#1912=ORIENTED_EDGE('',*,*,#4696,.F.);
#1913=ORIENTED_EDGE('',*,*,#4580,.T.);
#1914=ORIENTED_EDGE('',*,*,#5131,.T.);
#1915=ORIENTED_EDGE('',*,*,#4574,.T.);
#1916=ORIENTED_EDGE('',*,*,#4700,.F.);
#1917=ORIENTED_EDGE('',*,*,#4560,.T.);
#1918=ORIENTED_EDGE('',*,*,#5132,.T.);
#1919=ORIENTED_EDGE('',*,*,#4554,.T.);
#1920=ORIENTED_EDGE('',*,*,#4704,.F.);
#1921=ORIENTED_EDGE('',*,*,#4540,.T.);
#1922=ORIENTED_EDGE('',*,*,#5133,.T.);
#1923=ORIENTED_EDGE('',*,*,#4534,.T.);
#1924=ORIENTED_EDGE('',*,*,#4708,.F.);
#1925=ORIENTED_EDGE('',*,*,#4520,.T.);
#1926=ORIENTED_EDGE('',*,*,#5134,.T.);
#1927=ORIENTED_EDGE('',*,*,#4514,.T.);
#1928=ORIENTED_EDGE('',*,*,#4712,.F.);
#1929=ORIENTED_EDGE('',*,*,#4500,.T.);
#1930=ORIENTED_EDGE('',*,*,#5135,.T.);
#1931=ORIENTED_EDGE('',*,*,#4484,.T.);
#1932=ORIENTED_EDGE('',*,*,#5136,.F.);
#1933=ORIENTED_EDGE('',*,*,#5137,.T.);
#1934=ORIENTED_EDGE('',*,*,#4943,.T.);
#1935=ORIENTED_EDGE('',*,*,#5138,.T.);
#1936=ORIENTED_EDGE('',*,*,#5139,.F.);
#1937=ORIENTED_EDGE('',*,*,#5136,.T.);
#1938=ORIENTED_EDGE('',*,*,#5140,.F.);
#1939=ORIENTED_EDGE('',*,*,#5141,.F.);
#1940=ORIENTED_EDGE('',*,*,#4268,.F.);
#1941=ORIENTED_EDGE('',*,*,#5142,.T.);
#1942=ORIENTED_EDGE('',*,*,#5141,.T.);
#1943=ORIENTED_EDGE('',*,*,#5143,.T.);
#1944=ORIENTED_EDGE('',*,*,#5144,.T.);
#1945=ORIENTED_EDGE('',*,*,#4264,.T.);
#1946=ORIENTED_EDGE('',*,*,#5145,.T.);
#1947=ORIENTED_EDGE('',*,*,#4321,.F.);
#1948=ORIENTED_EDGE('',*,*,#5146,.F.);
#1949=ORIENTED_EDGE('',*,*,#5147,.T.);
#1950=ORIENTED_EDGE('',*,*,#4270,.T.);
#1951=ORIENTED_EDGE('',*,*,#5148,.T.);
#1952=ORIENTED_EDGE('',*,*,#5149,.F.);
#1953=ORIENTED_EDGE('',*,*,#5150,.T.);
#1954=ORIENTED_EDGE('',*,*,#5146,.T.);
#1955=ORIENTED_EDGE('',*,*,#5151,.T.);
#1956=ORIENTED_EDGE('',*,*,#5152,.F.);
#1957=ORIENTED_EDGE('',*,*,#5153,.T.);
#1958=ORIENTED_EDGE('',*,*,#5149,.T.);
#1959=ORIENTED_EDGE('',*,*,#5154,.T.);
#1960=ORIENTED_EDGE('',*,*,#5155,.F.);
#1961=ORIENTED_EDGE('',*,*,#5152,.T.);
#1962=ORIENTED_EDGE('',*,*,#5156,.F.);
#1963=ORIENTED_EDGE('',*,*,#5157,.F.);
#1964=ORIENTED_EDGE('',*,*,#5158,.F.);
#1965=ORIENTED_EDGE('',*,*,#5159,.T.);
#1966=ORIENTED_EDGE('',*,*,#5157,.T.);
#1967=ORIENTED_EDGE('',*,*,#5160,.T.);
#1968=ORIENTED_EDGE('',*,*,#5161,.F.);
#1969=ORIENTED_EDGE('',*,*,#5162,.T.);
#1970=ORIENTED_EDGE('',*,*,#5158,.T.);
#1971=ORIENTED_EDGE('',*,*,#5163,.T.);
#1972=ORIENTED_EDGE('',*,*,#4947,.F.);
#1973=ORIENTED_EDGE('',*,*,#5164,.T.);
#1974=ORIENTED_EDGE('',*,*,#5161,.T.);
#1975=ORIENTED_EDGE('',*,*,#5165,.T.);
#1976=ORIENTED_EDGE('',*,*,#4950,.T.);
#1977=ORIENTED_EDGE('',*,*,#4184,.F.);
#1978=ORIENTED_EDGE('',*,*,#4475,.F.);
#1979=ORIENTED_EDGE('',*,*,#4457,.F.);
#1980=ORIENTED_EDGE('',*,*,#4430,.F.);
#1981=ORIENTED_EDGE('',*,*,#4402,.T.);
#1982=ORIENTED_EDGE('',*,*,#4376,.F.);
#1983=ORIENTED_EDGE('',*,*,#4349,.F.);
#1984=ORIENTED_EDGE('',*,*,#4322,.F.);
#1985=ORIENTED_EDGE('',*,*,#5145,.F.);
#1986=ORIENTED_EDGE('',*,*,#4266,.F.);
#1987=ORIENTED_EDGE('',*,*,#4238,.T.);
#1988=ORIENTED_EDGE('',*,*,#4212,.F.);
#1989=ORIENTED_EDGE('',*,*,#4149,.T.);
#1990=ORIENTED_EDGE('',*,*,#4873,.T.);
#1991=ORIENTED_EDGE('',*,*,#5166,.F.);
#1992=ORIENTED_EDGE('',*,*,#4713,.T.);
#1993=ORIENTED_EDGE('',*,*,#4482,.F.);
#1994=ORIENTED_EDGE('',*,*,#4774,.T.);
#1995=ORIENTED_EDGE('',*,*,#4745,.T.);
#1996=ORIENTED_EDGE('',*,*,#4938,.T.);
#1997=ORIENTED_EDGE('',*,*,#4944,.T.);
#1998=ORIENTED_EDGE('',*,*,#5137,.F.);
#1999=ORIENTED_EDGE('',*,*,#5139,.T.);
#2000=ORIENTED_EDGE('',*,*,#5142,.F.);
#2001=ORIENTED_EDGE('',*,*,#4267,.F.);
#2002=ORIENTED_EDGE('',*,*,#5147,.F.);
#2003=ORIENTED_EDGE('',*,*,#5150,.F.);
#2004=ORIENTED_EDGE('',*,*,#5153,.F.);
#2005=ORIENTED_EDGE('',*,*,#5155,.T.);
#2006=ORIENTED_EDGE('',*,*,#5159,.F.);
#2007=ORIENTED_EDGE('',*,*,#5162,.F.);
#2008=ORIENTED_EDGE('',*,*,#5164,.F.);
#2009=ORIENTED_EDGE('',*,*,#4946,.F.);
#2010=ORIENTED_EDGE('',*,*,#5032,.T.);
#2011=ORIENTED_EDGE('',*,*,#5167,.T.);
#2012=ORIENTED_EDGE('',*,*,#4679,.T.);
#2013=ORIENTED_EDGE('',*,*,#4717,.F.);
#2014=ORIENTED_EDGE('',*,*,#4746,.T.);
#2015=ORIENTED_EDGE('',*,*,#4492,.T.);
#2016=ORIENTED_EDGE('',*,*,#4874,.T.);
#2017=ORIENTED_EDGE('',*,*,#4147,.T.);
#2018=ORIENTED_EDGE('',*,*,#4211,.F.);
#2019=ORIENTED_EDGE('',*,*,#4237,.T.);
#2020=ORIENTED_EDGE('',*,*,#4265,.F.);
#2021=ORIENTED_EDGE('',*,*,#5144,.F.);
#2022=ORIENTED_EDGE('',*,*,#4320,.F.);
#2023=ORIENTED_EDGE('',*,*,#4348,.F.);
#2024=ORIENTED_EDGE('',*,*,#4375,.F.);
#2025=ORIENTED_EDGE('',*,*,#4401,.T.);
#2026=ORIENTED_EDGE('',*,*,#4429,.F.);
#2027=ORIENTED_EDGE('',*,*,#4456,.F.);
#2028=ORIENTED_EDGE('',*,*,#4474,.F.);
#2029=ORIENTED_EDGE('',*,*,#4182,.F.);
#2030=ORIENTED_EDGE('',*,*,#5095,.T.);
#2031=ORIENTED_EDGE('',*,*,#5168,.T.);
#2032=ORIENTED_EDGE('',*,*,#5089,.T.);
#2033=ORIENTED_EDGE('',*,*,#4180,.F.);
#2034=ORIENTED_EDGE('',*,*,#4473,.F.);
#2035=ORIENTED_EDGE('',*,*,#4454,.F.);
#2036=ORIENTED_EDGE('',*,*,#4427,.F.);
#2037=ORIENTED_EDGE('',*,*,#4399,.T.);
#2038=ORIENTED_EDGE('',*,*,#4373,.F.);
#2039=ORIENTED_EDGE('',*,*,#4346,.F.);
#2040=ORIENTED_EDGE('',*,*,#4318,.F.);
#2041=ORIENTED_EDGE('',*,*,#4293,.F.);
#2042=ORIENTED_EDGE('',*,*,#4263,.F.);
#2043=ORIENTED_EDGE('',*,*,#4235,.T.);
#2044=ORIENTED_EDGE('',*,*,#4209,.F.);
#2045=ORIENTED_EDGE('',*,*,#4145,.T.);
#2046=ORIENTED_EDGE('',*,*,#4880,.T.);
#2047=ORIENTED_EDGE('',*,*,#5169,.F.);
#2048=ORIENTED_EDGE('',*,*,#4715,.T.);
#2049=ORIENTED_EDGE('',*,*,#4744,.F.);
#2050=ORIENTED_EDGE('',*,*,#4773,.T.);
#2051=ORIENTED_EDGE('',*,*,#4502,.T.);
#2052=ORIENTED_EDGE('',*,*,#4709,.T.);
#2053=ORIENTED_EDGE('',*,*,#4512,.F.);
#2054=ORIENTED_EDGE('',*,*,#4771,.T.);
#2055=ORIENTED_EDGE('',*,*,#4742,.T.);
#2056=ORIENTED_EDGE('',*,*,#4881,.T.);
#2057=ORIENTED_EDGE('',*,*,#4143,.T.);
#2058=ORIENTED_EDGE('',*,*,#4208,.F.);
#2059=ORIENTED_EDGE('',*,*,#4234,.T.);
#2060=ORIENTED_EDGE('',*,*,#4262,.F.);
#2061=ORIENTED_EDGE('',*,*,#4292,.F.);
#2062=ORIENTED_EDGE('',*,*,#4317,.F.);
#2063=ORIENTED_EDGE('',*,*,#4345,.F.);
#2064=ORIENTED_EDGE('',*,*,#4372,.F.);
#2065=ORIENTED_EDGE('',*,*,#4398,.T.);
#2066=ORIENTED_EDGE('',*,*,#4426,.F.);
#2067=ORIENTED_EDGE('',*,*,#4453,.F.);
#2068=ORIENTED_EDGE('',*,*,#4472,.F.);
#2069=ORIENTED_EDGE('',*,*,#4178,.F.);
#2070=ORIENTED_EDGE('',*,*,#5088,.T.);
#2071=ORIENTED_EDGE('',*,*,#5170,.T.);
#2072=ORIENTED_EDGE('',*,*,#5082,.T.);
#2073=ORIENTED_EDGE('',*,*,#4176,.F.);
#2074=ORIENTED_EDGE('',*,*,#4471,.F.);
#2075=ORIENTED_EDGE('',*,*,#4451,.F.);
#2076=ORIENTED_EDGE('',*,*,#4424,.F.);
#2077=ORIENTED_EDGE('',*,*,#4396,.T.);
#2078=ORIENTED_EDGE('',*,*,#4370,.F.);
#2079=ORIENTED_EDGE('',*,*,#4343,.F.);
#2080=ORIENTED_EDGE('',*,*,#4315,.F.);
#2081=ORIENTED_EDGE('',*,*,#4290,.F.);
#2082=ORIENTED_EDGE('',*,*,#4260,.F.);
#2083=ORIENTED_EDGE('',*,*,#4232,.T.);
#2084=ORIENTED_EDGE('',*,*,#4206,.F.);
#2085=ORIENTED_EDGE('',*,*,#4141,.T.);
#2086=ORIENTED_EDGE('',*,*,#4887,.T.);
#2087=ORIENTED_EDGE('',*,*,#5171,.F.);
#2088=ORIENTED_EDGE('',*,*,#4711,.T.);
#2089=ORIENTED_EDGE('',*,*,#4741,.F.);
#2090=ORIENTED_EDGE('',*,*,#4770,.T.);
#2091=ORIENTED_EDGE('',*,*,#4522,.T.);
#2092=ORIENTED_EDGE('',*,*,#4705,.T.);
#2093=ORIENTED_EDGE('',*,*,#4532,.F.);
#2094=ORIENTED_EDGE('',*,*,#4768,.T.);
#2095=ORIENTED_EDGE('',*,*,#4739,.T.);
#2096=ORIENTED_EDGE('',*,*,#4888,.T.);
#2097=ORIENTED_EDGE('',*,*,#4139,.T.);
#2098=ORIENTED_EDGE('',*,*,#4205,.F.);
#2099=ORIENTED_EDGE('',*,*,#4231,.T.);
#2100=ORIENTED_EDGE('',*,*,#4259,.F.);
#2101=ORIENTED_EDGE('',*,*,#4289,.F.);
#2102=ORIENTED_EDGE('',*,*,#4314,.F.);
#2103=ORIENTED_EDGE('',*,*,#4342,.F.);
#2104=ORIENTED_EDGE('',*,*,#4369,.F.);
#2105=ORIENTED_EDGE('',*,*,#4395,.T.);
#2106=ORIENTED_EDGE('',*,*,#4423,.F.);
#2107=ORIENTED_EDGE('',*,*,#4450,.F.);
#2108=ORIENTED_EDGE('',*,*,#4470,.F.);
#2109=ORIENTED_EDGE('',*,*,#4174,.F.);
#2110=ORIENTED_EDGE('',*,*,#5081,.T.);
#2111=ORIENTED_EDGE('',*,*,#5172,.T.);
#2112=ORIENTED_EDGE('',*,*,#5075,.T.);
#2113=ORIENTED_EDGE('',*,*,#4172,.F.);
#2114=ORIENTED_EDGE('',*,*,#4469,.F.);
#2115=ORIENTED_EDGE('',*,*,#4448,.F.);
#2116=ORIENTED_EDGE('',*,*,#4421,.F.);
#2117=ORIENTED_EDGE('',*,*,#4393,.T.);
#2118=ORIENTED_EDGE('',*,*,#4367,.F.);
#2119=ORIENTED_EDGE('',*,*,#4340,.F.);
#2120=ORIENTED_EDGE('',*,*,#4312,.F.);
#2121=ORIENTED_EDGE('',*,*,#4287,.F.);
#2122=ORIENTED_EDGE('',*,*,#4257,.F.);
#2123=ORIENTED_EDGE('',*,*,#4229,.T.);
#2124=ORIENTED_EDGE('',*,*,#4203,.F.);
#2125=ORIENTED_EDGE('',*,*,#4137,.T.);
#2126=ORIENTED_EDGE('',*,*,#4894,.T.);
#2127=ORIENTED_EDGE('',*,*,#5173,.F.);
#2128=ORIENTED_EDGE('',*,*,#4707,.T.);
#2129=ORIENTED_EDGE('',*,*,#4738,.F.);
#2130=ORIENTED_EDGE('',*,*,#4767,.T.);
#2131=ORIENTED_EDGE('',*,*,#4542,.T.);
#2132=ORIENTED_EDGE('',*,*,#4701,.T.);
#2133=ORIENTED_EDGE('',*,*,#4552,.F.);
#2134=ORIENTED_EDGE('',*,*,#4765,.T.);
#2135=ORIENTED_EDGE('',*,*,#4736,.T.);
#2136=ORIENTED_EDGE('',*,*,#4895,.T.);
#2137=ORIENTED_EDGE('',*,*,#4135,.T.);
#2138=ORIENTED_EDGE('',*,*,#4202,.F.);
#2139=ORIENTED_EDGE('',*,*,#4228,.T.);
#2140=ORIENTED_EDGE('',*,*,#4256,.F.);
#2141=ORIENTED_EDGE('',*,*,#4286,.F.);
#2142=ORIENTED_EDGE('',*,*,#4311,.F.);
#2143=ORIENTED_EDGE('',*,*,#4339,.F.);
#2144=ORIENTED_EDGE('',*,*,#4366,.F.);
#2145=ORIENTED_EDGE('',*,*,#4392,.T.);
#2146=ORIENTED_EDGE('',*,*,#4420,.F.);
#2147=ORIENTED_EDGE('',*,*,#4447,.F.);
#2148=ORIENTED_EDGE('',*,*,#4468,.F.);
#2149=ORIENTED_EDGE('',*,*,#4170,.F.);
#2150=ORIENTED_EDGE('',*,*,#5074,.T.);
#2151=ORIENTED_EDGE('',*,*,#5174,.T.);
#2152=ORIENTED_EDGE('',*,*,#5068,.T.);
#2153=ORIENTED_EDGE('',*,*,#4168,.F.);
#2154=ORIENTED_EDGE('',*,*,#4467,.F.);
#2155=ORIENTED_EDGE('',*,*,#4445,.F.);
#2156=ORIENTED_EDGE('',*,*,#4418,.F.);
#2157=ORIENTED_EDGE('',*,*,#4390,.T.);
#2158=ORIENTED_EDGE('',*,*,#4364,.F.);
#2159=ORIENTED_EDGE('',*,*,#4337,.F.);
#2160=ORIENTED_EDGE('',*,*,#4309,.F.);
#2161=ORIENTED_EDGE('',*,*,#4284,.F.);
#2162=ORIENTED_EDGE('',*,*,#4254,.F.);
#2163=ORIENTED_EDGE('',*,*,#4226,.T.);
#2164=ORIENTED_EDGE('',*,*,#4200,.F.);
#2165=ORIENTED_EDGE('',*,*,#4133,.T.);
#2166=ORIENTED_EDGE('',*,*,#4901,.T.);
#2167=ORIENTED_EDGE('',*,*,#5175,.F.);
#2168=ORIENTED_EDGE('',*,*,#4703,.T.);
#2169=ORIENTED_EDGE('',*,*,#4735,.F.);
#2170=ORIENTED_EDGE('',*,*,#4764,.T.);
#2171=ORIENTED_EDGE('',*,*,#4562,.T.);
#2172=ORIENTED_EDGE('',*,*,#4697,.T.);
#2173=ORIENTED_EDGE('',*,*,#4572,.F.);
#2174=ORIENTED_EDGE('',*,*,#4762,.T.);
#2175=ORIENTED_EDGE('',*,*,#4733,.T.);
#2176=ORIENTED_EDGE('',*,*,#4902,.T.);
#2177=ORIENTED_EDGE('',*,*,#4131,.T.);
#2178=ORIENTED_EDGE('',*,*,#4199,.F.);
#2179=ORIENTED_EDGE('',*,*,#4225,.T.);
#2180=ORIENTED_EDGE('',*,*,#4253,.F.);
#2181=ORIENTED_EDGE('',*,*,#4283,.F.);
#2182=ORIENTED_EDGE('',*,*,#4308,.F.);
#2183=ORIENTED_EDGE('',*,*,#4336,.F.);
#2184=ORIENTED_EDGE('',*,*,#4363,.F.);
#2185=ORIENTED_EDGE('',*,*,#4389,.T.);
#2186=ORIENTED_EDGE('',*,*,#4417,.F.);
#2187=ORIENTED_EDGE('',*,*,#4444,.F.);
#2188=ORIENTED_EDGE('',*,*,#4466,.F.);
#2189=ORIENTED_EDGE('',*,*,#4166,.F.);
#2190=ORIENTED_EDGE('',*,*,#5067,.T.);
#2191=ORIENTED_EDGE('',*,*,#5176,.T.);
#2192=ORIENTED_EDGE('',*,*,#5061,.T.);
#2193=ORIENTED_EDGE('',*,*,#4164,.F.);
#2194=ORIENTED_EDGE('',*,*,#4465,.F.);
#2195=ORIENTED_EDGE('',*,*,#4442,.F.);
#2196=ORIENTED_EDGE('',*,*,#4415,.F.);
#2197=ORIENTED_EDGE('',*,*,#4387,.T.);
#2198=ORIENTED_EDGE('',*,*,#4361,.F.);
#2199=ORIENTED_EDGE('',*,*,#4334,.F.);
#2200=ORIENTED_EDGE('',*,*,#4306,.F.);
#2201=ORIENTED_EDGE('',*,*,#4281,.F.);
#2202=ORIENTED_EDGE('',*,*,#4251,.F.);
#2203=ORIENTED_EDGE('',*,*,#4223,.T.);
#2204=ORIENTED_EDGE('',*,*,#4197,.F.);
#2205=ORIENTED_EDGE('',*,*,#4129,.T.);
#2206=ORIENTED_EDGE('',*,*,#4908,.T.);
#2207=ORIENTED_EDGE('',*,*,#5177,.F.);
#2208=ORIENTED_EDGE('',*,*,#4699,.T.);
#2209=ORIENTED_EDGE('',*,*,#4732,.F.);
#2210=ORIENTED_EDGE('',*,*,#4761,.T.);
#2211=ORIENTED_EDGE('',*,*,#4582,.T.);
#2212=ORIENTED_EDGE('',*,*,#4693,.T.);
#2213=ORIENTED_EDGE('',*,*,#4592,.F.);
#2214=ORIENTED_EDGE('',*,*,#4759,.T.);
#2215=ORIENTED_EDGE('',*,*,#4730,.T.);
#2216=ORIENTED_EDGE('',*,*,#4909,.T.);
#2217=ORIENTED_EDGE('',*,*,#4127,.T.);
#2218=ORIENTED_EDGE('',*,*,#4196,.F.);
#2219=ORIENTED_EDGE('',*,*,#4222,.T.);
#2220=ORIENTED_EDGE('',*,*,#4250,.F.);
#2221=ORIENTED_EDGE('',*,*,#4280,.F.);
#2222=ORIENTED_EDGE('',*,*,#4305,.F.);
#2223=ORIENTED_EDGE('',*,*,#4333,.F.);
#2224=ORIENTED_EDGE('',*,*,#4360,.F.);
#2225=ORIENTED_EDGE('',*,*,#4386,.T.);
#2226=ORIENTED_EDGE('',*,*,#4414,.F.);
#2227=ORIENTED_EDGE('',*,*,#4441,.F.);
#2228=ORIENTED_EDGE('',*,*,#4464,.F.);
#2229=ORIENTED_EDGE('',*,*,#4162,.F.);
#2230=ORIENTED_EDGE('',*,*,#5060,.T.);
#2231=ORIENTED_EDGE('',*,*,#5178,.T.);
#2232=ORIENTED_EDGE('',*,*,#5054,.T.);
#2233=ORIENTED_EDGE('',*,*,#4160,.F.);
#2234=ORIENTED_EDGE('',*,*,#4463,.F.);
#2235=ORIENTED_EDGE('',*,*,#4439,.F.);
#2236=ORIENTED_EDGE('',*,*,#4412,.F.);
#2237=ORIENTED_EDGE('',*,*,#4384,.T.);
#2238=ORIENTED_EDGE('',*,*,#4358,.F.);
#2239=ORIENTED_EDGE('',*,*,#4331,.F.);
#2240=ORIENTED_EDGE('',*,*,#4303,.F.);
#2241=ORIENTED_EDGE('',*,*,#4278,.F.);
#2242=ORIENTED_EDGE('',*,*,#4248,.F.);
#2243=ORIENTED_EDGE('',*,*,#4220,.T.);
#2244=ORIENTED_EDGE('',*,*,#4194,.F.);
#2245=ORIENTED_EDGE('',*,*,#4125,.T.);
#2246=ORIENTED_EDGE('',*,*,#4915,.T.);
#2247=ORIENTED_EDGE('',*,*,#5179,.F.);
#2248=ORIENTED_EDGE('',*,*,#4695,.T.);
#2249=ORIENTED_EDGE('',*,*,#4729,.F.);
#2250=ORIENTED_EDGE('',*,*,#4758,.T.);
#2251=ORIENTED_EDGE('',*,*,#4602,.T.);
#2252=ORIENTED_EDGE('',*,*,#4689,.T.);
#2253=ORIENTED_EDGE('',*,*,#4612,.F.);
#2254=ORIENTED_EDGE('',*,*,#4756,.T.);
#2255=ORIENTED_EDGE('',*,*,#4727,.T.);
#2256=ORIENTED_EDGE('',*,*,#4916,.T.);
#2257=ORIENTED_EDGE('',*,*,#4123,.T.);
#2258=ORIENTED_EDGE('',*,*,#4193,.F.);
#2259=ORIENTED_EDGE('',*,*,#4219,.T.);
#2260=ORIENTED_EDGE('',*,*,#4247,.F.);
#2261=ORIENTED_EDGE('',*,*,#4277,.F.);
#2262=ORIENTED_EDGE('',*,*,#4302,.F.);
#2263=ORIENTED_EDGE('',*,*,#4330,.F.);
#2264=ORIENTED_EDGE('',*,*,#4357,.F.);
#2265=ORIENTED_EDGE('',*,*,#4383,.T.);
#2266=ORIENTED_EDGE('',*,*,#4411,.F.);
#2267=ORIENTED_EDGE('',*,*,#4438,.F.);
#2268=ORIENTED_EDGE('',*,*,#4462,.F.);
#2269=ORIENTED_EDGE('',*,*,#4158,.F.);
#2270=ORIENTED_EDGE('',*,*,#5053,.T.);
#2271=ORIENTED_EDGE('',*,*,#5180,.T.);
#2272=ORIENTED_EDGE('',*,*,#5047,.T.);
#2273=ORIENTED_EDGE('',*,*,#4156,.F.);
#2274=ORIENTED_EDGE('',*,*,#4461,.F.);
#2275=ORIENTED_EDGE('',*,*,#4436,.F.);
#2276=ORIENTED_EDGE('',*,*,#4409,.F.);
#2277=ORIENTED_EDGE('',*,*,#4381,.T.);
#2278=ORIENTED_EDGE('',*,*,#4355,.F.);
#2279=ORIENTED_EDGE('',*,*,#4328,.F.);
#2280=ORIENTED_EDGE('',*,*,#4300,.F.);
#2281=ORIENTED_EDGE('',*,*,#4275,.F.);
#2282=ORIENTED_EDGE('',*,*,#4245,.F.);
#2283=ORIENTED_EDGE('',*,*,#4217,.T.);
#2284=ORIENTED_EDGE('',*,*,#4191,.F.);
#2285=ORIENTED_EDGE('',*,*,#4121,.T.);
#2286=ORIENTED_EDGE('',*,*,#4922,.T.);
#2287=ORIENTED_EDGE('',*,*,#5181,.F.);
#2288=ORIENTED_EDGE('',*,*,#4691,.T.);
#2289=ORIENTED_EDGE('',*,*,#4726,.F.);
#2290=ORIENTED_EDGE('',*,*,#4755,.T.);
#2291=ORIENTED_EDGE('',*,*,#4622,.T.);
#2292=ORIENTED_EDGE('',*,*,#4685,.T.);
#2293=ORIENTED_EDGE('',*,*,#4632,.F.);
#2294=ORIENTED_EDGE('',*,*,#4753,.T.);
#2295=ORIENTED_EDGE('',*,*,#4724,.T.);
#2296=ORIENTED_EDGE('',*,*,#4923,.T.);
#2297=ORIENTED_EDGE('',*,*,#4119,.T.);
#2298=ORIENTED_EDGE('',*,*,#4190,.F.);
#2299=ORIENTED_EDGE('',*,*,#4216,.T.);
#2300=ORIENTED_EDGE('',*,*,#4244,.F.);
#2301=ORIENTED_EDGE('',*,*,#4274,.F.);
#2302=ORIENTED_EDGE('',*,*,#4299,.F.);
#2303=ORIENTED_EDGE('',*,*,#4327,.F.);
#2304=ORIENTED_EDGE('',*,*,#4354,.F.);
#2305=ORIENTED_EDGE('',*,*,#4380,.T.);
#2306=ORIENTED_EDGE('',*,*,#4408,.F.);
#2307=ORIENTED_EDGE('',*,*,#4435,.F.);
#2308=ORIENTED_EDGE('',*,*,#4460,.F.);
#2309=ORIENTED_EDGE('',*,*,#4154,.F.);
#2310=ORIENTED_EDGE('',*,*,#5046,.T.);
#2311=ORIENTED_EDGE('',*,*,#5182,.T.);
#2312=ORIENTED_EDGE('',*,*,#5040,.T.);
#2313=ORIENTED_EDGE('',*,*,#4152,.F.);
#2314=ORIENTED_EDGE('',*,*,#4459,.F.);
#2315=ORIENTED_EDGE('',*,*,#4433,.F.);
#2316=ORIENTED_EDGE('',*,*,#4406,.F.);
#2317=ORIENTED_EDGE('',*,*,#4378,.T.);
#2318=ORIENTED_EDGE('',*,*,#4352,.F.);
#2319=ORIENTED_EDGE('',*,*,#4325,.F.);
#2320=ORIENTED_EDGE('',*,*,#4297,.F.);
#2321=ORIENTED_EDGE('',*,*,#4272,.F.);
#2322=ORIENTED_EDGE('',*,*,#4242,.F.);
#2323=ORIENTED_EDGE('',*,*,#4214,.T.);
#2324=ORIENTED_EDGE('',*,*,#4188,.F.);
#2325=ORIENTED_EDGE('',*,*,#4117,.T.);
#2326=ORIENTED_EDGE('',*,*,#4929,.T.);
#2327=ORIENTED_EDGE('',*,*,#5183,.F.);
#2328=ORIENTED_EDGE('',*,*,#4687,.T.);
#2329=ORIENTED_EDGE('',*,*,#4723,.F.);
#2330=ORIENTED_EDGE('',*,*,#4752,.T.);
#2331=ORIENTED_EDGE('',*,*,#4642,.T.);
#2332=ORIENTED_EDGE('',*,*,#4681,.T.);
#2333=ORIENTED_EDGE('',*,*,#4652,.F.);
#2334=ORIENTED_EDGE('',*,*,#4750,.T.);
#2335=ORIENTED_EDGE('',*,*,#4721,.T.);
#2336=ORIENTED_EDGE('',*,*,#4677,.T.);
#2337=ORIENTED_EDGE('',*,*,#4662,.F.);
#2338=ORIENTED_EDGE('',*,*,#4747,.T.);
#2339=ORIENTED_EDGE('',*,*,#4718,.T.);
#2340=ORIENTED_EDGE('',*,*,#4683,.T.);
#2341=ORIENTED_EDGE('',*,*,#4720,.F.);
#2342=ORIENTED_EDGE('',*,*,#4749,.T.);
#2343=ORIENTED_EDGE('',*,*,#4672,.T.);
#2344=ORIENTED_EDGE('',*,*,#5033,.T.);
#2345=ORIENTED_EDGE('',*,*,#4948,.F.);
#2346=ORIENTED_EDGE('',*,*,#5165,.F.);
#2347=ORIENTED_EDGE('',*,*,#5163,.F.);
#2348=ORIENTED_EDGE('',*,*,#5160,.F.);
#2349=ORIENTED_EDGE('',*,*,#5156,.T.);
#2350=ORIENTED_EDGE('',*,*,#5154,.F.);
#2351=ORIENTED_EDGE('',*,*,#5151,.F.);
#2352=ORIENTED_EDGE('',*,*,#5148,.F.);
#2353=ORIENTED_EDGE('',*,*,#4269,.F.);
#2354=ORIENTED_EDGE('',*,*,#5143,.F.);
#2355=ORIENTED_EDGE('',*,*,#5140,.T.);
#2356=ORIENTED_EDGE('',*,*,#5138,.F.);
#2357=ORIENTED_EDGE('',*,*,#4945,.T.);
#2358=ORIENTED_EDGE('',*,*,#4936,.T.);
#2359=ORIENTED_EDGE('',*,*,#5184,.F.);
#2360=ORIENTED_EDGE('',*,*,#4930,.T.);
#2361=ORIENTED_EDGE('',*,*,#4115,.T.);
#2362=ORIENTED_EDGE('',*,*,#4187,.F.);
#2363=ORIENTED_EDGE('',*,*,#4213,.T.);
#2364=ORIENTED_EDGE('',*,*,#4241,.F.);
#2365=ORIENTED_EDGE('',*,*,#4271,.F.);
#2366=ORIENTED_EDGE('',*,*,#4296,.F.);
#2367=ORIENTED_EDGE('',*,*,#4324,.F.);
#2368=ORIENTED_EDGE('',*,*,#4351,.F.);
#2369=ORIENTED_EDGE('',*,*,#4377,.T.);
#2370=ORIENTED_EDGE('',*,*,#4405,.F.);
#2371=ORIENTED_EDGE('',*,*,#4432,.F.);
#2372=ORIENTED_EDGE('',*,*,#4458,.F.);
#2373=ORIENTED_EDGE('',*,*,#4150,.F.);
#2374=ORIENTED_EDGE('',*,*,#5039,.T.);
#2375=ORIENTED_EDGE('',*,*,#5185,.T.);
#2376=ORIENTED_EDGE('',*,*,#4811,.T.);
#2377=ORIENTED_EDGE('',*,*,#5186,.F.);
#2378=ORIENTED_EDGE('',*,*,#5021,.F.);
#2379=ORIENTED_EDGE('',*,*,#5187,.T.);
#2380=ORIENTED_EDGE('',*,*,#4810,.T.);
#2381=ORIENTED_EDGE('',*,*,#5188,.F.);
#2382=ORIENTED_EDGE('',*,*,#5022,.F.);
#2383=ORIENTED_EDGE('',*,*,#5186,.T.);
#2384=ORIENTED_EDGE('',*,*,#4809,.T.);
#2385=ORIENTED_EDGE('',*,*,#5189,.F.);
#2386=ORIENTED_EDGE('',*,*,#5023,.F.);
#2387=ORIENTED_EDGE('',*,*,#5188,.T.);
#2388=ORIENTED_EDGE('',*,*,#4808,.T.);
#2389=ORIENTED_EDGE('',*,*,#5190,.F.);
#2390=ORIENTED_EDGE('',*,*,#5024,.F.);
#2391=ORIENTED_EDGE('',*,*,#5189,.T.);
#2392=ORIENTED_EDGE('',*,*,#4807,.T.);
#2393=ORIENTED_EDGE('',*,*,#5191,.F.);
#2394=ORIENTED_EDGE('',*,*,#5025,.F.);
#2395=ORIENTED_EDGE('',*,*,#5190,.T.);
#2396=ORIENTED_EDGE('',*,*,#4935,.T.);
#2397=ORIENTED_EDGE('',*,*,#5192,.F.);
#2398=ORIENTED_EDGE('',*,*,#5034,.F.);
#2399=ORIENTED_EDGE('',*,*,#5184,.T.);
#2400=ORIENTED_EDGE('',*,*,#4934,.T.);
#2401=ORIENTED_EDGE('',*,*,#5193,.F.);
#2402=ORIENTED_EDGE('',*,*,#5035,.F.);
#2403=ORIENTED_EDGE('',*,*,#5192,.T.);
#2404=ORIENTED_EDGE('',*,*,#4933,.T.);
#2405=ORIENTED_EDGE('',*,*,#5194,.F.);
#2406=ORIENTED_EDGE('',*,*,#5036,.F.);
#2407=ORIENTED_EDGE('',*,*,#5193,.T.);
#2408=ORIENTED_EDGE('',*,*,#4932,.T.);
#2409=ORIENTED_EDGE('',*,*,#5195,.F.);
#2410=ORIENTED_EDGE('',*,*,#5037,.F.);
#2411=ORIENTED_EDGE('',*,*,#5194,.T.);
#2412=ORIENTED_EDGE('',*,*,#4931,.T.);
#2413=ORIENTED_EDGE('',*,*,#5185,.F.);
#2414=ORIENTED_EDGE('',*,*,#5038,.F.);
#2415=ORIENTED_EDGE('',*,*,#5195,.T.);
#2416=ORIENTED_EDGE('',*,*,#5020,.F.);
#2417=ORIENTED_EDGE('',*,*,#5099,.T.);
#2418=ORIENTED_EDGE('',*,*,#4812,.T.);
#2419=ORIENTED_EDGE('',*,*,#5187,.F.);
#2420=ORIENTED_EDGE('',*,*,#4806,.T.);
#2421=ORIENTED_EDGE('',*,*,#5097,.T.);
#2422=ORIENTED_EDGE('',*,*,#5026,.F.);
#2423=ORIENTED_EDGE('',*,*,#5191,.T.);
#2424=ORIENTED_EDGE('',*,*,#4818,.T.);
#2425=ORIENTED_EDGE('',*,*,#5196,.F.);
#2426=ORIENTED_EDGE('',*,*,#5013,.F.);
#2427=ORIENTED_EDGE('',*,*,#5197,.T.);
#2428=ORIENTED_EDGE('',*,*,#4817,.T.);
#2429=ORIENTED_EDGE('',*,*,#5198,.F.);
#2430=ORIENTED_EDGE('',*,*,#5014,.F.);
#2431=ORIENTED_EDGE('',*,*,#5196,.T.);
#2432=ORIENTED_EDGE('',*,*,#4816,.T.);
#2433=ORIENTED_EDGE('',*,*,#5199,.F.);
#2434=ORIENTED_EDGE('',*,*,#5015,.F.);
#2435=ORIENTED_EDGE('',*,*,#5198,.T.);
#2436=ORIENTED_EDGE('',*,*,#4815,.T.);
#2437=ORIENTED_EDGE('',*,*,#5200,.F.);
#2438=ORIENTED_EDGE('',*,*,#5016,.F.);
#2439=ORIENTED_EDGE('',*,*,#5199,.T.);
#2440=ORIENTED_EDGE('',*,*,#4814,.T.);
#2441=ORIENTED_EDGE('',*,*,#5201,.F.);
#2442=ORIENTED_EDGE('',*,*,#5017,.F.);
#2443=ORIENTED_EDGE('',*,*,#5200,.T.);
#2444=ORIENTED_EDGE('',*,*,#4928,.T.);
#2445=ORIENTED_EDGE('',*,*,#5202,.F.);
#2446=ORIENTED_EDGE('',*,*,#5041,.F.);
#2447=ORIENTED_EDGE('',*,*,#5183,.T.);
#2448=ORIENTED_EDGE('',*,*,#4927,.T.);
#2449=ORIENTED_EDGE('',*,*,#5203,.F.);
#2450=ORIENTED_EDGE('',*,*,#5042,.F.);
#2451=ORIENTED_EDGE('',*,*,#5202,.T.);
#2452=ORIENTED_EDGE('',*,*,#4926,.T.);
#2453=ORIENTED_EDGE('',*,*,#5204,.F.);
#2454=ORIENTED_EDGE('',*,*,#5043,.F.);
#2455=ORIENTED_EDGE('',*,*,#5203,.T.);
#2456=ORIENTED_EDGE('',*,*,#4925,.T.);
#2457=ORIENTED_EDGE('',*,*,#5205,.F.);
#2458=ORIENTED_EDGE('',*,*,#5044,.F.);
#2459=ORIENTED_EDGE('',*,*,#5204,.T.);
#2460=ORIENTED_EDGE('',*,*,#4924,.T.);
#2461=ORIENTED_EDGE('',*,*,#5182,.F.);
#2462=ORIENTED_EDGE('',*,*,#5045,.F.);
#2463=ORIENTED_EDGE('',*,*,#5205,.T.);
#2464=ORIENTED_EDGE('',*,*,#5012,.F.);
#2465=ORIENTED_EDGE('',*,*,#5102,.T.);
#2466=ORIENTED_EDGE('',*,*,#4819,.T.);
#2467=ORIENTED_EDGE('',*,*,#5197,.F.);
#2468=ORIENTED_EDGE('',*,*,#4813,.T.);
#2469=ORIENTED_EDGE('',*,*,#5100,.T.);
#2470=ORIENTED_EDGE('',*,*,#5018,.F.);
#2471=ORIENTED_EDGE('',*,*,#5201,.T.);
#2472=ORIENTED_EDGE('',*,*,#4825,.T.);
#2473=ORIENTED_EDGE('',*,*,#5206,.F.);
#2474=ORIENTED_EDGE('',*,*,#5005,.F.);
#2475=ORIENTED_EDGE('',*,*,#5207,.T.);
#2476=ORIENTED_EDGE('',*,*,#4824,.T.);
#2477=ORIENTED_EDGE('',*,*,#5208,.F.);
#2478=ORIENTED_EDGE('',*,*,#5006,.F.);
#2479=ORIENTED_EDGE('',*,*,#5206,.T.);
#2480=ORIENTED_EDGE('',*,*,#4823,.T.);
#2481=ORIENTED_EDGE('',*,*,#5209,.F.);
#2482=ORIENTED_EDGE('',*,*,#5007,.F.);
#2483=ORIENTED_EDGE('',*,*,#5208,.T.);
#2484=ORIENTED_EDGE('',*,*,#4822,.T.);
#2485=ORIENTED_EDGE('',*,*,#5210,.F.);
#2486=ORIENTED_EDGE('',*,*,#5008,.F.);
#2487=ORIENTED_EDGE('',*,*,#5209,.T.);
#2488=ORIENTED_EDGE('',*,*,#4821,.T.);
#2489=ORIENTED_EDGE('',*,*,#5211,.F.);
#2490=ORIENTED_EDGE('',*,*,#5009,.F.);
#2491=ORIENTED_EDGE('',*,*,#5210,.T.);
#2492=ORIENTED_EDGE('',*,*,#4921,.T.);
#2493=ORIENTED_EDGE('',*,*,#5212,.F.);
#2494=ORIENTED_EDGE('',*,*,#5048,.F.);
#2495=ORIENTED_EDGE('',*,*,#5181,.T.);
#2496=ORIENTED_EDGE('',*,*,#4920,.T.);
#2497=ORIENTED_EDGE('',*,*,#5213,.F.);
#2498=ORIENTED_EDGE('',*,*,#5049,.F.);
#2499=ORIENTED_EDGE('',*,*,#5212,.T.);
#2500=ORIENTED_EDGE('',*,*,#4919,.T.);
#2501=ORIENTED_EDGE('',*,*,#5214,.F.);
#2502=ORIENTED_EDGE('',*,*,#5050,.F.);
#2503=ORIENTED_EDGE('',*,*,#5213,.T.);
#2504=ORIENTED_EDGE('',*,*,#4918,.T.);
#2505=ORIENTED_EDGE('',*,*,#5215,.F.);
#2506=ORIENTED_EDGE('',*,*,#5051,.F.);
#2507=ORIENTED_EDGE('',*,*,#5214,.T.);
#2508=ORIENTED_EDGE('',*,*,#4917,.T.);
#2509=ORIENTED_EDGE('',*,*,#5180,.F.);
#2510=ORIENTED_EDGE('',*,*,#5052,.F.);
#2511=ORIENTED_EDGE('',*,*,#5215,.T.);
#2512=ORIENTED_EDGE('',*,*,#5004,.F.);
#2513=ORIENTED_EDGE('',*,*,#5105,.T.);
#2514=ORIENTED_EDGE('',*,*,#4826,.T.);
#2515=ORIENTED_EDGE('',*,*,#5207,.F.);
#2516=ORIENTED_EDGE('',*,*,#4820,.T.);
#2517=ORIENTED_EDGE('',*,*,#5103,.T.);
#2518=ORIENTED_EDGE('',*,*,#5010,.F.);
#2519=ORIENTED_EDGE('',*,*,#5211,.T.);
#2520=ORIENTED_EDGE('',*,*,#4832,.T.);
#2521=ORIENTED_EDGE('',*,*,#5216,.F.);
#2522=ORIENTED_EDGE('',*,*,#4997,.F.);
#2523=ORIENTED_EDGE('',*,*,#5217,.T.);
#2524=ORIENTED_EDGE('',*,*,#4831,.T.);
#2525=ORIENTED_EDGE('',*,*,#5218,.F.);
#2526=ORIENTED_EDGE('',*,*,#4998,.F.);
#2527=ORIENTED_EDGE('',*,*,#5216,.T.);
#2528=ORIENTED_EDGE('',*,*,#4830,.T.);
#2529=ORIENTED_EDGE('',*,*,#5219,.F.);
#2530=ORIENTED_EDGE('',*,*,#4999,.F.);
#2531=ORIENTED_EDGE('',*,*,#5218,.T.);
#2532=ORIENTED_EDGE('',*,*,#4829,.T.);
#2533=ORIENTED_EDGE('',*,*,#5220,.F.);
#2534=ORIENTED_EDGE('',*,*,#5000,.F.);
#2535=ORIENTED_EDGE('',*,*,#5219,.T.);
#2536=ORIENTED_EDGE('',*,*,#4828,.T.);
#2537=ORIENTED_EDGE('',*,*,#5221,.F.);
#2538=ORIENTED_EDGE('',*,*,#5001,.F.);
#2539=ORIENTED_EDGE('',*,*,#5220,.T.);
#2540=ORIENTED_EDGE('',*,*,#4914,.T.);
#2541=ORIENTED_EDGE('',*,*,#5222,.F.);
#2542=ORIENTED_EDGE('',*,*,#5055,.F.);
#2543=ORIENTED_EDGE('',*,*,#5179,.T.);
#2544=ORIENTED_EDGE('',*,*,#4913,.T.);
#2545=ORIENTED_EDGE('',*,*,#5223,.F.);
#2546=ORIENTED_EDGE('',*,*,#5056,.F.);
#2547=ORIENTED_EDGE('',*,*,#5222,.T.);
#2548=ORIENTED_EDGE('',*,*,#4912,.T.);
#2549=ORIENTED_EDGE('',*,*,#5224,.F.);
#2550=ORIENTED_EDGE('',*,*,#5057,.F.);
#2551=ORIENTED_EDGE('',*,*,#5223,.T.);
#2552=ORIENTED_EDGE('',*,*,#4911,.T.);
#2553=ORIENTED_EDGE('',*,*,#5225,.F.);
#2554=ORIENTED_EDGE('',*,*,#5058,.F.);
#2555=ORIENTED_EDGE('',*,*,#5224,.T.);
#2556=ORIENTED_EDGE('',*,*,#4910,.T.);
#2557=ORIENTED_EDGE('',*,*,#5178,.F.);
#2558=ORIENTED_EDGE('',*,*,#5059,.F.);
#2559=ORIENTED_EDGE('',*,*,#5225,.T.);
#2560=ORIENTED_EDGE('',*,*,#4996,.F.);
#2561=ORIENTED_EDGE('',*,*,#5108,.T.);
#2562=ORIENTED_EDGE('',*,*,#4833,.T.);
#2563=ORIENTED_EDGE('',*,*,#5217,.F.);
#2564=ORIENTED_EDGE('',*,*,#4827,.T.);
#2565=ORIENTED_EDGE('',*,*,#5106,.T.);
#2566=ORIENTED_EDGE('',*,*,#5002,.F.);
#2567=ORIENTED_EDGE('',*,*,#5221,.T.);
#2568=ORIENTED_EDGE('',*,*,#4839,.T.);
#2569=ORIENTED_EDGE('',*,*,#5226,.F.);
#2570=ORIENTED_EDGE('',*,*,#4989,.F.);
#2571=ORIENTED_EDGE('',*,*,#5227,.T.);
#2572=ORIENTED_EDGE('',*,*,#4838,.T.);
#2573=ORIENTED_EDGE('',*,*,#5228,.F.);
#2574=ORIENTED_EDGE('',*,*,#4990,.F.);
#2575=ORIENTED_EDGE('',*,*,#5226,.T.);
#2576=ORIENTED_EDGE('',*,*,#4837,.T.);
#2577=ORIENTED_EDGE('',*,*,#5229,.F.);
#2578=ORIENTED_EDGE('',*,*,#4991,.F.);
#2579=ORIENTED_EDGE('',*,*,#5228,.T.);
#2580=ORIENTED_EDGE('',*,*,#4836,.T.);
#2581=ORIENTED_EDGE('',*,*,#5230,.F.);
#2582=ORIENTED_EDGE('',*,*,#4992,.F.);
#2583=ORIENTED_EDGE('',*,*,#5229,.T.);
#2584=ORIENTED_EDGE('',*,*,#4835,.T.);
#2585=ORIENTED_EDGE('',*,*,#5231,.F.);
#2586=ORIENTED_EDGE('',*,*,#4993,.F.);
#2587=ORIENTED_EDGE('',*,*,#5230,.T.);
#2588=ORIENTED_EDGE('',*,*,#4907,.T.);
#2589=ORIENTED_EDGE('',*,*,#5232,.F.);
#2590=ORIENTED_EDGE('',*,*,#5062,.F.);
#2591=ORIENTED_EDGE('',*,*,#5177,.T.);
#2592=ORIENTED_EDGE('',*,*,#4906,.T.);
#2593=ORIENTED_EDGE('',*,*,#5233,.F.);
#2594=ORIENTED_EDGE('',*,*,#5063,.F.);
#2595=ORIENTED_EDGE('',*,*,#5232,.T.);
#2596=ORIENTED_EDGE('',*,*,#4905,.T.);
#2597=ORIENTED_EDGE('',*,*,#5234,.F.);
#2598=ORIENTED_EDGE('',*,*,#5064,.F.);
#2599=ORIENTED_EDGE('',*,*,#5233,.T.);
#2600=ORIENTED_EDGE('',*,*,#4904,.T.);
#2601=ORIENTED_EDGE('',*,*,#5235,.F.);
#2602=ORIENTED_EDGE('',*,*,#5065,.F.);
#2603=ORIENTED_EDGE('',*,*,#5234,.T.);
#2604=ORIENTED_EDGE('',*,*,#4903,.T.);
#2605=ORIENTED_EDGE('',*,*,#5176,.F.);
#2606=ORIENTED_EDGE('',*,*,#5066,.F.);
#2607=ORIENTED_EDGE('',*,*,#5235,.T.);
#2608=ORIENTED_EDGE('',*,*,#4988,.F.);
#2609=ORIENTED_EDGE('',*,*,#5111,.T.);
#2610=ORIENTED_EDGE('',*,*,#4840,.T.);
#2611=ORIENTED_EDGE('',*,*,#5227,.F.);
#2612=ORIENTED_EDGE('',*,*,#4834,.T.);
#2613=ORIENTED_EDGE('',*,*,#5109,.T.);
#2614=ORIENTED_EDGE('',*,*,#4994,.F.);
#2615=ORIENTED_EDGE('',*,*,#5231,.T.);
#2616=ORIENTED_EDGE('',*,*,#4846,.T.);
#2617=ORIENTED_EDGE('',*,*,#5236,.F.);
#2618=ORIENTED_EDGE('',*,*,#4981,.F.);
#2619=ORIENTED_EDGE('',*,*,#5237,.T.);
#2620=ORIENTED_EDGE('',*,*,#4845,.T.);
#2621=ORIENTED_EDGE('',*,*,#5238,.F.);
#2622=ORIENTED_EDGE('',*,*,#4982,.F.);
#2623=ORIENTED_EDGE('',*,*,#5236,.T.);
#2624=ORIENTED_EDGE('',*,*,#4844,.T.);
#2625=ORIENTED_EDGE('',*,*,#5239,.F.);
#2626=ORIENTED_EDGE('',*,*,#4983,.F.);
#2627=ORIENTED_EDGE('',*,*,#5238,.T.);
#2628=ORIENTED_EDGE('',*,*,#4843,.T.);
#2629=ORIENTED_EDGE('',*,*,#5240,.F.);
#2630=ORIENTED_EDGE('',*,*,#4984,.F.);
#2631=ORIENTED_EDGE('',*,*,#5239,.T.);
#2632=ORIENTED_EDGE('',*,*,#4842,.T.);
#2633=ORIENTED_EDGE('',*,*,#5241,.F.);
#2634=ORIENTED_EDGE('',*,*,#4985,.F.);
#2635=ORIENTED_EDGE('',*,*,#5240,.T.);
#2636=ORIENTED_EDGE('',*,*,#4900,.T.);
#2637=ORIENTED_EDGE('',*,*,#5242,.F.);
#2638=ORIENTED_EDGE('',*,*,#5069,.F.);
#2639=ORIENTED_EDGE('',*,*,#5175,.T.);
#2640=ORIENTED_EDGE('',*,*,#4899,.T.);
#2641=ORIENTED_EDGE('',*,*,#5243,.F.);
#2642=ORIENTED_EDGE('',*,*,#5070,.F.);
#2643=ORIENTED_EDGE('',*,*,#5242,.T.);
#2644=ORIENTED_EDGE('',*,*,#4898,.T.);
#2645=ORIENTED_EDGE('',*,*,#5244,.F.);
#2646=ORIENTED_EDGE('',*,*,#5071,.F.);
#2647=ORIENTED_EDGE('',*,*,#5243,.T.);
#2648=ORIENTED_EDGE('',*,*,#4897,.T.);
#2649=ORIENTED_EDGE('',*,*,#5245,.F.);
#2650=ORIENTED_EDGE('',*,*,#5072,.F.);
#2651=ORIENTED_EDGE('',*,*,#5244,.T.);
#2652=ORIENTED_EDGE('',*,*,#4896,.T.);
#2653=ORIENTED_EDGE('',*,*,#5174,.F.);
#2654=ORIENTED_EDGE('',*,*,#5073,.F.);
#2655=ORIENTED_EDGE('',*,*,#5245,.T.);
#2656=ORIENTED_EDGE('',*,*,#4980,.F.);
#2657=ORIENTED_EDGE('',*,*,#5114,.T.);
#2658=ORIENTED_EDGE('',*,*,#4847,.T.);
#2659=ORIENTED_EDGE('',*,*,#5237,.F.);
#2660=ORIENTED_EDGE('',*,*,#4841,.T.);
#2661=ORIENTED_EDGE('',*,*,#5112,.T.);
#2662=ORIENTED_EDGE('',*,*,#4986,.F.);
#2663=ORIENTED_EDGE('',*,*,#5241,.T.);
#2664=ORIENTED_EDGE('',*,*,#4853,.T.);
#2665=ORIENTED_EDGE('',*,*,#5246,.F.);
#2666=ORIENTED_EDGE('',*,*,#4973,.F.);
#2667=ORIENTED_EDGE('',*,*,#5247,.T.);
#2668=ORIENTED_EDGE('',*,*,#4852,.T.);
#2669=ORIENTED_EDGE('',*,*,#5248,.F.);
#2670=ORIENTED_EDGE('',*,*,#4974,.F.);
#2671=ORIENTED_EDGE('',*,*,#5246,.T.);
#2672=ORIENTED_EDGE('',*,*,#4851,.T.);
#2673=ORIENTED_EDGE('',*,*,#5249,.F.);
#2674=ORIENTED_EDGE('',*,*,#4975,.F.);
#2675=ORIENTED_EDGE('',*,*,#5248,.T.);
#2676=ORIENTED_EDGE('',*,*,#4850,.T.);
#2677=ORIENTED_EDGE('',*,*,#5250,.F.);
#2678=ORIENTED_EDGE('',*,*,#4976,.F.);
#2679=ORIENTED_EDGE('',*,*,#5249,.T.);
#2680=ORIENTED_EDGE('',*,*,#4849,.T.);
#2681=ORIENTED_EDGE('',*,*,#5251,.F.);
#2682=ORIENTED_EDGE('',*,*,#4977,.F.);
#2683=ORIENTED_EDGE('',*,*,#5250,.T.);
#2684=ORIENTED_EDGE('',*,*,#4893,.T.);
#2685=ORIENTED_EDGE('',*,*,#5252,.F.);
#2686=ORIENTED_EDGE('',*,*,#5076,.F.);
#2687=ORIENTED_EDGE('',*,*,#5173,.T.);
#2688=ORIENTED_EDGE('',*,*,#4892,.T.);
#2689=ORIENTED_EDGE('',*,*,#5253,.F.);
#2690=ORIENTED_EDGE('',*,*,#5077,.F.);
#2691=ORIENTED_EDGE('',*,*,#5252,.T.);
#2692=ORIENTED_EDGE('',*,*,#4891,.T.);
#2693=ORIENTED_EDGE('',*,*,#5254,.F.);
#2694=ORIENTED_EDGE('',*,*,#5078,.F.);
#2695=ORIENTED_EDGE('',*,*,#5253,.T.);
#2696=ORIENTED_EDGE('',*,*,#4890,.T.);
#2697=ORIENTED_EDGE('',*,*,#5255,.F.);
#2698=ORIENTED_EDGE('',*,*,#5079,.F.);
#2699=ORIENTED_EDGE('',*,*,#5254,.T.);
#2700=ORIENTED_EDGE('',*,*,#4889,.T.);
#2701=ORIENTED_EDGE('',*,*,#5172,.F.);
#2702=ORIENTED_EDGE('',*,*,#5080,.F.);
#2703=ORIENTED_EDGE('',*,*,#5255,.T.);
#2704=ORIENTED_EDGE('',*,*,#4972,.F.);
#2705=ORIENTED_EDGE('',*,*,#5117,.T.);
#2706=ORIENTED_EDGE('',*,*,#4854,.T.);
#2707=ORIENTED_EDGE('',*,*,#5247,.F.);
#2708=ORIENTED_EDGE('',*,*,#4848,.T.);
#2709=ORIENTED_EDGE('',*,*,#5115,.T.);
#2710=ORIENTED_EDGE('',*,*,#4978,.F.);
#2711=ORIENTED_EDGE('',*,*,#5251,.T.);
#2712=ORIENTED_EDGE('',*,*,#4860,.T.);
#2713=ORIENTED_EDGE('',*,*,#5256,.F.);
#2714=ORIENTED_EDGE('',*,*,#4965,.F.);
#2715=ORIENTED_EDGE('',*,*,#5257,.T.);
#2716=ORIENTED_EDGE('',*,*,#4859,.T.);
#2717=ORIENTED_EDGE('',*,*,#5258,.F.);
#2718=ORIENTED_EDGE('',*,*,#4966,.F.);
#2719=ORIENTED_EDGE('',*,*,#5256,.T.);
#2720=ORIENTED_EDGE('',*,*,#4858,.T.);
#2721=ORIENTED_EDGE('',*,*,#5259,.F.);
#2722=ORIENTED_EDGE('',*,*,#4967,.F.);
#2723=ORIENTED_EDGE('',*,*,#5258,.T.);
#2724=ORIENTED_EDGE('',*,*,#4857,.T.);
#2725=ORIENTED_EDGE('',*,*,#5260,.F.);
#2726=ORIENTED_EDGE('',*,*,#4968,.F.);
#2727=ORIENTED_EDGE('',*,*,#5259,.T.);
#2728=ORIENTED_EDGE('',*,*,#4856,.T.);
#2729=ORIENTED_EDGE('',*,*,#5261,.F.);
#2730=ORIENTED_EDGE('',*,*,#4969,.F.);
#2731=ORIENTED_EDGE('',*,*,#5260,.T.);
#2732=ORIENTED_EDGE('',*,*,#4886,.T.);
#2733=ORIENTED_EDGE('',*,*,#5262,.F.);
#2734=ORIENTED_EDGE('',*,*,#5083,.F.);
#2735=ORIENTED_EDGE('',*,*,#5171,.T.);
#2736=ORIENTED_EDGE('',*,*,#4885,.T.);
#2737=ORIENTED_EDGE('',*,*,#5263,.F.);
#2738=ORIENTED_EDGE('',*,*,#5084,.F.);
#2739=ORIENTED_EDGE('',*,*,#5262,.T.);
#2740=ORIENTED_EDGE('',*,*,#4884,.T.);
#2741=ORIENTED_EDGE('',*,*,#5264,.F.);
#2742=ORIENTED_EDGE('',*,*,#5085,.F.);
#2743=ORIENTED_EDGE('',*,*,#5263,.T.);
#2744=ORIENTED_EDGE('',*,*,#4883,.T.);
#2745=ORIENTED_EDGE('',*,*,#5265,.F.);
#2746=ORIENTED_EDGE('',*,*,#5086,.F.);
#2747=ORIENTED_EDGE('',*,*,#5264,.T.);
#2748=ORIENTED_EDGE('',*,*,#4882,.T.);
#2749=ORIENTED_EDGE('',*,*,#5170,.F.);
#2750=ORIENTED_EDGE('',*,*,#5087,.F.);
#2751=ORIENTED_EDGE('',*,*,#5265,.T.);
#2752=ORIENTED_EDGE('',*,*,#4964,.F.);
#2753=ORIENTED_EDGE('',*,*,#5120,.T.);
#2754=ORIENTED_EDGE('',*,*,#4861,.T.);
#2755=ORIENTED_EDGE('',*,*,#5257,.F.);
#2756=ORIENTED_EDGE('',*,*,#4855,.T.);
#2757=ORIENTED_EDGE('',*,*,#5118,.T.);
#2758=ORIENTED_EDGE('',*,*,#4970,.F.);
#2759=ORIENTED_EDGE('',*,*,#5261,.T.);
#2760=ORIENTED_EDGE('',*,*,#4867,.T.);
#2761=ORIENTED_EDGE('',*,*,#5266,.F.);
#2762=ORIENTED_EDGE('',*,*,#4957,.F.);
#2763=ORIENTED_EDGE('',*,*,#5267,.T.);
#2764=ORIENTED_EDGE('',*,*,#4866,.T.);
#2765=ORIENTED_EDGE('',*,*,#5268,.F.);
#2766=ORIENTED_EDGE('',*,*,#4958,.F.);
#2767=ORIENTED_EDGE('',*,*,#5266,.T.);
#2768=ORIENTED_EDGE('',*,*,#4865,.T.);
#2769=ORIENTED_EDGE('',*,*,#5269,.F.);
#2770=ORIENTED_EDGE('',*,*,#4959,.F.);
#2771=ORIENTED_EDGE('',*,*,#5268,.T.);
#2772=ORIENTED_EDGE('',*,*,#4864,.T.);
#2773=ORIENTED_EDGE('',*,*,#5270,.F.);
#2774=ORIENTED_EDGE('',*,*,#4960,.F.);
#2775=ORIENTED_EDGE('',*,*,#5269,.T.);
#2776=ORIENTED_EDGE('',*,*,#4863,.T.);
#2777=ORIENTED_EDGE('',*,*,#5271,.F.);
#2778=ORIENTED_EDGE('',*,*,#4961,.F.);
#2779=ORIENTED_EDGE('',*,*,#5270,.T.);
#2780=ORIENTED_EDGE('',*,*,#4879,.T.);
#2781=ORIENTED_EDGE('',*,*,#5272,.F.);
#2782=ORIENTED_EDGE('',*,*,#5090,.F.);
#2783=ORIENTED_EDGE('',*,*,#5169,.T.);
#2784=ORIENTED_EDGE('',*,*,#4878,.T.);
#2785=ORIENTED_EDGE('',*,*,#5273,.F.);
#2786=ORIENTED_EDGE('',*,*,#5091,.F.);
#2787=ORIENTED_EDGE('',*,*,#5272,.T.);
#2788=ORIENTED_EDGE('',*,*,#4877,.T.);
#2789=ORIENTED_EDGE('',*,*,#5274,.F.);
#2790=ORIENTED_EDGE('',*,*,#5092,.F.);
#2791=ORIENTED_EDGE('',*,*,#5273,.T.);
#2792=ORIENTED_EDGE('',*,*,#4876,.T.);
#2793=ORIENTED_EDGE('',*,*,#5275,.F.);
#2794=ORIENTED_EDGE('',*,*,#5093,.F.);
#2795=ORIENTED_EDGE('',*,*,#5274,.T.);
#2796=ORIENTED_EDGE('',*,*,#4875,.T.);
#2797=ORIENTED_EDGE('',*,*,#5168,.F.);
#2798=ORIENTED_EDGE('',*,*,#5094,.F.);
#2799=ORIENTED_EDGE('',*,*,#5275,.T.);
#2800=ORIENTED_EDGE('',*,*,#4956,.F.);
#2801=ORIENTED_EDGE('',*,*,#5123,.T.);
#2802=ORIENTED_EDGE('',*,*,#4868,.T.);
#2803=ORIENTED_EDGE('',*,*,#5267,.F.);
#2804=ORIENTED_EDGE('',*,*,#4862,.T.);
#2805=ORIENTED_EDGE('',*,*,#5121,.T.);
#2806=ORIENTED_EDGE('',*,*,#4962,.F.);
#2807=ORIENTED_EDGE('',*,*,#5271,.T.);
#2808=ORIENTED_EDGE('',*,*,#4941,.T.);
#2809=ORIENTED_EDGE('',*,*,#5276,.F.);
#2810=ORIENTED_EDGE('',*,*,#5029,.F.);
#2811=ORIENTED_EDGE('',*,*,#5277,.T.);
#2812=ORIENTED_EDGE('',*,*,#4940,.T.);
#2813=ORIENTED_EDGE('',*,*,#5278,.F.);
#2814=ORIENTED_EDGE('',*,*,#5030,.F.);
#2815=ORIENTED_EDGE('',*,*,#5276,.T.);
#2816=ORIENTED_EDGE('',*,*,#4939,.T.);
#2817=ORIENTED_EDGE('',*,*,#5167,.F.);
#2818=ORIENTED_EDGE('',*,*,#5031,.F.);
#2819=ORIENTED_EDGE('',*,*,#5278,.T.);
#2820=ORIENTED_EDGE('',*,*,#5028,.F.);
#2821=ORIENTED_EDGE('',*,*,#5096,.T.);
#2822=ORIENTED_EDGE('',*,*,#4942,.T.);
#2823=ORIENTED_EDGE('',*,*,#5277,.F.);
#2824=ORIENTED_EDGE('',*,*,#4869,.T.);
#2825=ORIENTED_EDGE('',*,*,#5124,.T.);
#2826=ORIENTED_EDGE('',*,*,#4954,.F.);
#2827=ORIENTED_EDGE('',*,*,#5279,.T.);
#2828=ORIENTED_EDGE('',*,*,#4872,.T.);
#2829=ORIENTED_EDGE('',*,*,#5280,.F.);
#2830=ORIENTED_EDGE('',*,*,#4951,.F.);
#2831=ORIENTED_EDGE('',*,*,#5166,.T.);
#2832=ORIENTED_EDGE('',*,*,#4871,.T.);
#2833=ORIENTED_EDGE('',*,*,#5281,.F.);
#2834=ORIENTED_EDGE('',*,*,#4952,.F.);
#2835=ORIENTED_EDGE('',*,*,#5280,.T.);
#2836=ORIENTED_EDGE('',*,*,#4870,.T.);
#2837=ORIENTED_EDGE('',*,*,#5279,.F.);
#2838=ORIENTED_EDGE('',*,*,#4953,.F.);
#2839=ORIENTED_EDGE('',*,*,#5281,.T.);
#2840=ORIENTED_EDGE('',*,*,#5282,.F.);
#2841=ORIENTED_EDGE('',*,*,#5283,.T.);
#2842=ORIENTED_EDGE('',*,*,#5284,.F.);
#2843=ORIENTED_EDGE('',*,*,#5285,.T.);
#2844=ORIENTED_EDGE('',*,*,#5286,.F.);
#2845=ORIENTED_EDGE('',*,*,#5287,.T.);
#2846=ORIENTED_EDGE('',*,*,#5288,.F.);
#2847=ORIENTED_EDGE('',*,*,#5289,.T.);
#2848=ORIENTED_EDGE('',*,*,#5290,.F.);
#2849=ORIENTED_EDGE('',*,*,#5291,.T.);
#2850=ORIENTED_EDGE('',*,*,#5292,.F.);
#2851=ORIENTED_EDGE('',*,*,#5293,.F.);
#2852=ORIENTED_EDGE('',*,*,#5294,.T.);
#2853=ORIENTED_EDGE('',*,*,#5295,.F.);
#2854=ORIENTED_EDGE('',*,*,#5296,.T.);
#2855=ORIENTED_EDGE('',*,*,#5297,.F.);
#2856=ORIENTED_EDGE('',*,*,#5298,.T.);
#2857=ORIENTED_EDGE('',*,*,#5299,.F.);
#2858=ORIENTED_EDGE('',*,*,#5300,.T.);
#2859=ORIENTED_EDGE('',*,*,#5301,.F.);
#2860=ORIENTED_EDGE('',*,*,#5302,.T.);
#2861=ORIENTED_EDGE('',*,*,#5303,.F.);
#2862=ORIENTED_EDGE('',*,*,#5304,.F.);
#2863=ORIENTED_EDGE('',*,*,#5305,.T.);
#2864=ORIENTED_EDGE('',*,*,#5306,.F.);
#2865=ORIENTED_EDGE('',*,*,#5307,.T.);
#2866=ORIENTED_EDGE('',*,*,#5308,.F.);
#2867=ORIENTED_EDGE('',*,*,#5309,.T.);
#2868=ORIENTED_EDGE('',*,*,#5310,.F.);
#2869=ORIENTED_EDGE('',*,*,#5311,.T.);
#2870=ORIENTED_EDGE('',*,*,#5312,.F.);
#2871=ORIENTED_EDGE('',*,*,#5313,.T.);
#2872=ORIENTED_EDGE('',*,*,#5314,.F.);
#2873=ORIENTED_EDGE('',*,*,#5315,.F.);
#2874=ORIENTED_EDGE('',*,*,#5316,.T.);
#2875=ORIENTED_EDGE('',*,*,#5317,.F.);
#2876=ORIENTED_EDGE('',*,*,#5318,.T.);
#2877=ORIENTED_EDGE('',*,*,#5319,.F.);
#2878=ORIENTED_EDGE('',*,*,#5320,.T.);
#2879=ORIENTED_EDGE('',*,*,#5321,.F.);
#2880=ORIENTED_EDGE('',*,*,#5322,.T.);
#2881=ORIENTED_EDGE('',*,*,#5323,.F.);
#2882=ORIENTED_EDGE('',*,*,#5324,.T.);
#2883=ORIENTED_EDGE('',*,*,#5325,.F.);
#2884=ORIENTED_EDGE('',*,*,#5326,.F.);
#2885=ORIENTED_EDGE('',*,*,#5327,.T.);
#2886=ORIENTED_EDGE('',*,*,#5328,.F.);
#2887=ORIENTED_EDGE('',*,*,#5329,.T.);
#2888=ORIENTED_EDGE('',*,*,#5330,.F.);
#2889=ORIENTED_EDGE('',*,*,#5331,.T.);
#2890=ORIENTED_EDGE('',*,*,#5332,.F.);
#2891=ORIENTED_EDGE('',*,*,#5333,.T.);
#2892=ORIENTED_EDGE('',*,*,#5334,.F.);
#2893=ORIENTED_EDGE('',*,*,#5335,.T.);
#2894=ORIENTED_EDGE('',*,*,#5336,.F.);
#2895=ORIENTED_EDGE('',*,*,#5337,.F.);
#2896=ORIENTED_EDGE('',*,*,#5338,.T.);
#2897=ORIENTED_EDGE('',*,*,#5339,.F.);
#2898=ORIENTED_EDGE('',*,*,#5340,.T.);
#2899=ORIENTED_EDGE('',*,*,#5341,.F.);
#2900=ORIENTED_EDGE('',*,*,#5342,.T.);
#2901=ORIENTED_EDGE('',*,*,#5343,.F.);
#2902=ORIENTED_EDGE('',*,*,#5344,.T.);
#2903=ORIENTED_EDGE('',*,*,#5345,.F.);
#2904=ORIENTED_EDGE('',*,*,#5346,.T.);
#2905=ORIENTED_EDGE('',*,*,#5347,.F.);
#2906=ORIENTED_EDGE('',*,*,#5348,.F.);
#2907=ORIENTED_EDGE('',*,*,#5349,.T.);
#2908=ORIENTED_EDGE('',*,*,#5350,.F.);
#2909=ORIENTED_EDGE('',*,*,#5351,.T.);
#2910=ORIENTED_EDGE('',*,*,#5352,.F.);
#2911=ORIENTED_EDGE('',*,*,#5353,.T.);
#2912=ORIENTED_EDGE('',*,*,#5354,.F.);
#2913=ORIENTED_EDGE('',*,*,#5355,.T.);
#2914=ORIENTED_EDGE('',*,*,#5356,.F.);
#2915=ORIENTED_EDGE('',*,*,#5357,.T.);
#2916=ORIENTED_EDGE('',*,*,#5358,.F.);
#2917=ORIENTED_EDGE('',*,*,#5359,.F.);
#2918=ORIENTED_EDGE('',*,*,#5360,.T.);
#2919=ORIENTED_EDGE('',*,*,#5361,.F.);
#2920=ORIENTED_EDGE('',*,*,#5362,.T.);
#2921=ORIENTED_EDGE('',*,*,#5363,.F.);
#2922=ORIENTED_EDGE('',*,*,#5364,.T.);
#2923=ORIENTED_EDGE('',*,*,#5365,.F.);
#2924=ORIENTED_EDGE('',*,*,#5366,.T.);
#2925=ORIENTED_EDGE('',*,*,#5367,.F.);
#2926=ORIENTED_EDGE('',*,*,#5368,.T.);
#2927=ORIENTED_EDGE('',*,*,#5369,.F.);
#2928=ORIENTED_EDGE('',*,*,#5370,.F.);
#2929=ORIENTED_EDGE('',*,*,#5371,.T.);
#2930=ORIENTED_EDGE('',*,*,#5372,.F.);
#2931=ORIENTED_EDGE('',*,*,#5373,.T.);
#2932=ORIENTED_EDGE('',*,*,#5374,.F.);
#2933=ORIENTED_EDGE('',*,*,#5375,.T.);
#2934=ORIENTED_EDGE('',*,*,#5376,.F.);
#2935=ORIENTED_EDGE('',*,*,#5377,.T.);
#2936=ORIENTED_EDGE('',*,*,#5378,.F.);
#2937=ORIENTED_EDGE('',*,*,#5379,.T.);
#2938=ORIENTED_EDGE('',*,*,#5380,.F.);
#2939=ORIENTED_EDGE('',*,*,#5381,.F.);
#2940=ORIENTED_EDGE('',*,*,#5382,.T.);
#2941=ORIENTED_EDGE('',*,*,#5383,.F.);
#2942=ORIENTED_EDGE('',*,*,#5384,.T.);
#2943=ORIENTED_EDGE('',*,*,#5385,.F.);
#2944=ORIENTED_EDGE('',*,*,#5386,.T.);
#2945=ORIENTED_EDGE('',*,*,#5387,.F.);
#2946=ORIENTED_EDGE('',*,*,#5388,.T.);
#2947=ORIENTED_EDGE('',*,*,#5389,.F.);
#2948=ORIENTED_EDGE('',*,*,#5390,.T.);
#2949=ORIENTED_EDGE('',*,*,#5391,.F.);
#2950=ORIENTED_EDGE('',*,*,#5392,.F.);
#2951=ORIENTED_EDGE('',*,*,#5393,.T.);
#2952=ORIENTED_EDGE('',*,*,#5394,.T.);
#2953=ORIENTED_EDGE('',*,*,#5395,.F.);
#2954=ORIENTED_EDGE('',*,*,#5396,.T.);
#2955=ORIENTED_EDGE('',*,*,#5397,.T.);
#2956=ORIENTED_EDGE('',*,*,#5398,.F.);
#2957=ORIENTED_EDGE('',*,*,#5399,.T.);
#2958=ORIENTED_EDGE('',*,*,#5400,.T.);
#2959=ORIENTED_EDGE('',*,*,#5401,.F.);
#2960=ORIENTED_EDGE('',*,*,#5402,.T.);
#2961=ORIENTED_EDGE('',*,*,#5403,.F.);
#2962=ORIENTED_EDGE('',*,*,#5404,.T.);
#2963=ORIENTED_EDGE('',*,*,#5405,.T.);
#2964=ORIENTED_EDGE('',*,*,#5406,.F.);
#2965=ORIENTED_EDGE('',*,*,#5407,.T.);
#2966=ORIENTED_EDGE('',*,*,#5408,.T.);
#2967=ORIENTED_EDGE('',*,*,#5409,.F.);
#2968=ORIENTED_EDGE('',*,*,#5410,.T.);
#2969=ORIENTED_EDGE('',*,*,#5411,.T.);
#2970=ORIENTED_EDGE('',*,*,#5412,.F.);
#2971=ORIENTED_EDGE('',*,*,#5413,.T.);
#2972=ORIENTED_EDGE('',*,*,#5414,.F.);
#2973=ORIENTED_EDGE('',*,*,#5415,.T.);
#2974=ORIENTED_EDGE('',*,*,#5416,.T.);
#2975=ORIENTED_EDGE('',*,*,#5417,.F.);
#2976=ORIENTED_EDGE('',*,*,#5418,.T.);
#2977=ORIENTED_EDGE('',*,*,#5419,.T.);
#2978=ORIENTED_EDGE('',*,*,#5420,.F.);
#2979=ORIENTED_EDGE('',*,*,#5421,.T.);
#2980=ORIENTED_EDGE('',*,*,#5422,.T.);
#2981=ORIENTED_EDGE('',*,*,#5423,.F.);
#2982=ORIENTED_EDGE('',*,*,#5424,.T.);
#2983=ORIENTED_EDGE('',*,*,#5425,.F.);
#2984=ORIENTED_EDGE('',*,*,#5426,.T.);
#2985=ORIENTED_EDGE('',*,*,#5427,.T.);
#2986=ORIENTED_EDGE('',*,*,#5428,.F.);
#2987=ORIENTED_EDGE('',*,*,#5429,.T.);
#2988=ORIENTED_EDGE('',*,*,#5430,.T.);
#2989=ORIENTED_EDGE('',*,*,#5431,.F.);
#2990=ORIENTED_EDGE('',*,*,#5432,.T.);
#2991=ORIENTED_EDGE('',*,*,#5433,.T.);
#2992=ORIENTED_EDGE('',*,*,#5434,.F.);
#2993=ORIENTED_EDGE('',*,*,#5435,.T.);
#2994=ORIENTED_EDGE('',*,*,#5436,.F.);
#2995=ORIENTED_EDGE('',*,*,#5437,.T.);
#2996=ORIENTED_EDGE('',*,*,#5438,.T.);
#2997=ORIENTED_EDGE('',*,*,#5439,.F.);
#2998=ORIENTED_EDGE('',*,*,#5440,.T.);
#2999=ORIENTED_EDGE('',*,*,#5441,.T.);
#3000=ORIENTED_EDGE('',*,*,#5442,.F.);
#3001=ORIENTED_EDGE('',*,*,#5443,.T.);
#3002=ORIENTED_EDGE('',*,*,#5444,.T.);
#3003=ORIENTED_EDGE('',*,*,#5445,.F.);
#3004=ORIENTED_EDGE('',*,*,#5446,.T.);
#3005=ORIENTED_EDGE('',*,*,#5447,.F.);
#3006=ORIENTED_EDGE('',*,*,#5448,.T.);
#3007=ORIENTED_EDGE('',*,*,#5449,.T.);
#3008=ORIENTED_EDGE('',*,*,#5450,.F.);
#3009=ORIENTED_EDGE('',*,*,#5451,.T.);
#3010=ORIENTED_EDGE('',*,*,#5452,.T.);
#3011=ORIENTED_EDGE('',*,*,#5453,.F.);
#3012=ORIENTED_EDGE('',*,*,#5454,.T.);
#3013=ORIENTED_EDGE('',*,*,#5455,.T.);
#3014=ORIENTED_EDGE('',*,*,#5456,.F.);
#3015=ORIENTED_EDGE('',*,*,#5457,.T.);
#3016=ORIENTED_EDGE('',*,*,#5458,.F.);
#3017=ORIENTED_EDGE('',*,*,#5459,.T.);
#3018=ORIENTED_EDGE('',*,*,#5460,.T.);
#3019=ORIENTED_EDGE('',*,*,#5461,.F.);
#3020=ORIENTED_EDGE('',*,*,#5462,.T.);
#3021=ORIENTED_EDGE('',*,*,#5463,.T.);
#3022=ORIENTED_EDGE('',*,*,#5464,.F.);
#3023=ORIENTED_EDGE('',*,*,#5465,.T.);
#3024=ORIENTED_EDGE('',*,*,#5466,.T.);
#3025=ORIENTED_EDGE('',*,*,#5467,.F.);
#3026=ORIENTED_EDGE('',*,*,#5468,.T.);
#3027=ORIENTED_EDGE('',*,*,#5469,.F.);
#3028=ORIENTED_EDGE('',*,*,#5470,.T.);
#3029=ORIENTED_EDGE('',*,*,#5471,.T.);
#3030=ORIENTED_EDGE('',*,*,#5472,.F.);
#3031=ORIENTED_EDGE('',*,*,#5473,.T.);
#3032=ORIENTED_EDGE('',*,*,#5474,.T.);
#3033=ORIENTED_EDGE('',*,*,#5475,.F.);
#3034=ORIENTED_EDGE('',*,*,#5476,.T.);
#3035=ORIENTED_EDGE('',*,*,#5477,.T.);
#3036=ORIENTED_EDGE('',*,*,#5478,.F.);
#3037=ORIENTED_EDGE('',*,*,#5479,.T.);
#3038=ORIENTED_EDGE('',*,*,#5480,.F.);
#3039=ORIENTED_EDGE('',*,*,#5481,.T.);
#3040=ORIENTED_EDGE('',*,*,#5482,.T.);
#3041=ORIENTED_EDGE('',*,*,#5483,.F.);
#3042=ORIENTED_EDGE('',*,*,#5484,.T.);
#3043=ORIENTED_EDGE('',*,*,#5485,.T.);
#3044=ORIENTED_EDGE('',*,*,#5486,.F.);
#3045=ORIENTED_EDGE('',*,*,#5487,.T.);
#3046=ORIENTED_EDGE('',*,*,#5488,.T.);
#3047=ORIENTED_EDGE('',*,*,#5489,.F.);
#3048=ORIENTED_EDGE('',*,*,#5490,.T.);
#3049=ORIENTED_EDGE('',*,*,#5491,.F.);
#3050=ORIENTED_EDGE('',*,*,#5492,.T.);
#3051=ORIENTED_EDGE('',*,*,#5493,.T.);
#3052=ORIENTED_EDGE('',*,*,#5494,.F.);
#3053=ORIENTED_EDGE('',*,*,#5495,.T.);
#3054=ORIENTED_EDGE('',*,*,#5496,.T.);
#3055=ORIENTED_EDGE('',*,*,#5497,.F.);
#3056=ORIENTED_EDGE('',*,*,#5498,.T.);
#3057=ORIENTED_EDGE('',*,*,#5499,.T.);
#3058=ORIENTED_EDGE('',*,*,#5500,.F.);
#3059=ORIENTED_EDGE('',*,*,#5501,.T.);
#3060=ORIENTED_EDGE('',*,*,#5398,.T.);
#3061=ORIENTED_EDGE('',*,*,#5502,.T.);
#3062=ORIENTED_EDGE('',*,*,#5289,.F.);
#3063=ORIENTED_EDGE('',*,*,#5503,.F.);
#3064=ORIENTED_EDGE('',*,*,#5409,.T.);
#3065=ORIENTED_EDGE('',*,*,#5504,.T.);
#3066=ORIENTED_EDGE('',*,*,#5300,.F.);
#3067=ORIENTED_EDGE('',*,*,#5505,.F.);
#3068=ORIENTED_EDGE('',*,*,#5420,.T.);
#3069=ORIENTED_EDGE('',*,*,#5506,.T.);
#3070=ORIENTED_EDGE('',*,*,#5311,.F.);
#3071=ORIENTED_EDGE('',*,*,#5507,.F.);
#3072=ORIENTED_EDGE('',*,*,#5431,.T.);
#3073=ORIENTED_EDGE('',*,*,#5508,.T.);
#3074=ORIENTED_EDGE('',*,*,#5322,.F.);
#3075=ORIENTED_EDGE('',*,*,#5509,.F.);
#3076=ORIENTED_EDGE('',*,*,#5442,.T.);
#3077=ORIENTED_EDGE('',*,*,#5510,.T.);
#3078=ORIENTED_EDGE('',*,*,#5333,.F.);
#3079=ORIENTED_EDGE('',*,*,#5511,.F.);
#3080=ORIENTED_EDGE('',*,*,#5453,.T.);
#3081=ORIENTED_EDGE('',*,*,#5512,.T.);
#3082=ORIENTED_EDGE('',*,*,#5344,.F.);
#3083=ORIENTED_EDGE('',*,*,#5513,.F.);
#3084=ORIENTED_EDGE('',*,*,#5464,.T.);
#3085=ORIENTED_EDGE('',*,*,#5514,.T.);
#3086=ORIENTED_EDGE('',*,*,#5355,.F.);
#3087=ORIENTED_EDGE('',*,*,#5515,.F.);
#3088=ORIENTED_EDGE('',*,*,#5475,.T.);
#3089=ORIENTED_EDGE('',*,*,#5516,.T.);
#3090=ORIENTED_EDGE('',*,*,#5366,.F.);
#3091=ORIENTED_EDGE('',*,*,#5517,.F.);
#3092=ORIENTED_EDGE('',*,*,#5486,.T.);
#3093=ORIENTED_EDGE('',*,*,#5518,.T.);
#3094=ORIENTED_EDGE('',*,*,#5377,.F.);
#3095=ORIENTED_EDGE('',*,*,#5519,.F.);
#3096=ORIENTED_EDGE('',*,*,#5497,.T.);
#3097=ORIENTED_EDGE('',*,*,#5520,.T.);
#3098=ORIENTED_EDGE('',*,*,#5388,.F.);
#3099=ORIENTED_EDGE('',*,*,#5521,.F.);
#3100=ORIENTED_EDGE('',*,*,#5522,.F.);
#3101=ORIENTED_EDGE('',*,*,#5523,.T.);
#3102=ORIENTED_EDGE('',*,*,#5524,.F.);
#3103=ORIENTED_EDGE('',*,*,#5525,.F.);
#3104=ORIENTED_EDGE('',*,*,#5526,.F.);
#3105=ORIENTED_EDGE('',*,*,#5527,.T.);
#3106=ORIENTED_EDGE('',*,*,#5528,.T.);
#3107=ORIENTED_EDGE('',*,*,#5285,.F.);
#3108=ORIENTED_EDGE('',*,*,#5529,.F.);
#3109=ORIENTED_EDGE('',*,*,#5402,.F.);
#3110=ORIENTED_EDGE('',*,*,#5530,.F.);
#3111=ORIENTED_EDGE('',*,*,#5296,.F.);
#3112=ORIENTED_EDGE('',*,*,#5531,.F.);
#3113=ORIENTED_EDGE('',*,*,#5532,.T.);
#3114=ORIENTED_EDGE('',*,*,#5533,.F.);
#3115=ORIENTED_EDGE('',*,*,#5534,.F.);
#3116=ORIENTED_EDGE('',*,*,#5535,.F.);
#3117=ORIENTED_EDGE('',*,*,#5536,.T.);
#3118=ORIENTED_EDGE('',*,*,#5537,.F.);
#3119=ORIENTED_EDGE('',*,*,#5538,.F.);
#3120=ORIENTED_EDGE('',*,*,#5539,.F.);
#3121=ORIENTED_EDGE('',*,*,#5413,.F.);
#3122=ORIENTED_EDGE('',*,*,#5540,.F.);
#3123=ORIENTED_EDGE('',*,*,#5307,.F.);
#3124=ORIENTED_EDGE('',*,*,#5541,.F.);
#3125=ORIENTED_EDGE('',*,*,#5542,.T.);
#3126=ORIENTED_EDGE('',*,*,#5543,.F.);
#3127=ORIENTED_EDGE('',*,*,#5544,.F.);
#3128=ORIENTED_EDGE('',*,*,#5545,.F.);
#3129=ORIENTED_EDGE('',*,*,#5546,.T.);
#3130=ORIENTED_EDGE('',*,*,#5547,.F.);
#3131=ORIENTED_EDGE('',*,*,#5548,.F.);
#3132=ORIENTED_EDGE('',*,*,#5549,.F.);
#3133=ORIENTED_EDGE('',*,*,#5424,.F.);
#3134=ORIENTED_EDGE('',*,*,#5550,.F.);
#3135=ORIENTED_EDGE('',*,*,#5318,.F.);
#3136=ORIENTED_EDGE('',*,*,#5551,.F.);
#3137=ORIENTED_EDGE('',*,*,#5552,.T.);
#3138=ORIENTED_EDGE('',*,*,#5553,.F.);
#3139=ORIENTED_EDGE('',*,*,#5554,.F.);
#3140=ORIENTED_EDGE('',*,*,#5555,.F.);
#3141=ORIENTED_EDGE('',*,*,#5556,.T.);
#3142=ORIENTED_EDGE('',*,*,#5557,.F.);
#3143=ORIENTED_EDGE('',*,*,#5558,.F.);
#3144=ORIENTED_EDGE('',*,*,#5559,.F.);
#3145=ORIENTED_EDGE('',*,*,#5435,.F.);
#3146=ORIENTED_EDGE('',*,*,#5560,.F.);
#3147=ORIENTED_EDGE('',*,*,#5329,.F.);
#3148=ORIENTED_EDGE('',*,*,#5561,.F.);
#3149=ORIENTED_EDGE('',*,*,#5562,.T.);
#3150=ORIENTED_EDGE('',*,*,#5563,.F.);
#3151=ORIENTED_EDGE('',*,*,#5564,.F.);
#3152=ORIENTED_EDGE('',*,*,#5565,.F.);
#3153=ORIENTED_EDGE('',*,*,#5566,.T.);
#3154=ORIENTED_EDGE('',*,*,#5567,.F.);
#3155=ORIENTED_EDGE('',*,*,#5568,.F.);
#3156=ORIENTED_EDGE('',*,*,#5569,.F.);
#3157=ORIENTED_EDGE('',*,*,#5446,.F.);
#3158=ORIENTED_EDGE('',*,*,#5570,.F.);
#3159=ORIENTED_EDGE('',*,*,#5340,.F.);
#3160=ORIENTED_EDGE('',*,*,#5571,.F.);
#3161=ORIENTED_EDGE('',*,*,#5572,.T.);
#3162=ORIENTED_EDGE('',*,*,#5573,.F.);
#3163=ORIENTED_EDGE('',*,*,#5574,.F.);
#3164=ORIENTED_EDGE('',*,*,#5575,.F.);
#3165=ORIENTED_EDGE('',*,*,#5576,.T.);
#3166=ORIENTED_EDGE('',*,*,#5577,.F.);
#3167=ORIENTED_EDGE('',*,*,#5578,.F.);
#3168=ORIENTED_EDGE('',*,*,#5579,.F.);
#3169=ORIENTED_EDGE('',*,*,#5457,.F.);
#3170=ORIENTED_EDGE('',*,*,#5580,.F.);
#3171=ORIENTED_EDGE('',*,*,#5351,.F.);
#3172=ORIENTED_EDGE('',*,*,#5581,.F.);
#3173=ORIENTED_EDGE('',*,*,#5582,.T.);
#3174=ORIENTED_EDGE('',*,*,#5583,.F.);
#3175=ORIENTED_EDGE('',*,*,#5584,.F.);
#3176=ORIENTED_EDGE('',*,*,#5585,.F.);
#3177=ORIENTED_EDGE('',*,*,#5586,.T.);
#3178=ORIENTED_EDGE('',*,*,#5587,.F.);
#3179=ORIENTED_EDGE('',*,*,#5588,.F.);
#3180=ORIENTED_EDGE('',*,*,#5589,.F.);
#3181=ORIENTED_EDGE('',*,*,#5468,.F.);
#3182=ORIENTED_EDGE('',*,*,#5590,.F.);
#3183=ORIENTED_EDGE('',*,*,#5362,.F.);
#3184=ORIENTED_EDGE('',*,*,#5591,.F.);
#3185=ORIENTED_EDGE('',*,*,#5592,.T.);
#3186=ORIENTED_EDGE('',*,*,#5593,.F.);
#3187=ORIENTED_EDGE('',*,*,#5594,.F.);
#3188=ORIENTED_EDGE('',*,*,#5595,.F.);
#3189=ORIENTED_EDGE('',*,*,#5596,.T.);
#3190=ORIENTED_EDGE('',*,*,#5597,.F.);
#3191=ORIENTED_EDGE('',*,*,#5598,.F.);
#3192=ORIENTED_EDGE('',*,*,#5599,.F.);
#3193=ORIENTED_EDGE('',*,*,#5479,.F.);
#3194=ORIENTED_EDGE('',*,*,#5600,.F.);
#3195=ORIENTED_EDGE('',*,*,#5373,.F.);
#3196=ORIENTED_EDGE('',*,*,#5601,.F.);
#3197=ORIENTED_EDGE('',*,*,#5602,.T.);
#3198=ORIENTED_EDGE('',*,*,#5603,.F.);
#3199=ORIENTED_EDGE('',*,*,#5604,.F.);
#3200=ORIENTED_EDGE('',*,*,#5605,.F.);
#3201=ORIENTED_EDGE('',*,*,#5606,.T.);
#3202=ORIENTED_EDGE('',*,*,#5607,.F.);
#3203=ORIENTED_EDGE('',*,*,#5608,.F.);
#3204=ORIENTED_EDGE('',*,*,#5609,.F.);
#3205=ORIENTED_EDGE('',*,*,#5490,.F.);
#3206=ORIENTED_EDGE('',*,*,#5610,.F.);
#3207=ORIENTED_EDGE('',*,*,#5384,.F.);
#3208=ORIENTED_EDGE('',*,*,#5611,.F.);
#3209=ORIENTED_EDGE('',*,*,#5612,.T.);
#3210=ORIENTED_EDGE('',*,*,#5613,.F.);
#3211=ORIENTED_EDGE('',*,*,#5614,.F.);
#3212=ORIENTED_EDGE('',*,*,#5615,.F.);
#3213=ORIENTED_EDGE('',*,*,#5616,.T.);
#3214=ORIENTED_EDGE('',*,*,#5617,.F.);
#3215=ORIENTED_EDGE('',*,*,#5618,.F.);
#3216=ORIENTED_EDGE('',*,*,#5619,.T.);
#3217=ORIENTED_EDGE('',*,*,#5286,.T.);
#3218=ORIENTED_EDGE('',*,*,#5528,.F.);
#3219=ORIENTED_EDGE('',*,*,#5620,.F.);
#3220=ORIENTED_EDGE('',*,*,#5401,.T.);
#3221=ORIENTED_EDGE('',*,*,#5621,.T.);
#3222=ORIENTED_EDGE('',*,*,#5297,.T.);
#3223=ORIENTED_EDGE('',*,*,#5530,.T.);
#3224=ORIENTED_EDGE('',*,*,#5412,.T.);
#3225=ORIENTED_EDGE('',*,*,#5622,.T.);
#3226=ORIENTED_EDGE('',*,*,#5308,.T.);
#3227=ORIENTED_EDGE('',*,*,#5540,.T.);
#3228=ORIENTED_EDGE('',*,*,#5423,.T.);
#3229=ORIENTED_EDGE('',*,*,#5623,.T.);
#3230=ORIENTED_EDGE('',*,*,#5319,.T.);
#3231=ORIENTED_EDGE('',*,*,#5550,.T.);
#3232=ORIENTED_EDGE('',*,*,#5434,.T.);
#3233=ORIENTED_EDGE('',*,*,#5624,.T.);
#3234=ORIENTED_EDGE('',*,*,#5330,.T.);
#3235=ORIENTED_EDGE('',*,*,#5560,.T.);
#3236=ORIENTED_EDGE('',*,*,#5445,.T.);
#3237=ORIENTED_EDGE('',*,*,#5625,.T.);
#3238=ORIENTED_EDGE('',*,*,#5341,.T.);
#3239=ORIENTED_EDGE('',*,*,#5570,.T.);
#3240=ORIENTED_EDGE('',*,*,#5456,.T.);
#3241=ORIENTED_EDGE('',*,*,#5626,.T.);
#3242=ORIENTED_EDGE('',*,*,#5352,.T.);
#3243=ORIENTED_EDGE('',*,*,#5580,.T.);
#3244=ORIENTED_EDGE('',*,*,#5467,.T.);
#3245=ORIENTED_EDGE('',*,*,#5627,.T.);
#3246=ORIENTED_EDGE('',*,*,#5363,.T.);
#3247=ORIENTED_EDGE('',*,*,#5590,.T.);
#3248=ORIENTED_EDGE('',*,*,#5478,.T.);
#3249=ORIENTED_EDGE('',*,*,#5628,.T.);
#3250=ORIENTED_EDGE('',*,*,#5374,.T.);
#3251=ORIENTED_EDGE('',*,*,#5600,.T.);
#3252=ORIENTED_EDGE('',*,*,#5489,.T.);
#3253=ORIENTED_EDGE('',*,*,#5629,.T.);
#3254=ORIENTED_EDGE('',*,*,#5385,.T.);
#3255=ORIENTED_EDGE('',*,*,#5610,.T.);
#3256=ORIENTED_EDGE('',*,*,#5630,.F.);
#3257=ORIENTED_EDGE('',*,*,#5631,.F.);
#3258=ORIENTED_EDGE('',*,*,#5632,.F.);
#3259=ORIENTED_EDGE('',*,*,#5633,.F.);
#3260=ORIENTED_EDGE('',*,*,#5634,.F.);
#3261=ORIENTED_EDGE('',*,*,#5635,.F.);
#3262=ORIENTED_EDGE('',*,*,#5636,.F.);
#3263=ORIENTED_EDGE('',*,*,#5637,.F.);
#3264=ORIENTED_EDGE('',*,*,#5638,.F.);
#3265=ORIENTED_EDGE('',*,*,#5287,.F.);
#3266=ORIENTED_EDGE('',*,*,#5619,.F.);
#3267=ORIENTED_EDGE('',*,*,#5639,.T.);
#3268=ORIENTED_EDGE('',*,*,#5640,.T.);
#3269=ORIENTED_EDGE('',*,*,#5641,.F.);
#3270=ORIENTED_EDGE('',*,*,#5642,.F.);
#3271=ORIENTED_EDGE('',*,*,#5499,.F.);
#3272=ORIENTED_EDGE('',*,*,#5643,.F.);
#3273=ORIENTED_EDGE('',*,*,#5386,.F.);
#3274=ORIENTED_EDGE('',*,*,#5629,.F.);
#3275=ORIENTED_EDGE('',*,*,#5488,.F.);
#3276=ORIENTED_EDGE('',*,*,#5644,.F.);
#3277=ORIENTED_EDGE('',*,*,#5375,.F.);
#3278=ORIENTED_EDGE('',*,*,#5628,.F.);
#3279=ORIENTED_EDGE('',*,*,#5477,.F.);
#3280=ORIENTED_EDGE('',*,*,#5645,.F.);
#3281=ORIENTED_EDGE('',*,*,#5364,.F.);
#3282=ORIENTED_EDGE('',*,*,#5627,.F.);
#3283=ORIENTED_EDGE('',*,*,#5466,.F.);
#3284=ORIENTED_EDGE('',*,*,#5646,.F.);
#3285=ORIENTED_EDGE('',*,*,#5353,.F.);
#3286=ORIENTED_EDGE('',*,*,#5626,.F.);
#3287=ORIENTED_EDGE('',*,*,#5455,.F.);
#3288=ORIENTED_EDGE('',*,*,#5647,.F.);
#3289=ORIENTED_EDGE('',*,*,#5342,.F.);
#3290=ORIENTED_EDGE('',*,*,#5625,.F.);
#3291=ORIENTED_EDGE('',*,*,#5444,.F.);
#3292=ORIENTED_EDGE('',*,*,#5648,.F.);
#3293=ORIENTED_EDGE('',*,*,#5331,.F.);
#3294=ORIENTED_EDGE('',*,*,#5624,.F.);
#3295=ORIENTED_EDGE('',*,*,#5433,.F.);
#3296=ORIENTED_EDGE('',*,*,#5649,.F.);
#3297=ORIENTED_EDGE('',*,*,#5320,.F.);
#3298=ORIENTED_EDGE('',*,*,#5623,.F.);
#3299=ORIENTED_EDGE('',*,*,#5422,.F.);
#3300=ORIENTED_EDGE('',*,*,#5650,.F.);
#3301=ORIENTED_EDGE('',*,*,#5309,.F.);
#3302=ORIENTED_EDGE('',*,*,#5622,.F.);
#3303=ORIENTED_EDGE('',*,*,#5411,.F.);
#3304=ORIENTED_EDGE('',*,*,#5651,.F.);
#3305=ORIENTED_EDGE('',*,*,#5298,.F.);
#3306=ORIENTED_EDGE('',*,*,#5621,.F.);
#3307=ORIENTED_EDGE('',*,*,#5400,.F.);
#3308=ORIENTED_EDGE('',*,*,#5652,.F.);
#3309=ORIENTED_EDGE('',*,*,#5653,.F.);
#3310=ORIENTED_EDGE('',*,*,#5641,.T.);
#3311=ORIENTED_EDGE('',*,*,#5654,.T.);
#3312=ORIENTED_EDGE('',*,*,#5655,.F.);
#3313=ORIENTED_EDGE('',*,*,#5656,.F.);
#3314=ORIENTED_EDGE('',*,*,#5657,.F.);
#3315=ORIENTED_EDGE('',*,*,#5658,.F.);
#3316=ORIENTED_EDGE('',*,*,#5659,.T.);
#3317=ORIENTED_EDGE('',*,*,#5655,.T.);
#3318=ORIENTED_EDGE('',*,*,#5660,.T.);
#3319=ORIENTED_EDGE('',*,*,#5524,.T.);
#3320=ORIENTED_EDGE('',*,*,#5661,.T.);
#3321=ORIENTED_EDGE('',*,*,#5662,.T.);
#3322=ORIENTED_EDGE('',*,*,#5282,.T.);
#3323=ORIENTED_EDGE('',*,*,#5663,.F.);
#3324=ORIENTED_EDGE('',*,*,#5394,.F.);
#3325=ORIENTED_EDGE('',*,*,#5664,.T.);
#3326=ORIENTED_EDGE('',*,*,#5665,.T.);
#3327=ORIENTED_EDGE('',*,*,#5537,.T.);
#3328=ORIENTED_EDGE('',*,*,#5666,.F.);
#3329=ORIENTED_EDGE('',*,*,#5667,.F.);
#3330=ORIENTED_EDGE('',*,*,#5668,.F.);
#3331=ORIENTED_EDGE('',*,*,#5533,.T.);
#3332=ORIENTED_EDGE('',*,*,#5669,.T.);
#3333=ORIENTED_EDGE('',*,*,#5670,.T.);
#3334=ORIENTED_EDGE('',*,*,#5293,.T.);
#3335=ORIENTED_EDGE('',*,*,#5671,.F.);
#3336=ORIENTED_EDGE('',*,*,#5405,.F.);
#3337=ORIENTED_EDGE('',*,*,#5672,.T.);
#3338=ORIENTED_EDGE('',*,*,#5673,.T.);
#3339=ORIENTED_EDGE('',*,*,#5547,.T.);
#3340=ORIENTED_EDGE('',*,*,#5674,.F.);
#3341=ORIENTED_EDGE('',*,*,#5675,.F.);
#3342=ORIENTED_EDGE('',*,*,#5676,.F.);
#3343=ORIENTED_EDGE('',*,*,#5543,.T.);
#3344=ORIENTED_EDGE('',*,*,#5677,.T.);
#3345=ORIENTED_EDGE('',*,*,#5678,.T.);
#3346=ORIENTED_EDGE('',*,*,#5304,.T.);
#3347=ORIENTED_EDGE('',*,*,#5679,.F.);
#3348=ORIENTED_EDGE('',*,*,#5416,.F.);
#3349=ORIENTED_EDGE('',*,*,#5680,.T.);
#3350=ORIENTED_EDGE('',*,*,#5681,.T.);
#3351=ORIENTED_EDGE('',*,*,#5557,.T.);
#3352=ORIENTED_EDGE('',*,*,#5682,.F.);
#3353=ORIENTED_EDGE('',*,*,#5683,.F.);
#3354=ORIENTED_EDGE('',*,*,#5684,.F.);
#3355=ORIENTED_EDGE('',*,*,#5553,.T.);
#3356=ORIENTED_EDGE('',*,*,#5685,.T.);
#3357=ORIENTED_EDGE('',*,*,#5686,.T.);
#3358=ORIENTED_EDGE('',*,*,#5315,.T.);
#3359=ORIENTED_EDGE('',*,*,#5687,.F.);
#3360=ORIENTED_EDGE('',*,*,#5427,.F.);
#3361=ORIENTED_EDGE('',*,*,#5688,.T.);
#3362=ORIENTED_EDGE('',*,*,#5689,.T.);
#3363=ORIENTED_EDGE('',*,*,#5567,.T.);
#3364=ORIENTED_EDGE('',*,*,#5690,.F.);
#3365=ORIENTED_EDGE('',*,*,#5691,.F.);
#3366=ORIENTED_EDGE('',*,*,#5692,.F.);
#3367=ORIENTED_EDGE('',*,*,#5563,.T.);
#3368=ORIENTED_EDGE('',*,*,#5693,.T.);
#3369=ORIENTED_EDGE('',*,*,#5694,.T.);
#3370=ORIENTED_EDGE('',*,*,#5326,.T.);
#3371=ORIENTED_EDGE('',*,*,#5695,.F.);
#3372=ORIENTED_EDGE('',*,*,#5438,.F.);
#3373=ORIENTED_EDGE('',*,*,#5696,.T.);
#3374=ORIENTED_EDGE('',*,*,#5697,.T.);
#3375=ORIENTED_EDGE('',*,*,#5577,.T.);
#3376=ORIENTED_EDGE('',*,*,#5698,.F.);
#3377=ORIENTED_EDGE('',*,*,#5699,.F.);
#3378=ORIENTED_EDGE('',*,*,#5700,.F.);
#3379=ORIENTED_EDGE('',*,*,#5573,.T.);
#3380=ORIENTED_EDGE('',*,*,#5701,.T.);
#3381=ORIENTED_EDGE('',*,*,#5702,.T.);
#3382=ORIENTED_EDGE('',*,*,#5337,.T.);
#3383=ORIENTED_EDGE('',*,*,#5703,.F.);
#3384=ORIENTED_EDGE('',*,*,#5449,.F.);
#3385=ORIENTED_EDGE('',*,*,#5704,.T.);
#3386=ORIENTED_EDGE('',*,*,#5705,.T.);
#3387=ORIENTED_EDGE('',*,*,#5587,.T.);
#3388=ORIENTED_EDGE('',*,*,#5706,.F.);
#3389=ORIENTED_EDGE('',*,*,#5707,.F.);
#3390=ORIENTED_EDGE('',*,*,#5708,.F.);
#3391=ORIENTED_EDGE('',*,*,#5583,.T.);
#3392=ORIENTED_EDGE('',*,*,#5709,.T.);
#3393=ORIENTED_EDGE('',*,*,#5710,.T.);
#3394=ORIENTED_EDGE('',*,*,#5348,.T.);
#3395=ORIENTED_EDGE('',*,*,#5711,.F.);
#3396=ORIENTED_EDGE('',*,*,#5460,.F.);
#3397=ORIENTED_EDGE('',*,*,#5712,.T.);
#3398=ORIENTED_EDGE('',*,*,#5713,.T.);
#3399=ORIENTED_EDGE('',*,*,#5597,.T.);
#3400=ORIENTED_EDGE('',*,*,#5714,.F.);
#3401=ORIENTED_EDGE('',*,*,#5715,.F.);
#3402=ORIENTED_EDGE('',*,*,#5716,.F.);
#3403=ORIENTED_EDGE('',*,*,#5593,.T.);
#3404=ORIENTED_EDGE('',*,*,#5717,.T.);
#3405=ORIENTED_EDGE('',*,*,#5718,.T.);
#3406=ORIENTED_EDGE('',*,*,#5359,.T.);
#3407=ORIENTED_EDGE('',*,*,#5719,.F.);
#3408=ORIENTED_EDGE('',*,*,#5471,.F.);
#3409=ORIENTED_EDGE('',*,*,#5720,.T.);
#3410=ORIENTED_EDGE('',*,*,#5721,.T.);
#3411=ORIENTED_EDGE('',*,*,#5607,.T.);
#3412=ORIENTED_EDGE('',*,*,#5722,.F.);
#3413=ORIENTED_EDGE('',*,*,#5723,.F.);
#3414=ORIENTED_EDGE('',*,*,#5724,.F.);
#3415=ORIENTED_EDGE('',*,*,#5603,.T.);
#3416=ORIENTED_EDGE('',*,*,#5725,.T.);
#3417=ORIENTED_EDGE('',*,*,#5726,.T.);
#3418=ORIENTED_EDGE('',*,*,#5370,.T.);
#3419=ORIENTED_EDGE('',*,*,#5727,.F.);
#3420=ORIENTED_EDGE('',*,*,#5482,.F.);
#3421=ORIENTED_EDGE('',*,*,#5728,.T.);
#3422=ORIENTED_EDGE('',*,*,#5729,.T.);
#3423=ORIENTED_EDGE('',*,*,#5617,.T.);
#3424=ORIENTED_EDGE('',*,*,#5730,.F.);
#3425=ORIENTED_EDGE('',*,*,#5731,.F.);
#3426=ORIENTED_EDGE('',*,*,#5732,.F.);
#3427=ORIENTED_EDGE('',*,*,#5613,.T.);
#3428=ORIENTED_EDGE('',*,*,#5733,.T.);
#3429=ORIENTED_EDGE('',*,*,#5734,.T.);
#3430=ORIENTED_EDGE('',*,*,#5381,.T.);
#3431=ORIENTED_EDGE('',*,*,#5735,.F.);
#3432=ORIENTED_EDGE('',*,*,#5493,.F.);
#3433=ORIENTED_EDGE('',*,*,#5736,.T.);
#3434=ORIENTED_EDGE('',*,*,#5737,.T.);
#3435=ORIENTED_EDGE('',*,*,#5738,.T.);
#3436=ORIENTED_EDGE('',*,*,#5739,.F.);
#3437=ORIENTED_EDGE('',*,*,#5740,.F.);
#3438=ORIENTED_EDGE('',*,*,#5741,.F.);
#3439=ORIENTED_EDGE('',*,*,#5639,.F.);
#3440=ORIENTED_EDGE('',*,*,#5620,.T.);
#3441=ORIENTED_EDGE('',*,*,#5527,.F.);
#3442=ORIENTED_EDGE('',*,*,#5742,.T.);
#3443=ORIENTED_EDGE('',*,*,#5743,.T.);
#3444=ORIENTED_EDGE('',*,*,#5658,.T.);
#3445=ORIENTED_EDGE('',*,*,#5744,.T.);
#3446=ORIENTED_EDGE('',*,*,#5745,.F.);
#3447=ORIENTED_EDGE('',*,*,#5501,.F.);
#3448=ORIENTED_EDGE('',*,*,#5746,.F.);
#3449=ORIENTED_EDGE('',*,*,#5652,.T.);
#3450=ORIENTED_EDGE('',*,*,#5747,.F.);
#3451=ORIENTED_EDGE('',*,*,#5748,.T.);
#3452=ORIENTED_EDGE('',*,*,#5738,.F.);
#3453=ORIENTED_EDGE('',*,*,#5749,.F.);
#3454=ORIENTED_EDGE('',*,*,#5292,.T.);
#3455=ORIENTED_EDGE('',*,*,#5750,.T.);
#3456=ORIENTED_EDGE('',*,*,#5395,.T.);
#3457=ORIENTED_EDGE('',*,*,#5663,.T.);
#3458=ORIENTED_EDGE('',*,*,#5303,.T.);
#3459=ORIENTED_EDGE('',*,*,#5751,.T.);
#3460=ORIENTED_EDGE('',*,*,#5406,.T.);
#3461=ORIENTED_EDGE('',*,*,#5671,.T.);
#3462=ORIENTED_EDGE('',*,*,#5314,.T.);
#3463=ORIENTED_EDGE('',*,*,#5752,.T.);
#3464=ORIENTED_EDGE('',*,*,#5417,.T.);
#3465=ORIENTED_EDGE('',*,*,#5679,.T.);
#3466=ORIENTED_EDGE('',*,*,#5325,.T.);
#3467=ORIENTED_EDGE('',*,*,#5753,.T.);
#3468=ORIENTED_EDGE('',*,*,#5428,.T.);
#3469=ORIENTED_EDGE('',*,*,#5687,.T.);
#3470=ORIENTED_EDGE('',*,*,#5336,.T.);
#3471=ORIENTED_EDGE('',*,*,#5754,.T.);
#3472=ORIENTED_EDGE('',*,*,#5439,.T.);
#3473=ORIENTED_EDGE('',*,*,#5695,.T.);
#3474=ORIENTED_EDGE('',*,*,#5347,.T.);
#3475=ORIENTED_EDGE('',*,*,#5755,.T.);
#3476=ORIENTED_EDGE('',*,*,#5450,.T.);
#3477=ORIENTED_EDGE('',*,*,#5703,.T.);
#3478=ORIENTED_EDGE('',*,*,#5358,.T.);
#3479=ORIENTED_EDGE('',*,*,#5756,.T.);
#3480=ORIENTED_EDGE('',*,*,#5461,.T.);
#3481=ORIENTED_EDGE('',*,*,#5711,.T.);
#3482=ORIENTED_EDGE('',*,*,#5369,.T.);
#3483=ORIENTED_EDGE('',*,*,#5757,.T.);
#3484=ORIENTED_EDGE('',*,*,#5472,.T.);
#3485=ORIENTED_EDGE('',*,*,#5719,.T.);
#3486=ORIENTED_EDGE('',*,*,#5380,.T.);
#3487=ORIENTED_EDGE('',*,*,#5758,.T.);
#3488=ORIENTED_EDGE('',*,*,#5483,.T.);
#3489=ORIENTED_EDGE('',*,*,#5727,.T.);
#3490=ORIENTED_EDGE('',*,*,#5391,.T.);
#3491=ORIENTED_EDGE('',*,*,#5759,.T.);
#3492=ORIENTED_EDGE('',*,*,#5494,.T.);
#3493=ORIENTED_EDGE('',*,*,#5735,.T.);
#3494=ORIENTED_EDGE('',*,*,#5640,.F.);
#3495=ORIENTED_EDGE('',*,*,#5744,.F.);
#3496=ORIENTED_EDGE('',*,*,#5660,.F.);
#3497=ORIENTED_EDGE('',*,*,#5654,.F.);
#3498=ORIENTED_EDGE('',*,*,#5760,.T.);
#3499=ORIENTED_EDGE('',*,*,#5761,.T.);
#3500=ORIENTED_EDGE('',*,*,#5762,.T.);
#3501=ORIENTED_EDGE('',*,*,#5763,.T.);
#3502=ORIENTED_EDGE('',*,*,#5764,.T.);
#3503=ORIENTED_EDGE('',*,*,#5526,.T.);
#3504=ORIENTED_EDGE('',*,*,#5765,.T.);
#3505=ORIENTED_EDGE('',*,*,#5766,.T.);
#3506=ORIENTED_EDGE('',*,*,#5767,.T.);
#3507=ORIENTED_EDGE('',*,*,#5535,.T.);
#3508=ORIENTED_EDGE('',*,*,#5768,.T.);
#3509=ORIENTED_EDGE('',*,*,#5769,.T.);
#3510=ORIENTED_EDGE('',*,*,#5770,.T.);
#3511=ORIENTED_EDGE('',*,*,#5545,.T.);
#3512=ORIENTED_EDGE('',*,*,#5771,.T.);
#3513=ORIENTED_EDGE('',*,*,#5772,.T.);
#3514=ORIENTED_EDGE('',*,*,#5773,.T.);
#3515=ORIENTED_EDGE('',*,*,#5555,.T.);
#3516=ORIENTED_EDGE('',*,*,#5774,.T.);
#3517=ORIENTED_EDGE('',*,*,#5775,.T.);
#3518=ORIENTED_EDGE('',*,*,#5776,.T.);
#3519=ORIENTED_EDGE('',*,*,#5565,.T.);
#3520=ORIENTED_EDGE('',*,*,#5777,.T.);
#3521=ORIENTED_EDGE('',*,*,#5778,.T.);
#3522=ORIENTED_EDGE('',*,*,#5779,.T.);
#3523=ORIENTED_EDGE('',*,*,#5575,.T.);
#3524=ORIENTED_EDGE('',*,*,#5780,.T.);
#3525=ORIENTED_EDGE('',*,*,#5781,.T.);
#3526=ORIENTED_EDGE('',*,*,#5782,.T.);
#3527=ORIENTED_EDGE('',*,*,#5585,.T.);
#3528=ORIENTED_EDGE('',*,*,#5783,.T.);
#3529=ORIENTED_EDGE('',*,*,#5784,.T.);
#3530=ORIENTED_EDGE('',*,*,#5785,.T.);
#3531=ORIENTED_EDGE('',*,*,#5595,.T.);
#3532=ORIENTED_EDGE('',*,*,#5786,.T.);
#3533=ORIENTED_EDGE('',*,*,#5787,.T.);
#3534=ORIENTED_EDGE('',*,*,#5788,.T.);
#3535=ORIENTED_EDGE('',*,*,#5605,.T.);
#3536=ORIENTED_EDGE('',*,*,#5789,.T.);
#3537=ORIENTED_EDGE('',*,*,#5790,.T.);
#3538=ORIENTED_EDGE('',*,*,#5791,.T.);
#3539=ORIENTED_EDGE('',*,*,#5615,.T.);
#3540=ORIENTED_EDGE('',*,*,#5792,.T.);
#3541=ORIENTED_EDGE('',*,*,#5793,.T.);
#3542=ORIENTED_EDGE('',*,*,#5794,.T.);
#3543=ORIENTED_EDGE('',*,*,#5747,.T.);
#3544=ORIENTED_EDGE('',*,*,#5657,.T.);
#3545=ORIENTED_EDGE('',*,*,#5795,.F.);
#3546=ORIENTED_EDGE('',*,*,#5742,.F.);
#3547=ORIENTED_EDGE('',*,*,#5656,.T.);
#3548=ORIENTED_EDGE('',*,*,#5659,.F.);
#3549=ORIENTED_EDGE('',*,*,#5743,.F.);
#3550=ORIENTED_EDGE('',*,*,#5795,.T.);
#3551=ORIENTED_EDGE('',*,*,#5500,.T.);
#3552=ORIENTED_EDGE('',*,*,#5642,.T.);
#3553=ORIENTED_EDGE('',*,*,#5653,.T.);
#3554=ORIENTED_EDGE('',*,*,#5746,.T.);
#3555=ORIENTED_EDGE('',*,*,#5521,.T.);
#3556=ORIENTED_EDGE('',*,*,#5387,.T.);
#3557=ORIENTED_EDGE('',*,*,#5643,.T.);
#3558=ORIENTED_EDGE('',*,*,#5498,.F.);
#3559=ORIENTED_EDGE('',*,*,#5519,.T.);
#3560=ORIENTED_EDGE('',*,*,#5376,.T.);
#3561=ORIENTED_EDGE('',*,*,#5644,.T.);
#3562=ORIENTED_EDGE('',*,*,#5487,.F.);
#3563=ORIENTED_EDGE('',*,*,#5517,.T.);
#3564=ORIENTED_EDGE('',*,*,#5365,.T.);
#3565=ORIENTED_EDGE('',*,*,#5645,.T.);
#3566=ORIENTED_EDGE('',*,*,#5476,.F.);
#3567=ORIENTED_EDGE('',*,*,#5515,.T.);
#3568=ORIENTED_EDGE('',*,*,#5354,.T.);
#3569=ORIENTED_EDGE('',*,*,#5646,.T.);
#3570=ORIENTED_EDGE('',*,*,#5465,.F.);
#3571=ORIENTED_EDGE('',*,*,#5513,.T.);
#3572=ORIENTED_EDGE('',*,*,#5343,.T.);
#3573=ORIENTED_EDGE('',*,*,#5647,.T.);
#3574=ORIENTED_EDGE('',*,*,#5454,.F.);
#3575=ORIENTED_EDGE('',*,*,#5511,.T.);
#3576=ORIENTED_EDGE('',*,*,#5332,.T.);
#3577=ORIENTED_EDGE('',*,*,#5648,.T.);
#3578=ORIENTED_EDGE('',*,*,#5443,.F.);
#3579=ORIENTED_EDGE('',*,*,#5509,.T.);
#3580=ORIENTED_EDGE('',*,*,#5321,.T.);
#3581=ORIENTED_EDGE('',*,*,#5649,.T.);
#3582=ORIENTED_EDGE('',*,*,#5432,.F.);
#3583=ORIENTED_EDGE('',*,*,#5507,.T.);
#3584=ORIENTED_EDGE('',*,*,#5310,.T.);
#3585=ORIENTED_EDGE('',*,*,#5650,.T.);
#3586=ORIENTED_EDGE('',*,*,#5421,.F.);
#3587=ORIENTED_EDGE('',*,*,#5505,.T.);
#3588=ORIENTED_EDGE('',*,*,#5299,.T.);
#3589=ORIENTED_EDGE('',*,*,#5651,.T.);
#3590=ORIENTED_EDGE('',*,*,#5410,.F.);
#3591=ORIENTED_EDGE('',*,*,#5503,.T.);
#3592=ORIENTED_EDGE('',*,*,#5288,.T.);
#3593=ORIENTED_EDGE('',*,*,#5638,.T.);
#3594=ORIENTED_EDGE('',*,*,#5399,.F.);
#3595=ORIENTED_EDGE('',*,*,#5739,.T.);
#3596=ORIENTED_EDGE('',*,*,#5748,.F.);
#3597=ORIENTED_EDGE('',*,*,#5794,.F.);
#3598=ORIENTED_EDGE('',*,*,#5796,.T.);
#3599=ORIENTED_EDGE('',*,*,#5740,.T.);
#3600=ORIENTED_EDGE('',*,*,#5796,.F.);
#3601=ORIENTED_EDGE('',*,*,#5793,.F.);
#3602=ORIENTED_EDGE('',*,*,#5797,.T.);
#3603=ORIENTED_EDGE('',*,*,#5741,.T.);
#3604=ORIENTED_EDGE('',*,*,#5797,.F.);
#3605=ORIENTED_EDGE('',*,*,#5792,.F.);
#3606=ORIENTED_EDGE('',*,*,#5614,.T.);
#3607=ORIENTED_EDGE('',*,*,#5730,.T.);
#3608=ORIENTED_EDGE('',*,*,#5616,.F.);
#3609=ORIENTED_EDGE('',*,*,#5791,.F.);
#3610=ORIENTED_EDGE('',*,*,#5798,.T.);
#3611=ORIENTED_EDGE('',*,*,#5731,.T.);
#3612=ORIENTED_EDGE('',*,*,#5798,.F.);
#3613=ORIENTED_EDGE('',*,*,#5790,.F.);
#3614=ORIENTED_EDGE('',*,*,#5799,.T.);
#3615=ORIENTED_EDGE('',*,*,#5732,.T.);
#3616=ORIENTED_EDGE('',*,*,#5799,.F.);
#3617=ORIENTED_EDGE('',*,*,#5789,.F.);
#3618=ORIENTED_EDGE('',*,*,#5604,.T.);
#3619=ORIENTED_EDGE('',*,*,#5722,.T.);
#3620=ORIENTED_EDGE('',*,*,#5606,.F.);
#3621=ORIENTED_EDGE('',*,*,#5788,.F.);
#3622=ORIENTED_EDGE('',*,*,#5800,.T.);
#3623=ORIENTED_EDGE('',*,*,#5723,.T.);
#3624=ORIENTED_EDGE('',*,*,#5800,.F.);
#3625=ORIENTED_EDGE('',*,*,#5787,.F.);
#3626=ORIENTED_EDGE('',*,*,#5801,.T.);
#3627=ORIENTED_EDGE('',*,*,#5724,.T.);
#3628=ORIENTED_EDGE('',*,*,#5801,.F.);
#3629=ORIENTED_EDGE('',*,*,#5786,.F.);
#3630=ORIENTED_EDGE('',*,*,#5594,.T.);
#3631=ORIENTED_EDGE('',*,*,#5714,.T.);
#3632=ORIENTED_EDGE('',*,*,#5596,.F.);
#3633=ORIENTED_EDGE('',*,*,#5785,.F.);
#3634=ORIENTED_EDGE('',*,*,#5802,.T.);
#3635=ORIENTED_EDGE('',*,*,#5715,.T.);
#3636=ORIENTED_EDGE('',*,*,#5802,.F.);
#3637=ORIENTED_EDGE('',*,*,#5784,.F.);
#3638=ORIENTED_EDGE('',*,*,#5803,.T.);
#3639=ORIENTED_EDGE('',*,*,#5716,.T.);
#3640=ORIENTED_EDGE('',*,*,#5803,.F.);
#3641=ORIENTED_EDGE('',*,*,#5783,.F.);
#3642=ORIENTED_EDGE('',*,*,#5584,.T.);
#3643=ORIENTED_EDGE('',*,*,#5706,.T.);
#3644=ORIENTED_EDGE('',*,*,#5586,.F.);
#3645=ORIENTED_EDGE('',*,*,#5782,.F.);
#3646=ORIENTED_EDGE('',*,*,#5804,.T.);
#3647=ORIENTED_EDGE('',*,*,#5707,.T.);
#3648=ORIENTED_EDGE('',*,*,#5804,.F.);
#3649=ORIENTED_EDGE('',*,*,#5781,.F.);
#3650=ORIENTED_EDGE('',*,*,#5805,.T.);
#3651=ORIENTED_EDGE('',*,*,#5708,.T.);
#3652=ORIENTED_EDGE('',*,*,#5805,.F.);
#3653=ORIENTED_EDGE('',*,*,#5780,.F.);
#3654=ORIENTED_EDGE('',*,*,#5574,.T.);
#3655=ORIENTED_EDGE('',*,*,#5698,.T.);
#3656=ORIENTED_EDGE('',*,*,#5576,.F.);
#3657=ORIENTED_EDGE('',*,*,#5779,.F.);
#3658=ORIENTED_EDGE('',*,*,#5806,.T.);
#3659=ORIENTED_EDGE('',*,*,#5699,.T.);
#3660=ORIENTED_EDGE('',*,*,#5806,.F.);
#3661=ORIENTED_EDGE('',*,*,#5778,.F.);
#3662=ORIENTED_EDGE('',*,*,#5807,.T.);
#3663=ORIENTED_EDGE('',*,*,#5700,.T.);
#3664=ORIENTED_EDGE('',*,*,#5807,.F.);
#3665=ORIENTED_EDGE('',*,*,#5777,.F.);
#3666=ORIENTED_EDGE('',*,*,#5564,.T.);
#3667=ORIENTED_EDGE('',*,*,#5690,.T.);
#3668=ORIENTED_EDGE('',*,*,#5566,.F.);
#3669=ORIENTED_EDGE('',*,*,#5776,.F.);
#3670=ORIENTED_EDGE('',*,*,#5808,.T.);
#3671=ORIENTED_EDGE('',*,*,#5691,.T.);
#3672=ORIENTED_EDGE('',*,*,#5808,.F.);
#3673=ORIENTED_EDGE('',*,*,#5775,.F.);
#3674=ORIENTED_EDGE('',*,*,#5809,.T.);
#3675=ORIENTED_EDGE('',*,*,#5692,.T.);
#3676=ORIENTED_EDGE('',*,*,#5809,.F.);
#3677=ORIENTED_EDGE('',*,*,#5774,.F.);
#3678=ORIENTED_EDGE('',*,*,#5554,.T.);
#3679=ORIENTED_EDGE('',*,*,#5682,.T.);
#3680=ORIENTED_EDGE('',*,*,#5556,.F.);
#3681=ORIENTED_EDGE('',*,*,#5773,.F.);
#3682=ORIENTED_EDGE('',*,*,#5810,.T.);
#3683=ORIENTED_EDGE('',*,*,#5683,.T.);
#3684=ORIENTED_EDGE('',*,*,#5810,.F.);
#3685=ORIENTED_EDGE('',*,*,#5772,.F.);
#3686=ORIENTED_EDGE('',*,*,#5811,.T.);
#3687=ORIENTED_EDGE('',*,*,#5684,.T.);
#3688=ORIENTED_EDGE('',*,*,#5811,.F.);
#3689=ORIENTED_EDGE('',*,*,#5771,.F.);
#3690=ORIENTED_EDGE('',*,*,#5544,.T.);
#3691=ORIENTED_EDGE('',*,*,#5674,.T.);
#3692=ORIENTED_EDGE('',*,*,#5546,.F.);
#3693=ORIENTED_EDGE('',*,*,#5770,.F.);
#3694=ORIENTED_EDGE('',*,*,#5812,.T.);
#3695=ORIENTED_EDGE('',*,*,#5675,.T.);
#3696=ORIENTED_EDGE('',*,*,#5812,.F.);
#3697=ORIENTED_EDGE('',*,*,#5769,.F.);
#3698=ORIENTED_EDGE('',*,*,#5813,.T.);
#3699=ORIENTED_EDGE('',*,*,#5676,.T.);
#3700=ORIENTED_EDGE('',*,*,#5813,.F.);
#3701=ORIENTED_EDGE('',*,*,#5768,.F.);
#3702=ORIENTED_EDGE('',*,*,#5534,.T.);
#3703=ORIENTED_EDGE('',*,*,#5668,.T.);
#3704=ORIENTED_EDGE('',*,*,#5814,.F.);
#3705=ORIENTED_EDGE('',*,*,#5765,.F.);
#3706=ORIENTED_EDGE('',*,*,#5525,.T.);
#3707=ORIENTED_EDGE('',*,*,#5667,.T.);
#3708=ORIENTED_EDGE('',*,*,#5815,.F.);
#3709=ORIENTED_EDGE('',*,*,#5766,.F.);
#3710=ORIENTED_EDGE('',*,*,#5814,.T.);
#3711=ORIENTED_EDGE('',*,*,#5666,.T.);
#3712=ORIENTED_EDGE('',*,*,#5536,.F.);
#3713=ORIENTED_EDGE('',*,*,#5767,.F.);
#3714=ORIENTED_EDGE('',*,*,#5815,.T.);
#3715=ORIENTED_EDGE('',*,*,#5390,.F.);
#3716=ORIENTED_EDGE('',*,*,#5816,.F.);
#3717=ORIENTED_EDGE('',*,*,#5495,.F.);
#3718=ORIENTED_EDGE('',*,*,#5759,.F.);
#3719=ORIENTED_EDGE('',*,*,#5496,.F.);
#3720=ORIENTED_EDGE('',*,*,#5816,.T.);
#3721=ORIENTED_EDGE('',*,*,#5389,.T.);
#3722=ORIENTED_EDGE('',*,*,#5520,.F.);
#3723=ORIENTED_EDGE('',*,*,#5379,.F.);
#3724=ORIENTED_EDGE('',*,*,#5817,.F.);
#3725=ORIENTED_EDGE('',*,*,#5484,.F.);
#3726=ORIENTED_EDGE('',*,*,#5758,.F.);
#3727=ORIENTED_EDGE('',*,*,#5485,.F.);
#3728=ORIENTED_EDGE('',*,*,#5817,.T.);
#3729=ORIENTED_EDGE('',*,*,#5378,.T.);
#3730=ORIENTED_EDGE('',*,*,#5518,.F.);
#3731=ORIENTED_EDGE('',*,*,#5368,.F.);
#3732=ORIENTED_EDGE('',*,*,#5818,.F.);
#3733=ORIENTED_EDGE('',*,*,#5473,.F.);
#3734=ORIENTED_EDGE('',*,*,#5757,.F.);
#3735=ORIENTED_EDGE('',*,*,#5474,.F.);
#3736=ORIENTED_EDGE('',*,*,#5818,.T.);
#3737=ORIENTED_EDGE('',*,*,#5367,.T.);
#3738=ORIENTED_EDGE('',*,*,#5516,.F.);
#3739=ORIENTED_EDGE('',*,*,#5357,.F.);
#3740=ORIENTED_EDGE('',*,*,#5819,.F.);
#3741=ORIENTED_EDGE('',*,*,#5462,.F.);
#3742=ORIENTED_EDGE('',*,*,#5756,.F.);
#3743=ORIENTED_EDGE('',*,*,#5463,.F.);
#3744=ORIENTED_EDGE('',*,*,#5819,.T.);
#3745=ORIENTED_EDGE('',*,*,#5356,.T.);
#3746=ORIENTED_EDGE('',*,*,#5514,.F.);
#3747=ORIENTED_EDGE('',*,*,#5346,.F.);
#3748=ORIENTED_EDGE('',*,*,#5820,.F.);
#3749=ORIENTED_EDGE('',*,*,#5451,.F.);
#3750=ORIENTED_EDGE('',*,*,#5755,.F.);
#3751=ORIENTED_EDGE('',*,*,#5452,.F.);
#3752=ORIENTED_EDGE('',*,*,#5820,.T.);
#3753=ORIENTED_EDGE('',*,*,#5345,.T.);
#3754=ORIENTED_EDGE('',*,*,#5512,.F.);
#3755=ORIENTED_EDGE('',*,*,#5335,.F.);
#3756=ORIENTED_EDGE('',*,*,#5821,.F.);
#3757=ORIENTED_EDGE('',*,*,#5440,.F.);
#3758=ORIENTED_EDGE('',*,*,#5754,.F.);
#3759=ORIENTED_EDGE('',*,*,#5441,.F.);
#3760=ORIENTED_EDGE('',*,*,#5821,.T.);
#3761=ORIENTED_EDGE('',*,*,#5334,.T.);
#3762=ORIENTED_EDGE('',*,*,#5510,.F.);
#3763=ORIENTED_EDGE('',*,*,#5324,.F.);
#3764=ORIENTED_EDGE('',*,*,#5822,.F.);
#3765=ORIENTED_EDGE('',*,*,#5429,.F.);
#3766=ORIENTED_EDGE('',*,*,#5753,.F.);
#3767=ORIENTED_EDGE('',*,*,#5430,.F.);
#3768=ORIENTED_EDGE('',*,*,#5822,.T.);
#3769=ORIENTED_EDGE('',*,*,#5323,.T.);
#3770=ORIENTED_EDGE('',*,*,#5508,.F.);
#3771=ORIENTED_EDGE('',*,*,#5313,.F.);
#3772=ORIENTED_EDGE('',*,*,#5823,.F.);
#3773=ORIENTED_EDGE('',*,*,#5418,.F.);
#3774=ORIENTED_EDGE('',*,*,#5752,.F.);
#3775=ORIENTED_EDGE('',*,*,#5419,.F.);
#3776=ORIENTED_EDGE('',*,*,#5823,.T.);
#3777=ORIENTED_EDGE('',*,*,#5312,.T.);
#3778=ORIENTED_EDGE('',*,*,#5506,.F.);
#3779=ORIENTED_EDGE('',*,*,#5302,.F.);
#3780=ORIENTED_EDGE('',*,*,#5824,.F.);
#3781=ORIENTED_EDGE('',*,*,#5407,.F.);
#3782=ORIENTED_EDGE('',*,*,#5751,.F.);
#3783=ORIENTED_EDGE('',*,*,#5408,.F.);
#3784=ORIENTED_EDGE('',*,*,#5824,.T.);
#3785=ORIENTED_EDGE('',*,*,#5301,.T.);
#3786=ORIENTED_EDGE('',*,*,#5504,.F.);
#3787=ORIENTED_EDGE('',*,*,#5291,.F.);
#3788=ORIENTED_EDGE('',*,*,#5825,.F.);
#3789=ORIENTED_EDGE('',*,*,#5396,.F.);
#3790=ORIENTED_EDGE('',*,*,#5750,.F.);
#3791=ORIENTED_EDGE('',*,*,#5397,.F.);
#3792=ORIENTED_EDGE('',*,*,#5825,.T.);
#3793=ORIENTED_EDGE('',*,*,#5290,.T.);
#3794=ORIENTED_EDGE('',*,*,#5502,.F.);
#3795=ORIENTED_EDGE('',*,*,#5826,.F.);
#3796=ORIENTED_EDGE('',*,*,#5637,.T.);
#3797=ORIENTED_EDGE('',*,*,#5826,.T.);
#3798=ORIENTED_EDGE('',*,*,#5827,.T.);
#3799=ORIENTED_EDGE('',*,*,#5764,.F.);
#3800=ORIENTED_EDGE('',*,*,#5827,.F.);
#3801=ORIENTED_EDGE('',*,*,#5633,.T.);
#3802=ORIENTED_EDGE('',*,*,#5828,.F.);
#3803=ORIENTED_EDGE('',*,*,#5829,.F.);
#3804=ORIENTED_EDGE('',*,*,#5830,.T.);
#3805=ORIENTED_EDGE('',*,*,#5636,.T.);
#3806=ORIENTED_EDGE('',*,*,#5831,.F.);
#3807=ORIENTED_EDGE('',*,*,#5832,.F.);
#3808=ORIENTED_EDGE('',*,*,#5828,.T.);
#3809=ORIENTED_EDGE('',*,*,#5635,.T.);
#3810=ORIENTED_EDGE('',*,*,#5833,.F.);
#3811=ORIENTED_EDGE('',*,*,#5834,.F.);
#3812=ORIENTED_EDGE('',*,*,#5831,.T.);
#3813=ORIENTED_EDGE('',*,*,#5634,.T.);
#3814=ORIENTED_EDGE('',*,*,#5830,.F.);
#3815=ORIENTED_EDGE('',*,*,#5835,.F.);
#3816=ORIENTED_EDGE('',*,*,#5833,.T.);
#3817=ORIENTED_EDGE('',*,*,#5829,.T.);
#3818=ORIENTED_EDGE('',*,*,#5832,.T.);
#3819=ORIENTED_EDGE('',*,*,#5834,.T.);
#3820=ORIENTED_EDGE('',*,*,#5835,.T.);
#3821=ORIENTED_EDGE('',*,*,#5761,.F.);
#3822=ORIENTED_EDGE('',*,*,#5836,.F.);
#3823=ORIENTED_EDGE('',*,*,#5837,.T.);
#3824=ORIENTED_EDGE('',*,*,#5838,.T.);
#3825=ORIENTED_EDGE('',*,*,#5762,.F.);
#3826=ORIENTED_EDGE('',*,*,#5838,.F.);
#3827=ORIENTED_EDGE('',*,*,#5839,.T.);
#3828=ORIENTED_EDGE('',*,*,#5840,.T.);
#3829=ORIENTED_EDGE('',*,*,#5763,.F.);
#3830=ORIENTED_EDGE('',*,*,#5840,.F.);
#3831=ORIENTED_EDGE('',*,*,#5841,.T.);
#3832=ORIENTED_EDGE('',*,*,#5842,.T.);
#3833=ORIENTED_EDGE('',*,*,#5760,.F.);
#3834=ORIENTED_EDGE('',*,*,#5842,.F.);
#3835=ORIENTED_EDGE('',*,*,#5843,.T.);
#3836=ORIENTED_EDGE('',*,*,#5836,.T.);
#3837=ORIENTED_EDGE('',*,*,#5837,.F.);
#3838=ORIENTED_EDGE('',*,*,#5843,.F.);
#3839=ORIENTED_EDGE('',*,*,#5841,.F.);
#3840=ORIENTED_EDGE('',*,*,#5839,.F.);
#3841=ORIENTED_EDGE('',*,*,#5631,.T.);
#3842=ORIENTED_EDGE('',*,*,#5844,.F.);
#3843=ORIENTED_EDGE('',*,*,#5845,.F.);
#3844=ORIENTED_EDGE('',*,*,#5846,.T.);
#3845=ORIENTED_EDGE('',*,*,#5630,.T.);
#3846=ORIENTED_EDGE('',*,*,#5847,.F.);
#3847=ORIENTED_EDGE('',*,*,#5848,.F.);
#3848=ORIENTED_EDGE('',*,*,#5844,.T.);
#3849=ORIENTED_EDGE('',*,*,#5632,.T.);
#3850=ORIENTED_EDGE('',*,*,#5846,.F.);
#3851=ORIENTED_EDGE('',*,*,#5849,.F.);
#3852=ORIENTED_EDGE('',*,*,#5847,.T.);
#3853=ORIENTED_EDGE('',*,*,#5845,.T.);
#3854=ORIENTED_EDGE('',*,*,#5848,.T.);
#3855=ORIENTED_EDGE('',*,*,#5849,.T.);
#3856=ORIENTED_EDGE('',*,*,#5491,.T.);
#3857=ORIENTED_EDGE('',*,*,#5745,.T.);
#3858=ORIENTED_EDGE('',*,*,#5850,.F.);
#3859=ORIENTED_EDGE('',*,*,#5851,.F.);
#3860=ORIENTED_EDGE('',*,*,#5737,.F.);
#3861=ORIENTED_EDGE('',*,*,#5852,.F.);
#3862=ORIENTED_EDGE('',*,*,#5850,.T.);
#3863=ORIENTED_EDGE('',*,*,#5749,.T.);
#3864=ORIENTED_EDGE('',*,*,#5851,.T.);
#3865=ORIENTED_EDGE('',*,*,#5852,.T.);
#3866=ORIENTED_EDGE('',*,*,#5736,.F.);
#3867=ORIENTED_EDGE('',*,*,#5492,.F.);
#3868=ORIENTED_EDGE('',*,*,#5609,.T.);
#3869=ORIENTED_EDGE('',*,*,#5853,.F.);
#3870=ORIENTED_EDGE('',*,*,#5854,.F.);
#3871=ORIENTED_EDGE('',*,*,#5480,.T.);
#3872=ORIENTED_EDGE('',*,*,#5854,.T.);
#3873=ORIENTED_EDGE('',*,*,#5855,.T.);
#3874=ORIENTED_EDGE('',*,*,#5728,.F.);
#3875=ORIENTED_EDGE('',*,*,#5481,.F.);
#3876=ORIENTED_EDGE('',*,*,#5729,.F.);
#3877=ORIENTED_EDGE('',*,*,#5855,.F.);
#3878=ORIENTED_EDGE('',*,*,#5853,.T.);
#3879=ORIENTED_EDGE('',*,*,#5618,.T.);
#3880=ORIENTED_EDGE('',*,*,#5599,.T.);
#3881=ORIENTED_EDGE('',*,*,#5856,.F.);
#3882=ORIENTED_EDGE('',*,*,#5857,.F.);
#3883=ORIENTED_EDGE('',*,*,#5469,.T.);
#3884=ORIENTED_EDGE('',*,*,#5857,.T.);
#3885=ORIENTED_EDGE('',*,*,#5858,.T.);
#3886=ORIENTED_EDGE('',*,*,#5720,.F.);
#3887=ORIENTED_EDGE('',*,*,#5470,.F.);
#3888=ORIENTED_EDGE('',*,*,#5721,.F.);
#3889=ORIENTED_EDGE('',*,*,#5858,.F.);
#3890=ORIENTED_EDGE('',*,*,#5856,.T.);
#3891=ORIENTED_EDGE('',*,*,#5608,.T.);
#3892=ORIENTED_EDGE('',*,*,#5589,.T.);
#3893=ORIENTED_EDGE('',*,*,#5859,.F.);
#3894=ORIENTED_EDGE('',*,*,#5860,.F.);
#3895=ORIENTED_EDGE('',*,*,#5458,.T.);
#3896=ORIENTED_EDGE('',*,*,#5860,.T.);
#3897=ORIENTED_EDGE('',*,*,#5861,.T.);
#3898=ORIENTED_EDGE('',*,*,#5712,.F.);
#3899=ORIENTED_EDGE('',*,*,#5459,.F.);
#3900=ORIENTED_EDGE('',*,*,#5713,.F.);
#3901=ORIENTED_EDGE('',*,*,#5861,.F.);
#3902=ORIENTED_EDGE('',*,*,#5859,.T.);
#3903=ORIENTED_EDGE('',*,*,#5598,.T.);
#3904=ORIENTED_EDGE('',*,*,#5579,.T.);
#3905=ORIENTED_EDGE('',*,*,#5862,.F.);
#3906=ORIENTED_EDGE('',*,*,#5863,.F.);
#3907=ORIENTED_EDGE('',*,*,#5447,.T.);
#3908=ORIENTED_EDGE('',*,*,#5863,.T.);
#3909=ORIENTED_EDGE('',*,*,#5864,.T.);
#3910=ORIENTED_EDGE('',*,*,#5704,.F.);
#3911=ORIENTED_EDGE('',*,*,#5448,.F.);
#3912=ORIENTED_EDGE('',*,*,#5705,.F.);
#3913=ORIENTED_EDGE('',*,*,#5864,.F.);
#3914=ORIENTED_EDGE('',*,*,#5862,.T.);
#3915=ORIENTED_EDGE('',*,*,#5588,.T.);
#3916=ORIENTED_EDGE('',*,*,#5569,.T.);
#3917=ORIENTED_EDGE('',*,*,#5865,.F.);
#3918=ORIENTED_EDGE('',*,*,#5866,.F.);
#3919=ORIENTED_EDGE('',*,*,#5436,.T.);
#3920=ORIENTED_EDGE('',*,*,#5866,.T.);
#3921=ORIENTED_EDGE('',*,*,#5867,.T.);
#3922=ORIENTED_EDGE('',*,*,#5696,.F.);
#3923=ORIENTED_EDGE('',*,*,#5437,.F.);
#3924=ORIENTED_EDGE('',*,*,#5697,.F.);
#3925=ORIENTED_EDGE('',*,*,#5867,.F.);
#3926=ORIENTED_EDGE('',*,*,#5865,.T.);
#3927=ORIENTED_EDGE('',*,*,#5578,.T.);
#3928=ORIENTED_EDGE('',*,*,#5559,.T.);
#3929=ORIENTED_EDGE('',*,*,#5868,.F.);
#3930=ORIENTED_EDGE('',*,*,#5869,.F.);
#3931=ORIENTED_EDGE('',*,*,#5425,.T.);
#3932=ORIENTED_EDGE('',*,*,#5869,.T.);
#3933=ORIENTED_EDGE('',*,*,#5870,.T.);
#3934=ORIENTED_EDGE('',*,*,#5688,.F.);
#3935=ORIENTED_EDGE('',*,*,#5426,.F.);
#3936=ORIENTED_EDGE('',*,*,#5689,.F.);
#3937=ORIENTED_EDGE('',*,*,#5870,.F.);
#3938=ORIENTED_EDGE('',*,*,#5868,.T.);
#3939=ORIENTED_EDGE('',*,*,#5568,.T.);
#3940=ORIENTED_EDGE('',*,*,#5549,.T.);
#3941=ORIENTED_EDGE('',*,*,#5871,.F.);
#3942=ORIENTED_EDGE('',*,*,#5872,.F.);
#3943=ORIENTED_EDGE('',*,*,#5414,.T.);
#3944=ORIENTED_EDGE('',*,*,#5872,.T.);
#3945=ORIENTED_EDGE('',*,*,#5873,.T.);
#3946=ORIENTED_EDGE('',*,*,#5680,.F.);
#3947=ORIENTED_EDGE('',*,*,#5415,.F.);
#3948=ORIENTED_EDGE('',*,*,#5681,.F.);
#3949=ORIENTED_EDGE('',*,*,#5873,.F.);
#3950=ORIENTED_EDGE('',*,*,#5871,.T.);
#3951=ORIENTED_EDGE('',*,*,#5558,.T.);
#3952=ORIENTED_EDGE('',*,*,#5539,.T.);
#3953=ORIENTED_EDGE('',*,*,#5874,.F.);
#3954=ORIENTED_EDGE('',*,*,#5875,.F.);
#3955=ORIENTED_EDGE('',*,*,#5403,.T.);
#3956=ORIENTED_EDGE('',*,*,#5875,.T.);
#3957=ORIENTED_EDGE('',*,*,#5876,.T.);
#3958=ORIENTED_EDGE('',*,*,#5672,.F.);
#3959=ORIENTED_EDGE('',*,*,#5404,.F.);
#3960=ORIENTED_EDGE('',*,*,#5673,.F.);
#3961=ORIENTED_EDGE('',*,*,#5876,.F.);
#3962=ORIENTED_EDGE('',*,*,#5874,.T.);
#3963=ORIENTED_EDGE('',*,*,#5548,.T.);
#3964=ORIENTED_EDGE('',*,*,#5529,.T.);
#3965=ORIENTED_EDGE('',*,*,#5877,.F.);
#3966=ORIENTED_EDGE('',*,*,#5878,.F.);
#3967=ORIENTED_EDGE('',*,*,#5392,.T.);
#3968=ORIENTED_EDGE('',*,*,#5878,.T.);
#3969=ORIENTED_EDGE('',*,*,#5879,.T.);
#3970=ORIENTED_EDGE('',*,*,#5664,.F.);
#3971=ORIENTED_EDGE('',*,*,#5393,.F.);
#3972=ORIENTED_EDGE('',*,*,#5665,.F.);
#3973=ORIENTED_EDGE('',*,*,#5879,.F.);
#3974=ORIENTED_EDGE('',*,*,#5877,.T.);
#3975=ORIENTED_EDGE('',*,*,#5538,.T.);
#3976=ORIENTED_EDGE('',*,*,#5611,.T.);
#3977=ORIENTED_EDGE('',*,*,#5383,.T.);
#3978=ORIENTED_EDGE('',*,*,#5880,.F.);
#3979=ORIENTED_EDGE('',*,*,#5881,.F.);
#3980=ORIENTED_EDGE('',*,*,#5734,.F.);
#3981=ORIENTED_EDGE('',*,*,#5882,.F.);
#3982=ORIENTED_EDGE('',*,*,#5880,.T.);
#3983=ORIENTED_EDGE('',*,*,#5382,.F.);
#3984=ORIENTED_EDGE('',*,*,#5733,.F.);
#3985=ORIENTED_EDGE('',*,*,#5612,.F.);
#3986=ORIENTED_EDGE('',*,*,#5881,.T.);
#3987=ORIENTED_EDGE('',*,*,#5882,.T.);
#3988=ORIENTED_EDGE('',*,*,#5601,.T.);
#3989=ORIENTED_EDGE('',*,*,#5372,.T.);
#3990=ORIENTED_EDGE('',*,*,#5883,.F.);
#3991=ORIENTED_EDGE('',*,*,#5884,.F.);
#3992=ORIENTED_EDGE('',*,*,#5726,.F.);
#3993=ORIENTED_EDGE('',*,*,#5885,.F.);
#3994=ORIENTED_EDGE('',*,*,#5883,.T.);
#3995=ORIENTED_EDGE('',*,*,#5371,.F.);
#3996=ORIENTED_EDGE('',*,*,#5725,.F.);
#3997=ORIENTED_EDGE('',*,*,#5602,.F.);
#3998=ORIENTED_EDGE('',*,*,#5884,.T.);
#3999=ORIENTED_EDGE('',*,*,#5885,.T.);
#4000=ORIENTED_EDGE('',*,*,#5591,.T.);
#4001=ORIENTED_EDGE('',*,*,#5361,.T.);
#4002=ORIENTED_EDGE('',*,*,#5886,.F.);
#4003=ORIENTED_EDGE('',*,*,#5887,.F.);
#4004=ORIENTED_EDGE('',*,*,#5718,.F.);
#4005=ORIENTED_EDGE('',*,*,#5888,.F.);
#4006=ORIENTED_EDGE('',*,*,#5886,.T.);
#4007=ORIENTED_EDGE('',*,*,#5360,.F.);
#4008=ORIENTED_EDGE('',*,*,#5717,.F.);
#4009=ORIENTED_EDGE('',*,*,#5592,.F.);
#4010=ORIENTED_EDGE('',*,*,#5887,.T.);
#4011=ORIENTED_EDGE('',*,*,#5888,.T.);
#4012=ORIENTED_EDGE('',*,*,#5581,.T.);
#4013=ORIENTED_EDGE('',*,*,#5350,.T.);
#4014=ORIENTED_EDGE('',*,*,#5889,.F.);
#4015=ORIENTED_EDGE('',*,*,#5890,.F.);
#4016=ORIENTED_EDGE('',*,*,#5710,.F.);
#4017=ORIENTED_EDGE('',*,*,#5891,.F.);
#4018=ORIENTED_EDGE('',*,*,#5889,.T.);
#4019=ORIENTED_EDGE('',*,*,#5349,.F.);
#4020=ORIENTED_EDGE('',*,*,#5709,.F.);
#4021=ORIENTED_EDGE('',*,*,#5582,.F.);
#4022=ORIENTED_EDGE('',*,*,#5890,.T.);
#4023=ORIENTED_EDGE('',*,*,#5891,.T.);
#4024=ORIENTED_EDGE('',*,*,#5571,.T.);
#4025=ORIENTED_EDGE('',*,*,#5339,.T.);
#4026=ORIENTED_EDGE('',*,*,#5892,.F.);
#4027=ORIENTED_EDGE('',*,*,#5893,.F.);
#4028=ORIENTED_EDGE('',*,*,#5702,.F.);
#4029=ORIENTED_EDGE('',*,*,#5894,.F.);
#4030=ORIENTED_EDGE('',*,*,#5892,.T.);
#4031=ORIENTED_EDGE('',*,*,#5338,.F.);
#4032=ORIENTED_EDGE('',*,*,#5701,.F.);
#4033=ORIENTED_EDGE('',*,*,#5572,.F.);
#4034=ORIENTED_EDGE('',*,*,#5893,.T.);
#4035=ORIENTED_EDGE('',*,*,#5894,.T.);
#4036=ORIENTED_EDGE('',*,*,#5561,.T.);
#4037=ORIENTED_EDGE('',*,*,#5328,.T.);
#4038=ORIENTED_EDGE('',*,*,#5895,.F.);
#4039=ORIENTED_EDGE('',*,*,#5896,.F.);
#4040=ORIENTED_EDGE('',*,*,#5694,.F.);
#4041=ORIENTED_EDGE('',*,*,#5897,.F.);
#4042=ORIENTED_EDGE('',*,*,#5895,.T.);
#4043=ORIENTED_EDGE('',*,*,#5327,.F.);
#4044=ORIENTED_EDGE('',*,*,#5693,.F.);
#4045=ORIENTED_EDGE('',*,*,#5562,.F.);
#4046=ORIENTED_EDGE('',*,*,#5896,.T.);
#4047=ORIENTED_EDGE('',*,*,#5897,.T.);
#4048=ORIENTED_EDGE('',*,*,#5551,.T.);
#4049=ORIENTED_EDGE('',*,*,#5317,.T.);
#4050=ORIENTED_EDGE('',*,*,#5898,.F.);
#4051=ORIENTED_EDGE('',*,*,#5899,.F.);
#4052=ORIENTED_EDGE('',*,*,#5686,.F.);
#4053=ORIENTED_EDGE('',*,*,#5900,.F.);
#4054=ORIENTED_EDGE('',*,*,#5898,.T.);
#4055=ORIENTED_EDGE('',*,*,#5316,.F.);
#4056=ORIENTED_EDGE('',*,*,#5685,.F.);
#4057=ORIENTED_EDGE('',*,*,#5552,.F.);
#4058=ORIENTED_EDGE('',*,*,#5899,.T.);
#4059=ORIENTED_EDGE('',*,*,#5900,.T.);
#4060=ORIENTED_EDGE('',*,*,#5541,.T.);
#4061=ORIENTED_EDGE('',*,*,#5306,.T.);
#4062=ORIENTED_EDGE('',*,*,#5901,.F.);
#4063=ORIENTED_EDGE('',*,*,#5902,.F.);
#4064=ORIENTED_EDGE('',*,*,#5678,.F.);
#4065=ORIENTED_EDGE('',*,*,#5903,.F.);
#4066=ORIENTED_EDGE('',*,*,#5901,.T.);
#4067=ORIENTED_EDGE('',*,*,#5305,.F.);
#4068=ORIENTED_EDGE('',*,*,#5677,.F.);
#4069=ORIENTED_EDGE('',*,*,#5542,.F.);
#4070=ORIENTED_EDGE('',*,*,#5902,.T.);
#4071=ORIENTED_EDGE('',*,*,#5903,.T.);
#4072=ORIENTED_EDGE('',*,*,#5531,.T.);
#4073=ORIENTED_EDGE('',*,*,#5295,.T.);
#4074=ORIENTED_EDGE('',*,*,#5904,.F.);
#4075=ORIENTED_EDGE('',*,*,#5905,.F.);
#4076=ORIENTED_EDGE('',*,*,#5670,.F.);
#4077=ORIENTED_EDGE('',*,*,#5906,.F.);
#4078=ORIENTED_EDGE('',*,*,#5904,.T.);
#4079=ORIENTED_EDGE('',*,*,#5294,.F.);
#4080=ORIENTED_EDGE('',*,*,#5669,.F.);
#4081=ORIENTED_EDGE('',*,*,#5532,.F.);
#4082=ORIENTED_EDGE('',*,*,#5905,.T.);
#4083=ORIENTED_EDGE('',*,*,#5906,.T.);
#4084=ORIENTED_EDGE('',*,*,#5662,.F.);
#4085=ORIENTED_EDGE('',*,*,#5907,.F.);
#4086=ORIENTED_EDGE('',*,*,#5908,.T.);
#4087=ORIENTED_EDGE('',*,*,#5283,.F.);
#4088=ORIENTED_EDGE('',*,*,#5522,.T.);
#4089=ORIENTED_EDGE('',*,*,#5284,.T.);
#4090=ORIENTED_EDGE('',*,*,#5908,.F.);
#4091=ORIENTED_EDGE('',*,*,#5909,.F.);
#4092=ORIENTED_EDGE('',*,*,#5661,.F.);
#4093=ORIENTED_EDGE('',*,*,#5523,.F.);
#4094=ORIENTED_EDGE('',*,*,#5909,.T.);
#4095=ORIENTED_EDGE('',*,*,#5907,.T.);
#4096=EDGE_CURVE('',#5910,#5911,#7114,.T.);
#4097=EDGE_CURVE('',#5912,#5910,#7115,.T.);
#4098=EDGE_CURVE('',#5912,#5913,#7116,.T.);
#4099=EDGE_CURVE('',#5913,#5911,#7117,.T.);
#4100=EDGE_CURVE('',#5911,#5914,#7118,.T.);
#4101=EDGE_CURVE('',#5913,#5915,#7119,.T.);
#4102=EDGE_CURVE('',#5915,#5914,#7120,.T.);
#4103=EDGE_CURVE('',#5914,#5910,#7121,.T.);
#4104=EDGE_CURVE('',#5915,#5912,#7122,.T.);
#4105=EDGE_CURVE('',#5916,#5917,#7123,.T.);
#4106=EDGE_CURVE('',#5918,#5916,#7124,.T.);
#4107=EDGE_CURVE('',#5917,#5918,#7125,.T.);
#4108=EDGE_CURVE('',#5919,#5917,#7126,.T.);
#4109=EDGE_CURVE('',#5920,#5919,#7127,.T.);
#4110=EDGE_CURVE('',#5920,#5916,#7128,.T.);
#4111=EDGE_CURVE('',#5921,#5918,#7129,.T.);
#4112=EDGE_CURVE('',#5919,#5921,#7130,.T.);
#4113=EDGE_CURVE('',#5921,#5920,#7131,.T.);
#4114=EDGE_CURVE('',#5922,#5923,#7132,.T.);
#4115=EDGE_CURVE('',#5924,#5922,#19,.T.);
#4116=EDGE_CURVE('',#5924,#5925,#7133,.T.);
#4117=EDGE_CURVE('',#5923,#5925,#20,.T.);
#4118=EDGE_CURVE('',#5926,#5927,#7134,.T.);
#4119=EDGE_CURVE('',#5928,#5926,#21,.T.);
#4120=EDGE_CURVE('',#5928,#5929,#7135,.T.);
#4121=EDGE_CURVE('',#5927,#5929,#22,.T.);
#4122=EDGE_CURVE('',#5930,#5931,#7136,.T.);
#4123=EDGE_CURVE('',#5932,#5930,#23,.T.);
#4124=EDGE_CURVE('',#5932,#5933,#7137,.T.);
#4125=EDGE_CURVE('',#5931,#5933,#24,.T.);
#4126=EDGE_CURVE('',#5934,#5935,#7138,.T.);
#4127=EDGE_CURVE('',#5936,#5934,#25,.T.);
#4128=EDGE_CURVE('',#5936,#5937,#7139,.T.);
#4129=EDGE_CURVE('',#5935,#5937,#26,.T.);
#4130=EDGE_CURVE('',#5938,#5939,#7140,.T.);
#4131=EDGE_CURVE('',#5940,#5938,#27,.T.);
#4132=EDGE_CURVE('',#5940,#5941,#7141,.T.);
#4133=EDGE_CURVE('',#5939,#5941,#28,.T.);
#4134=EDGE_CURVE('',#5942,#5943,#7142,.T.);
#4135=EDGE_CURVE('',#5944,#5942,#29,.T.);
#4136=EDGE_CURVE('',#5944,#5945,#7143,.T.);
#4137=EDGE_CURVE('',#5943,#5945,#30,.T.);
#4138=EDGE_CURVE('',#5946,#5947,#7144,.T.);
#4139=EDGE_CURVE('',#5948,#5946,#31,.T.);
#4140=EDGE_CURVE('',#5948,#5949,#7145,.T.);
#4141=EDGE_CURVE('',#5947,#5949,#32,.T.);
#4142=EDGE_CURVE('',#5950,#5951,#7146,.T.);
#4143=EDGE_CURVE('',#5952,#5950,#33,.T.);
#4144=EDGE_CURVE('',#5952,#5953,#7147,.T.);
#4145=EDGE_CURVE('',#5951,#5953,#34,.T.);
#4146=EDGE_CURVE('',#5954,#5955,#7148,.T.);
#4147=EDGE_CURVE('',#5956,#5954,#35,.T.);
#4148=EDGE_CURVE('',#5956,#5957,#7149,.T.);
#4149=EDGE_CURVE('',#5955,#5957,#36,.T.);
#4150=EDGE_CURVE('',#5958,#5959,#37,.T.);
#4151=EDGE_CURVE('',#5959,#5960,#7150,.T.);
#4152=EDGE_CURVE('',#5960,#5961,#38,.T.);
#4153=EDGE_CURVE('',#5958,#5961,#7151,.T.);
#4154=EDGE_CURVE('',#5962,#5963,#39,.T.);
#4155=EDGE_CURVE('',#5963,#5964,#7152,.T.);
#4156=EDGE_CURVE('',#5964,#5965,#40,.T.);
#4157=EDGE_CURVE('',#5962,#5965,#7153,.T.);
#4158=EDGE_CURVE('',#5966,#5967,#41,.T.);
#4159=EDGE_CURVE('',#5967,#5968,#7154,.T.);
#4160=EDGE_CURVE('',#5968,#5969,#42,.T.);
#4161=EDGE_CURVE('',#5966,#5969,#7155,.T.);
#4162=EDGE_CURVE('',#5970,#5971,#43,.T.);
#4163=EDGE_CURVE('',#5971,#5972,#7156,.T.);
#4164=EDGE_CURVE('',#5972,#5973,#44,.T.);
#4165=EDGE_CURVE('',#5970,#5973,#7157,.T.);
#4166=EDGE_CURVE('',#5974,#5975,#45,.T.);
#4167=EDGE_CURVE('',#5975,#5976,#7158,.T.);
#4168=EDGE_CURVE('',#5976,#5977,#46,.T.);
#4169=EDGE_CURVE('',#5974,#5977,#7159,.T.);
#4170=EDGE_CURVE('',#5978,#5979,#47,.T.);
#4171=EDGE_CURVE('',#5979,#5980,#7160,.T.);
#4172=EDGE_CURVE('',#5980,#5981,#48,.T.);
#4173=EDGE_CURVE('',#5978,#5981,#7161,.T.);
#4174=EDGE_CURVE('',#5982,#5983,#49,.T.);
#4175=EDGE_CURVE('',#5983,#5984,#7162,.T.);
#4176=EDGE_CURVE('',#5984,#5985,#50,.T.);
#4177=EDGE_CURVE('',#5982,#5985,#7163,.T.);
#4178=EDGE_CURVE('',#5986,#5987,#51,.T.);
#4179=EDGE_CURVE('',#5987,#5988,#7164,.T.);
#4180=EDGE_CURVE('',#5988,#5989,#52,.T.);
#4181=EDGE_CURVE('',#5986,#5989,#7165,.T.);
#4182=EDGE_CURVE('',#5990,#5991,#53,.T.);
#4183=EDGE_CURVE('',#5991,#5992,#7166,.T.);
#4184=EDGE_CURVE('',#5992,#5993,#54,.T.);
#4185=EDGE_CURVE('',#5990,#5993,#7167,.T.);
#4186=EDGE_CURVE('',#5994,#5995,#7168,.T.);
#4187=EDGE_CURVE('',#5994,#5922,#7169,.T.);
#4188=EDGE_CURVE('',#5923,#5995,#7170,.T.);
#4189=EDGE_CURVE('',#5996,#5997,#7171,.T.);
#4190=EDGE_CURVE('',#5996,#5926,#7172,.T.);
#4191=EDGE_CURVE('',#5927,#5997,#7173,.T.);
#4192=EDGE_CURVE('',#5998,#5999,#7174,.T.);
#4193=EDGE_CURVE('',#5998,#5930,#7175,.T.);
#4194=EDGE_CURVE('',#5931,#5999,#7176,.T.);
#4195=EDGE_CURVE('',#6000,#6001,#7177,.T.);
#4196=EDGE_CURVE('',#6000,#5934,#7178,.T.);
#4197=EDGE_CURVE('',#5935,#6001,#7179,.T.);
#4198=EDGE_CURVE('',#6002,#6003,#7180,.T.);
#4199=EDGE_CURVE('',#6002,#5938,#7181,.T.);
#4200=EDGE_CURVE('',#5939,#6003,#7182,.T.);
#4201=EDGE_CURVE('',#6004,#6005,#7183,.T.);
#4202=EDGE_CURVE('',#6004,#5942,#7184,.T.);
#4203=EDGE_CURVE('',#5943,#6005,#7185,.T.);
#4204=EDGE_CURVE('',#6006,#6007,#7186,.T.);
#4205=EDGE_CURVE('',#6006,#5946,#7187,.T.);
#4206=EDGE_CURVE('',#5947,#6007,#7188,.T.);
#4207=EDGE_CURVE('',#6008,#6009,#7189,.T.);
#4208=EDGE_CURVE('',#6008,#5950,#7190,.T.);
#4209=EDGE_CURVE('',#5951,#6009,#7191,.T.);
#4210=EDGE_CURVE('',#6010,#6011,#7192,.T.);
#4211=EDGE_CURVE('',#6010,#5954,#7193,.T.);
#4212=EDGE_CURVE('',#5955,#6011,#7194,.T.);
#4213=EDGE_CURVE('',#5994,#6012,#55,.T.);
#4214=EDGE_CURVE('',#6013,#5995,#56,.T.);
#4215=EDGE_CURVE('',#6012,#6013,#7195,.T.);
#4216=EDGE_CURVE('',#5996,#6014,#57,.T.);
#4217=EDGE_CURVE('',#6015,#5997,#58,.T.);
#4218=EDGE_CURVE('',#6014,#6015,#7196,.T.);
#4219=EDGE_CURVE('',#5998,#6016,#59,.T.);
#4220=EDGE_CURVE('',#6017,#5999,#60,.T.);
#4221=EDGE_CURVE('',#6016,#6017,#7197,.T.);
#4222=EDGE_CURVE('',#6000,#6018,#61,.T.);
#4223=EDGE_CURVE('',#6019,#6001,#62,.T.);
#4224=EDGE_CURVE('',#6018,#6019,#7198,.T.);
#4225=EDGE_CURVE('',#6002,#6020,#63,.T.);
#4226=EDGE_CURVE('',#6021,#6003,#64,.T.);
#4227=EDGE_CURVE('',#6020,#6021,#7199,.T.);
#4228=EDGE_CURVE('',#6004,#6022,#65,.T.);
#4229=EDGE_CURVE('',#6023,#6005,#66,.T.);
#4230=EDGE_CURVE('',#6022,#6023,#7200,.T.);
#4231=EDGE_CURVE('',#6006,#6024,#67,.T.);
#4232=EDGE_CURVE('',#6025,#6007,#68,.T.);
#4233=EDGE_CURVE('',#6024,#6025,#7201,.T.);
#4234=EDGE_CURVE('',#6008,#6026,#69,.T.);
#4235=EDGE_CURVE('',#6027,#6009,#70,.T.);
#4236=EDGE_CURVE('',#6026,#6027,#7202,.T.);
#4237=EDGE_CURVE('',#6010,#6028,#71,.T.);
#4238=EDGE_CURVE('',#6029,#6011,#72,.T.);
#4239=EDGE_CURVE('',#6028,#6029,#7203,.T.);
#4240=EDGE_CURVE('',#6030,#6031,#7204,.T.);
#4241=EDGE_CURVE('',#6030,#6012,#7205,.T.);
#4242=EDGE_CURVE('',#6013,#6031,#7206,.T.);
#4243=EDGE_CURVE('',#6032,#6033,#7207,.T.);
#4244=EDGE_CURVE('',#6032,#6014,#7208,.T.);
#4245=EDGE_CURVE('',#6015,#6033,#7209,.T.);
#4246=EDGE_CURVE('',#6034,#6035,#7210,.T.);
#4247=EDGE_CURVE('',#6034,#6016,#7211,.T.);
#4248=EDGE_CURVE('',#6017,#6035,#7212,.T.);
#4249=EDGE_CURVE('',#6036,#6037,#7213,.T.);
#4250=EDGE_CURVE('',#6036,#6018,#7214,.T.);
#4251=EDGE_CURVE('',#6019,#6037,#7215,.T.);
#4252=EDGE_CURVE('',#6038,#6039,#7216,.T.);
#4253=EDGE_CURVE('',#6038,#6020,#7217,.T.);
#4254=EDGE_CURVE('',#6021,#6039,#7218,.T.);
#4255=EDGE_CURVE('',#6040,#6041,#7219,.T.);
#4256=EDGE_CURVE('',#6040,#6022,#7220,.T.);
#4257=EDGE_CURVE('',#6023,#6041,#7221,.T.);
#4258=EDGE_CURVE('',#6042,#6043,#7222,.T.);
#4259=EDGE_CURVE('',#6042,#6024,#7223,.T.);
#4260=EDGE_CURVE('',#6025,#6043,#7224,.T.);
#4261=EDGE_CURVE('',#6044,#6045,#7225,.T.);
#4262=EDGE_CURVE('',#6044,#6026,#7226,.T.);
#4263=EDGE_CURVE('',#6027,#6045,#7227,.T.);
#4264=EDGE_CURVE('',#6046,#6047,#7228,.T.);
#4265=EDGE_CURVE('',#6046,#6028,#7229,.T.);
#4266=EDGE_CURVE('',#6029,#6047,#7230,.T.);
#4267=EDGE_CURVE('',#6048,#6049,#73,.T.);
#4268=EDGE_CURVE('',#6049,#6050,#7231,.T.);
#4269=EDGE_CURVE('',#6050,#6051,#74,.T.);
#4270=EDGE_CURVE('',#6048,#6051,#7232,.T.);
#4271=EDGE_CURVE('',#6052,#6030,#75,.T.);
#4272=EDGE_CURVE('',#6031,#6053,#76,.T.);
#4273=EDGE_CURVE('',#6052,#6053,#7233,.T.);
#4274=EDGE_CURVE('',#6054,#6032,#77,.T.);
#4275=EDGE_CURVE('',#6033,#6055,#78,.T.);
#4276=EDGE_CURVE('',#6054,#6055,#7234,.T.);
#4277=EDGE_CURVE('',#6056,#6034,#79,.T.);
#4278=EDGE_CURVE('',#6035,#6057,#80,.T.);
#4279=EDGE_CURVE('',#6056,#6057,#7235,.T.);
#4280=EDGE_CURVE('',#6058,#6036,#81,.T.);
#4281=EDGE_CURVE('',#6037,#6059,#82,.T.);
#4282=EDGE_CURVE('',#6058,#6059,#7236,.T.);
#4283=EDGE_CURVE('',#6060,#6038,#83,.T.);
#4284=EDGE_CURVE('',#6039,#6061,#84,.T.);
#4285=EDGE_CURVE('',#6060,#6061,#7237,.T.);
#4286=EDGE_CURVE('',#6062,#6040,#85,.T.);
#4287=EDGE_CURVE('',#6041,#6063,#86,.T.);
#4288=EDGE_CURVE('',#6062,#6063,#7238,.T.);
#4289=EDGE_CURVE('',#6064,#6042,#87,.T.);
#4290=EDGE_CURVE('',#6043,#6065,#88,.T.);
#4291=EDGE_CURVE('',#6064,#6065,#7239,.T.);
#4292=EDGE_CURVE('',#6066,#6044,#89,.T.);
#4293=EDGE_CURVE('',#6045,#6067,#90,.T.);
#4294=EDGE_CURVE('',#6066,#6067,#7240,.T.);
#4295=EDGE_CURVE('',#6068,#6069,#7241,.T.);
#4296=EDGE_CURVE('',#6068,#6052,#7242,.T.);
#4297=EDGE_CURVE('',#6053,#6069,#7243,.T.);
#4298=EDGE_CURVE('',#6070,#6071,#7244,.T.);
#4299=EDGE_CURVE('',#6070,#6054,#7245,.T.);
#4300=EDGE_CURVE('',#6055,#6071,#7246,.T.);
#4301=EDGE_CURVE('',#6072,#6073,#7247,.T.);
#4302=EDGE_CURVE('',#6072,#6056,#7248,.T.);
#4303=EDGE_CURVE('',#6057,#6073,#7249,.T.);
#4304=EDGE_CURVE('',#6074,#6075,#7250,.T.);
#4305=EDGE_CURVE('',#6074,#6058,#7251,.T.);
#4306=EDGE_CURVE('',#6059,#6075,#7252,.T.);
#4307=EDGE_CURVE('',#6076,#6077,#7253,.T.);
#4308=EDGE_CURVE('',#6076,#6060,#7254,.T.);
#4309=EDGE_CURVE('',#6061,#6077,#7255,.T.);
#4310=EDGE_CURVE('',#6078,#6079,#7256,.T.);
#4311=EDGE_CURVE('',#6078,#6062,#7257,.T.);
#4312=EDGE_CURVE('',#6063,#6079,#7258,.T.);
#4313=EDGE_CURVE('',#6080,#6081,#7259,.T.);
#4314=EDGE_CURVE('',#6080,#6064,#7260,.T.);
#4315=EDGE_CURVE('',#6065,#6081,#7261,.T.);
#4316=EDGE_CURVE('',#6082,#6083,#7262,.T.);
#4317=EDGE_CURVE('',#6082,#6066,#7263,.T.);
#4318=EDGE_CURVE('',#6067,#6083,#7264,.T.);
#4319=EDGE_CURVE('',#6084,#6085,#7265,.T.);
#4320=EDGE_CURVE('',#6084,#6086,#7266,.T.);
#4321=EDGE_CURVE('',#6086,#6087,#7267,.T.);
#4322=EDGE_CURVE('',#6087,#6085,#7268,.T.);
#4323=EDGE_CURVE('',#6088,#6089,#7269,.T.);
#4324=EDGE_CURVE('',#6088,#6068,#7270,.T.);
#4325=EDGE_CURVE('',#6069,#6089,#7271,.T.);
#4326=EDGE_CURVE('',#6090,#6091,#7272,.T.);
#4327=EDGE_CURVE('',#6090,#6070,#7273,.T.);
#4328=EDGE_CURVE('',#6071,#6091,#7274,.T.);
#4329=EDGE_CURVE('',#6092,#6093,#7275,.T.);
#4330=EDGE_CURVE('',#6092,#6072,#7276,.T.);
#4331=EDGE_CURVE('',#6073,#6093,#7277,.T.);
#4332=EDGE_CURVE('',#6094,#6095,#7278,.T.);
#4333=EDGE_CURVE('',#6094,#6074,#7279,.T.);
#4334=EDGE_CURVE('',#6075,#6095,#7280,.T.);
#4335=EDGE_CURVE('',#6096,#6097,#7281,.T.);
#4336=EDGE_CURVE('',#6096,#6076,#7282,.T.);
#4337=EDGE_CURVE('',#6077,#6097,#7283,.T.);
#4338=EDGE_CURVE('',#6098,#6099,#7284,.T.);
#4339=EDGE_CURVE('',#6098,#6078,#7285,.T.);
#4340=EDGE_CURVE('',#6079,#6099,#7286,.T.);
#4341=EDGE_CURVE('',#6100,#6101,#7287,.T.);
#4342=EDGE_CURVE('',#6100,#6080,#7288,.T.);
#4343=EDGE_CURVE('',#6081,#6101,#7289,.T.);
#4344=EDGE_CURVE('',#6102,#6103,#7290,.T.);
#4345=EDGE_CURVE('',#6102,#6082,#7291,.T.);
#4346=EDGE_CURVE('',#6083,#6103,#7292,.T.);
#4347=EDGE_CURVE('',#6104,#6105,#7293,.T.);
#4348=EDGE_CURVE('',#6104,#6084,#7294,.T.);
#4349=EDGE_CURVE('',#6085,#6105,#7295,.T.);
#4350=EDGE_CURVE('',#6106,#6107,#7296,.T.);
#4351=EDGE_CURVE('',#6106,#6088,#7297,.T.);
#4352=EDGE_CURVE('',#6089,#6107,#7298,.T.);
#4353=EDGE_CURVE('',#6108,#6109,#7299,.T.);
#4354=EDGE_CURVE('',#6108,#6090,#7300,.T.);
#4355=EDGE_CURVE('',#6091,#6109,#7301,.T.);
#4356=EDGE_CURVE('',#6110,#6111,#7302,.T.);
#4357=EDGE_CURVE('',#6110,#6092,#7303,.T.);
#4358=EDGE_CURVE('',#6093,#6111,#7304,.T.);
#4359=EDGE_CURVE('',#6112,#6113,#7305,.T.);
#4360=EDGE_CURVE('',#6112,#6094,#7306,.T.);
#4361=EDGE_CURVE('',#6095,#6113,#7307,.T.);
#4362=EDGE_CURVE('',#6114,#6115,#7308,.T.);
#4363=EDGE_CURVE('',#6114,#6096,#7309,.T.);
#4364=EDGE_CURVE('',#6097,#6115,#7310,.T.);
#4365=EDGE_CURVE('',#6116,#6117,#7311,.T.);
#4366=EDGE_CURVE('',#6116,#6098,#7312,.T.);
#4367=EDGE_CURVE('',#6099,#6117,#7313,.T.);
#4368=EDGE_CURVE('',#6118,#6119,#7314,.T.);
#4369=EDGE_CURVE('',#6118,#6100,#7315,.T.);
#4370=EDGE_CURVE('',#6101,#6119,#7316,.T.);
#4371=EDGE_CURVE('',#6120,#6121,#7317,.T.);
#4372=EDGE_CURVE('',#6120,#6102,#7318,.T.);
#4373=EDGE_CURVE('',#6103,#6121,#7319,.T.);
#4374=EDGE_CURVE('',#6122,#6123,#7320,.T.);
#4375=EDGE_CURVE('',#6122,#6104,#7321,.T.);
#4376=EDGE_CURVE('',#6105,#6123,#7322,.T.);
#4377=EDGE_CURVE('',#6106,#6124,#91,.T.);
#4378=EDGE_CURVE('',#6125,#6107,#92,.T.);
#4379=EDGE_CURVE('',#6124,#6125,#7323,.T.);
#4380=EDGE_CURVE('',#6108,#6126,#93,.T.);
#4381=EDGE_CURVE('',#6127,#6109,#94,.T.);
#4382=EDGE_CURVE('',#6126,#6127,#7324,.T.);
#4383=EDGE_CURVE('',#6110,#6128,#95,.T.);
#4384=EDGE_CURVE('',#6129,#6111,#96,.T.);
#4385=EDGE_CURVE('',#6128,#6129,#7325,.T.);
#4386=EDGE_CURVE('',#6112,#6130,#97,.T.);
#4387=EDGE_CURVE('',#6131,#6113,#98,.T.);
#4388=EDGE_CURVE('',#6130,#6131,#7326,.T.);
#4389=EDGE_CURVE('',#6114,#6132,#99,.T.);
#4390=EDGE_CURVE('',#6133,#6115,#100,.T.);
#4391=EDGE_CURVE('',#6132,#6133,#7327,.T.);
#4392=EDGE_CURVE('',#6116,#6134,#101,.T.);
#4393=EDGE_CURVE('',#6135,#6117,#102,.T.);
#4394=EDGE_CURVE('',#6134,#6135,#7328,.T.);
#4395=EDGE_CURVE('',#6118,#6136,#103,.T.);
#4396=EDGE_CURVE('',#6137,#6119,#104,.T.);
#4397=EDGE_CURVE('',#6136,#6137,#7329,.T.);
#4398=EDGE_CURVE('',#6120,#6138,#105,.T.);
#4399=EDGE_CURVE('',#6139,#6121,#106,.T.);
#4400=EDGE_CURVE('',#6138,#6139,#7330,.T.);
#4401=EDGE_CURVE('',#6122,#6140,#107,.T.);
#4402=EDGE_CURVE('',#6141,#6123,#108,.T.);
#4403=EDGE_CURVE('',#6140,#6141,#7331,.T.);
#4404=EDGE_CURVE('',#6142,#6143,#7332,.T.);
#4405=EDGE_CURVE('',#6142,#6124,#7333,.T.);
#4406=EDGE_CURVE('',#6125,#6143,#7334,.T.);
#4407=EDGE_CURVE('',#6144,#6145,#7335,.T.);
#4408=EDGE_CURVE('',#6144,#6126,#7336,.T.);
#4409=EDGE_CURVE('',#6127,#6145,#7337,.T.);
#4410=EDGE_CURVE('',#6146,#6147,#7338,.T.);
#4411=EDGE_CURVE('',#6146,#6128,#7339,.T.);
#4412=EDGE_CURVE('',#6129,#6147,#7340,.T.);
#4413=EDGE_CURVE('',#6148,#6149,#7341,.T.);
#4414=EDGE_CURVE('',#6148,#6130,#7342,.T.);
#4415=EDGE_CURVE('',#6131,#6149,#7343,.T.);
#4416=EDGE_CURVE('',#6150,#6151,#7344,.T.);
#4417=EDGE_CURVE('',#6150,#6132,#7345,.T.);
#4418=EDGE_CURVE('',#6133,#6151,#7346,.T.);
#4419=EDGE_CURVE('',#6152,#6153,#7347,.T.);
#4420=EDGE_CURVE('',#6152,#6134,#7348,.T.);
#4421=EDGE_CURVE('',#6135,#6153,#7349,.T.);
#4422=EDGE_CURVE('',#6154,#6155,#7350,.T.);
#4423=EDGE_CURVE('',#6154,#6136,#7351,.T.);
#4424=EDGE_CURVE('',#6137,#6155,#7352,.T.);
#4425=EDGE_CURVE('',#6156,#6157,#7353,.T.);
#4426=EDGE_CURVE('',#6156,#6138,#7354,.T.);
#4427=EDGE_CURVE('',#6139,#6157,#7355,.T.);
#4428=EDGE_CURVE('',#6158,#6159,#7356,.T.);
#4429=EDGE_CURVE('',#6158,#6140,#7357,.T.);
#4430=EDGE_CURVE('',#6141,#6159,#7358,.T.);
#4431=EDGE_CURVE('',#6160,#6161,#7359,.T.);
#4432=EDGE_CURVE('',#6160,#6142,#109,.T.);
#4433=EDGE_CURVE('',#6143,#6161,#110,.T.);
#4434=EDGE_CURVE('',#6162,#6163,#7360,.T.);
#4435=EDGE_CURVE('',#6162,#6144,#111,.T.);
#4436=EDGE_CURVE('',#6145,#6163,#112,.T.);
#4437=EDGE_CURVE('',#6164,#6165,#7361,.T.);
#4438=EDGE_CURVE('',#6164,#6146,#113,.T.);
#4439=EDGE_CURVE('',#6147,#6165,#114,.T.);
#4440=EDGE_CURVE('',#6166,#6167,#7362,.T.);
#4441=EDGE_CURVE('',#6166,#6148,#115,.T.);
#4442=EDGE_CURVE('',#6149,#6167,#116,.T.);
#4443=EDGE_CURVE('',#6168,#6169,#7363,.T.);
#4444=EDGE_CURVE('',#6168,#6150,#117,.T.);
#4445=EDGE_CURVE('',#6151,#6169,#118,.T.);
#4446=EDGE_CURVE('',#6170,#6171,#7364,.T.);
#4447=EDGE_CURVE('',#6170,#6152,#119,.T.);
#4448=EDGE_CURVE('',#6153,#6171,#120,.T.);
#4449=EDGE_CURVE('',#6172,#6173,#7365,.T.);
#4450=EDGE_CURVE('',#6172,#6154,#121,.T.);
#4451=EDGE_CURVE('',#6155,#6173,#122,.T.);
#4452=EDGE_CURVE('',#6174,#6175,#7366,.T.);
#4453=EDGE_CURVE('',#6174,#6156,#123,.T.);
#4454=EDGE_CURVE('',#6157,#6175,#124,.T.);
#4455=EDGE_CURVE('',#6176,#6177,#7367,.T.);
#4456=EDGE_CURVE('',#6176,#6158,#125,.T.);
#4457=EDGE_CURVE('',#6159,#6177,#126,.T.);
#4458=EDGE_CURVE('',#5959,#6160,#7368,.T.);
#4459=EDGE_CURVE('',#6161,#5960,#7369,.T.);
#4460=EDGE_CURVE('',#5963,#6162,#7370,.T.);
#4461=EDGE_CURVE('',#6163,#5964,#7371,.T.);
#4462=EDGE_CURVE('',#5967,#6164,#7372,.T.);
#4463=EDGE_CURVE('',#6165,#5968,#7373,.T.);
#4464=EDGE_CURVE('',#5971,#6166,#7374,.T.);
#4465=EDGE_CURVE('',#6167,#5972,#7375,.T.);
#4466=EDGE_CURVE('',#5975,#6168,#7376,.T.);
#4467=EDGE_CURVE('',#6169,#5976,#7377,.T.);
#4468=EDGE_CURVE('',#5979,#6170,#7378,.T.);
#4469=EDGE_CURVE('',#6171,#5980,#7379,.T.);
#4470=EDGE_CURVE('',#5983,#6172,#7380,.T.);
#4471=EDGE_CURVE('',#6173,#5984,#7381,.T.);
#4472=EDGE_CURVE('',#5987,#6174,#7382,.T.);
#4473=EDGE_CURVE('',#6175,#5988,#7383,.T.);
#4474=EDGE_CURVE('',#5991,#6176,#7384,.T.);
#4475=EDGE_CURVE('',#6177,#5992,#7385,.T.);
#4476=EDGE_CURVE('',#6178,#6179,#127,.T.);
#4477=EDGE_CURVE('',#6179,#6180,#7386,.T.);
#4478=EDGE_CURVE('',#6181,#6180,#128,.T.);
#4479=EDGE_CURVE('',#6181,#6182,#7387,.T.);
#4480=EDGE_CURVE('',#6182,#6183,#129,.T.);
#4481=EDGE_CURVE('',#6183,#6184,#7388,.T.);
#4482=EDGE_CURVE('',#6184,#6185,#7389,.T.);
#4483=EDGE_CURVE('',#6185,#6186,#7390,.T.);
#4484=EDGE_CURVE('',#6187,#6186,#130,.T.);
#4485=EDGE_CURVE('',#6187,#6178,#7391,.T.);
#4486=EDGE_CURVE('',#6188,#6189,#131,.T.);
#4487=EDGE_CURVE('',#6188,#6190,#7392,.T.);
#4488=EDGE_CURVE('',#6190,#6191,#132,.T.);
#4489=EDGE_CURVE('',#6191,#6192,#7393,.T.);
#4490=EDGE_CURVE('',#6193,#6192,#133,.T.);
#4491=EDGE_CURVE('',#6193,#6194,#7394,.T.);
#4492=EDGE_CURVE('',#6195,#6194,#7395,.T.);
#4493=EDGE_CURVE('',#6195,#6196,#7396,.T.);
#4494=EDGE_CURVE('',#6196,#6197,#134,.T.);
#4495=EDGE_CURVE('',#6197,#6189,#7397,.T.);
#4496=EDGE_CURVE('',#6198,#6199,#135,.T.);
#4497=EDGE_CURVE('',#6198,#6200,#7398,.T.);
#4498=EDGE_CURVE('',#6200,#6201,#136,.T.);
#4499=EDGE_CURVE('',#6201,#6202,#7399,.T.);
#4500=EDGE_CURVE('',#6203,#6202,#137,.T.);
#4501=EDGE_CURVE('',#6203,#6204,#7400,.T.);
#4502=EDGE_CURVE('',#6205,#6204,#7401,.T.);
#4503=EDGE_CURVE('',#6205,#6206,#7402,.T.);
#4504=EDGE_CURVE('',#6206,#6207,#138,.T.);
#4505=EDGE_CURVE('',#6207,#6199,#7403,.T.);
#4506=EDGE_CURVE('',#6208,#6209,#139,.T.);
#4507=EDGE_CURVE('',#6209,#6210,#7404,.T.);
#4508=EDGE_CURVE('',#6211,#6210,#140,.T.);
#4509=EDGE_CURVE('',#6211,#6212,#7405,.T.);
#4510=EDGE_CURVE('',#6212,#6213,#141,.T.);
#4511=EDGE_CURVE('',#6213,#6214,#7406,.T.);
#4512=EDGE_CURVE('',#6214,#6215,#7407,.T.);
#4513=EDGE_CURVE('',#6215,#6216,#7408,.T.);
#4514=EDGE_CURVE('',#6217,#6216,#142,.T.);
#4515=EDGE_CURVE('',#6217,#6208,#7409,.T.);
#4516=EDGE_CURVE('',#6218,#6219,#143,.T.);
#4517=EDGE_CURVE('',#6218,#6220,#7410,.T.);
#4518=EDGE_CURVE('',#6220,#6221,#144,.T.);
#4519=EDGE_CURVE('',#6221,#6222,#7411,.T.);
#4520=EDGE_CURVE('',#6223,#6222,#145,.T.);
#4521=EDGE_CURVE('',#6223,#6224,#7412,.T.);
#4522=EDGE_CURVE('',#6225,#6224,#7413,.T.);
#4523=EDGE_CURVE('',#6225,#6226,#7414,.T.);
#4524=EDGE_CURVE('',#6226,#6227,#146,.T.);
#4525=EDGE_CURVE('',#6227,#6219,#7415,.T.);
#4526=EDGE_CURVE('',#6228,#6229,#147,.T.);
#4527=EDGE_CURVE('',#6229,#6230,#7416,.T.);
#4528=EDGE_CURVE('',#6231,#6230,#148,.T.);
#4529=EDGE_CURVE('',#6231,#6232,#7417,.T.);
#4530=EDGE_CURVE('',#6232,#6233,#149,.T.);
#4531=EDGE_CURVE('',#6233,#6234,#7418,.T.);
#4532=EDGE_CURVE('',#6234,#6235,#7419,.T.);
#4533=EDGE_CURVE('',#6235,#6236,#7420,.T.);
#4534=EDGE_CURVE('',#6237,#6236,#150,.T.);
#4535=EDGE_CURVE('',#6237,#6228,#7421,.T.);
#4536=EDGE_CURVE('',#6238,#6239,#151,.T.);
#4537=EDGE_CURVE('',#6238,#6240,#7422,.T.);
#4538=EDGE_CURVE('',#6240,#6241,#152,.T.);
#4539=EDGE_CURVE('',#6241,#6242,#7423,.T.);
#4540=EDGE_CURVE('',#6243,#6242,#153,.T.);
#4541=EDGE_CURVE('',#6243,#6244,#7424,.T.);
#4542=EDGE_CURVE('',#6245,#6244,#7425,.T.);
#4543=EDGE_CURVE('',#6245,#6246,#7426,.T.);
#4544=EDGE_CURVE('',#6246,#6247,#154,.T.);
#4545=EDGE_CURVE('',#6247,#6239,#7427,.T.);
#4546=EDGE_CURVE('',#6248,#6249,#155,.T.);
#4547=EDGE_CURVE('',#6249,#6250,#7428,.T.);
#4548=EDGE_CURVE('',#6251,#6250,#156,.T.);
#4549=EDGE_CURVE('',#6251,#6252,#7429,.T.);
#4550=EDGE_CURVE('',#6252,#6253,#157,.T.);
#4551=EDGE_CURVE('',#6253,#6254,#7430,.T.);
#4552=EDGE_CURVE('',#6254,#6255,#7431,.T.);
#4553=EDGE_CURVE('',#6255,#6256,#7432,.T.);
#4554=EDGE_CURVE('',#6257,#6256,#158,.T.);
#4555=EDGE_CURVE('',#6257,#6248,#7433,.T.);
#4556=EDGE_CURVE('',#6258,#6259,#159,.T.);
#4557=EDGE_CURVE('',#6258,#6260,#7434,.T.);
#4558=EDGE_CURVE('',#6260,#6261,#160,.T.);
#4559=EDGE_CURVE('',#6261,#6262,#7435,.T.);
#4560=EDGE_CURVE('',#6263,#6262,#161,.T.);
#4561=EDGE_CURVE('',#6263,#6264,#7436,.T.);
#4562=EDGE_CURVE('',#6265,#6264,#7437,.T.);
#4563=EDGE_CURVE('',#6265,#6266,#7438,.T.);
#4564=EDGE_CURVE('',#6266,#6267,#162,.T.);
#4565=EDGE_CURVE('',#6267,#6259,#7439,.T.);
#4566=EDGE_CURVE('',#6268,#6269,#163,.T.);
#4567=EDGE_CURVE('',#6269,#6270,#7440,.T.);
#4568=EDGE_CURVE('',#6271,#6270,#164,.T.);
#4569=EDGE_CURVE('',#6271,#6272,#7441,.T.);
#4570=EDGE_CURVE('',#6272,#6273,#165,.T.);
#4571=EDGE_CURVE('',#6273,#6274,#7442,.T.);
#4572=EDGE_CURVE('',#6274,#6275,#7443,.T.);
#4573=EDGE_CURVE('',#6275,#6276,#7444,.T.);
#4574=EDGE_CURVE('',#6277,#6276,#166,.T.);
#4575=EDGE_CURVE('',#6277,#6268,#7445,.T.);
#4576=EDGE_CURVE('',#6278,#6279,#167,.T.);
#4577=EDGE_CURVE('',#6278,#6280,#7446,.T.);
#4578=EDGE_CURVE('',#6280,#6281,#168,.T.);
#4579=EDGE_CURVE('',#6281,#6282,#7447,.T.);
#4580=EDGE_CURVE('',#6283,#6282,#169,.T.);
#4581=EDGE_CURVE('',#6283,#6284,#7448,.T.);
#4582=EDGE_CURVE('',#6285,#6284,#7449,.T.);
#4583=EDGE_CURVE('',#6285,#6286,#7450,.T.);
#4584=EDGE_CURVE('',#6286,#6287,#170,.T.);
#4585=EDGE_CURVE('',#6287,#6279,#7451,.T.);
#4586=EDGE_CURVE('',#6288,#6289,#171,.T.);
#4587=EDGE_CURVE('',#6289,#6290,#7452,.T.);
#4588=EDGE_CURVE('',#6291,#6290,#172,.T.);
#4589=EDGE_CURVE('',#6291,#6292,#7453,.T.);
#4590=EDGE_CURVE('',#6292,#6293,#173,.T.);
#4591=EDGE_CURVE('',#6293,#6294,#7454,.T.);
#4592=EDGE_CURVE('',#6294,#6295,#7455,.T.);
#4593=EDGE_CURVE('',#6295,#6296,#7456,.T.);
#4594=EDGE_CURVE('',#6297,#6296,#174,.T.);
#4595=EDGE_CURVE('',#6297,#6288,#7457,.T.);
#4596=EDGE_CURVE('',#6298,#6299,#175,.T.);
#4597=EDGE_CURVE('',#6298,#6300,#7458,.T.);
#4598=EDGE_CURVE('',#6300,#6301,#176,.T.);
#4599=EDGE_CURVE('',#6301,#6302,#7459,.T.);
#4600=EDGE_CURVE('',#6303,#6302,#177,.T.);
#4601=EDGE_CURVE('',#6303,#6304,#7460,.T.);
#4602=EDGE_CURVE('',#6305,#6304,#7461,.T.);
#4603=EDGE_CURVE('',#6305,#6306,#7462,.T.);
#4604=EDGE_CURVE('',#6306,#6307,#178,.T.);
#4605=EDGE_CURVE('',#6307,#6299,#7463,.T.);
#4606=EDGE_CURVE('',#6308,#6309,#179,.T.);
#4607=EDGE_CURVE('',#6309,#6310,#7464,.T.);
#4608=EDGE_CURVE('',#6311,#6310,#180,.T.);
#4609=EDGE_CURVE('',#6311,#6312,#7465,.T.);
#4610=EDGE_CURVE('',#6312,#6313,#181,.T.);
#4611=EDGE_CURVE('',#6313,#6314,#7466,.T.);
#4612=EDGE_CURVE('',#6314,#6315,#7467,.T.);
#4613=EDGE_CURVE('',#6315,#6316,#7468,.T.);
#4614=EDGE_CURVE('',#6317,#6316,#182,.T.);
#4615=EDGE_CURVE('',#6317,#6308,#7469,.T.);
#4616=EDGE_CURVE('',#6318,#6319,#183,.T.);
#4617=EDGE_CURVE('',#6318,#6320,#7470,.T.);
#4618=EDGE_CURVE('',#6320,#6321,#184,.T.);
#4619=EDGE_CURVE('',#6321,#6322,#7471,.T.);
#4620=EDGE_CURVE('',#6323,#6322,#185,.T.);
#4621=EDGE_CURVE('',#6323,#6324,#7472,.T.);
#4622=EDGE_CURVE('',#6325,#6324,#7473,.T.);
#4623=EDGE_CURVE('',#6325,#6326,#7474,.T.);
#4624=EDGE_CURVE('',#6326,#6327,#186,.T.);
#4625=EDGE_CURVE('',#6327,#6319,#7475,.T.);
#4626=EDGE_CURVE('',#6328,#6329,#187,.T.);
#4627=EDGE_CURVE('',#6329,#6330,#7476,.T.);
#4628=EDGE_CURVE('',#6331,#6330,#188,.T.);
#4629=EDGE_CURVE('',#6331,#6332,#7477,.T.);
#4630=EDGE_CURVE('',#6332,#6333,#189,.T.);
#4631=EDGE_CURVE('',#6333,#6334,#7478,.T.);
#4632=EDGE_CURVE('',#6334,#6335,#7479,.T.);
#4633=EDGE_CURVE('',#6335,#6336,#7480,.T.);
#4634=EDGE_CURVE('',#6337,#6336,#190,.T.);
#4635=EDGE_CURVE('',#6337,#6328,#7481,.T.);
#4636=EDGE_CURVE('',#6338,#6339,#191,.T.);
#4637=EDGE_CURVE('',#6338,#6340,#7482,.T.);
#4638=EDGE_CURVE('',#6340,#6341,#192,.T.);
#4639=EDGE_CURVE('',#6341,#6342,#7483,.T.);
#4640=EDGE_CURVE('',#6343,#6342,#193,.T.);
#4641=EDGE_CURVE('',#6343,#6344,#7484,.T.);
#4642=EDGE_CURVE('',#6345,#6344,#7485,.T.);
#4643=EDGE_CURVE('',#6345,#6346,#7486,.T.);
#4644=EDGE_CURVE('',#6346,#6347,#194,.T.);
#4645=EDGE_CURVE('',#6347,#6339,#7487,.T.);
#4646=EDGE_CURVE('',#6348,#6349,#195,.T.);
#4647=EDGE_CURVE('',#6349,#6350,#7488,.T.);
#4648=EDGE_CURVE('',#6351,#6350,#196,.T.);
#4649=EDGE_CURVE('',#6351,#6352,#7489,.T.);
#4650=EDGE_CURVE('',#6352,#6353,#197,.T.);
#4651=EDGE_CURVE('',#6353,#6354,#7490,.T.);
#4652=EDGE_CURVE('',#6354,#6355,#7491,.T.);
#4653=EDGE_CURVE('',#6355,#6356,#7492,.T.);
#4654=EDGE_CURVE('',#6357,#6356,#198,.T.);
#4655=EDGE_CURVE('',#6357,#6348,#7493,.T.);
#4656=EDGE_CURVE('',#6358,#6359,#199,.T.);
#4657=EDGE_CURVE('',#6359,#6360,#7494,.T.);
#4658=EDGE_CURVE('',#6361,#6360,#200,.T.);
#4659=EDGE_CURVE('',#6361,#6362,#7495,.T.);
#4660=EDGE_CURVE('',#6362,#6363,#201,.T.);
#4661=EDGE_CURVE('',#6363,#6364,#7496,.T.);
#4662=EDGE_CURVE('',#6364,#6365,#7497,.T.);
#4663=EDGE_CURVE('',#6365,#6366,#7498,.T.);
#4664=EDGE_CURVE('',#6367,#6366,#202,.T.);
#4665=EDGE_CURVE('',#6367,#6358,#7499,.T.);
#4666=EDGE_CURVE('',#6368,#6369,#203,.T.);
#4667=EDGE_CURVE('',#6368,#6370,#7500,.T.);
#4668=EDGE_CURVE('',#6370,#6371,#204,.T.);
#4669=EDGE_CURVE('',#6371,#6372,#7501,.T.);
#4670=EDGE_CURVE('',#6373,#6372,#205,.T.);
#4671=EDGE_CURVE('',#6373,#6374,#7502,.T.);
#4672=EDGE_CURVE('',#6375,#6374,#7503,.T.);
#4673=EDGE_CURVE('',#6375,#6376,#7504,.T.);
#4674=EDGE_CURVE('',#6376,#6377,#206,.T.);
#4675=EDGE_CURVE('',#6377,#6369,#7505,.T.);
#4676=EDGE_CURVE('',#6193,#6366,#7506,.T.);
#4677=EDGE_CURVE('',#6378,#6365,#207,.T.);
#4678=EDGE_CURVE('',#6379,#6378,#7507,.T.);
#4679=EDGE_CURVE('',#6194,#6379,#208,.T.);
#4680=EDGE_CURVE('',#6373,#6356,#7508,.T.);
#4681=EDGE_CURVE('',#6380,#6355,#209,.T.);
#4682=EDGE_CURVE('',#6381,#6380,#7509,.T.);
#4683=EDGE_CURVE('',#6374,#6381,#210,.T.);
#4684=EDGE_CURVE('',#6343,#6336,#7510,.T.);
#4685=EDGE_CURVE('',#6382,#6335,#211,.T.);
#4686=EDGE_CURVE('',#6383,#6382,#7511,.T.);
#4687=EDGE_CURVE('',#6344,#6383,#212,.T.);
#4688=EDGE_CURVE('',#6323,#6316,#7512,.T.);
#4689=EDGE_CURVE('',#6384,#6315,#213,.T.);
#4690=EDGE_CURVE('',#6385,#6384,#7513,.T.);
#4691=EDGE_CURVE('',#6324,#6385,#214,.T.);
#4692=EDGE_CURVE('',#6303,#6296,#7514,.T.);
#4693=EDGE_CURVE('',#6386,#6295,#215,.T.);
#4694=EDGE_CURVE('',#6387,#6386,#7515,.T.);
#4695=EDGE_CURVE('',#6304,#6387,#216,.T.);
#4696=EDGE_CURVE('',#6283,#6276,#7516,.T.);
#4697=EDGE_CURVE('',#6388,#6275,#217,.T.);
#4698=EDGE_CURVE('',#6389,#6388,#7517,.T.);
#4699=EDGE_CURVE('',#6284,#6389,#218,.T.);
#4700=EDGE_CURVE('',#6263,#6256,#7518,.T.);
#4701=EDGE_CURVE('',#6390,#6255,#219,.T.);
#4702=EDGE_CURVE('',#6391,#6390,#7519,.T.);
#4703=EDGE_CURVE('',#6264,#6391,#220,.T.);
#4704=EDGE_CURVE('',#6243,#6236,#7520,.T.);
#4705=EDGE_CURVE('',#6392,#6235,#221,.T.);
#4706=EDGE_CURVE('',#6393,#6392,#7521,.T.);
#4707=EDGE_CURVE('',#6244,#6393,#222,.T.);
#4708=EDGE_CURVE('',#6223,#6216,#7522,.T.);
#4709=EDGE_CURVE('',#6394,#6215,#223,.T.);
#4710=EDGE_CURVE('',#6395,#6394,#7523,.T.);
#4711=EDGE_CURVE('',#6224,#6395,#224,.T.);
#4712=EDGE_CURVE('',#6203,#6186,#7524,.T.);
#4713=EDGE_CURVE('',#6396,#6185,#225,.T.);
#4714=EDGE_CURVE('',#6397,#6396,#7525,.T.);
#4715=EDGE_CURVE('',#6204,#6397,#226,.T.);
#4716=EDGE_CURVE('',#6398,#6399,#7526,.T.);
#4717=EDGE_CURVE('',#6398,#6379,#7527,.T.);
#4718=EDGE_CURVE('',#6399,#6378,#7528,.T.);
#4719=EDGE_CURVE('',#6400,#6401,#7529,.T.);
#4720=EDGE_CURVE('',#6400,#6381,#7530,.T.);
#4721=EDGE_CURVE('',#6401,#6380,#7531,.T.);
#4722=EDGE_CURVE('',#6402,#6403,#7532,.T.);
#4723=EDGE_CURVE('',#6402,#6383,#7533,.T.);
#4724=EDGE_CURVE('',#6403,#6382,#7534,.T.);
#4725=EDGE_CURVE('',#6404,#6405,#7535,.T.);
#4726=EDGE_CURVE('',#6404,#6385,#7536,.T.);
#4727=EDGE_CURVE('',#6405,#6384,#7537,.T.);
#4728=EDGE_CURVE('',#6406,#6407,#7538,.T.);
#4729=EDGE_CURVE('',#6406,#6387,#7539,.T.);
#4730=EDGE_CURVE('',#6407,#6386,#7540,.T.);
#4731=EDGE_CURVE('',#6408,#6409,#7541,.T.);
#4732=EDGE_CURVE('',#6408,#6389,#7542,.T.);
#4733=EDGE_CURVE('',#6409,#6388,#7543,.T.);
#4734=EDGE_CURVE('',#6410,#6411,#7544,.T.);
#4735=EDGE_CURVE('',#6410,#6391,#7545,.T.);
#4736=EDGE_CURVE('',#6411,#6390,#7546,.T.);
#4737=EDGE_CURVE('',#6412,#6413,#7547,.T.);
#4738=EDGE_CURVE('',#6412,#6393,#7548,.T.);
#4739=EDGE_CURVE('',#6413,#6392,#7549,.T.);
#4740=EDGE_CURVE('',#6414,#6415,#7550,.T.);
#4741=EDGE_CURVE('',#6414,#6395,#7551,.T.);
#4742=EDGE_CURVE('',#6415,#6394,#7552,.T.);
#4743=EDGE_CURVE('',#6416,#6417,#7553,.T.);
#4744=EDGE_CURVE('',#6416,#6397,#7554,.T.);
#4745=EDGE_CURVE('',#6417,#6396,#7555,.T.);
#4746=EDGE_CURVE('',#6398,#6195,#227,.T.);
#4747=EDGE_CURVE('',#6364,#6399,#228,.T.);
#4748=EDGE_CURVE('',#6196,#6363,#7556,.T.);
#4749=EDGE_CURVE('',#6400,#6375,#229,.T.);
#4750=EDGE_CURVE('',#6354,#6401,#230,.T.);
#4751=EDGE_CURVE('',#6376,#6353,#7557,.T.);
#4752=EDGE_CURVE('',#6402,#6345,#231,.T.);
#4753=EDGE_CURVE('',#6334,#6403,#232,.T.);
#4754=EDGE_CURVE('',#6346,#6333,#7558,.T.);
#4755=EDGE_CURVE('',#6404,#6325,#233,.T.);
#4756=EDGE_CURVE('',#6314,#6405,#234,.T.);
#4757=EDGE_CURVE('',#6326,#6313,#7559,.T.);
#4758=EDGE_CURVE('',#6406,#6305,#235,.T.);
#4759=EDGE_CURVE('',#6294,#6407,#236,.T.);
#4760=EDGE_CURVE('',#6306,#6293,#7560,.T.);
#4761=EDGE_CURVE('',#6408,#6285,#237,.T.);
#4762=EDGE_CURVE('',#6274,#6409,#238,.T.);
#4763=EDGE_CURVE('',#6286,#6273,#7561,.T.);
#4764=EDGE_CURVE('',#6410,#6265,#239,.T.);
#4765=EDGE_CURVE('',#6254,#6411,#240,.T.);
#4766=EDGE_CURVE('',#6266,#6253,#7562,.T.);
#4767=EDGE_CURVE('',#6412,#6245,#241,.T.);
#4768=EDGE_CURVE('',#6234,#6413,#242,.T.);
#4769=EDGE_CURVE('',#6246,#6233,#7563,.T.);
#4770=EDGE_CURVE('',#6414,#6225,#243,.T.);
#4771=EDGE_CURVE('',#6214,#6415,#244,.T.);
#4772=EDGE_CURVE('',#6226,#6213,#7564,.T.);
#4773=EDGE_CURVE('',#6416,#6205,#245,.T.);
#4774=EDGE_CURVE('',#6184,#6417,#246,.T.);
#4775=EDGE_CURVE('',#6206,#6183,#7565,.T.);
#4776=EDGE_CURVE('',#6197,#6362,#7566,.T.);
#4777=EDGE_CURVE('',#6377,#6352,#7567,.T.);
#4778=EDGE_CURVE('',#6347,#6332,#7568,.T.);
#4779=EDGE_CURVE('',#6327,#6312,#7569,.T.);
#4780=EDGE_CURVE('',#6307,#6292,#7570,.T.);
#4781=EDGE_CURVE('',#6287,#6272,#7571,.T.);
#4782=EDGE_CURVE('',#6267,#6252,#7572,.T.);
#4783=EDGE_CURVE('',#6247,#6232,#7573,.T.);
#4784=EDGE_CURVE('',#6227,#6212,#7574,.T.);
#4785=EDGE_CURVE('',#6207,#6182,#7575,.T.);
#4786=EDGE_CURVE('',#6189,#6361,#7576,.T.);
#4787=EDGE_CURVE('',#6369,#6351,#7577,.T.);
#4788=EDGE_CURVE('',#6339,#6331,#7578,.T.);
#4789=EDGE_CURVE('',#6319,#6311,#7579,.T.);
#4790=EDGE_CURVE('',#6299,#6291,#7580,.T.);
#4791=EDGE_CURVE('',#6279,#6271,#7581,.T.);
#4792=EDGE_CURVE('',#6259,#6251,#7582,.T.);
#4793=EDGE_CURVE('',#6239,#6231,#7583,.T.);
#4794=EDGE_CURVE('',#6219,#6211,#7584,.T.);
#4795=EDGE_CURVE('',#6199,#6181,#7585,.T.);
#4796=EDGE_CURVE('',#6188,#6360,#7586,.T.);
#4797=EDGE_CURVE('',#6368,#6350,#7587,.T.);
#4798=EDGE_CURVE('',#6338,#6330,#7588,.T.);
#4799=EDGE_CURVE('',#6318,#6310,#7589,.T.);
#4800=EDGE_CURVE('',#6298,#6290,#7590,.T.);
#4801=EDGE_CURVE('',#6278,#6270,#7591,.T.);
#4802=EDGE_CURVE('',#6258,#6250,#7592,.T.);
#4803=EDGE_CURVE('',#6238,#6230,#7593,.T.);
#4804=EDGE_CURVE('',#6218,#6210,#7594,.T.);
#4805=EDGE_CURVE('',#6198,#6180,#7595,.T.);
#4806=EDGE_CURVE('',#6418,#6359,#7596,.T.);
#4807=EDGE_CURVE('',#6419,#6418,#7597,.T.);
#4808=EDGE_CURVE('',#6420,#6419,#7598,.T.);
#4809=EDGE_CURVE('',#6421,#6420,#7599,.T.);
#4810=EDGE_CURVE('',#6422,#6421,#7600,.T.);
#4811=EDGE_CURVE('',#6423,#6422,#7601,.T.);
#4812=EDGE_CURVE('',#6370,#6423,#7602,.T.);
#4813=EDGE_CURVE('',#6424,#6349,#7603,.T.);
#4814=EDGE_CURVE('',#6425,#6424,#7604,.T.);
#4815=EDGE_CURVE('',#6426,#6425,#7605,.T.);
#4816=EDGE_CURVE('',#6427,#6426,#7606,.T.);
#4817=EDGE_CURVE('',#6428,#6427,#7607,.T.);
#4818=EDGE_CURVE('',#6429,#6428,#7608,.T.);
#4819=EDGE_CURVE('',#6340,#6429,#7609,.T.);
#4820=EDGE_CURVE('',#6430,#6329,#7610,.T.);
#4821=EDGE_CURVE('',#6431,#6430,#7611,.T.);
#4822=EDGE_CURVE('',#6432,#6431,#7612,.T.);
#4823=EDGE_CURVE('',#6433,#6432,#7613,.T.);
#4824=EDGE_CURVE('',#6434,#6433,#7614,.T.);
#4825=EDGE_CURVE('',#6435,#6434,#7615,.T.);
#4826=EDGE_CURVE('',#6320,#6435,#7616,.T.);
#4827=EDGE_CURVE('',#6436,#6309,#7617,.T.);
#4828=EDGE_CURVE('',#6437,#6436,#7618,.T.);
#4829=EDGE_CURVE('',#6438,#6437,#7619,.T.);
#4830=EDGE_CURVE('',#6439,#6438,#7620,.T.);
#4831=EDGE_CURVE('',#6440,#6439,#7621,.T.);
#4832=EDGE_CURVE('',#6441,#6440,#7622,.T.);
#4833=EDGE_CURVE('',#6300,#6441,#7623,.T.);
#4834=EDGE_CURVE('',#6442,#6289,#7624,.T.);
#4835=EDGE_CURVE('',#6443,#6442,#7625,.T.);
#4836=EDGE_CURVE('',#6444,#6443,#7626,.T.);
#4837=EDGE_CURVE('',#6445,#6444,#7627,.T.);
#4838=EDGE_CURVE('',#6446,#6445,#7628,.T.);
#4839=EDGE_CURVE('',#6447,#6446,#7629,.T.);
#4840=EDGE_CURVE('',#6280,#6447,#7630,.T.);
#4841=EDGE_CURVE('',#6448,#6269,#7631,.T.);
#4842=EDGE_CURVE('',#6449,#6448,#7632,.T.);
#4843=EDGE_CURVE('',#6450,#6449,#7633,.T.);
#4844=EDGE_CURVE('',#6451,#6450,#7634,.T.);
#4845=EDGE_CURVE('',#6452,#6451,#7635,.T.);
#4846=EDGE_CURVE('',#6453,#6452,#7636,.T.);
#4847=EDGE_CURVE('',#6260,#6453,#7637,.T.);
#4848=EDGE_CURVE('',#6454,#6249,#7638,.T.);
#4849=EDGE_CURVE('',#6455,#6454,#7639,.T.);
#4850=EDGE_CURVE('',#6456,#6455,#7640,.T.);
#4851=EDGE_CURVE('',#6457,#6456,#7641,.T.);
#4852=EDGE_CURVE('',#6458,#6457,#7642,.T.);
#4853=EDGE_CURVE('',#6459,#6458,#7643,.T.);
#4854=EDGE_CURVE('',#6240,#6459,#7644,.T.);
#4855=EDGE_CURVE('',#6460,#6229,#7645,.T.);
#4856=EDGE_CURVE('',#6461,#6460,#7646,.T.);
#4857=EDGE_CURVE('',#6462,#6461,#7647,.T.);
#4858=EDGE_CURVE('',#6463,#6462,#7648,.T.);
#4859=EDGE_CURVE('',#6464,#6463,#7649,.T.);
#4860=EDGE_CURVE('',#6465,#6464,#7650,.T.);
#4861=EDGE_CURVE('',#6220,#6465,#7651,.T.);
#4862=EDGE_CURVE('',#6466,#6209,#7652,.T.);
#4863=EDGE_CURVE('',#6467,#6466,#7653,.T.);
#4864=EDGE_CURVE('',#6468,#6467,#7654,.T.);
#4865=EDGE_CURVE('',#6469,#6468,#7655,.T.);
#4866=EDGE_CURVE('',#6470,#6469,#7656,.T.);
#4867=EDGE_CURVE('',#6471,#6470,#7657,.T.);
#4868=EDGE_CURVE('',#6200,#6471,#7658,.T.);
#4869=EDGE_CURVE('',#6472,#6179,#7659,.T.);
#4870=EDGE_CURVE('',#6473,#6472,#7660,.T.);
#4871=EDGE_CURVE('',#6474,#6473,#7661,.T.);
#4872=EDGE_CURVE('',#6475,#6474,#7662,.T.);
#4873=EDGE_CURVE('',#5957,#6475,#7663,.T.);
#4874=EDGE_CURVE('',#6476,#5956,#7664,.T.);
#4875=EDGE_CURVE('',#6477,#6476,#7665,.T.);
#4876=EDGE_CURVE('',#6478,#6477,#7666,.T.);
#4877=EDGE_CURVE('',#6479,#6478,#7667,.T.);
#4878=EDGE_CURVE('',#6480,#6479,#7668,.T.);
#4879=EDGE_CURVE('',#6481,#6480,#7669,.T.);
#4880=EDGE_CURVE('',#5953,#6481,#7670,.T.);
#4881=EDGE_CURVE('',#6482,#5952,#7671,.T.);
#4882=EDGE_CURVE('',#6483,#6482,#7672,.T.);
#4883=EDGE_CURVE('',#6484,#6483,#7673,.T.);
#4884=EDGE_CURVE('',#6485,#6484,#7674,.T.);
#4885=EDGE_CURVE('',#6486,#6485,#7675,.T.);
#4886=EDGE_CURVE('',#6487,#6486,#7676,.T.);
#4887=EDGE_CURVE('',#5949,#6487,#7677,.T.);
#4888=EDGE_CURVE('',#6488,#5948,#7678,.T.);
#4889=EDGE_CURVE('',#6489,#6488,#7679,.T.);
#4890=EDGE_CURVE('',#6490,#6489,#7680,.T.);
#4891=EDGE_CURVE('',#6491,#6490,#7681,.T.);
#4892=EDGE_CURVE('',#6492,#6491,#7682,.T.);
#4893=EDGE_CURVE('',#6493,#6492,#7683,.T.);
#4894=EDGE_CURVE('',#5945,#6493,#7684,.T.);
#4895=EDGE_CURVE('',#6494,#5944,#7685,.T.);
#4896=EDGE_CURVE('',#6495,#6494,#7686,.T.);
#4897=EDGE_CURVE('',#6496,#6495,#7687,.T.);
#4898=EDGE_CURVE('',#6497,#6496,#7688,.T.);
#4899=EDGE_CURVE('',#6498,#6497,#7689,.T.);
#4900=EDGE_CURVE('',#6499,#6498,#7690,.T.);
#4901=EDGE_CURVE('',#5941,#6499,#7691,.T.);
#4902=EDGE_CURVE('',#6500,#5940,#7692,.T.);
#4903=EDGE_CURVE('',#6501,#6500,#7693,.T.);
#4904=EDGE_CURVE('',#6502,#6501,#7694,.T.);
#4905=EDGE_CURVE('',#6503,#6502,#7695,.T.);
#4906=EDGE_CURVE('',#6504,#6503,#7696,.T.);
#4907=EDGE_CURVE('',#6505,#6504,#7697,.T.);
#4908=EDGE_CURVE('',#5937,#6505,#7698,.T.);
#4909=EDGE_CURVE('',#6506,#5936,#7699,.T.);
#4910=EDGE_CURVE('',#6507,#6506,#7700,.T.);
#4911=EDGE_CURVE('',#6508,#6507,#7701,.T.);
#4912=EDGE_CURVE('',#6509,#6508,#7702,.T.);
#4913=EDGE_CURVE('',#6510,#6509,#7703,.T.);
#4914=EDGE_CURVE('',#6511,#6510,#7704,.T.);
#4915=EDGE_CURVE('',#5933,#6511,#7705,.T.);
#4916=EDGE_CURVE('',#6512,#5932,#7706,.T.);
#4917=EDGE_CURVE('',#6513,#6512,#7707,.T.);
#4918=EDGE_CURVE('',#6514,#6513,#7708,.T.);
#4919=EDGE_CURVE('',#6515,#6514,#7709,.T.);
#4920=EDGE_CURVE('',#6516,#6515,#7710,.T.);
#4921=EDGE_CURVE('',#6517,#6516,#7711,.T.);
#4922=EDGE_CURVE('',#5929,#6517,#7712,.T.);
#4923=EDGE_CURVE('',#6518,#5928,#7713,.T.);
#4924=EDGE_CURVE('',#6519,#6518,#7714,.T.);
#4925=EDGE_CURVE('',#6520,#6519,#7715,.T.);
#4926=EDGE_CURVE('',#6521,#6520,#7716,.T.);
#4927=EDGE_CURVE('',#6522,#6521,#7717,.T.);
#4928=EDGE_CURVE('',#6523,#6522,#7718,.T.);
#4929=EDGE_CURVE('',#5925,#6523,#7719,.T.);
#4930=EDGE_CURVE('',#6524,#5924,#7720,.T.);
#4931=EDGE_CURVE('',#6525,#6524,#7721,.T.);
#4932=EDGE_CURVE('',#6526,#6525,#7722,.T.);
#4933=EDGE_CURVE('',#6527,#6526,#7723,.T.);
#4934=EDGE_CURVE('',#6528,#6527,#7724,.T.);
#4935=EDGE_CURVE('',#6529,#6528,#7725,.T.);
#4936=EDGE_CURVE('',#6530,#6529,#7726,.T.);
#4937=EDGE_CURVE('',#6531,#6530,#7727,.T.);
#4938=EDGE_CURVE('',#6532,#6531,#7728,.T.);
#4939=EDGE_CURVE('',#6533,#6532,#7729,.T.);
#4940=EDGE_CURVE('',#6534,#6533,#7730,.T.);
#4941=EDGE_CURVE('',#6535,#6534,#7731,.T.);
#4942=EDGE_CURVE('',#6190,#6535,#7732,.T.);
#4943=EDGE_CURVE('',#6536,#6537,#7733,.T.);
#4944=EDGE_CURVE('',#6531,#6536,#247,.T.);
#4945=EDGE_CURVE('',#6537,#6530,#248,.T.);
#4946=EDGE_CURVE('',#6538,#6539,#249,.T.);
#4947=EDGE_CURVE('',#6539,#6540,#7734,.T.);
#4948=EDGE_CURVE('',#6540,#6541,#250,.T.);
#4949=EDGE_CURVE('',#6538,#6541,#7735,.T.);
#4950=EDGE_CURVE('',#6542,#5993,#7736,.T.);
#4951=EDGE_CURVE('',#6542,#6543,#7737,.T.);
#4952=EDGE_CURVE('',#6543,#6544,#7738,.T.);
#4953=EDGE_CURVE('',#6544,#6545,#7739,.T.);
#4954=EDGE_CURVE('',#6545,#6546,#7740,.T.);
#4955=EDGE_CURVE('',#6547,#6546,#7741,.T.);
#4956=EDGE_CURVE('',#6547,#6548,#7742,.T.);
#4957=EDGE_CURVE('',#6548,#6549,#7743,.T.);
#4958=EDGE_CURVE('',#6549,#6550,#7744,.T.);
#4959=EDGE_CURVE('',#6550,#6551,#7745,.T.);
#4960=EDGE_CURVE('',#6551,#6552,#7746,.T.);
#4961=EDGE_CURVE('',#6552,#6553,#7747,.T.);
#4962=EDGE_CURVE('',#6553,#6554,#7748,.T.);
#4963=EDGE_CURVE('',#6555,#6554,#7749,.T.);
#4964=EDGE_CURVE('',#6555,#6556,#7750,.T.);
#4965=EDGE_CURVE('',#6556,#6557,#7751,.T.);
#4966=EDGE_CURVE('',#6557,#6558,#7752,.T.);
#4967=EDGE_CURVE('',#6558,#6559,#7753,.T.);
#4968=EDGE_CURVE('',#6559,#6560,#7754,.T.);
#4969=EDGE_CURVE('',#6560,#6561,#7755,.T.);
#4970=EDGE_CURVE('',#6561,#6562,#7756,.T.);
#4971=EDGE_CURVE('',#6563,#6562,#7757,.T.);
#4972=EDGE_CURVE('',#6563,#6564,#7758,.T.);
#4973=EDGE_CURVE('',#6564,#6565,#7759,.T.);
#4974=EDGE_CURVE('',#6565,#6566,#7760,.T.);
#4975=EDGE_CURVE('',#6566,#6567,#7761,.T.);
#4976=EDGE_CURVE('',#6567,#6568,#7762,.T.);
#4977=EDGE_CURVE('',#6568,#6569,#7763,.T.);
#4978=EDGE_CURVE('',#6569,#6570,#7764,.T.);
#4979=EDGE_CURVE('',#6571,#6570,#7765,.T.);
#4980=EDGE_CURVE('',#6571,#6572,#7766,.T.);
#4981=EDGE_CURVE('',#6572,#6573,#7767,.T.);
#4982=EDGE_CURVE('',#6573,#6574,#7768,.T.);
#4983=EDGE_CURVE('',#6574,#6575,#7769,.T.);
#4984=EDGE_CURVE('',#6575,#6576,#7770,.T.);
#4985=EDGE_CURVE('',#6576,#6577,#7771,.T.);
#4986=EDGE_CURVE('',#6577,#6578,#7772,.T.);
#4987=EDGE_CURVE('',#6579,#6578,#7773,.T.);
#4988=EDGE_CURVE('',#6579,#6580,#7774,.T.);
#4989=EDGE_CURVE('',#6580,#6581,#7775,.T.);
#4990=EDGE_CURVE('',#6581,#6582,#7776,.T.);
#4991=EDGE_CURVE('',#6582,#6583,#7777,.T.);
#4992=EDGE_CURVE('',#6583,#6584,#7778,.T.);
#4993=EDGE_CURVE('',#6584,#6585,#7779,.T.);
#4994=EDGE_CURVE('',#6585,#6586,#7780,.T.);
#4995=EDGE_CURVE('',#6587,#6586,#7781,.T.);
#4996=EDGE_CURVE('',#6587,#6588,#7782,.T.);
#4997=EDGE_CURVE('',#6588,#6589,#7783,.T.);
#4998=EDGE_CURVE('',#6589,#6590,#7784,.T.);
#4999=EDGE_CURVE('',#6590,#6591,#7785,.T.);
#5000=EDGE_CURVE('',#6591,#6592,#7786,.T.);
#5001=EDGE_CURVE('',#6592,#6593,#7787,.T.);
#5002=EDGE_CURVE('',#6593,#6594,#7788,.T.);
#5003=EDGE_CURVE('',#6595,#6594,#7789,.T.);
#5004=EDGE_CURVE('',#6595,#6596,#7790,.T.);
#5005=EDGE_CURVE('',#6596,#6597,#7791,.T.);
#5006=EDGE_CURVE('',#6597,#6598,#7792,.T.);
#5007=EDGE_CURVE('',#6598,#6599,#7793,.T.);
#5008=EDGE_CURVE('',#6599,#6600,#7794,.T.);
#5009=EDGE_CURVE('',#6600,#6601,#7795,.T.);
#5010=EDGE_CURVE('',#6601,#6602,#7796,.T.);
#5011=EDGE_CURVE('',#6603,#6602,#7797,.T.);
#5012=EDGE_CURVE('',#6603,#6604,#7798,.T.);
#5013=EDGE_CURVE('',#6604,#6605,#7799,.T.);
#5014=EDGE_CURVE('',#6605,#6606,#7800,.T.);
#5015=EDGE_CURVE('',#6606,#6607,#7801,.T.);
#5016=EDGE_CURVE('',#6607,#6608,#7802,.T.);
#5017=EDGE_CURVE('',#6608,#6609,#7803,.T.);
#5018=EDGE_CURVE('',#6609,#6610,#7804,.T.);
#5019=EDGE_CURVE('',#6611,#6610,#7805,.T.);
#5020=EDGE_CURVE('',#6611,#6612,#7806,.T.);
#5021=EDGE_CURVE('',#6612,#6613,#7807,.T.);
#5022=EDGE_CURVE('',#6613,#6614,#7808,.T.);
#5023=EDGE_CURVE('',#6614,#6615,#7809,.T.);
#5024=EDGE_CURVE('',#6615,#6616,#7810,.T.);
#5025=EDGE_CURVE('',#6616,#6617,#7811,.T.);
#5026=EDGE_CURVE('',#6617,#6618,#7812,.T.);
#5027=EDGE_CURVE('',#6619,#6618,#7813,.T.);
#5028=EDGE_CURVE('',#6619,#6620,#7814,.T.);
#5029=EDGE_CURVE('',#6620,#6621,#7815,.T.);
#5030=EDGE_CURVE('',#6621,#6622,#7816,.T.);
#5031=EDGE_CURVE('',#6622,#6623,#7817,.T.);
#5032=EDGE_CURVE('',#6538,#6623,#7818,.T.);
#5033=EDGE_CURVE('',#6624,#6541,#7819,.T.);
#5034=EDGE_CURVE('',#6624,#6625,#7820,.T.);
#5035=EDGE_CURVE('',#6625,#6626,#7821,.T.);
#5036=EDGE_CURVE('',#6626,#6627,#7822,.T.);
#5037=EDGE_CURVE('',#6627,#6628,#7823,.T.);
#5038=EDGE_CURVE('',#6628,#6629,#7824,.T.);
#5039=EDGE_CURVE('',#5958,#6629,#7825,.T.);
#5040=EDGE_CURVE('',#6630,#5961,#7826,.T.);
#5041=EDGE_CURVE('',#6630,#6631,#7827,.T.);
#5042=EDGE_CURVE('',#6631,#6632,#7828,.T.);
#5043=EDGE_CURVE('',#6632,#6633,#7829,.T.);
#5044=EDGE_CURVE('',#6633,#6634,#7830,.T.);
#5045=EDGE_CURVE('',#6634,#6635,#7831,.T.);
#5046=EDGE_CURVE('',#5962,#6635,#7832,.T.);
#5047=EDGE_CURVE('',#6636,#5965,#7833,.T.);
#5048=EDGE_CURVE('',#6636,#6637,#7834,.T.);
#5049=EDGE_CURVE('',#6637,#6638,#7835,.T.);
#5050=EDGE_CURVE('',#6638,#6639,#7836,.T.);
#5051=EDGE_CURVE('',#6639,#6640,#7837,.T.);
#5052=EDGE_CURVE('',#6640,#6641,#7838,.T.);
#5053=EDGE_CURVE('',#5966,#6641,#7839,.T.);
#5054=EDGE_CURVE('',#6642,#5969,#7840,.T.);
#5055=EDGE_CURVE('',#6642,#6643,#7841,.T.);
#5056=EDGE_CURVE('',#6643,#6644,#7842,.T.);
#5057=EDGE_CURVE('',#6644,#6645,#7843,.T.);
#5058=EDGE_CURVE('',#6645,#6646,#7844,.T.);
#5059=EDGE_CURVE('',#6646,#6647,#7845,.T.);
#5060=EDGE_CURVE('',#5970,#6647,#7846,.T.);
#5061=EDGE_CURVE('',#6648,#5973,#7847,.T.);
#5062=EDGE_CURVE('',#6648,#6649,#7848,.T.);
#5063=EDGE_CURVE('',#6649,#6650,#7849,.T.);
#5064=EDGE_CURVE('',#6650,#6651,#7850,.T.);
#5065=EDGE_CURVE('',#6651,#6652,#7851,.T.);
#5066=EDGE_CURVE('',#6652,#6653,#7852,.T.);
#5067=EDGE_CURVE('',#5974,#6653,#7853,.T.);
#5068=EDGE_CURVE('',#6654,#5977,#7854,.T.);
#5069=EDGE_CURVE('',#6654,#6655,#7855,.T.);
#5070=EDGE_CURVE('',#6655,#6656,#7856,.T.);
#5071=EDGE_CURVE('',#6656,#6657,#7857,.T.);
#5072=EDGE_CURVE('',#6657,#6658,#7858,.T.);
#5073=EDGE_CURVE('',#6658,#6659,#7859,.T.);
#5074=EDGE_CURVE('',#5978,#6659,#7860,.T.);
#5075=EDGE_CURVE('',#6660,#5981,#7861,.T.);
#5076=EDGE_CURVE('',#6660,#6661,#7862,.T.);
#5077=EDGE_CURVE('',#6661,#6662,#7863,.T.);
#5078=EDGE_CURVE('',#6662,#6663,#7864,.T.);
#5079=EDGE_CURVE('',#6663,#6664,#7865,.T.);
#5080=EDGE_CURVE('',#6664,#6665,#7866,.T.);
#5081=EDGE_CURVE('',#5982,#6665,#7867,.T.);
#5082=EDGE_CURVE('',#6666,#5985,#7868,.T.);
#5083=EDGE_CURVE('',#6666,#6667,#7869,.T.);
#5084=EDGE_CURVE('',#6667,#6668,#7870,.T.);
#5085=EDGE_CURVE('',#6668,#6669,#7871,.T.);
#5086=EDGE_CURVE('',#6669,#6670,#7872,.T.);
#5087=EDGE_CURVE('',#6670,#6671,#7873,.T.);
#5088=EDGE_CURVE('',#5986,#6671,#7874,.T.);
#5089=EDGE_CURVE('',#6672,#5989,#7875,.T.);
#5090=EDGE_CURVE('',#6672,#6673,#7876,.T.);
#5091=EDGE_CURVE('',#6673,#6674,#7877,.T.);
#5092=EDGE_CURVE('',#6674,#6675,#7878,.T.);
#5093=EDGE_CURVE('',#6675,#6676,#7879,.T.);
#5094=EDGE_CURVE('',#6676,#6677,#7880,.T.);
#5095=EDGE_CURVE('',#5990,#6677,#7881,.T.);
#5096=EDGE_CURVE('',#6619,#6190,#251,.T.);
#5097=EDGE_CURVE('',#6359,#6618,#252,.T.);
#5098=EDGE_CURVE('',#6191,#6358,#7882,.T.);
#5099=EDGE_CURVE('',#6611,#6370,#253,.T.);
#5100=EDGE_CURVE('',#6349,#6610,#254,.T.);
#5101=EDGE_CURVE('',#6371,#6348,#7883,.T.);
#5102=EDGE_CURVE('',#6603,#6340,#255,.T.);
#5103=EDGE_CURVE('',#6329,#6602,#256,.T.);
#5104=EDGE_CURVE('',#6341,#6328,#7884,.T.);
#5105=EDGE_CURVE('',#6595,#6320,#257,.T.);
#5106=EDGE_CURVE('',#6309,#6594,#258,.T.);
#5107=EDGE_CURVE('',#6321,#6308,#7885,.T.);
#5108=EDGE_CURVE('',#6587,#6300,#259,.T.);
#5109=EDGE_CURVE('',#6289,#6586,#260,.T.);
#5110=EDGE_CURVE('',#6301,#6288,#7886,.T.);
#5111=EDGE_CURVE('',#6579,#6280,#261,.T.);
#5112=EDGE_CURVE('',#6269,#6578,#262,.T.);
#5113=EDGE_CURVE('',#6281,#6268,#7887,.T.);
#5114=EDGE_CURVE('',#6571,#6260,#263,.T.);
#5115=EDGE_CURVE('',#6249,#6570,#264,.T.);
#5116=EDGE_CURVE('',#6261,#6248,#7888,.T.);
#5117=EDGE_CURVE('',#6563,#6240,#265,.T.);
#5118=EDGE_CURVE('',#6229,#6562,#266,.T.);
#5119=EDGE_CURVE('',#6241,#6228,#7889,.T.);
#5120=EDGE_CURVE('',#6555,#6220,#267,.T.);
#5121=EDGE_CURVE('',#6209,#6554,#268,.T.);
#5122=EDGE_CURVE('',#6221,#6208,#7890,.T.);
#5123=EDGE_CURVE('',#6547,#6200,#269,.T.);
#5124=EDGE_CURVE('',#6179,#6546,#270,.T.);
#5125=EDGE_CURVE('',#6201,#6178,#7891,.T.);
#5126=EDGE_CURVE('',#6192,#6367,#7892,.T.);
#5127=EDGE_CURVE('',#6372,#6357,#7893,.T.);
#5128=EDGE_CURVE('',#6342,#6337,#7894,.T.);
#5129=EDGE_CURVE('',#6322,#6317,#7895,.T.);
#5130=EDGE_CURVE('',#6302,#6297,#7896,.T.);
#5131=EDGE_CURVE('',#6282,#6277,#7897,.T.);
#5132=EDGE_CURVE('',#6262,#6257,#7898,.T.);
#5133=EDGE_CURVE('',#6242,#6237,#7899,.T.);
#5134=EDGE_CURVE('',#6222,#6217,#7900,.T.);
#5135=EDGE_CURVE('',#6202,#6187,#7901,.T.);
#5136=EDGE_CURVE('',#6678,#6679,#7902,.T.);
#5137=EDGE_CURVE('',#6678,#6536,#7903,.T.);
#5138=EDGE_CURVE('',#6537,#6679,#7904,.T.);
#5139=EDGE_CURVE('',#6678,#6680,#271,.T.);
#5140=EDGE_CURVE('',#6681,#6679,#272,.T.);
#5141=EDGE_CURVE('',#6680,#6681,#7905,.T.);
#5142=EDGE_CURVE('',#6049,#6680,#7906,.T.);
#5143=EDGE_CURVE('',#6681,#6050,#7907,.T.);
#5144=EDGE_CURVE('',#6086,#6046,#273,.T.);
#5145=EDGE_CURVE('',#6047,#6087,#274,.T.);
#5146=EDGE_CURVE('',#6682,#6683,#7908,.T.);
#5147=EDGE_CURVE('',#6682,#6048,#7909,.T.);
#5148=EDGE_CURVE('',#6051,#6683,#7910,.T.);
#5149=EDGE_CURVE('',#6684,#6685,#7911,.T.);
#5150=EDGE_CURVE('',#6684,#6682,#7912,.T.);
#5151=EDGE_CURVE('',#6683,#6685,#7913,.T.);
#5152=EDGE_CURVE('',#6686,#6687,#7914,.T.);
#5153=EDGE_CURVE('',#6686,#6684,#7915,.T.);
#5154=EDGE_CURVE('',#6685,#6687,#7916,.T.);
#5155=EDGE_CURVE('',#6686,#6688,#275,.T.);
#5156=EDGE_CURVE('',#6689,#6687,#276,.T.);
#5157=EDGE_CURVE('',#6688,#6689,#7917,.T.);
#5158=EDGE_CURVE('',#6690,#6691,#7918,.T.);
#5159=EDGE_CURVE('',#6690,#6688,#7919,.T.);
#5160=EDGE_CURVE('',#6689,#6691,#7920,.T.);
#5161=EDGE_CURVE('',#6692,#6693,#7921,.T.);
#5162=EDGE_CURVE('',#6692,#6690,#277,.T.);
#5163=EDGE_CURVE('',#6691,#6693,#278,.T.);
#5164=EDGE_CURVE('',#6539,#6692,#7922,.T.);
#5165=EDGE_CURVE('',#6693,#6540,#7923,.T.);
#5166=EDGE_CURVE('',#6542,#6475,#7924,.T.);
#5167=EDGE_CURVE('',#6623,#6532,#7925,.T.);
#5168=EDGE_CURVE('',#6677,#6476,#7926,.T.);
#5169=EDGE_CURVE('',#6672,#6481,#7927,.T.);
#5170=EDGE_CURVE('',#6671,#6482,#7928,.T.);
#5171=EDGE_CURVE('',#6666,#6487,#7929,.T.);
#5172=EDGE_CURVE('',#6665,#6488,#7930,.T.);
#5173=EDGE_CURVE('',#6660,#6493,#7931,.T.);
#5174=EDGE_CURVE('',#6659,#6494,#7932,.T.);
#5175=EDGE_CURVE('',#6654,#6499,#7933,.T.);
#5176=EDGE_CURVE('',#6653,#6500,#7934,.T.);
#5177=EDGE_CURVE('',#6648,#6505,#7935,.T.);
#5178=EDGE_CURVE('',#6647,#6506,#7936,.T.);
#5179=EDGE_CURVE('',#6642,#6511,#7937,.T.);
#5180=EDGE_CURVE('',#6641,#6512,#7938,.T.);
#5181=EDGE_CURVE('',#6636,#6517,#7939,.T.);
#5182=EDGE_CURVE('',#6635,#6518,#7940,.T.);
#5183=EDGE_CURVE('',#6630,#6523,#7941,.T.);
#5184=EDGE_CURVE('',#6624,#6529,#7942,.T.);
#5185=EDGE_CURVE('',#6629,#6524,#7943,.T.);
#5186=EDGE_CURVE('',#6613,#6422,#7944,.T.);
#5187=EDGE_CURVE('',#6612,#6423,#7945,.T.);
#5188=EDGE_CURVE('',#6614,#6421,#7946,.T.);
#5189=EDGE_CURVE('',#6615,#6420,#7947,.T.);
#5190=EDGE_CURVE('',#6616,#6419,#7948,.T.);
#5191=EDGE_CURVE('',#6617,#6418,#7949,.T.);
#5192=EDGE_CURVE('',#6625,#6528,#7950,.T.);
#5193=EDGE_CURVE('',#6626,#6527,#7951,.T.);
#5194=EDGE_CURVE('',#6627,#6526,#7952,.T.);
#5195=EDGE_CURVE('',#6628,#6525,#7953,.T.);
#5196=EDGE_CURVE('',#6605,#6428,#7954,.T.);
#5197=EDGE_CURVE('',#6604,#6429,#7955,.T.);
#5198=EDGE_CURVE('',#6606,#6427,#7956,.T.);
#5199=EDGE_CURVE('',#6607,#6426,#7957,.T.);
#5200=EDGE_CURVE('',#6608,#6425,#7958,.T.);
#5201=EDGE_CURVE('',#6609,#6424,#7959,.T.);
#5202=EDGE_CURVE('',#6631,#6522,#7960,.T.);
#5203=EDGE_CURVE('',#6632,#6521,#7961,.T.);
#5204=EDGE_CURVE('',#6633,#6520,#7962,.T.);
#5205=EDGE_CURVE('',#6634,#6519,#7963,.T.);
#5206=EDGE_CURVE('',#6597,#6434,#7964,.T.);
#5207=EDGE_CURVE('',#6596,#6435,#7965,.T.);
#5208=EDGE_CURVE('',#6598,#6433,#7966,.T.);
#5209=EDGE_CURVE('',#6599,#6432,#7967,.T.);
#5210=EDGE_CURVE('',#6600,#6431,#7968,.T.);
#5211=EDGE_CURVE('',#6601,#6430,#7969,.T.);
#5212=EDGE_CURVE('',#6637,#6516,#7970,.T.);
#5213=EDGE_CURVE('',#6638,#6515,#7971,.T.);
#5214=EDGE_CURVE('',#6639,#6514,#7972,.T.);
#5215=EDGE_CURVE('',#6640,#6513,#7973,.T.);
#5216=EDGE_CURVE('',#6589,#6440,#7974,.T.);
#5217=EDGE_CURVE('',#6588,#6441,#7975,.T.);
#5218=EDGE_CURVE('',#6590,#6439,#7976,.T.);
#5219=EDGE_CURVE('',#6591,#6438,#7977,.T.);
#5220=EDGE_CURVE('',#6592,#6437,#7978,.T.);
#5221=EDGE_CURVE('',#6593,#6436,#7979,.T.);
#5222=EDGE_CURVE('',#6643,#6510,#7980,.T.);
#5223=EDGE_CURVE('',#6644,#6509,#7981,.T.);
#5224=EDGE_CURVE('',#6645,#6508,#7982,.T.);
#5225=EDGE_CURVE('',#6646,#6507,#7983,.T.);
#5226=EDGE_CURVE('',#6581,#6446,#7984,.T.);
#5227=EDGE_CURVE('',#6580,#6447,#7985,.T.);
#5228=EDGE_CURVE('',#6582,#6445,#7986,.T.);
#5229=EDGE_CURVE('',#6583,#6444,#7987,.T.);
#5230=EDGE_CURVE('',#6584,#6443,#7988,.T.);
#5231=EDGE_CURVE('',#6585,#6442,#7989,.T.);
#5232=EDGE_CURVE('',#6649,#6504,#7990,.T.);
#5233=EDGE_CURVE('',#6650,#6503,#7991,.T.);
#5234=EDGE_CURVE('',#6651,#6502,#7992,.T.);
#5235=EDGE_CURVE('',#6652,#6501,#7993,.T.);
#5236=EDGE_CURVE('',#6573,#6452,#7994,.T.);
#5237=EDGE_CURVE('',#6572,#6453,#7995,.T.);
#5238=EDGE_CURVE('',#6574,#6451,#7996,.T.);
#5239=EDGE_CURVE('',#6575,#6450,#7997,.T.);
#5240=EDGE_CURVE('',#6576,#6449,#7998,.T.);
#5241=EDGE_CURVE('',#6577,#6448,#7999,.T.);
#5242=EDGE_CURVE('',#6655,#6498,#8000,.T.);
#5243=EDGE_CURVE('',#6656,#6497,#8001,.T.);
#5244=EDGE_CURVE('',#6657,#6496,#8002,.T.);
#5245=EDGE_CURVE('',#6658,#6495,#8003,.T.);
#5246=EDGE_CURVE('',#6565,#6458,#8004,.T.);
#5247=EDGE_CURVE('',#6564,#6459,#8005,.T.);
#5248=EDGE_CURVE('',#6566,#6457,#8006,.T.);
#5249=EDGE_CURVE('',#6567,#6456,#8007,.T.);
#5250=EDGE_CURVE('',#6568,#6455,#8008,.T.);
#5251=EDGE_CURVE('',#6569,#6454,#8009,.T.);
#5252=EDGE_CURVE('',#6661,#6492,#8010,.T.);
#5253=EDGE_CURVE('',#6662,#6491,#8011,.T.);
#5254=EDGE_CURVE('',#6663,#6490,#8012,.T.);
#5255=EDGE_CURVE('',#6664,#6489,#8013,.T.);
#5256=EDGE_CURVE('',#6557,#6464,#8014,.T.);
#5257=EDGE_CURVE('',#6556,#6465,#8015,.T.);
#5258=EDGE_CURVE('',#6558,#6463,#8016,.T.);
#5259=EDGE_CURVE('',#6559,#6462,#8017,.T.);
#5260=EDGE_CURVE('',#6560,#6461,#8018,.T.);
#5261=EDGE_CURVE('',#6561,#6460,#8019,.T.);
#5262=EDGE_CURVE('',#6667,#6486,#8020,.T.);
#5263=EDGE_CURVE('',#6668,#6485,#8021,.T.);
#5264=EDGE_CURVE('',#6669,#6484,#8022,.T.);
#5265=EDGE_CURVE('',#6670,#6483,#8023,.T.);
#5266=EDGE_CURVE('',#6549,#6470,#8024,.T.);
#5267=EDGE_CURVE('',#6548,#6471,#8025,.T.);
#5268=EDGE_CURVE('',#6550,#6469,#8026,.T.);
#5269=EDGE_CURVE('',#6551,#6468,#8027,.T.);
#5270=EDGE_CURVE('',#6552,#6467,#8028,.T.);
#5271=EDGE_CURVE('',#6553,#6466,#8029,.T.);
#5272=EDGE_CURVE('',#6673,#6480,#8030,.T.);
#5273=EDGE_CURVE('',#6674,#6479,#8031,.T.);
#5274=EDGE_CURVE('',#6675,#6478,#8032,.T.);
#5275=EDGE_CURVE('',#6676,#6477,#8033,.T.);
#5276=EDGE_CURVE('',#6621,#6534,#8034,.T.);
#5277=EDGE_CURVE('',#6620,#6535,#8035,.T.);
#5278=EDGE_CURVE('',#6622,#6533,#8036,.T.);
#5279=EDGE_CURVE('',#6545,#6472,#8037,.T.);
#5280=EDGE_CURVE('',#6543,#6474,#8038,.T.);
#5281=EDGE_CURVE('',#6544,#6473,#8039,.T.);
#5282=EDGE_CURVE('',#6694,#6695,#8040,.T.);
#5283=EDGE_CURVE('',#6694,#6696,#8041,.T.);
#5284=EDGE_CURVE('',#6697,#6696,#8042,.T.);
#5285=EDGE_CURVE('',#6697,#6698,#8043,.T.);
#5286=EDGE_CURVE('',#6699,#6698,#279,.F.);
#5287=EDGE_CURVE('',#6699,#6700,#8044,.T.);
#5288=EDGE_CURVE('',#6701,#6700,#8045,.T.);
#5289=EDGE_CURVE('',#6701,#6702,#8046,.T.);
#5290=EDGE_CURVE('',#6703,#6702,#8047,.T.);
#5291=EDGE_CURVE('',#6703,#6704,#8048,.T.);
#5292=EDGE_CURVE('',#6695,#6704,#8049,.T.);
#5293=EDGE_CURVE('',#6705,#6706,#8050,.T.);
#5294=EDGE_CURVE('',#6705,#6707,#8051,.T.);
#5295=EDGE_CURVE('',#6708,#6707,#8052,.T.);
#5296=EDGE_CURVE('',#6708,#6709,#8053,.T.);
#5297=EDGE_CURVE('',#6710,#6709,#280,.F.);
#5298=EDGE_CURVE('',#6710,#6711,#8054,.T.);
#5299=EDGE_CURVE('',#6712,#6711,#8055,.T.);
#5300=EDGE_CURVE('',#6712,#6713,#8056,.T.);
#5301=EDGE_CURVE('',#6714,#6713,#8057,.T.);
#5302=EDGE_CURVE('',#6714,#6715,#8058,.T.);
#5303=EDGE_CURVE('',#6706,#6715,#8059,.T.);
#5304=EDGE_CURVE('',#6716,#6717,#8060,.T.);
#5305=EDGE_CURVE('',#6716,#6718,#8061,.T.);
#5306=EDGE_CURVE('',#6719,#6718,#8062,.T.);
#5307=EDGE_CURVE('',#6719,#6720,#8063,.T.);
#5308=EDGE_CURVE('',#6721,#6720,#281,.F.);
#5309=EDGE_CURVE('',#6721,#6722,#8064,.T.);
#5310=EDGE_CURVE('',#6723,#6722,#8065,.T.);
#5311=EDGE_CURVE('',#6723,#6724,#8066,.T.);
#5312=EDGE_CURVE('',#6725,#6724,#8067,.T.);
#5313=EDGE_CURVE('',#6725,#6726,#8068,.T.);
#5314=EDGE_CURVE('',#6717,#6726,#8069,.T.);
#5315=EDGE_CURVE('',#6727,#6728,#8070,.T.);
#5316=EDGE_CURVE('',#6727,#6729,#8071,.T.);
#5317=EDGE_CURVE('',#6730,#6729,#8072,.T.);
#5318=EDGE_CURVE('',#6730,#6731,#8073,.T.);
#5319=EDGE_CURVE('',#6732,#6731,#282,.F.);
#5320=EDGE_CURVE('',#6732,#6733,#8074,.T.);
#5321=EDGE_CURVE('',#6734,#6733,#8075,.T.);
#5322=EDGE_CURVE('',#6734,#6735,#8076,.T.);
#5323=EDGE_CURVE('',#6736,#6735,#8077,.T.);
#5324=EDGE_CURVE('',#6736,#6737,#8078,.T.);
#5325=EDGE_CURVE('',#6728,#6737,#8079,.T.);
#5326=EDGE_CURVE('',#6738,#6739,#8080,.T.);
#5327=EDGE_CURVE('',#6738,#6740,#8081,.T.);
#5328=EDGE_CURVE('',#6741,#6740,#8082,.T.);
#5329=EDGE_CURVE('',#6741,#6742,#8083,.T.);
#5330=EDGE_CURVE('',#6743,#6742,#283,.F.);
#5331=EDGE_CURVE('',#6743,#6744,#8084,.T.);
#5332=EDGE_CURVE('',#6745,#6744,#8085,.T.);
#5333=EDGE_CURVE('',#6745,#6746,#8086,.T.);
#5334=EDGE_CURVE('',#6747,#6746,#8087,.T.);
#5335=EDGE_CURVE('',#6747,#6748,#8088,.T.);
#5336=EDGE_CURVE('',#6739,#6748,#8089,.T.);
#5337=EDGE_CURVE('',#6749,#6750,#8090,.T.);
#5338=EDGE_CURVE('',#6749,#6751,#8091,.T.);
#5339=EDGE_CURVE('',#6752,#6751,#8092,.T.);
#5340=EDGE_CURVE('',#6752,#6753,#8093,.T.);
#5341=EDGE_CURVE('',#6754,#6753,#284,.F.);
#5342=EDGE_CURVE('',#6754,#6755,#8094,.T.);
#5343=EDGE_CURVE('',#6756,#6755,#8095,.T.);
#5344=EDGE_CURVE('',#6756,#6757,#8096,.T.);
#5345=EDGE_CURVE('',#6758,#6757,#8097,.T.);
#5346=EDGE_CURVE('',#6758,#6759,#8098,.T.);
#5347=EDGE_CURVE('',#6750,#6759,#8099,.T.);
#5348=EDGE_CURVE('',#6760,#6761,#8100,.T.);
#5349=EDGE_CURVE('',#6760,#6762,#8101,.T.);
#5350=EDGE_CURVE('',#6763,#6762,#8102,.T.);
#5351=EDGE_CURVE('',#6763,#6764,#8103,.T.);
#5352=EDGE_CURVE('',#6765,#6764,#285,.F.);
#5353=EDGE_CURVE('',#6765,#6766,#8104,.T.);
#5354=EDGE_CURVE('',#6767,#6766,#8105,.T.);
#5355=EDGE_CURVE('',#6767,#6768,#8106,.T.);
#5356=EDGE_CURVE('',#6769,#6768,#8107,.T.);
#5357=EDGE_CURVE('',#6769,#6770,#8108,.T.);
#5358=EDGE_CURVE('',#6761,#6770,#8109,.T.);
#5359=EDGE_CURVE('',#6771,#6772,#8110,.T.);
#5360=EDGE_CURVE('',#6771,#6773,#8111,.T.);
#5361=EDGE_CURVE('',#6774,#6773,#8112,.T.);
#5362=EDGE_CURVE('',#6774,#6775,#8113,.T.);
#5363=EDGE_CURVE('',#6776,#6775,#286,.F.);
#5364=EDGE_CURVE('',#6776,#6777,#8114,.T.);
#5365=EDGE_CURVE('',#6778,#6777,#8115,.T.);
#5366=EDGE_CURVE('',#6778,#6779,#8116,.T.);
#5367=EDGE_CURVE('',#6780,#6779,#8117,.T.);
#5368=EDGE_CURVE('',#6780,#6781,#8118,.T.);
#5369=EDGE_CURVE('',#6772,#6781,#8119,.T.);
#5370=EDGE_CURVE('',#6782,#6783,#8120,.T.);
#5371=EDGE_CURVE('',#6782,#6784,#8121,.T.);
#5372=EDGE_CURVE('',#6785,#6784,#8122,.T.);
#5373=EDGE_CURVE('',#6785,#6786,#8123,.T.);
#5374=EDGE_CURVE('',#6787,#6786,#287,.F.);
#5375=EDGE_CURVE('',#6787,#6788,#8124,.T.);
#5376=EDGE_CURVE('',#6789,#6788,#8125,.T.);
#5377=EDGE_CURVE('',#6789,#6790,#8126,.T.);
#5378=EDGE_CURVE('',#6791,#6790,#8127,.T.);
#5379=EDGE_CURVE('',#6791,#6792,#8128,.T.);
#5380=EDGE_CURVE('',#6783,#6792,#8129,.T.);
#5381=EDGE_CURVE('',#6793,#6794,#8130,.T.);
#5382=EDGE_CURVE('',#6793,#6795,#8131,.T.);
#5383=EDGE_CURVE('',#6796,#6795,#8132,.T.);
#5384=EDGE_CURVE('',#6796,#6797,#8133,.T.);
#5385=EDGE_CURVE('',#6798,#6797,#288,.F.);
#5386=EDGE_CURVE('',#6798,#6799,#8134,.T.);
#5387=EDGE_CURVE('',#6800,#6799,#8135,.T.);
#5388=EDGE_CURVE('',#6800,#6801,#8136,.T.);
#5389=EDGE_CURVE('',#6802,#6801,#8137,.T.);
#5390=EDGE_CURVE('',#6802,#6803,#8138,.T.);
#5391=EDGE_CURVE('',#6794,#6803,#8139,.T.);
#5392=EDGE_CURVE('',#6804,#6805,#8140,.T.);
#5393=EDGE_CURVE('',#6804,#6806,#8141,.T.);
#5394=EDGE_CURVE('',#6806,#6807,#8142,.T.);
#5395=EDGE_CURVE('',#6808,#6807,#8143,.T.);
#5396=EDGE_CURVE('',#6808,#6809,#8144,.T.);
#5397=EDGE_CURVE('',#6809,#6810,#8145,.T.);
#5398=EDGE_CURVE('',#6811,#6810,#8146,.T.);
#5399=EDGE_CURVE('',#6811,#6812,#8147,.T.);
#5400=EDGE_CURVE('',#6812,#6813,#8148,.T.);
#5401=EDGE_CURVE('',#6814,#6813,#289,.F.);
#5402=EDGE_CURVE('',#6814,#6805,#8149,.T.);
#5403=EDGE_CURVE('',#6815,#6816,#8150,.T.);
#5404=EDGE_CURVE('',#6815,#6817,#8151,.T.);
#5405=EDGE_CURVE('',#6817,#6818,#8152,.T.);
#5406=EDGE_CURVE('',#6819,#6818,#8153,.T.);
#5407=EDGE_CURVE('',#6819,#6820,#8154,.T.);
#5408=EDGE_CURVE('',#6820,#6821,#8155,.T.);
#5409=EDGE_CURVE('',#6822,#6821,#8156,.T.);
#5410=EDGE_CURVE('',#6822,#6823,#8157,.T.);
#5411=EDGE_CURVE('',#6823,#6824,#8158,.T.);
#5412=EDGE_CURVE('',#6825,#6824,#290,.F.);
#5413=EDGE_CURVE('',#6825,#6816,#8159,.T.);
#5414=EDGE_CURVE('',#6826,#6827,#8160,.T.);
#5415=EDGE_CURVE('',#6826,#6828,#8161,.T.);
#5416=EDGE_CURVE('',#6828,#6829,#8162,.T.);
#5417=EDGE_CURVE('',#6830,#6829,#8163,.T.);
#5418=EDGE_CURVE('',#6830,#6831,#8164,.T.);
#5419=EDGE_CURVE('',#6831,#6832,#8165,.T.);
#5420=EDGE_CURVE('',#6833,#6832,#8166,.T.);
#5421=EDGE_CURVE('',#6833,#6834,#8167,.T.);
#5422=EDGE_CURVE('',#6834,#6835,#8168,.T.);
#5423=EDGE_CURVE('',#6836,#6835,#291,.F.);
#5424=EDGE_CURVE('',#6836,#6827,#8169,.T.);
#5425=EDGE_CURVE('',#6837,#6838,#8170,.T.);
#5426=EDGE_CURVE('',#6837,#6839,#8171,.T.);
#5427=EDGE_CURVE('',#6839,#6840,#8172,.T.);
#5428=EDGE_CURVE('',#6841,#6840,#8173,.T.);
#5429=EDGE_CURVE('',#6841,#6842,#8174,.T.);
#5430=EDGE_CURVE('',#6842,#6843,#8175,.T.);
#5431=EDGE_CURVE('',#6844,#6843,#8176,.T.);
#5432=EDGE_CURVE('',#6844,#6845,#8177,.T.);
#5433=EDGE_CURVE('',#6845,#6846,#8178,.T.);
#5434=EDGE_CURVE('',#6847,#6846,#292,.F.);
#5435=EDGE_CURVE('',#6847,#6838,#8179,.T.);
#5436=EDGE_CURVE('',#6848,#6849,#8180,.T.);
#5437=EDGE_CURVE('',#6848,#6850,#8181,.T.);
#5438=EDGE_CURVE('',#6850,#6851,#8182,.T.);
#5439=EDGE_CURVE('',#6852,#6851,#8183,.T.);
#5440=EDGE_CURVE('',#6852,#6853,#8184,.T.);
#5441=EDGE_CURVE('',#6853,#6854,#8185,.T.);
#5442=EDGE_CURVE('',#6855,#6854,#8186,.T.);
#5443=EDGE_CURVE('',#6855,#6856,#8187,.T.);
#5444=EDGE_CURVE('',#6856,#6857,#8188,.T.);
#5445=EDGE_CURVE('',#6858,#6857,#293,.F.);
#5446=EDGE_CURVE('',#6858,#6849,#8189,.T.);
#5447=EDGE_CURVE('',#6859,#6860,#8190,.T.);
#5448=EDGE_CURVE('',#6859,#6861,#8191,.T.);
#5449=EDGE_CURVE('',#6861,#6862,#8192,.T.);
#5450=EDGE_CURVE('',#6863,#6862,#8193,.T.);
#5451=EDGE_CURVE('',#6863,#6864,#8194,.T.);
#5452=EDGE_CURVE('',#6864,#6865,#8195,.T.);
#5453=EDGE_CURVE('',#6866,#6865,#8196,.T.);
#5454=EDGE_CURVE('',#6866,#6867,#8197,.T.);
#5455=EDGE_CURVE('',#6867,#6868,#8198,.T.);
#5456=EDGE_CURVE('',#6869,#6868,#294,.F.);
#5457=EDGE_CURVE('',#6869,#6860,#8199,.T.);
#5458=EDGE_CURVE('',#6870,#6871,#8200,.T.);
#5459=EDGE_CURVE('',#6870,#6872,#8201,.T.);
#5460=EDGE_CURVE('',#6872,#6873,#8202,.T.);
#5461=EDGE_CURVE('',#6874,#6873,#8203,.T.);
#5462=EDGE_CURVE('',#6874,#6875,#8204,.T.);
#5463=EDGE_CURVE('',#6875,#6876,#8205,.T.);
#5464=EDGE_CURVE('',#6877,#6876,#8206,.T.);
#5465=EDGE_CURVE('',#6877,#6878,#8207,.T.);
#5466=EDGE_CURVE('',#6878,#6879,#8208,.T.);
#5467=EDGE_CURVE('',#6880,#6879,#295,.F.);
#5468=EDGE_CURVE('',#6880,#6871,#8209,.T.);
#5469=EDGE_CURVE('',#6881,#6882,#8210,.T.);
#5470=EDGE_CURVE('',#6881,#6883,#8211,.T.);
#5471=EDGE_CURVE('',#6883,#6884,#8212,.T.);
#5472=EDGE_CURVE('',#6885,#6884,#8213,.T.);
#5473=EDGE_CURVE('',#6885,#6886,#8214,.T.);
#5474=EDGE_CURVE('',#6886,#6887,#8215,.T.);
#5475=EDGE_CURVE('',#6888,#6887,#8216,.T.);
#5476=EDGE_CURVE('',#6888,#6889,#8217,.T.);
#5477=EDGE_CURVE('',#6889,#6890,#8218,.T.);
#5478=EDGE_CURVE('',#6891,#6890,#296,.F.);
#5479=EDGE_CURVE('',#6891,#6882,#8219,.T.);
#5480=EDGE_CURVE('',#6892,#6893,#8220,.T.);
#5481=EDGE_CURVE('',#6892,#6894,#8221,.T.);
#5482=EDGE_CURVE('',#6894,#6895,#8222,.T.);
#5483=EDGE_CURVE('',#6896,#6895,#8223,.T.);
#5484=EDGE_CURVE('',#6896,#6897,#8224,.T.);
#5485=EDGE_CURVE('',#6897,#6898,#8225,.T.);
#5486=EDGE_CURVE('',#6899,#6898,#8226,.T.);
#5487=EDGE_CURVE('',#6899,#6900,#8227,.T.);
#5488=EDGE_CURVE('',#6900,#6901,#8228,.T.);
#5489=EDGE_CURVE('',#6902,#6901,#297,.F.);
#5490=EDGE_CURVE('',#6902,#6893,#8229,.T.);
#5491=EDGE_CURVE('',#6903,#6904,#8230,.T.);
#5492=EDGE_CURVE('',#6903,#6905,#8231,.T.);
#5493=EDGE_CURVE('',#6905,#6906,#8232,.T.);
#5494=EDGE_CURVE('',#6907,#6906,#8233,.T.);
#5495=EDGE_CURVE('',#6907,#6908,#8234,.T.);
#5496=EDGE_CURVE('',#6908,#6909,#8235,.T.);
#5497=EDGE_CURVE('',#6910,#6909,#8236,.T.);
#5498=EDGE_CURVE('',#6910,#6911,#8237,.T.);
#5499=EDGE_CURVE('',#6911,#6912,#8238,.T.);
#5500=EDGE_CURVE('',#6913,#6912,#298,.F.);
#5501=EDGE_CURVE('',#6913,#6904,#8239,.T.);
#5502=EDGE_CURVE('',#6810,#6702,#8240,.T.);
#5503=EDGE_CURVE('',#6811,#6701,#8241,.T.);
#5504=EDGE_CURVE('',#6821,#6713,#8242,.T.);
#5505=EDGE_CURVE('',#6822,#6712,#8243,.T.);
#5506=EDGE_CURVE('',#6832,#6724,#8244,.T.);
#5507=EDGE_CURVE('',#6833,#6723,#8245,.T.);
#5508=EDGE_CURVE('',#6843,#6735,#8246,.T.);
#5509=EDGE_CURVE('',#6844,#6734,#8247,.T.);
#5510=EDGE_CURVE('',#6854,#6746,#8248,.T.);
#5511=EDGE_CURVE('',#6855,#6745,#8249,.T.);
#5512=EDGE_CURVE('',#6865,#6757,#8250,.T.);
#5513=EDGE_CURVE('',#6866,#6756,#8251,.T.);
#5514=EDGE_CURVE('',#6876,#6768,#8252,.T.);
#5515=EDGE_CURVE('',#6877,#6767,#8253,.T.);
#5516=EDGE_CURVE('',#6887,#6779,#8254,.T.);
#5517=EDGE_CURVE('',#6888,#6778,#8255,.T.);
#5518=EDGE_CURVE('',#6898,#6790,#8256,.T.);
#5519=EDGE_CURVE('',#6899,#6789,#8257,.T.);
#5520=EDGE_CURVE('',#6909,#6801,#8258,.T.);
#5521=EDGE_CURVE('',#6910,#6800,#8259,.T.);
#5522=EDGE_CURVE('',#6914,#6697,#8260,.T.);
#5523=EDGE_CURVE('',#6914,#6915,#8261,.T.);
#5524=EDGE_CURVE('',#6916,#6915,#8262,.T.);
#5525=EDGE_CURVE('',#6917,#6916,#8263,.T.);
#5526=EDGE_CURVE('',#6918,#6917,#8264,.T.);
#5527=EDGE_CURVE('',#6918,#6919,#8265,.T.);
#5528=EDGE_CURVE('',#6919,#6698,#8266,.T.);
#5529=EDGE_CURVE('',#6805,#6920,#8267,.T.);
#5530=EDGE_CURVE('',#6709,#6814,#8268,.F.);
#5531=EDGE_CURVE('',#6921,#6708,#8269,.T.);
#5532=EDGE_CURVE('',#6921,#6922,#8270,.T.);
#5533=EDGE_CURVE('',#6923,#6922,#8271,.T.);
#5534=EDGE_CURVE('',#6924,#6923,#8272,.T.);
#5535=EDGE_CURVE('',#6925,#6924,#8273,.T.);
#5536=EDGE_CURVE('',#6925,#6926,#8274,.T.);
#5537=EDGE_CURVE('',#6927,#6926,#8275,.T.);
#5538=EDGE_CURVE('',#6920,#6927,#8276,.T.);
#5539=EDGE_CURVE('',#6816,#6928,#8277,.T.);
#5540=EDGE_CURVE('',#6720,#6825,#8278,.F.);
#5541=EDGE_CURVE('',#6929,#6719,#8279,.T.);
#5542=EDGE_CURVE('',#6929,#6930,#8280,.T.);
#5543=EDGE_CURVE('',#6931,#6930,#8281,.T.);
#5544=EDGE_CURVE('',#6932,#6931,#8282,.T.);
#5545=EDGE_CURVE('',#6933,#6932,#8283,.T.);
#5546=EDGE_CURVE('',#6933,#6934,#8284,.T.);
#5547=EDGE_CURVE('',#6935,#6934,#8285,.T.);
#5548=EDGE_CURVE('',#6928,#6935,#8286,.T.);
#5549=EDGE_CURVE('',#6827,#6936,#8287,.T.);
#5550=EDGE_CURVE('',#6731,#6836,#8288,.F.);
#5551=EDGE_CURVE('',#6937,#6730,#8289,.T.);
#5552=EDGE_CURVE('',#6937,#6938,#8290,.T.);
#5553=EDGE_CURVE('',#6939,#6938,#8291,.T.);
#5554=EDGE_CURVE('',#6940,#6939,#8292,.T.);
#5555=EDGE_CURVE('',#6941,#6940,#8293,.T.);
#5556=EDGE_CURVE('',#6941,#6942,#8294,.T.);
#5557=EDGE_CURVE('',#6943,#6942,#8295,.T.);
#5558=EDGE_CURVE('',#6936,#6943,#8296,.T.);
#5559=EDGE_CURVE('',#6838,#6944,#8297,.T.);
#5560=EDGE_CURVE('',#6742,#6847,#8298,.F.);
#5561=EDGE_CURVE('',#6945,#6741,#8299,.T.);
#5562=EDGE_CURVE('',#6945,#6946,#8300,.T.);
#5563=EDGE_CURVE('',#6947,#6946,#8301,.T.);
#5564=EDGE_CURVE('',#6948,#6947,#8302,.T.);
#5565=EDGE_CURVE('',#6949,#6948,#8303,.T.);
#5566=EDGE_CURVE('',#6949,#6950,#8304,.T.);
#5567=EDGE_CURVE('',#6951,#6950,#8305,.T.);
#5568=EDGE_CURVE('',#6944,#6951,#8306,.T.);
#5569=EDGE_CURVE('',#6849,#6952,#8307,.T.);
#5570=EDGE_CURVE('',#6753,#6858,#8308,.F.);
#5571=EDGE_CURVE('',#6953,#6752,#8309,.T.);
#5572=EDGE_CURVE('',#6953,#6954,#8310,.T.);
#5573=EDGE_CURVE('',#6955,#6954,#8311,.T.);
#5574=EDGE_CURVE('',#6956,#6955,#8312,.T.);
#5575=EDGE_CURVE('',#6957,#6956,#8313,.T.);
#5576=EDGE_CURVE('',#6957,#6958,#8314,.T.);
#5577=EDGE_CURVE('',#6959,#6958,#8315,.T.);
#5578=EDGE_CURVE('',#6952,#6959,#8316,.T.);
#5579=EDGE_CURVE('',#6860,#6960,#8317,.T.);
#5580=EDGE_CURVE('',#6764,#6869,#8318,.F.);
#5581=EDGE_CURVE('',#6961,#6763,#8319,.T.);
#5582=EDGE_CURVE('',#6961,#6962,#8320,.T.);
#5583=EDGE_CURVE('',#6963,#6962,#8321,.T.);
#5584=EDGE_CURVE('',#6964,#6963,#8322,.T.);
#5585=EDGE_CURVE('',#6965,#6964,#8323,.T.);
#5586=EDGE_CURVE('',#6965,#6966,#8324,.T.);
#5587=EDGE_CURVE('',#6967,#6966,#8325,.T.);
#5588=EDGE_CURVE('',#6960,#6967,#8326,.T.);
#5589=EDGE_CURVE('',#6871,#6968,#8327,.T.);
#5590=EDGE_CURVE('',#6775,#6880,#8328,.F.);
#5591=EDGE_CURVE('',#6969,#6774,#8329,.T.);
#5592=EDGE_CURVE('',#6969,#6970,#8330,.T.);
#5593=EDGE_CURVE('',#6971,#6970,#8331,.T.);
#5594=EDGE_CURVE('',#6972,#6971,#8332,.T.);
#5595=EDGE_CURVE('',#6973,#6972,#8333,.T.);
#5596=EDGE_CURVE('',#6973,#6974,#8334,.T.);
#5597=EDGE_CURVE('',#6975,#6974,#8335,.T.);
#5598=EDGE_CURVE('',#6968,#6975,#8336,.T.);
#5599=EDGE_CURVE('',#6882,#6976,#8337,.T.);
#5600=EDGE_CURVE('',#6786,#6891,#8338,.F.);
#5601=EDGE_CURVE('',#6977,#6785,#8339,.T.);
#5602=EDGE_CURVE('',#6977,#6978,#8340,.T.);
#5603=EDGE_CURVE('',#6979,#6978,#8341,.T.);
#5604=EDGE_CURVE('',#6980,#6979,#8342,.T.);
#5605=EDGE_CURVE('',#6981,#6980,#8343,.T.);
#5606=EDGE_CURVE('',#6981,#6982,#8344,.T.);
#5607=EDGE_CURVE('',#6983,#6982,#8345,.T.);
#5608=EDGE_CURVE('',#6976,#6983,#8346,.T.);
#5609=EDGE_CURVE('',#6893,#6984,#8347,.T.);
#5610=EDGE_CURVE('',#6797,#6902,#8348,.F.);
#5611=EDGE_CURVE('',#6985,#6796,#8349,.T.);
#5612=EDGE_CURVE('',#6985,#6986,#8350,.T.);
#5613=EDGE_CURVE('',#6987,#6986,#8351,.T.);
#5614=EDGE_CURVE('',#6988,#6987,#8352,.T.);
#5615=EDGE_CURVE('',#6989,#6988,#8353,.T.);
#5616=EDGE_CURVE('',#6989,#6990,#8354,.T.);
#5617=EDGE_CURVE('',#6991,#6990,#8355,.T.);
#5618=EDGE_CURVE('',#6984,#6991,#8356,.T.);
#5619=EDGE_CURVE('',#6992,#6699,#8357,.T.);
#5620=EDGE_CURVE('',#6992,#6919,#299,.T.);
#5621=EDGE_CURVE('',#6813,#6710,#8358,.T.);
#5622=EDGE_CURVE('',#6824,#6721,#8359,.T.);
#5623=EDGE_CURVE('',#6835,#6732,#8360,.T.);
#5624=EDGE_CURVE('',#6846,#6743,#8361,.T.);
#5625=EDGE_CURVE('',#6857,#6754,#8362,.T.);
#5626=EDGE_CURVE('',#6868,#6765,#8363,.T.);
#5627=EDGE_CURVE('',#6879,#6776,#8364,.T.);
#5628=EDGE_CURVE('',#6890,#6787,#8365,.T.);
#5629=EDGE_CURVE('',#6901,#6798,#8366,.T.);
#5630=EDGE_CURVE('',#6993,#6994,#8367,.T.);
#5631=EDGE_CURVE('',#6995,#6993,#8368,.T.);
#5632=EDGE_CURVE('',#6994,#6995,#8369,.T.);
#5633=EDGE_CURVE('',#6996,#6997,#8370,.T.);
#5634=EDGE_CURVE('',#6998,#6996,#300,.T.);
#5635=EDGE_CURVE('',#6999,#6998,#8371,.T.);
#5636=EDGE_CURVE('',#6997,#6999,#301,.T.);
#5637=EDGE_CURVE('',#7000,#7000,#302,.F.);
#5638=EDGE_CURVE('',#6700,#6812,#8372,.T.);
#5639=EDGE_CURVE('',#6992,#7001,#8373,.T.);
#5640=EDGE_CURVE('',#7001,#7002,#8374,.T.);
#5641=EDGE_CURVE('',#7003,#7002,#8375,.T.);
#5642=EDGE_CURVE('',#6912,#7003,#8376,.T.);
#5643=EDGE_CURVE('',#6799,#6911,#8377,.T.);
#5644=EDGE_CURVE('',#6788,#6900,#8378,.T.);
#5645=EDGE_CURVE('',#6777,#6889,#8379,.T.);
#5646=EDGE_CURVE('',#6766,#6878,#8380,.T.);
#5647=EDGE_CURVE('',#6755,#6867,#8381,.T.);
#5648=EDGE_CURVE('',#6744,#6856,#8382,.T.);
#5649=EDGE_CURVE('',#6733,#6845,#8383,.T.);
#5650=EDGE_CURVE('',#6722,#6834,#8384,.T.);
#5651=EDGE_CURVE('',#6711,#6823,#8385,.T.);
#5652=EDGE_CURVE('',#7004,#7005,#8386,.T.);
#5653=EDGE_CURVE('',#7003,#7004,#303,.T.);
#5654=EDGE_CURVE('',#7002,#7006,#8387,.T.);
#5655=EDGE_CURVE('',#7007,#7006,#8388,.T.);
#5656=EDGE_CURVE('',#7008,#7007,#8389,.T.);
#5657=EDGE_CURVE('',#7005,#7008,#8390,.T.);
#5658=EDGE_CURVE('',#7009,#7010,#8391,.T.);
#5659=EDGE_CURVE('',#7009,#7007,#8392,.T.);
#5660=EDGE_CURVE('',#7006,#7010,#8393,.T.);
#5661=EDGE_CURVE('',#6915,#7011,#8394,.T.);
#5662=EDGE_CURVE('',#7011,#6694,#8395,.T.);
#5663=EDGE_CURVE('',#6807,#6695,#8396,.T.);
#5664=EDGE_CURVE('',#6806,#7012,#8397,.T.);
#5665=EDGE_CURVE('',#7012,#6927,#8398,.T.);
#5666=EDGE_CURVE('',#7013,#6926,#8399,.T.);
#5667=EDGE_CURVE('',#7014,#7013,#8400,.T.);
#5668=EDGE_CURVE('',#6916,#7014,#8401,.T.);
#5669=EDGE_CURVE('',#6922,#7015,#8402,.T.);
#5670=EDGE_CURVE('',#7015,#6705,#8403,.T.);
#5671=EDGE_CURVE('',#6818,#6706,#8404,.T.);
#5672=EDGE_CURVE('',#6817,#7016,#8405,.T.);
#5673=EDGE_CURVE('',#7016,#6935,#8406,.T.);
#5674=EDGE_CURVE('',#7017,#6934,#8407,.T.);
#5675=EDGE_CURVE('',#7018,#7017,#8408,.T.);
#5676=EDGE_CURVE('',#6923,#7018,#8409,.T.);
#5677=EDGE_CURVE('',#6930,#7019,#8410,.T.);
#5678=EDGE_CURVE('',#7019,#6716,#8411,.T.);
#5679=EDGE_CURVE('',#6829,#6717,#8412,.T.);
#5680=EDGE_CURVE('',#6828,#7020,#8413,.T.);
#5681=EDGE_CURVE('',#7020,#6943,#8414,.T.);
#5682=EDGE_CURVE('',#7021,#6942,#8415,.T.);
#5683=EDGE_CURVE('',#7022,#7021,#8416,.T.);
#5684=EDGE_CURVE('',#6931,#7022,#8417,.T.);
#5685=EDGE_CURVE('',#6938,#7023,#8418,.T.);
#5686=EDGE_CURVE('',#7023,#6727,#8419,.T.);
#5687=EDGE_CURVE('',#6840,#6728,#8420,.T.);
#5688=EDGE_CURVE('',#6839,#7024,#8421,.T.);
#5689=EDGE_CURVE('',#7024,#6951,#8422,.T.);
#5690=EDGE_CURVE('',#7025,#6950,#8423,.T.);
#5691=EDGE_CURVE('',#7026,#7025,#8424,.T.);
#5692=EDGE_CURVE('',#6939,#7026,#8425,.T.);
#5693=EDGE_CURVE('',#6946,#7027,#8426,.T.);
#5694=EDGE_CURVE('',#7027,#6738,#8427,.T.);
#5695=EDGE_CURVE('',#6851,#6739,#8428,.T.);
#5696=EDGE_CURVE('',#6850,#7028,#8429,.T.);
#5697=EDGE_CURVE('',#7028,#6959,#8430,.T.);
#5698=EDGE_CURVE('',#7029,#6958,#8431,.T.);
#5699=EDGE_CURVE('',#7030,#7029,#8432,.T.);
#5700=EDGE_CURVE('',#6947,#7030,#8433,.T.);
#5701=EDGE_CURVE('',#6954,#7031,#8434,.T.);
#5702=EDGE_CURVE('',#7031,#6749,#8435,.T.);
#5703=EDGE_CURVE('',#6862,#6750,#8436,.T.);
#5704=EDGE_CURVE('',#6861,#7032,#8437,.T.);
#5705=EDGE_CURVE('',#7032,#6967,#8438,.T.);
#5706=EDGE_CURVE('',#7033,#6966,#8439,.T.);
#5707=EDGE_CURVE('',#7034,#7033,#8440,.T.);
#5708=EDGE_CURVE('',#6955,#7034,#8441,.T.);
#5709=EDGE_CURVE('',#6962,#7035,#8442,.T.);
#5710=EDGE_CURVE('',#7035,#6760,#8443,.T.);
#5711=EDGE_CURVE('',#6873,#6761,#8444,.T.);
#5712=EDGE_CURVE('',#6872,#7036,#8445,.T.);
#5713=EDGE_CURVE('',#7036,#6975,#8446,.T.);
#5714=EDGE_CURVE('',#7037,#6974,#8447,.T.);
#5715=EDGE_CURVE('',#7038,#7037,#8448,.T.);
#5716=EDGE_CURVE('',#6963,#7038,#8449,.T.);
#5717=EDGE_CURVE('',#6970,#7039,#8450,.T.);
#5718=EDGE_CURVE('',#7039,#6771,#8451,.T.);
#5719=EDGE_CURVE('',#6884,#6772,#8452,.T.);
#5720=EDGE_CURVE('',#6883,#7040,#8453,.T.);
#5721=EDGE_CURVE('',#7040,#6983,#8454,.T.);
#5722=EDGE_CURVE('',#7041,#6982,#8455,.T.);
#5723=EDGE_CURVE('',#7042,#7041,#8456,.T.);
#5724=EDGE_CURVE('',#6971,#7042,#8457,.T.);
#5725=EDGE_CURVE('',#6978,#7043,#8458,.T.);
#5726=EDGE_CURVE('',#7043,#6782,#8459,.T.);
#5727=EDGE_CURVE('',#6895,#6783,#8460,.T.);
#5728=EDGE_CURVE('',#6894,#7044,#8461,.T.);
#5729=EDGE_CURVE('',#7044,#6991,#8462,.T.);
#5730=EDGE_CURVE('',#7045,#6990,#8463,.T.);
#5731=EDGE_CURVE('',#7046,#7045,#8464,.T.);
#5732=EDGE_CURVE('',#6979,#7046,#8465,.T.);
#5733=EDGE_CURVE('',#6986,#7047,#8466,.T.);
#5734=EDGE_CURVE('',#7047,#6793,#8467,.T.);
#5735=EDGE_CURVE('',#6906,#6794,#8468,.T.);
#5736=EDGE_CURVE('',#6905,#7048,#8469,.T.);
#5737=EDGE_CURVE('',#7048,#7049,#8470,.T.);
#5738=EDGE_CURVE('',#7049,#7050,#8471,.T.);
#5739=EDGE_CURVE('',#7051,#7050,#8472,.T.);
#5740=EDGE_CURVE('',#7052,#7051,#8473,.T.);
#5741=EDGE_CURVE('',#6987,#7052,#8474,.T.);
#5742=EDGE_CURVE('',#6918,#7053,#8475,.T.);
#5743=EDGE_CURVE('',#7053,#7009,#8476,.T.);
#5744=EDGE_CURVE('',#7010,#7001,#8477,.T.);
#5745=EDGE_CURVE('',#6904,#7054,#8478,.T.);
#5746=EDGE_CURVE('',#7004,#6913,#8479,.F.);
#5747=EDGE_CURVE('',#7055,#7005,#8480,.T.);
#5748=EDGE_CURVE('',#7055,#7050,#8481,.T.);
#5749=EDGE_CURVE('',#7054,#7049,#8482,.T.);
#5750=EDGE_CURVE('',#6704,#6808,#8483,.T.);
#5751=EDGE_CURVE('',#6715,#6819,#8484,.T.);
#5752=EDGE_CURVE('',#6726,#6830,#8485,.T.);
#5753=EDGE_CURVE('',#6737,#6841,#8486,.T.);
#5754=EDGE_CURVE('',#6748,#6852,#8487,.T.);
#5755=EDGE_CURVE('',#6759,#6863,#8488,.T.);
#5756=EDGE_CURVE('',#6770,#6874,#8489,.T.);
#5757=EDGE_CURVE('',#6781,#6885,#8490,.T.);
#5758=EDGE_CURVE('',#6792,#6896,#8491,.T.);
#5759=EDGE_CURVE('',#6803,#6907,#8492,.T.);
#5760=EDGE_CURVE('',#7056,#7057,#304,.T.);
#5761=EDGE_CURVE('',#7057,#7058,#8493,.T.);
#5762=EDGE_CURVE('',#7058,#7059,#305,.T.);
#5763=EDGE_CURVE('',#7059,#7056,#8494,.T.);
#5764=EDGE_CURVE('',#7060,#7060,#306,.T.);
#5765=EDGE_CURVE('',#6917,#7061,#8495,.T.);
#5766=EDGE_CURVE('',#7061,#7062,#8496,.T.);
#5767=EDGE_CURVE('',#7062,#6925,#8497,.T.);
#5768=EDGE_CURVE('',#6924,#7063,#8498,.T.);
#5769=EDGE_CURVE('',#7063,#7064,#8499,.T.);
#5770=EDGE_CURVE('',#7064,#6933,#8500,.T.);
#5771=EDGE_CURVE('',#6932,#7065,#8501,.T.);
#5772=EDGE_CURVE('',#7065,#7066,#8502,.T.);
#5773=EDGE_CURVE('',#7066,#6941,#8503,.T.);
#5774=EDGE_CURVE('',#6940,#7067,#8504,.T.);
#5775=EDGE_CURVE('',#7067,#7068,#8505,.T.);
#5776=EDGE_CURVE('',#7068,#6949,#8506,.T.);
#5777=EDGE_CURVE('',#6948,#7069,#8507,.T.);
#5778=EDGE_CURVE('',#7069,#7070,#8508,.T.);
#5779=EDGE_CURVE('',#7070,#6957,#8509,.T.);
#5780=EDGE_CURVE('',#6956,#7071,#8510,.T.);
#5781=EDGE_CURVE('',#7071,#7072,#8511,.T.);
#5782=EDGE_CURVE('',#7072,#6965,#8512,.T.);
#5783=EDGE_CURVE('',#6964,#7073,#8513,.T.);
#5784=EDGE_CURVE('',#7073,#7074,#8514,.T.);
#5785=EDGE_CURVE('',#7074,#6973,#8515,.T.);
#5786=EDGE_CURVE('',#6972,#7075,#8516,.T.);
#5787=EDGE_CURVE('',#7075,#7076,#8517,.T.);
#5788=EDGE_CURVE('',#7076,#6981,#8518,.T.);
#5789=EDGE_CURVE('',#6980,#7077,#8519,.T.);
#5790=EDGE_CURVE('',#7077,#7078,#8520,.T.);
#5791=EDGE_CURVE('',#7078,#6989,#8521,.T.);
#5792=EDGE_CURVE('',#6988,#7079,#8522,.T.);
#5793=EDGE_CURVE('',#7079,#7080,#8523,.T.);
#5794=EDGE_CURVE('',#7080,#7055,#8524,.T.);
#5795=EDGE_CURVE('',#7053,#7008,#8525,.T.);
#5796=EDGE_CURVE('',#7080,#7051,#8526,.T.);
#5797=EDGE_CURVE('',#7079,#7052,#8527,.T.);
#5798=EDGE_CURVE('',#7078,#7045,#8528,.T.);
#5799=EDGE_CURVE('',#7077,#7046,#8529,.T.);
#5800=EDGE_CURVE('',#7076,#7041,#8530,.T.);
#5801=EDGE_CURVE('',#7075,#7042,#8531,.T.);
#5802=EDGE_CURVE('',#7074,#7037,#8532,.T.);
#5803=EDGE_CURVE('',#7073,#7038,#8533,.T.);
#5804=EDGE_CURVE('',#7072,#7033,#8534,.T.);
#5805=EDGE_CURVE('',#7071,#7034,#8535,.T.);
#5806=EDGE_CURVE('',#7070,#7029,#8536,.T.);
#5807=EDGE_CURVE('',#7069,#7030,#8537,.T.);
#5808=EDGE_CURVE('',#7068,#7025,#8538,.T.);
#5809=EDGE_CURVE('',#7067,#7026,#8539,.T.);
#5810=EDGE_CURVE('',#7066,#7021,#8540,.T.);
#5811=EDGE_CURVE('',#7065,#7022,#8541,.T.);
#5812=EDGE_CURVE('',#7064,#7017,#8542,.T.);
#5813=EDGE_CURVE('',#7063,#7018,#8543,.T.);
#5814=EDGE_CURVE('',#7061,#7014,#8544,.T.);
#5815=EDGE_CURVE('',#7062,#7013,#8545,.T.);
#5816=EDGE_CURVE('',#6908,#6802,#8546,.T.);
#5817=EDGE_CURVE('',#6897,#6791,#8547,.T.);
#5818=EDGE_CURVE('',#6886,#6780,#8548,.T.);
#5819=EDGE_CURVE('',#6875,#6769,#8549,.T.);
#5820=EDGE_CURVE('',#6864,#6758,#8550,.T.);
#5821=EDGE_CURVE('',#6853,#6747,#8551,.T.);
#5822=EDGE_CURVE('',#6842,#6736,#8552,.T.);
#5823=EDGE_CURVE('',#6831,#6725,#8553,.T.);
#5824=EDGE_CURVE('',#6820,#6714,#8554,.T.);
#5825=EDGE_CURVE('',#6809,#6703,#8555,.T.);
#5826=EDGE_CURVE('',#7081,#7081,#307,.T.);
#5827=EDGE_CURVE('',#7082,#7082,#308,.T.);
#5828=EDGE_CURVE('',#7083,#6997,#8556,.T.);
#5829=EDGE_CURVE('',#7084,#7083,#8557,.T.);
#5830=EDGE_CURVE('',#7084,#6996,#8558,.T.);
#5831=EDGE_CURVE('',#7085,#6999,#8559,.T.);
#5832=EDGE_CURVE('',#7083,#7085,#309,.T.);
#5833=EDGE_CURVE('',#7086,#6998,#8560,.T.);
#5834=EDGE_CURVE('',#7085,#7086,#8561,.T.);
#5835=EDGE_CURVE('',#7086,#7084,#310,.T.);
#5836=EDGE_CURVE('',#7087,#7057,#8562,.T.);
#5837=EDGE_CURVE('',#7087,#7088,#8563,.T.);
#5838=EDGE_CURVE('',#7088,#7058,#8564,.T.);
#5839=EDGE_CURVE('',#7088,#7089,#311,.T.);
#5840=EDGE_CURVE('',#7089,#7059,#8565,.T.);
#5841=EDGE_CURVE('',#7089,#7090,#8566,.T.);
#5842=EDGE_CURVE('',#7090,#7056,#8567,.T.);
#5843=EDGE_CURVE('',#7090,#7087,#312,.T.);
#5844=EDGE_CURVE('',#7091,#6993,#8568,.T.);
#5845=EDGE_CURVE('',#7092,#7091,#8569,.T.);
#5846=EDGE_CURVE('',#7092,#6995,#8570,.T.);
#5847=EDGE_CURVE('',#7093,#6994,#8571,.T.);
#5848=EDGE_CURVE('',#7091,#7093,#8572,.T.);
#5849=EDGE_CURVE('',#7093,#7092,#8573,.T.);
#5850=EDGE_CURVE('',#7094,#7054,#8574,.T.);
#5851=EDGE_CURVE('',#6903,#7094,#8575,.T.);
#5852=EDGE_CURVE('',#7094,#7048,#8576,.T.);
#5853=EDGE_CURVE('',#7095,#6984,#8577,.T.);
#5854=EDGE_CURVE('',#6892,#7095,#8578,.T.);
#5855=EDGE_CURVE('',#7095,#7044,#8579,.T.);
#5856=EDGE_CURVE('',#7096,#6976,#8580,.T.);
#5857=EDGE_CURVE('',#6881,#7096,#8581,.T.);
#5858=EDGE_CURVE('',#7096,#7040,#8582,.T.);
#5859=EDGE_CURVE('',#7097,#6968,#8583,.T.);
#5860=EDGE_CURVE('',#6870,#7097,#8584,.T.);
#5861=EDGE_CURVE('',#7097,#7036,#8585,.T.);
#5862=EDGE_CURVE('',#7098,#6960,#8586,.T.);
#5863=EDGE_CURVE('',#6859,#7098,#8587,.T.);
#5864=EDGE_CURVE('',#7098,#7032,#8588,.T.);
#5865=EDGE_CURVE('',#7099,#6952,#8589,.T.);
#5866=EDGE_CURVE('',#6848,#7099,#8590,.T.);
#5867=EDGE_CURVE('',#7099,#7028,#8591,.T.);
#5868=EDGE_CURVE('',#7100,#6944,#8592,.T.);
#5869=EDGE_CURVE('',#6837,#7100,#8593,.T.);
#5870=EDGE_CURVE('',#7100,#7024,#8594,.T.);
#5871=EDGE_CURVE('',#7101,#6936,#8595,.T.);
#5872=EDGE_CURVE('',#6826,#7101,#8596,.T.);
#5873=EDGE_CURVE('',#7101,#7020,#8597,.T.);
#5874=EDGE_CURVE('',#7102,#6928,#8598,.T.);
#5875=EDGE_CURVE('',#6815,#7102,#8599,.T.);
#5876=EDGE_CURVE('',#7102,#7016,#8600,.T.);
#5877=EDGE_CURVE('',#7103,#6920,#8601,.T.);
#5878=EDGE_CURVE('',#6804,#7103,#8602,.T.);
#5879=EDGE_CURVE('',#7103,#7012,#8603,.T.);
#5880=EDGE_CURVE('',#7104,#6795,#8604,.T.);
#5881=EDGE_CURVE('',#6985,#7104,#8605,.T.);
#5882=EDGE_CURVE('',#7104,#7047,#8606,.T.);
#5883=EDGE_CURVE('',#7105,#6784,#8607,.T.);
#5884=EDGE_CURVE('',#6977,#7105,#8608,.T.);
#5885=EDGE_CURVE('',#7105,#7043,#8609,.T.);
#5886=EDGE_CURVE('',#7106,#6773,#8610,.T.);
#5887=EDGE_CURVE('',#6969,#7106,#8611,.T.);
#5888=EDGE_CURVE('',#7106,#7039,#8612,.T.);
#5889=EDGE_CURVE('',#7107,#6762,#8613,.T.);
#5890=EDGE_CURVE('',#6961,#7107,#8614,.T.);
#5891=EDGE_CURVE('',#7107,#7035,#8615,.T.);
#5892=EDGE_CURVE('',#7108,#6751,#8616,.T.);
#5893=EDGE_CURVE('',#6953,#7108,#8617,.T.);
#5894=EDGE_CURVE('',#7108,#7031,#8618,.T.);
#5895=EDGE_CURVE('',#7109,#6740,#8619,.T.);
#5896=EDGE_CURVE('',#6945,#7109,#8620,.T.);
#5897=EDGE_CURVE('',#7109,#7027,#8621,.T.);
#5898=EDGE_CURVE('',#7110,#6729,#8622,.T.);
#5899=EDGE_CURVE('',#6937,#7110,#8623,.T.);
#5900=EDGE_CURVE('',#7110,#7023,#8624,.T.);
#5901=EDGE_CURVE('',#7111,#6718,#8625,.T.);
#5902=EDGE_CURVE('',#6929,#7111,#8626,.T.);
#5903=EDGE_CURVE('',#7111,#7019,#8627,.T.);
#5904=EDGE_CURVE('',#7112,#6707,#8628,.T.);
#5905=EDGE_CURVE('',#6921,#7112,#8629,.T.);
#5906=EDGE_CURVE('',#7112,#7015,#8630,.T.);
#5907=EDGE_CURVE('',#7113,#7011,#8631,.T.);
#5908=EDGE_CURVE('',#7113,#6696,#8632,.T.);
#5909=EDGE_CURVE('',#6914,#7113,#8633,.T.);
#5910=VERTEX_POINT('',#16805);
#5911=VERTEX_POINT('',#16806);
#5912=VERTEX_POINT('',#16808);
#5913=VERTEX_POINT('',#16810);
#5914=VERTEX_POINT('',#16814);
#5915=VERTEX_POINT('',#16816);
#5916=VERTEX_POINT('',#16824);
#5917=VERTEX_POINT('',#16825);
#5918=VERTEX_POINT('',#16827);
#5919=VERTEX_POINT('',#16831);
#5920=VERTEX_POINT('',#16833);
#5921=VERTEX_POINT('',#16837);
#5922=VERTEX_POINT('',#16845);
#5923=VERTEX_POINT('',#16846);
#5924=VERTEX_POINT('',#16848);
#5925=VERTEX_POINT('',#16850);
#5926=VERTEX_POINT('',#16854);
#5927=VERTEX_POINT('',#16855);
#5928=VERTEX_POINT('',#16857);
#5929=VERTEX_POINT('',#16859);
#5930=VERTEX_POINT('',#16863);
#5931=VERTEX_POINT('',#16864);
#5932=VERTEX_POINT('',#16866);
#5933=VERTEX_POINT('',#16868);
#5934=VERTEX_POINT('',#16872);
#5935=VERTEX_POINT('',#16873);
#5936=VERTEX_POINT('',#16875);
#5937=VERTEX_POINT('',#16877);
#5938=VERTEX_POINT('',#16881);
#5939=VERTEX_POINT('',#16882);
#5940=VERTEX_POINT('',#16884);
#5941=VERTEX_POINT('',#16886);
#5942=VERTEX_POINT('',#16890);
#5943=VERTEX_POINT('',#16891);
#5944=VERTEX_POINT('',#16893);
#5945=VERTEX_POINT('',#16895);
#5946=VERTEX_POINT('',#16899);
#5947=VERTEX_POINT('',#16900);
#5948=VERTEX_POINT('',#16902);
#5949=VERTEX_POINT('',#16904);
#5950=VERTEX_POINT('',#16908);
#5951=VERTEX_POINT('',#16909);
#5952=VERTEX_POINT('',#16911);
#5953=VERTEX_POINT('',#16913);
#5954=VERTEX_POINT('',#16917);
#5955=VERTEX_POINT('',#16918);
#5956=VERTEX_POINT('',#16920);
#5957=VERTEX_POINT('',#16922);
#5958=VERTEX_POINT('',#16926);
#5959=VERTEX_POINT('',#16927);
#5960=VERTEX_POINT('',#16929);
#5961=VERTEX_POINT('',#16931);
#5962=VERTEX_POINT('',#16935);
#5963=VERTEX_POINT('',#16936);
#5964=VERTEX_POINT('',#16938);
#5965=VERTEX_POINT('',#16940);
#5966=VERTEX_POINT('',#16944);
#5967=VERTEX_POINT('',#16945);
#5968=VERTEX_POINT('',#16947);
#5969=VERTEX_POINT('',#16949);
#5970=VERTEX_POINT('',#16953);
#5971=VERTEX_POINT('',#16954);
#5972=VERTEX_POINT('',#16956);
#5973=VERTEX_POINT('',#16958);
#5974=VERTEX_POINT('',#16962);
#5975=VERTEX_POINT('',#16963);
#5976=VERTEX_POINT('',#16965);
#5977=VERTEX_POINT('',#16967);
#5978=VERTEX_POINT('',#16971);
#5979=VERTEX_POINT('',#16972);
#5980=VERTEX_POINT('',#16974);
#5981=VERTEX_POINT('',#16976);
#5982=VERTEX_POINT('',#16980);
#5983=VERTEX_POINT('',#16981);
#5984=VERTEX_POINT('',#16983);
#5985=VERTEX_POINT('',#16985);
#5986=VERTEX_POINT('',#16989);
#5987=VERTEX_POINT('',#16990);
#5988=VERTEX_POINT('',#16992);
#5989=VERTEX_POINT('',#16994);
#5990=VERTEX_POINT('',#16998);
#5991=VERTEX_POINT('',#16999);
#5992=VERTEX_POINT('',#17001);
#5993=VERTEX_POINT('',#17003);
#5994=VERTEX_POINT('',#17007);
#5995=VERTEX_POINT('',#17008);
#5996=VERTEX_POINT('',#17013);
#5997=VERTEX_POINT('',#17014);
#5998=VERTEX_POINT('',#17019);
#5999=VERTEX_POINT('',#17020);
#6000=VERTEX_POINT('',#17025);
#6001=VERTEX_POINT('',#17026);
#6002=VERTEX_POINT('',#17031);
#6003=VERTEX_POINT('',#17032);
#6004=VERTEX_POINT('',#17037);
#6005=VERTEX_POINT('',#17038);
#6006=VERTEX_POINT('',#17043);
#6007=VERTEX_POINT('',#17044);
#6008=VERTEX_POINT('',#17049);
#6009=VERTEX_POINT('',#17050);
#6010=VERTEX_POINT('',#17055);
#6011=VERTEX_POINT('',#17056);
#6012=VERTEX_POINT('',#17061);
#6013=VERTEX_POINT('',#17063);
#6014=VERTEX_POINT('',#17067);
#6015=VERTEX_POINT('',#17069);
#6016=VERTEX_POINT('',#17073);
#6017=VERTEX_POINT('',#17075);
#6018=VERTEX_POINT('',#17079);
#6019=VERTEX_POINT('',#17081);
#6020=VERTEX_POINT('',#17085);
#6021=VERTEX_POINT('',#17087);
#6022=VERTEX_POINT('',#17091);
#6023=VERTEX_POINT('',#17093);
#6024=VERTEX_POINT('',#17097);
#6025=VERTEX_POINT('',#17099);
#6026=VERTEX_POINT('',#17103);
#6027=VERTEX_POINT('',#17105);
#6028=VERTEX_POINT('',#17109);
#6029=VERTEX_POINT('',#17111);
#6030=VERTEX_POINT('',#17115);
#6031=VERTEX_POINT('',#17116);
#6032=VERTEX_POINT('',#17121);
#6033=VERTEX_POINT('',#17122);
#6034=VERTEX_POINT('',#17127);
#6035=VERTEX_POINT('',#17128);
#6036=VERTEX_POINT('',#17133);
#6037=VERTEX_POINT('',#17134);
#6038=VERTEX_POINT('',#17139);
#6039=VERTEX_POINT('',#17140);
#6040=VERTEX_POINT('',#17145);
#6041=VERTEX_POINT('',#17146);
#6042=VERTEX_POINT('',#17151);
#6043=VERTEX_POINT('',#17152);
#6044=VERTEX_POINT('',#17157);
#6045=VERTEX_POINT('',#17158);
#6046=VERTEX_POINT('',#17163);
#6047=VERTEX_POINT('',#17164);
#6048=VERTEX_POINT('',#17169);
#6049=VERTEX_POINT('',#17170);
#6050=VERTEX_POINT('',#17172);
#6051=VERTEX_POINT('',#17174);
#6052=VERTEX_POINT('',#17178);
#6053=VERTEX_POINT('',#17180);
#6054=VERTEX_POINT('',#17184);
#6055=VERTEX_POINT('',#17186);
#6056=VERTEX_POINT('',#17190);
#6057=VERTEX_POINT('',#17192);
#6058=VERTEX_POINT('',#17196);
#6059=VERTEX_POINT('',#17198);
#6060=VERTEX_POINT('',#17202);
#6061=VERTEX_POINT('',#17204);
#6062=VERTEX_POINT('',#17208);
#6063=VERTEX_POINT('',#17210);
#6064=VERTEX_POINT('',#17214);
#6065=VERTEX_POINT('',#17216);
#6066=VERTEX_POINT('',#17220);
#6067=VERTEX_POINT('',#17222);
#6068=VERTEX_POINT('',#17226);
#6069=VERTEX_POINT('',#17227);
#6070=VERTEX_POINT('',#17232);
#6071=VERTEX_POINT('',#17233);
#6072=VERTEX_POINT('',#17238);
#6073=VERTEX_POINT('',#17239);
#6074=VERTEX_POINT('',#17244);
#6075=VERTEX_POINT('',#17245);
#6076=VERTEX_POINT('',#17250);
#6077=VERTEX_POINT('',#17251);
#6078=VERTEX_POINT('',#17256);
#6079=VERTEX_POINT('',#17257);
#6080=VERTEX_POINT('',#17262);
#6081=VERTEX_POINT('',#17263);
#6082=VERTEX_POINT('',#17268);
#6083=VERTEX_POINT('',#17269);
#6084=VERTEX_POINT('',#17274);
#6085=VERTEX_POINT('',#17275);
#6086=VERTEX_POINT('',#17277);
#6087=VERTEX_POINT('',#17279);
#6088=VERTEX_POINT('',#17283);
#6089=VERTEX_POINT('',#17284);
#6090=VERTEX_POINT('',#17289);
#6091=VERTEX_POINT('',#17290);
#6092=VERTEX_POINT('',#17295);
#6093=VERTEX_POINT('',#17296);
#6094=VERTEX_POINT('',#17301);
#6095=VERTEX_POINT('',#17302);
#6096=VERTEX_POINT('',#17307);
#6097=VERTEX_POINT('',#17308);
#6098=VERTEX_POINT('',#17313);
#6099=VERTEX_POINT('',#17314);
#6100=VERTEX_POINT('',#17319);
#6101=VERTEX_POINT('',#17320);
#6102=VERTEX_POINT('',#17325);
#6103=VERTEX_POINT('',#17326);
#6104=VERTEX_POINT('',#17331);
#6105=VERTEX_POINT('',#17332);
#6106=VERTEX_POINT('',#17337);
#6107=VERTEX_POINT('',#17338);
#6108=VERTEX_POINT('',#17343);
#6109=VERTEX_POINT('',#17344);
#6110=VERTEX_POINT('',#17349);
#6111=VERTEX_POINT('',#17350);
#6112=VERTEX_POINT('',#17355);
#6113=VERTEX_POINT('',#17356);
#6114=VERTEX_POINT('',#17361);
#6115=VERTEX_POINT('',#17362);
#6116=VERTEX_POINT('',#17367);
#6117=VERTEX_POINT('',#17368);
#6118=VERTEX_POINT('',#17373);
#6119=VERTEX_POINT('',#17374);
#6120=VERTEX_POINT('',#17379);
#6121=VERTEX_POINT('',#17380);
#6122=VERTEX_POINT('',#17385);
#6123=VERTEX_POINT('',#17386);
#6124=VERTEX_POINT('',#17391);
#6125=VERTEX_POINT('',#17393);
#6126=VERTEX_POINT('',#17397);
#6127=VERTEX_POINT('',#17399);
#6128=VERTEX_POINT('',#17403);
#6129=VERTEX_POINT('',#17405);
#6130=VERTEX_POINT('',#17409);
#6131=VERTEX_POINT('',#17411);
#6132=VERTEX_POINT('',#17415);
#6133=VERTEX_POINT('',#17417);
#6134=VERTEX_POINT('',#17421);
#6135=VERTEX_POINT('',#17423);
#6136=VERTEX_POINT('',#17427);
#6137=VERTEX_POINT('',#17429);
#6138=VERTEX_POINT('',#17433);
#6139=VERTEX_POINT('',#17435);
#6140=VERTEX_POINT('',#17439);
#6141=VERTEX_POINT('',#17441);
#6142=VERTEX_POINT('',#17445);
#6143=VERTEX_POINT('',#17446);
#6144=VERTEX_POINT('',#17451);
#6145=VERTEX_POINT('',#17452);
#6146=VERTEX_POINT('',#17457);
#6147=VERTEX_POINT('',#17458);
#6148=VERTEX_POINT('',#17463);
#6149=VERTEX_POINT('',#17464);
#6150=VERTEX_POINT('',#17469);
#6151=VERTEX_POINT('',#17470);
#6152=VERTEX_POINT('',#17475);
#6153=VERTEX_POINT('',#17476);
#6154=VERTEX_POINT('',#17481);
#6155=VERTEX_POINT('',#17482);
#6156=VERTEX_POINT('',#17487);
#6157=VERTEX_POINT('',#17488);
#6158=VERTEX_POINT('',#17493);
#6159=VERTEX_POINT('',#17494);
#6160=VERTEX_POINT('',#17499);
#6161=VERTEX_POINT('',#17500);
#6162=VERTEX_POINT('',#17505);
#6163=VERTEX_POINT('',#17506);
#6164=VERTEX_POINT('',#17511);
#6165=VERTEX_POINT('',#17512);
#6166=VERTEX_POINT('',#17517);
#6167=VERTEX_POINT('',#17518);
#6168=VERTEX_POINT('',#17523);
#6169=VERTEX_POINT('',#17524);
#6170=VERTEX_POINT('',#17529);
#6171=VERTEX_POINT('',#17530);
#6172=VERTEX_POINT('',#17535);
#6173=VERTEX_POINT('',#17536);
#6174=VERTEX_POINT('',#17541);
#6175=VERTEX_POINT('',#17542);
#6176=VERTEX_POINT('',#17547);
#6177=VERTEX_POINT('',#17548);
#6178=VERTEX_POINT('',#17580);
#6179=VERTEX_POINT('',#17581);
#6180=VERTEX_POINT('',#17583);
#6181=VERTEX_POINT('',#17585);
#6182=VERTEX_POINT('',#17587);
#6183=VERTEX_POINT('',#17589);
#6184=VERTEX_POINT('',#17591);
#6185=VERTEX_POINT('',#17593);
#6186=VERTEX_POINT('',#17595);
#6187=VERTEX_POINT('',#17597);
#6188=VERTEX_POINT('',#17601);
#6189=VERTEX_POINT('',#17602);
#6190=VERTEX_POINT('',#17604);
#6191=VERTEX_POINT('',#17606);
#6192=VERTEX_POINT('',#17608);
#6193=VERTEX_POINT('',#17610);
#6194=VERTEX_POINT('',#17612);
#6195=VERTEX_POINT('',#17614);
#6196=VERTEX_POINT('',#17616);
#6197=VERTEX_POINT('',#17618);
#6198=VERTEX_POINT('',#17622);
#6199=VERTEX_POINT('',#17623);
#6200=VERTEX_POINT('',#17625);
#6201=VERTEX_POINT('',#17627);
#6202=VERTEX_POINT('',#17629);
#6203=VERTEX_POINT('',#17631);
#6204=VERTEX_POINT('',#17633);
#6205=VERTEX_POINT('',#17635);
#6206=VERTEX_POINT('',#17637);
#6207=VERTEX_POINT('',#17639);
#6208=VERTEX_POINT('',#17643);
#6209=VERTEX_POINT('',#17644);
#6210=VERTEX_POINT('',#17646);
#6211=VERTEX_POINT('',#17648);
#6212=VERTEX_POINT('',#17650);
#6213=VERTEX_POINT('',#17652);
#6214=VERTEX_POINT('',#17654);
#6215=VERTEX_POINT('',#17656);
#6216=VERTEX_POINT('',#17658);
#6217=VERTEX_POINT('',#17660);
#6218=VERTEX_POINT('',#17664);
#6219=VERTEX_POINT('',#17665);
#6220=VERTEX_POINT('',#17667);
#6221=VERTEX_POINT('',#17669);
#6222=VERTEX_POINT('',#17671);
#6223=VERTEX_POINT('',#17673);
#6224=VERTEX_POINT('',#17675);
#6225=VERTEX_POINT('',#17677);
#6226=VERTEX_POINT('',#17679);
#6227=VERTEX_POINT('',#17681);
#6228=VERTEX_POINT('',#17685);
#6229=VERTEX_POINT('',#17686);
#6230=VERTEX_POINT('',#17688);
#6231=VERTEX_POINT('',#17690);
#6232=VERTEX_POINT('',#17692);
#6233=VERTEX_POINT('',#17694);
#6234=VERTEX_POINT('',#17696);
#6235=VERTEX_POINT('',#17698);
#6236=VERTEX_POINT('',#17700);
#6237=VERTEX_POINT('',#17702);
#6238=VERTEX_POINT('',#17706);
#6239=VERTEX_POINT('',#17707);
#6240=VERTEX_POINT('',#17709);
#6241=VERTEX_POINT('',#17711);
#6242=VERTEX_POINT('',#17713);
#6243=VERTEX_POINT('',#17715);
#6244=VERTEX_POINT('',#17717);
#6245=VERTEX_POINT('',#17719);
#6246=VERTEX_POINT('',#17721);
#6247=VERTEX_POINT('',#17723);
#6248=VERTEX_POINT('',#17727);
#6249=VERTEX_POINT('',#17728);
#6250=VERTEX_POINT('',#17730);
#6251=VERTEX_POINT('',#17732);
#6252=VERTEX_POINT('',#17734);
#6253=VERTEX_POINT('',#17736);
#6254=VERTEX_POINT('',#17738);
#6255=VERTEX_POINT('',#17740);
#6256=VERTEX_POINT('',#17742);
#6257=VERTEX_POINT('',#17744);
#6258=VERTEX_POINT('',#17748);
#6259=VERTEX_POINT('',#17749);
#6260=VERTEX_POINT('',#17751);
#6261=VERTEX_POINT('',#17753);
#6262=VERTEX_POINT('',#17755);
#6263=VERTEX_POINT('',#17757);
#6264=VERTEX_POINT('',#17759);
#6265=VERTEX_POINT('',#17761);
#6266=VERTEX_POINT('',#17763);
#6267=VERTEX_POINT('',#17765);
#6268=VERTEX_POINT('',#17769);
#6269=VERTEX_POINT('',#17770);
#6270=VERTEX_POINT('',#17772);
#6271=VERTEX_POINT('',#17774);
#6272=VERTEX_POINT('',#17776);
#6273=VERTEX_POINT('',#17778);
#6274=VERTEX_POINT('',#17780);
#6275=VERTEX_POINT('',#17782);
#6276=VERTEX_POINT('',#17784);
#6277=VERTEX_POINT('',#17786);
#6278=VERTEX_POINT('',#17790);
#6279=VERTEX_POINT('',#17791);
#6280=VERTEX_POINT('',#17793);
#6281=VERTEX_POINT('',#17795);
#6282=VERTEX_POINT('',#17797);
#6283=VERTEX_POINT('',#17799);
#6284=VERTEX_POINT('',#17801);
#6285=VERTEX_POINT('',#17803);
#6286=VERTEX_POINT('',#17805);
#6287=VERTEX_POINT('',#17807);
#6288=VERTEX_POINT('',#17811);
#6289=VERTEX_POINT('',#17812);
#6290=VERTEX_POINT('',#17814);
#6291=VERTEX_POINT('',#17816);
#6292=VERTEX_POINT('',#17818);
#6293=VERTEX_POINT('',#17820);
#6294=VERTEX_POINT('',#17822);
#6295=VERTEX_POINT('',#17824);
#6296=VERTEX_POINT('',#17826);
#6297=VERTEX_POINT('',#17828);
#6298=VERTEX_POINT('',#17832);
#6299=VERTEX_POINT('',#17833);
#6300=VERTEX_POINT('',#17835);
#6301=VERTEX_POINT('',#17837);
#6302=VERTEX_POINT('',#17839);
#6303=VERTEX_POINT('',#17841);
#6304=VERTEX_POINT('',#17843);
#6305=VERTEX_POINT('',#17845);
#6306=VERTEX_POINT('',#17847);
#6307=VERTEX_POINT('',#17849);
#6308=VERTEX_POINT('',#17853);
#6309=VERTEX_POINT('',#17854);
#6310=VERTEX_POINT('',#17856);
#6311=VERTEX_POINT('',#17858);
#6312=VERTEX_POINT('',#17860);
#6313=VERTEX_POINT('',#17862);
#6314=VERTEX_POINT('',#17864);
#6315=VERTEX_POINT('',#17866);
#6316=VERTEX_POINT('',#17868);
#6317=VERTEX_POINT('',#17870);
#6318=VERTEX_POINT('',#17874);
#6319=VERTEX_POINT('',#17875);
#6320=VERTEX_POINT('',#17877);
#6321=VERTEX_POINT('',#17879);
#6322=VERTEX_POINT('',#17881);
#6323=VERTEX_POINT('',#17883);
#6324=VERTEX_POINT('',#17885);
#6325=VERTEX_POINT('',#17887);
#6326=VERTEX_POINT('',#17889);
#6327=VERTEX_POINT('',#17891);
#6328=VERTEX_POINT('',#17895);
#6329=VERTEX_POINT('',#17896);
#6330=VERTEX_POINT('',#17898);
#6331=VERTEX_POINT('',#17900);
#6332=VERTEX_POINT('',#17902);
#6333=VERTEX_POINT('',#17904);
#6334=VERTEX_POINT('',#17906);
#6335=VERTEX_POINT('',#17908);
#6336=VERTEX_POINT('',#17910);
#6337=VERTEX_POINT('',#17912);
#6338=VERTEX_POINT('',#17916);
#6339=VERTEX_POINT('',#17917);
#6340=VERTEX_POINT('',#17919);
#6341=VERTEX_POINT('',#17921);
#6342=VERTEX_POINT('',#17923);
#6343=VERTEX_POINT('',#17925);
#6344=VERTEX_POINT('',#17927);
#6345=VERTEX_POINT('',#17929);
#6346=VERTEX_POINT('',#17931);
#6347=VERTEX_POINT('',#17933);
#6348=VERTEX_POINT('',#17937);
#6349=VERTEX_POINT('',#17938);
#6350=VERTEX_POINT('',#17940);
#6351=VERTEX_POINT('',#17942);
#6352=VERTEX_POINT('',#17944);
#6353=VERTEX_POINT('',#17946);
#6354=VERTEX_POINT('',#17948);
#6355=VERTEX_POINT('',#17950);
#6356=VERTEX_POINT('',#17952);
#6357=VERTEX_POINT('',#17954);
#6358=VERTEX_POINT('',#17958);
#6359=VERTEX_POINT('',#17959);
#6360=VERTEX_POINT('',#17961);
#6361=VERTEX_POINT('',#17963);
#6362=VERTEX_POINT('',#17965);
#6363=VERTEX_POINT('',#17967);
#6364=VERTEX_POINT('',#17969);
#6365=VERTEX_POINT('',#17971);
#6366=VERTEX_POINT('',#17973);
#6367=VERTEX_POINT('',#17975);
#6368=VERTEX_POINT('',#17979);
#6369=VERTEX_POINT('',#17980);
#6370=VERTEX_POINT('',#17982);
#6371=VERTEX_POINT('',#17984);
#6372=VERTEX_POINT('',#17986);
#6373=VERTEX_POINT('',#17988);
#6374=VERTEX_POINT('',#17990);
#6375=VERTEX_POINT('',#17992);
#6376=VERTEX_POINT('',#17994);
#6377=VERTEX_POINT('',#17996);
#6378=VERTEX_POINT('',#18001);
#6379=VERTEX_POINT('',#18003);
#6380=VERTEX_POINT('',#18008);
#6381=VERTEX_POINT('',#18010);
#6382=VERTEX_POINT('',#18015);
#6383=VERTEX_POINT('',#18017);
#6384=VERTEX_POINT('',#18022);
#6385=VERTEX_POINT('',#18024);
#6386=VERTEX_POINT('',#18029);
#6387=VERTEX_POINT('',#18031);
#6388=VERTEX_POINT('',#18036);
#6389=VERTEX_POINT('',#18038);
#6390=VERTEX_POINT('',#18043);
#6391=VERTEX_POINT('',#18045);
#6392=VERTEX_POINT('',#18050);
#6393=VERTEX_POINT('',#18052);
#6394=VERTEX_POINT('',#18057);
#6395=VERTEX_POINT('',#18059);
#6396=VERTEX_POINT('',#18064);
#6397=VERTEX_POINT('',#18066);
#6398=VERTEX_POINT('',#18070);
#6399=VERTEX_POINT('',#18071);
#6400=VERTEX_POINT('',#18076);
#6401=VERTEX_POINT('',#18077);
#6402=VERTEX_POINT('',#18082);
#6403=VERTEX_POINT('',#18083);
#6404=VERTEX_POINT('',#18088);
#6405=VERTEX_POINT('',#18089);
#6406=VERTEX_POINT('',#18094);
#6407=VERTEX_POINT('',#18095);
#6408=VERTEX_POINT('',#18100);
#6409=VERTEX_POINT('',#18101);
#6410=VERTEX_POINT('',#18106);
#6411=VERTEX_POINT('',#18107);
#6412=VERTEX_POINT('',#18112);
#6413=VERTEX_POINT('',#18113);
#6414=VERTEX_POINT('',#18118);
#6415=VERTEX_POINT('',#18119);
#6416=VERTEX_POINT('',#18124);
#6417=VERTEX_POINT('',#18125);
#6418=VERTEX_POINT('',#18230);
#6419=VERTEX_POINT('',#18232);
#6420=VERTEX_POINT('',#18234);
#6421=VERTEX_POINT('',#18236);
#6422=VERTEX_POINT('',#18238);
#6423=VERTEX_POINT('',#18240);
#6424=VERTEX_POINT('',#18243);
#6425=VERTEX_POINT('',#18245);
#6426=VERTEX_POINT('',#18247);
#6427=VERTEX_POINT('',#18249);
#6428=VERTEX_POINT('',#18251);
#6429=VERTEX_POINT('',#18253);
#6430=VERTEX_POINT('',#18256);
#6431=VERTEX_POINT('',#18258);
#6432=VERTEX_POINT('',#18260);
#6433=VERTEX_POINT('',#18262);
#6434=VERTEX_POINT('',#18264);
#6435=VERTEX_POINT('',#18266);
#6436=VERTEX_POINT('',#18269);
#6437=VERTEX_POINT('',#18271);
#6438=VERTEX_POINT('',#18273);
#6439=VERTEX_POINT('',#18275);
#6440=VERTEX_POINT('',#18277);
#6441=VERTEX_POINT('',#18279);
#6442=VERTEX_POINT('',#18282);
#6443=VERTEX_POINT('',#18284);
#6444=VERTEX_POINT('',#18286);
#6445=VERTEX_POINT('',#18288);
#6446=VERTEX_POINT('',#18290);
#6447=VERTEX_POINT('',#18292);
#6448=VERTEX_POINT('',#18295);
#6449=VERTEX_POINT('',#18297);
#6450=VERTEX_POINT('',#18299);
#6451=VERTEX_POINT('',#18301);
#6452=VERTEX_POINT('',#18303);
#6453=VERTEX_POINT('',#18305);
#6454=VERTEX_POINT('',#18308);
#6455=VERTEX_POINT('',#18310);
#6456=VERTEX_POINT('',#18312);
#6457=VERTEX_POINT('',#18314);
#6458=VERTEX_POINT('',#18316);
#6459=VERTEX_POINT('',#18318);
#6460=VERTEX_POINT('',#18321);
#6461=VERTEX_POINT('',#18323);
#6462=VERTEX_POINT('',#18325);
#6463=VERTEX_POINT('',#18327);
#6464=VERTEX_POINT('',#18329);
#6465=VERTEX_POINT('',#18331);
#6466=VERTEX_POINT('',#18334);
#6467=VERTEX_POINT('',#18336);
#6468=VERTEX_POINT('',#18338);
#6469=VERTEX_POINT('',#18340);
#6470=VERTEX_POINT('',#18342);
#6471=VERTEX_POINT('',#18344);
#6472=VERTEX_POINT('',#18347);
#6473=VERTEX_POINT('',#18349);
#6474=VERTEX_POINT('',#18351);
#6475=VERTEX_POINT('',#18353);
#6476=VERTEX_POINT('',#18356);
#6477=VERTEX_POINT('',#18358);
#6478=VERTEX_POINT('',#18360);
#6479=VERTEX_POINT('',#18362);
#6480=VERTEX_POINT('',#18364);
#6481=VERTEX_POINT('',#18366);
#6482=VERTEX_POINT('',#18369);
#6483=VERTEX_POINT('',#18371);
#6484=VERTEX_POINT('',#18373);
#6485=VERTEX_POINT('',#18375);
#6486=VERTEX_POINT('',#18377);
#6487=VERTEX_POINT('',#18379);
#6488=VERTEX_POINT('',#18382);
#6489=VERTEX_POINT('',#18384);
#6490=VERTEX_POINT('',#18386);
#6491=VERTEX_POINT('',#18388);
#6492=VERTEX_POINT('',#18390);
#6493=VERTEX_POINT('',#18392);
#6494=VERTEX_POINT('',#18395);
#6495=VERTEX_POINT('',#18397);
#6496=VERTEX_POINT('',#18399);
#6497=VERTEX_POINT('',#18401);
#6498=VERTEX_POINT('',#18403);
#6499=VERTEX_POINT('',#18405);
#6500=VERTEX_POINT('',#18408);
#6501=VERTEX_POINT('',#18410);
#6502=VERTEX_POINT('',#18412);
#6503=VERTEX_POINT('',#18414);
#6504=VERTEX_POINT('',#18416);
#6505=VERTEX_POINT('',#18418);
#6506=VERTEX_POINT('',#18421);
#6507=VERTEX_POINT('',#18423);
#6508=VERTEX_POINT('',#18425);
#6509=VERTEX_POINT('',#18427);
#6510=VERTEX_POINT('',#18429);
#6511=VERTEX_POINT('',#18431);
#6512=VERTEX_POINT('',#18434);
#6513=VERTEX_POINT('',#18436);
#6514=VERTEX_POINT('',#18438);
#6515=VERTEX_POINT('',#18440);
#6516=VERTEX_POINT('',#18442);
#6517=VERTEX_POINT('',#18444);
#6518=VERTEX_POINT('',#18447);
#6519=VERTEX_POINT('',#18449);
#6520=VERTEX_POINT('',#18451);
#6521=VERTEX_POINT('',#18453);
#6522=VERTEX_POINT('',#18455);
#6523=VERTEX_POINT('',#18457);
#6524=VERTEX_POINT('',#18460);
#6525=VERTEX_POINT('',#18462);
#6526=VERTEX_POINT('',#18464);
#6527=VERTEX_POINT('',#18466);
#6528=VERTEX_POINT('',#18468);
#6529=VERTEX_POINT('',#18470);
#6530=VERTEX_POINT('',#18472);
#6531=VERTEX_POINT('',#18474);
#6532=VERTEX_POINT('',#18476);
#6533=VERTEX_POINT('',#18478);
#6534=VERTEX_POINT('',#18480);
#6535=VERTEX_POINT('',#18482);
#6536=VERTEX_POINT('',#18486);
#6537=VERTEX_POINT('',#18487);
#6538=VERTEX_POINT('',#18492);
#6539=VERTEX_POINT('',#18493);
#6540=VERTEX_POINT('',#18495);
#6541=VERTEX_POINT('',#18497);
#6542=VERTEX_POINT('',#18501);
#6543=VERTEX_POINT('',#18503);
#6544=VERTEX_POINT('',#18505);
#6545=VERTEX_POINT('',#18507);
#6546=VERTEX_POINT('',#18509);
#6547=VERTEX_POINT('',#18511);
#6548=VERTEX_POINT('',#18513);
#6549=VERTEX_POINT('',#18515);
#6550=VERTEX_POINT('',#18517);
#6551=VERTEX_POINT('',#18519);
#6552=VERTEX_POINT('',#18521);
#6553=VERTEX_POINT('',#18523);
#6554=VERTEX_POINT('',#18525);
#6555=VERTEX_POINT('',#18527);
#6556=VERTEX_POINT('',#18529);
#6557=VERTEX_POINT('',#18531);
#6558=VERTEX_POINT('',#18533);
#6559=VERTEX_POINT('',#18535);
#6560=VERTEX_POINT('',#18537);
#6561=VERTEX_POINT('',#18539);
#6562=VERTEX_POINT('',#18541);
#6563=VERTEX_POINT('',#18543);
#6564=VERTEX_POINT('',#18545);
#6565=VERTEX_POINT('',#18547);
#6566=VERTEX_POINT('',#18549);
#6567=VERTEX_POINT('',#18551);
#6568=VERTEX_POINT('',#18553);
#6569=VERTEX_POINT('',#18555);
#6570=VERTEX_POINT('',#18557);
#6571=VERTEX_POINT('',#18559);
#6572=VERTEX_POINT('',#18561);
#6573=VERTEX_POINT('',#18563);
#6574=VERTEX_POINT('',#18565);
#6575=VERTEX_POINT('',#18567);
#6576=VERTEX_POINT('',#18569);
#6577=VERTEX_POINT('',#18571);
#6578=VERTEX_POINT('',#18573);
#6579=VERTEX_POINT('',#18575);
#6580=VERTEX_POINT('',#18577);
#6581=VERTEX_POINT('',#18579);
#6582=VERTEX_POINT('',#18581);
#6583=VERTEX_POINT('',#18583);
#6584=VERTEX_POINT('',#18585);
#6585=VERTEX_POINT('',#18587);
#6586=VERTEX_POINT('',#18589);
#6587=VERTEX_POINT('',#18591);
#6588=VERTEX_POINT('',#18593);
#6589=VERTEX_POINT('',#18595);
#6590=VERTEX_POINT('',#18597);
#6591=VERTEX_POINT('',#18599);
#6592=VERTEX_POINT('',#18601);
#6593=VERTEX_POINT('',#18603);
#6594=VERTEX_POINT('',#18605);
#6595=VERTEX_POINT('',#18607);
#6596=VERTEX_POINT('',#18609);
#6597=VERTEX_POINT('',#18611);
#6598=VERTEX_POINT('',#18613);
#6599=VERTEX_POINT('',#18615);
#6600=VERTEX_POINT('',#18617);
#6601=VERTEX_POINT('',#18619);
#6602=VERTEX_POINT('',#18621);
#6603=VERTEX_POINT('',#18623);
#6604=VERTEX_POINT('',#18625);
#6605=VERTEX_POINT('',#18627);
#6606=VERTEX_POINT('',#18629);
#6607=VERTEX_POINT('',#18631);
#6608=VERTEX_POINT('',#18633);
#6609=VERTEX_POINT('',#18635);
#6610=VERTEX_POINT('',#18637);
#6611=VERTEX_POINT('',#18639);
#6612=VERTEX_POINT('',#18641);
#6613=VERTEX_POINT('',#18643);
#6614=VERTEX_POINT('',#18645);
#6615=VERTEX_POINT('',#18647);
#6616=VERTEX_POINT('',#18649);
#6617=VERTEX_POINT('',#18651);
#6618=VERTEX_POINT('',#18653);
#6619=VERTEX_POINT('',#18655);
#6620=VERTEX_POINT('',#18657);
#6621=VERTEX_POINT('',#18659);
#6622=VERTEX_POINT('',#18661);
#6623=VERTEX_POINT('',#18663);
#6624=VERTEX_POINT('',#18666);
#6625=VERTEX_POINT('',#18668);
#6626=VERTEX_POINT('',#18670);
#6627=VERTEX_POINT('',#18672);
#6628=VERTEX_POINT('',#18674);
#6629=VERTEX_POINT('',#18676);
#6630=VERTEX_POINT('',#18679);
#6631=VERTEX_POINT('',#18681);
#6632=VERTEX_POINT('',#18683);
#6633=VERTEX_POINT('',#18685);
#6634=VERTEX_POINT('',#18687);
#6635=VERTEX_POINT('',#18689);
#6636=VERTEX_POINT('',#18692);
#6637=VERTEX_POINT('',#18694);
#6638=VERTEX_POINT('',#18696);
#6639=VERTEX_POINT('',#18698);
#6640=VERTEX_POINT('',#18700);
#6641=VERTEX_POINT('',#18702);
#6642=VERTEX_POINT('',#18705);
#6643=VERTEX_POINT('',#18707);
#6644=VERTEX_POINT('',#18709);
#6645=VERTEX_POINT('',#18711);
#6646=VERTEX_POINT('',#18713);
#6647=VERTEX_POINT('',#18715);
#6648=VERTEX_POINT('',#18718);
#6649=VERTEX_POINT('',#18720);
#6650=VERTEX_POINT('',#18722);
#6651=VERTEX_POINT('',#18724);
#6652=VERTEX_POINT('',#18726);
#6653=VERTEX_POINT('',#18728);
#6654=VERTEX_POINT('',#18731);
#6655=VERTEX_POINT('',#18733);
#6656=VERTEX_POINT('',#18735);
#6657=VERTEX_POINT('',#18737);
#6658=VERTEX_POINT('',#18739);
#6659=VERTEX_POINT('',#18741);
#6660=VERTEX_POINT('',#18744);
#6661=VERTEX_POINT('',#18746);
#6662=VERTEX_POINT('',#18748);
#6663=VERTEX_POINT('',#18750);
#6664=VERTEX_POINT('',#18752);
#6665=VERTEX_POINT('',#18754);
#6666=VERTEX_POINT('',#18757);
#6667=VERTEX_POINT('',#18759);
#6668=VERTEX_POINT('',#18761);
#6669=VERTEX_POINT('',#18763);
#6670=VERTEX_POINT('',#18765);
#6671=VERTEX_POINT('',#18767);
#6672=VERTEX_POINT('',#18770);
#6673=VERTEX_POINT('',#18772);
#6674=VERTEX_POINT('',#18774);
#6675=VERTEX_POINT('',#18776);
#6676=VERTEX_POINT('',#18778);
#6677=VERTEX_POINT('',#18780);
#6678=VERTEX_POINT('',#18854);
#6679=VERTEX_POINT('',#18855);
#6680=VERTEX_POINT('',#18860);
#6681=VERTEX_POINT('',#18862);
#6682=VERTEX_POINT('',#18872);
#6683=VERTEX_POINT('',#18873);
#6684=VERTEX_POINT('',#18878);
#6685=VERTEX_POINT('',#18879);
#6686=VERTEX_POINT('',#18884);
#6687=VERTEX_POINT('',#18885);
#6688=VERTEX_POINT('',#18890);
#6689=VERTEX_POINT('',#18892);
#6690=VERTEX_POINT('',#18896);
#6691=VERTEX_POINT('',#18897);
#6692=VERTEX_POINT('',#18902);
#6693=VERTEX_POINT('',#18903);
#6694=VERTEX_POINT('',#19184);
#6695=VERTEX_POINT('',#19185);
#6696=VERTEX_POINT('',#19187);
#6697=VERTEX_POINT('',#19189);
#6698=VERTEX_POINT('',#19191);
#6699=VERTEX_POINT('',#19193);
#6700=VERTEX_POINT('',#19195);
#6701=VERTEX_POINT('',#19197);
#6702=VERTEX_POINT('',#19199);
#6703=VERTEX_POINT('',#19201);
#6704=VERTEX_POINT('',#19203);
#6705=VERTEX_POINT('',#19207);
#6706=VERTEX_POINT('',#19208);
#6707=VERTEX_POINT('',#19210);
#6708=VERTEX_POINT('',#19212);
#6709=VERTEX_POINT('',#19214);
#6710=VERTEX_POINT('',#19216);
#6711=VERTEX_POINT('',#19218);
#6712=VERTEX_POINT('',#19220);
#6713=VERTEX_POINT('',#19222);
#6714=VERTEX_POINT('',#19224);
#6715=VERTEX_POINT('',#19226);
#6716=VERTEX_POINT('',#19230);
#6717=VERTEX_POINT('',#19231);
#6718=VERTEX_POINT('',#19233);
#6719=VERTEX_POINT('',#19235);
#6720=VERTEX_POINT('',#19237);
#6721=VERTEX_POINT('',#19239);
#6722=VERTEX_POINT('',#19241);
#6723=VERTEX_POINT('',#19243);
#6724=VERTEX_POINT('',#19245);
#6725=VERTEX_POINT('',#19247);
#6726=VERTEX_POINT('',#19249);
#6727=VERTEX_POINT('',#19253);
#6728=VERTEX_POINT('',#19254);
#6729=VERTEX_POINT('',#19256);
#6730=VERTEX_POINT('',#19258);
#6731=VERTEX_POINT('',#19260);
#6732=VERTEX_POINT('',#19262);
#6733=VERTEX_POINT('',#19264);
#6734=VERTEX_POINT('',#19266);
#6735=VERTEX_POINT('',#19268);
#6736=VERTEX_POINT('',#19270);
#6737=VERTEX_POINT('',#19272);
#6738=VERTEX_POINT('',#19276);
#6739=VERTEX_POINT('',#19277);
#6740=VERTEX_POINT('',#19279);
#6741=VERTEX_POINT('',#19281);
#6742=VERTEX_POINT('',#19283);
#6743=VERTEX_POINT('',#19285);
#6744=VERTEX_POINT('',#19287);
#6745=VERTEX_POINT('',#19289);
#6746=VERTEX_POINT('',#19291);
#6747=VERTEX_POINT('',#19293);
#6748=VERTEX_POINT('',#19295);
#6749=VERTEX_POINT('',#19299);
#6750=VERTEX_POINT('',#19300);
#6751=VERTEX_POINT('',#19302);
#6752=VERTEX_POINT('',#19304);
#6753=VERTEX_POINT('',#19306);
#6754=VERTEX_POINT('',#19308);
#6755=VERTEX_POINT('',#19310);
#6756=VERTEX_POINT('',#19312);
#6757=VERTEX_POINT('',#19314);
#6758=VERTEX_POINT('',#19316);
#6759=VERTEX_POINT('',#19318);
#6760=VERTEX_POINT('',#19322);
#6761=VERTEX_POINT('',#19323);
#6762=VERTEX_POINT('',#19325);
#6763=VERTEX_POINT('',#19327);
#6764=VERTEX_POINT('',#19329);
#6765=VERTEX_POINT('',#19331);
#6766=VERTEX_POINT('',#19333);
#6767=VERTEX_POINT('',#19335);
#6768=VERTEX_POINT('',#19337);
#6769=VERTEX_POINT('',#19339);
#6770=VERTEX_POINT('',#19341);
#6771=VERTEX_POINT('',#19345);
#6772=VERTEX_POINT('',#19346);
#6773=VERTEX_POINT('',#19348);
#6774=VERTEX_POINT('',#19350);
#6775=VERTEX_POINT('',#19352);
#6776=VERTEX_POINT('',#19354);
#6777=VERTEX_POINT('',#19356);
#6778=VERTEX_POINT('',#19358);
#6779=VERTEX_POINT('',#19360);
#6780=VERTEX_POINT('',#19362);
#6781=VERTEX_POINT('',#19364);
#6782=VERTEX_POINT('',#19368);
#6783=VERTEX_POINT('',#19369);
#6784=VERTEX_POINT('',#19371);
#6785=VERTEX_POINT('',#19373);
#6786=VERTEX_POINT('',#19375);
#6787=VERTEX_POINT('',#19377);
#6788=VERTEX_POINT('',#19379);
#6789=VERTEX_POINT('',#19381);
#6790=VERTEX_POINT('',#19383);
#6791=VERTEX_POINT('',#19385);
#6792=VERTEX_POINT('',#19387);
#6793=VERTEX_POINT('',#19391);
#6794=VERTEX_POINT('',#19392);
#6795=VERTEX_POINT('',#19394);
#6796=VERTEX_POINT('',#19396);
#6797=VERTEX_POINT('',#19398);
#6798=VERTEX_POINT('',#19400);
#6799=VERTEX_POINT('',#19402);
#6800=VERTEX_POINT('',#19404);
#6801=VERTEX_POINT('',#19406);
#6802=VERTEX_POINT('',#19408);
#6803=VERTEX_POINT('',#19410);
#6804=VERTEX_POINT('',#19414);
#6805=VERTEX_POINT('',#19415);
#6806=VERTEX_POINT('',#19417);
#6807=VERTEX_POINT('',#19419);
#6808=VERTEX_POINT('',#19421);
#6809=VERTEX_POINT('',#19423);
#6810=VERTEX_POINT('',#19425);
#6811=VERTEX_POINT('',#19427);
#6812=VERTEX_POINT('',#19429);
#6813=VERTEX_POINT('',#19431);
#6814=VERTEX_POINT('',#19433);
#6815=VERTEX_POINT('',#19437);
#6816=VERTEX_POINT('',#19438);
#6817=VERTEX_POINT('',#19440);
#6818=VERTEX_POINT('',#19442);
#6819=VERTEX_POINT('',#19444);
#6820=VERTEX_POINT('',#19446);
#6821=VERTEX_POINT('',#19448);
#6822=VERTEX_POINT('',#19450);
#6823=VERTEX_POINT('',#19452);
#6824=VERTEX_POINT('',#19454);
#6825=VERTEX_POINT('',#19456);
#6826=VERTEX_POINT('',#19460);
#6827=VERTEX_POINT('',#19461);
#6828=VERTEX_POINT('',#19463);
#6829=VERTEX_POINT('',#19465);
#6830=VERTEX_POINT('',#19467);
#6831=VERTEX_POINT('',#19469);
#6832=VERTEX_POINT('',#19471);
#6833=VERTEX_POINT('',#19473);
#6834=VERTEX_POINT('',#19475);
#6835=VERTEX_POINT('',#19477);
#6836=VERTEX_POINT('',#19479);
#6837=VERTEX_POINT('',#19483);
#6838=VERTEX_POINT('',#19484);
#6839=VERTEX_POINT('',#19486);
#6840=VERTEX_POINT('',#19488);
#6841=VERTEX_POINT('',#19490);
#6842=VERTEX_POINT('',#19492);
#6843=VERTEX_POINT('',#19494);
#6844=VERTEX_POINT('',#19496);
#6845=VERTEX_POINT('',#19498);
#6846=VERTEX_POINT('',#19500);
#6847=VERTEX_POINT('',#19502);
#6848=VERTEX_POINT('',#19506);
#6849=VERTEX_POINT('',#19507);
#6850=VERTEX_POINT('',#19509);
#6851=VERTEX_POINT('',#19511);
#6852=VERTEX_POINT('',#19513);
#6853=VERTEX_POINT('',#19515);
#6854=VERTEX_POINT('',#19517);
#6855=VERTEX_POINT('',#19519);
#6856=VERTEX_POINT('',#19521);
#6857=VERTEX_POINT('',#19523);
#6858=VERTEX_POINT('',#19525);
#6859=VERTEX_POINT('',#19529);
#6860=VERTEX_POINT('',#19530);
#6861=VERTEX_POINT('',#19532);
#6862=VERTEX_POINT('',#19534);
#6863=VERTEX_POINT('',#19536);
#6864=VERTEX_POINT('',#19538);
#6865=VERTEX_POINT('',#19540);
#6866=VERTEX_POINT('',#19542);
#6867=VERTEX_POINT('',#19544);
#6868=VERTEX_POINT('',#19546);
#6869=VERTEX_POINT('',#19548);
#6870=VERTEX_POINT('',#19552);
#6871=VERTEX_POINT('',#19553);
#6872=VERTEX_POINT('',#19555);
#6873=VERTEX_POINT('',#19557);
#6874=VERTEX_POINT('',#19559);
#6875=VERTEX_POINT('',#19561);
#6876=VERTEX_POINT('',#19563);
#6877=VERTEX_POINT('',#19565);
#6878=VERTEX_POINT('',#19567);
#6879=VERTEX_POINT('',#19569);
#6880=VERTEX_POINT('',#19571);
#6881=VERTEX_POINT('',#19575);
#6882=VERTEX_POINT('',#19576);
#6883=VERTEX_POINT('',#19578);
#6884=VERTEX_POINT('',#19580);
#6885=VERTEX_POINT('',#19582);
#6886=VERTEX_POINT('',#19584);
#6887=VERTEX_POINT('',#19586);
#6888=VERTEX_POINT('',#19588);
#6889=VERTEX_POINT('',#19590);
#6890=VERTEX_POINT('',#19592);
#6891=VERTEX_POINT('',#19594);
#6892=VERTEX_POINT('',#19598);
#6893=VERTEX_POINT('',#19599);
#6894=VERTEX_POINT('',#19601);
#6895=VERTEX_POINT('',#19603);
#6896=VERTEX_POINT('',#19605);
#6897=VERTEX_POINT('',#19607);
#6898=VERTEX_POINT('',#19609);
#6899=VERTEX_POINT('',#19611);
#6900=VERTEX_POINT('',#19613);
#6901=VERTEX_POINT('',#19615);
#6902=VERTEX_POINT('',#19617);
#6903=VERTEX_POINT('',#19621);
#6904=VERTEX_POINT('',#19622);
#6905=VERTEX_POINT('',#19624);
#6906=VERTEX_POINT('',#19626);
#6907=VERTEX_POINT('',#19628);
#6908=VERTEX_POINT('',#19630);
#6909=VERTEX_POINT('',#19632);
#6910=VERTEX_POINT('',#19634);
#6911=VERTEX_POINT('',#19636);
#6912=VERTEX_POINT('',#19638);
#6913=VERTEX_POINT('',#19640);
#6914=VERTEX_POINT('',#19674);
#6915=VERTEX_POINT('',#19676);
#6916=VERTEX_POINT('',#19678);
#6917=VERTEX_POINT('',#19680);
#6918=VERTEX_POINT('',#19682);
#6919=VERTEX_POINT('',#19684);
#6920=VERTEX_POINT('',#19688);
#6921=VERTEX_POINT('',#19691);
#6922=VERTEX_POINT('',#19693);
#6923=VERTEX_POINT('',#19695);
#6924=VERTEX_POINT('',#19697);
#6925=VERTEX_POINT('',#19699);
#6926=VERTEX_POINT('',#19701);
#6927=VERTEX_POINT('',#19703);
#6928=VERTEX_POINT('',#19707);
#6929=VERTEX_POINT('',#19710);
#6930=VERTEX_POINT('',#19712);
#6931=VERTEX_POINT('',#19714);
#6932=VERTEX_POINT('',#19716);
#6933=VERTEX_POINT('',#19718);
#6934=VERTEX_POINT('',#19720);
#6935=VERTEX_POINT('',#19722);
#6936=VERTEX_POINT('',#19726);
#6937=VERTEX_POINT('',#19729);
#6938=VERTEX_POINT('',#19731);
#6939=VERTEX_POINT('',#19733);
#6940=VERTEX_POINT('',#19735);
#6941=VERTEX_POINT('',#19737);
#6942=VERTEX_POINT('',#19739);
#6943=VERTEX_POINT('',#19741);
#6944=VERTEX_POINT('',#19745);
#6945=VERTEX_POINT('',#19748);
#6946=VERTEX_POINT('',#19750);
#6947=VERTEX_POINT('',#19752);
#6948=VERTEX_POINT('',#19754);
#6949=VERTEX_POINT('',#19756);
#6950=VERTEX_POINT('',#19758);
#6951=VERTEX_POINT('',#19760);
#6952=VERTEX_POINT('',#19764);
#6953=VERTEX_POINT('',#19767);
#6954=VERTEX_POINT('',#19769);
#6955=VERTEX_POINT('',#19771);
#6956=VERTEX_POINT('',#19773);
#6957=VERTEX_POINT('',#19775);
#6958=VERTEX_POINT('',#19777);
#6959=VERTEX_POINT('',#19779);
#6960=VERTEX_POINT('',#19783);
#6961=VERTEX_POINT('',#19786);
#6962=VERTEX_POINT('',#19788);
#6963=VERTEX_POINT('',#19790);
#6964=VERTEX_POINT('',#19792);
#6965=VERTEX_POINT('',#19794);
#6966=VERTEX_POINT('',#19796);
#6967=VERTEX_POINT('',#19798);
#6968=VERTEX_POINT('',#19802);
#6969=VERTEX_POINT('',#19805);
#6970=VERTEX_POINT('',#19807);
#6971=VERTEX_POINT('',#19809);
#6972=VERTEX_POINT('',#19811);
#6973=VERTEX_POINT('',#19813);
#6974=VERTEX_POINT('',#19815);
#6975=VERTEX_POINT('',#19817);
#6976=VERTEX_POINT('',#19821);
#6977=VERTEX_POINT('',#19824);
#6978=VERTEX_POINT('',#19826);
#6979=VERTEX_POINT('',#19828);
#6980=VERTEX_POINT('',#19830);
#6981=VERTEX_POINT('',#19832);
#6982=VERTEX_POINT('',#19834);
#6983=VERTEX_POINT('',#19836);
#6984=VERTEX_POINT('',#19840);
#6985=VERTEX_POINT('',#19843);
#6986=VERTEX_POINT('',#19845);
#6987=VERTEX_POINT('',#19847);
#6988=VERTEX_POINT('',#19849);
#6989=VERTEX_POINT('',#19851);
#6990=VERTEX_POINT('',#19853);
#6991=VERTEX_POINT('',#19855);
#6992=VERTEX_POINT('',#19859);
#6993=VERTEX_POINT('',#19881);
#6994=VERTEX_POINT('',#19882);
#6995=VERTEX_POINT('',#19884);
#6996=VERTEX_POINT('',#19887);
#6997=VERTEX_POINT('',#19888);
#6998=VERTEX_POINT('',#19890);
#6999=VERTEX_POINT('',#19892);
#7000=VERTEX_POINT('',#19895);
#7001=VERTEX_POINT('',#19898);
#7002=VERTEX_POINT('',#19900);
#7003=VERTEX_POINT('',#19902);
#7004=VERTEX_POINT('',#19915);
#7005=VERTEX_POINT('',#19916);
#7006=VERTEX_POINT('',#19919);
#7007=VERTEX_POINT('',#19921);
#7008=VERTEX_POINT('',#19923);
#7009=VERTEX_POINT('',#19927);
#7010=VERTEX_POINT('',#19928);
#7011=VERTEX_POINT('',#19933);
#7012=VERTEX_POINT('',#19937);
#7013=VERTEX_POINT('',#19940);
#7014=VERTEX_POINT('',#19942);
#7015=VERTEX_POINT('',#19946);
#7016=VERTEX_POINT('',#19950);
#7017=VERTEX_POINT('',#19953);
#7018=VERTEX_POINT('',#19955);
#7019=VERTEX_POINT('',#19959);
#7020=VERTEX_POINT('',#19963);
#7021=VERTEX_POINT('',#19966);
#7022=VERTEX_POINT('',#19968);
#7023=VERTEX_POINT('',#19972);
#7024=VERTEX_POINT('',#19976);
#7025=VERTEX_POINT('',#19979);
#7026=VERTEX_POINT('',#19981);
#7027=VERTEX_POINT('',#19985);
#7028=VERTEX_POINT('',#19989);
#7029=VERTEX_POINT('',#19992);
#7030=VERTEX_POINT('',#19994);
#7031=VERTEX_POINT('',#19998);
#7032=VERTEX_POINT('',#20002);
#7033=VERTEX_POINT('',#20005);
#7034=VERTEX_POINT('',#20007);
#7035=VERTEX_POINT('',#20011);
#7036=VERTEX_POINT('',#20015);
#7037=VERTEX_POINT('',#20018);
#7038=VERTEX_POINT('',#20020);
#7039=VERTEX_POINT('',#20024);
#7040=VERTEX_POINT('',#20028);
#7041=VERTEX_POINT('',#20031);
#7042=VERTEX_POINT('',#20033);
#7043=VERTEX_POINT('',#20037);
#7044=VERTEX_POINT('',#20041);
#7045=VERTEX_POINT('',#20044);
#7046=VERTEX_POINT('',#20046);
#7047=VERTEX_POINT('',#20050);
#7048=VERTEX_POINT('',#20054);
#7049=VERTEX_POINT('',#20056);
#7050=VERTEX_POINT('',#20058);
#7051=VERTEX_POINT('',#20060);
#7052=VERTEX_POINT('',#20062);
#7053=VERTEX_POINT('',#20066);
#7054=VERTEX_POINT('',#20071);
#7055=VERTEX_POINT('',#20074);
#7056=VERTEX_POINT('',#20090);
#7057=VERTEX_POINT('',#20091);
#7058=VERTEX_POINT('',#20093);
#7059=VERTEX_POINT('',#20095);
#7060=VERTEX_POINT('',#20098);
#7061=VERTEX_POINT('',#20100);
#7062=VERTEX_POINT('',#20102);
#7063=VERTEX_POINT('',#20105);
#7064=VERTEX_POINT('',#20107);
#7065=VERTEX_POINT('',#20110);
#7066=VERTEX_POINT('',#20112);
#7067=VERTEX_POINT('',#20115);
#7068=VERTEX_POINT('',#20117);
#7069=VERTEX_POINT('',#20120);
#7070=VERTEX_POINT('',#20122);
#7071=VERTEX_POINT('',#20125);
#7072=VERTEX_POINT('',#20127);
#7073=VERTEX_POINT('',#20130);
#7074=VERTEX_POINT('',#20132);
#7075=VERTEX_POINT('',#20135);
#7076=VERTEX_POINT('',#20137);
#7077=VERTEX_POINT('',#20140);
#7078=VERTEX_POINT('',#20142);
#7079=VERTEX_POINT('',#20145);
#7080=VERTEX_POINT('',#20147);
#7081=VERTEX_POINT('',#20244);
#7082=VERTEX_POINT('',#20248);
#7083=VERTEX_POINT('',#20252);
#7084=VERTEX_POINT('',#20254);
#7085=VERTEX_POINT('',#20258);
#7086=VERTEX_POINT('',#20262);
#7087=VERTEX_POINT('',#20269);
#7088=VERTEX_POINT('',#20271);
#7089=VERTEX_POINT('',#20275);
#7090=VERTEX_POINT('',#20279);
#7091=VERTEX_POINT('',#20286);
#7092=VERTEX_POINT('',#20288);
#7093=VERTEX_POINT('',#20292);
#7094=VERTEX_POINT('',#20299);
#7095=VERTEX_POINT('',#20306);
#7096=VERTEX_POINT('',#20313);
#7097=VERTEX_POINT('',#20320);
#7098=VERTEX_POINT('',#20327);
#7099=VERTEX_POINT('',#20334);
#7100=VERTEX_POINT('',#20341);
#7101=VERTEX_POINT('',#20348);
#7102=VERTEX_POINT('',#20355);
#7103=VERTEX_POINT('',#20362);
#7104=VERTEX_POINT('',#20369);
#7105=VERTEX_POINT('',#20376);
#7106=VERTEX_POINT('',#20383);
#7107=VERTEX_POINT('',#20390);
#7108=VERTEX_POINT('',#20397);
#7109=VERTEX_POINT('',#20404);
#7110=VERTEX_POINT('',#20411);
#7111=VERTEX_POINT('',#20418);
#7112=VERTEX_POINT('',#20425);
#7113=VERTEX_POINT('',#20432);
#7114=LINE('',#16804,#8634);
#7115=LINE('',#16807,#8635);
#7116=LINE('',#16809,#8636);
#7117=LINE('',#16811,#8637);
#7118=LINE('',#16813,#8638);
#7119=LINE('',#16815,#8639);
#7120=LINE('',#16817,#8640);
#7121=LINE('',#16819,#8641);
#7122=LINE('',#16820,#8642);
#7123=LINE('',#16823,#8643);
#7124=LINE('',#16826,#8644);
#7125=LINE('',#16828,#8645);
#7126=LINE('',#16830,#8646);
#7127=LINE('',#16832,#8647);
#7128=LINE('',#16834,#8648);
#7129=LINE('',#16836,#8649);
#7130=LINE('',#16838,#8650);
#7131=LINE('',#16840,#8651);
#7132=LINE('',#16844,#8652);
#7133=LINE('',#16849,#8653);
#7134=LINE('',#16853,#8654);
#7135=LINE('',#16858,#8655);
#7136=LINE('',#16862,#8656);
#7137=LINE('',#16867,#8657);
#7138=LINE('',#16871,#8658);
#7139=LINE('',#16876,#8659);
#7140=LINE('',#16880,#8660);
#7141=LINE('',#16885,#8661);
#7142=LINE('',#16889,#8662);
#7143=LINE('',#16894,#8663);
#7144=LINE('',#16898,#8664);
#7145=LINE('',#16903,#8665);
#7146=LINE('',#16907,#8666);
#7147=LINE('',#16912,#8667);
#7148=LINE('',#16916,#8668);
#7149=LINE('',#16921,#8669);
#7150=LINE('',#16928,#8670);
#7151=LINE('',#16932,#8671);
#7152=LINE('',#16937,#8672);
#7153=LINE('',#16941,#8673);
#7154=LINE('',#16946,#8674);
#7155=LINE('',#16950,#8675);
#7156=LINE('',#16955,#8676);
#7157=LINE('',#16959,#8677);
#7158=LINE('',#16964,#8678);
#7159=LINE('',#16968,#8679);
#7160=LINE('',#16973,#8680);
#7161=LINE('',#16977,#8681);
#7162=LINE('',#16982,#8682);
#7163=LINE('',#16986,#8683);
#7164=LINE('',#16991,#8684);
#7165=LINE('',#16995,#8685);
#7166=LINE('',#17000,#8686);
#7167=LINE('',#17004,#8687);
#7168=LINE('',#17006,#8688);
#7169=LINE('',#17009,#8689);
#7170=LINE('',#17010,#8690);
#7171=LINE('',#17012,#8691);
#7172=LINE('',#17015,#8692);
#7173=LINE('',#17016,#8693);
#7174=LINE('',#17018,#8694);
#7175=LINE('',#17021,#8695);
#7176=LINE('',#17022,#8696);
#7177=LINE('',#17024,#8697);
#7178=LINE('',#17027,#8698);
#7179=LINE('',#17028,#8699);
#7180=LINE('',#17030,#8700);
#7181=LINE('',#17033,#8701);
#7182=LINE('',#17034,#8702);
#7183=LINE('',#17036,#8703);
#7184=LINE('',#17039,#8704);
#7185=LINE('',#17040,#8705);
#7186=LINE('',#17042,#8706);
#7187=LINE('',#17045,#8707);
#7188=LINE('',#17046,#8708);
#7189=LINE('',#17048,#8709);
#7190=LINE('',#17051,#8710);
#7191=LINE('',#17052,#8711);
#7192=LINE('',#17054,#8712);
#7193=LINE('',#17057,#8713);
#7194=LINE('',#17058,#8714);
#7195=LINE('',#17064,#8715);
#7196=LINE('',#17070,#8716);
#7197=LINE('',#17076,#8717);
#7198=LINE('',#17082,#8718);
#7199=LINE('',#17088,#8719);
#7200=LINE('',#17094,#8720);
#7201=LINE('',#17100,#8721);
#7202=LINE('',#17106,#8722);
#7203=LINE('',#17112,#8723);
#7204=LINE('',#17114,#8724);
#7205=LINE('',#17117,#8725);
#7206=LINE('',#17118,#8726);
#7207=LINE('',#17120,#8727);
#7208=LINE('',#17123,#8728);
#7209=LINE('',#17124,#8729);
#7210=LINE('',#17126,#8730);
#7211=LINE('',#17129,#8731);
#7212=LINE('',#17130,#8732);
#7213=LINE('',#17132,#8733);
#7214=LINE('',#17135,#8734);
#7215=LINE('',#17136,#8735);
#7216=LINE('',#17138,#8736);
#7217=LINE('',#17141,#8737);
#7218=LINE('',#17142,#8738);
#7219=LINE('',#17144,#8739);
#7220=LINE('',#17147,#8740);
#7221=LINE('',#17148,#8741);
#7222=LINE('',#17150,#8742);
#7223=LINE('',#17153,#8743);
#7224=LINE('',#17154,#8744);
#7225=LINE('',#17156,#8745);
#7226=LINE('',#17159,#8746);
#7227=LINE('',#17160,#8747);
#7228=LINE('',#17162,#8748);
#7229=LINE('',#17165,#8749);
#7230=LINE('',#17166,#8750);
#7231=LINE('',#17171,#8751);
#7232=LINE('',#17175,#8752);
#7233=LINE('',#17181,#8753);
#7234=LINE('',#17187,#8754);
#7235=LINE('',#17193,#8755);
#7236=LINE('',#17199,#8756);
#7237=LINE('',#17205,#8757);
#7238=LINE('',#17211,#8758);
#7239=LINE('',#17217,#8759);
#7240=LINE('',#17223,#8760);
#7241=LINE('',#17225,#8761);
#7242=LINE('',#17228,#8762);
#7243=LINE('',#17229,#8763);
#7244=LINE('',#17231,#8764);
#7245=LINE('',#17234,#8765);
#7246=LINE('',#17235,#8766);
#7247=LINE('',#17237,#8767);
#7248=LINE('',#17240,#8768);
#7249=LINE('',#17241,#8769);
#7250=LINE('',#17243,#8770);
#7251=LINE('',#17246,#8771);
#7252=LINE('',#17247,#8772);
#7253=LINE('',#17249,#8773);
#7254=LINE('',#17252,#8774);
#7255=LINE('',#17253,#8775);
#7256=LINE('',#17255,#8776);
#7257=LINE('',#17258,#8777);
#7258=LINE('',#17259,#8778);
#7259=LINE('',#17261,#8779);
#7260=LINE('',#17264,#8780);
#7261=LINE('',#17265,#8781);
#7262=LINE('',#17267,#8782);
#7263=LINE('',#17270,#8783);
#7264=LINE('',#17271,#8784);
#7265=LINE('',#17273,#8785);
#7266=LINE('',#17276,#8786);
#7267=LINE('',#17278,#8787);
#7268=LINE('',#17280,#8788);
#7269=LINE('',#17282,#8789);
#7270=LINE('',#17285,#8790);
#7271=LINE('',#17286,#8791);
#7272=LINE('',#17288,#8792);
#7273=LINE('',#17291,#8793);
#7274=LINE('',#17292,#8794);
#7275=LINE('',#17294,#8795);
#7276=LINE('',#17297,#8796);
#7277=LINE('',#17298,#8797);
#7278=LINE('',#17300,#8798);
#7279=LINE('',#17303,#8799);
#7280=LINE('',#17304,#8800);
#7281=LINE('',#17306,#8801);
#7282=LINE('',#17309,#8802);
#7283=LINE('',#17310,#8803);
#7284=LINE('',#17312,#8804);
#7285=LINE('',#17315,#8805);
#7286=LINE('',#17316,#8806);
#7287=LINE('',#17318,#8807);
#7288=LINE('',#17321,#8808);
#7289=LINE('',#17322,#8809);
#7290=LINE('',#17324,#8810);
#7291=LINE('',#17327,#8811);
#7292=LINE('',#17328,#8812);
#7293=LINE('',#17330,#8813);
#7294=LINE('',#17333,#8814);
#7295=LINE('',#17334,#8815);
#7296=LINE('',#17336,#8816);
#7297=LINE('',#17339,#8817);
#7298=LINE('',#17340,#8818);
#7299=LINE('',#17342,#8819);
#7300=LINE('',#17345,#8820);
#7301=LINE('',#17346,#8821);
#7302=LINE('',#17348,#8822);
#7303=LINE('',#17351,#8823);
#7304=LINE('',#17352,#8824);
#7305=LINE('',#17354,#8825);
#7306=LINE('',#17357,#8826);
#7307=LINE('',#17358,#8827);
#7308=LINE('',#17360,#8828);
#7309=LINE('',#17363,#8829);
#7310=LINE('',#17364,#8830);
#7311=LINE('',#17366,#8831);
#7312=LINE('',#17369,#8832);
#7313=LINE('',#17370,#8833);
#7314=LINE('',#17372,#8834);
#7315=LINE('',#17375,#8835);
#7316=LINE('',#17376,#8836);
#7317=LINE('',#17378,#8837);
#7318=LINE('',#17381,#8838);
#7319=LINE('',#17382,#8839);
#7320=LINE('',#17384,#8840);
#7321=LINE('',#17387,#8841);
#7322=LINE('',#17388,#8842);
#7323=LINE('',#17394,#8843);
#7324=LINE('',#17400,#8844);
#7325=LINE('',#17406,#8845);
#7326=LINE('',#17412,#8846);
#7327=LINE('',#17418,#8847);
#7328=LINE('',#17424,#8848);
#7329=LINE('',#17430,#8849);
#7330=LINE('',#17436,#8850);
#7331=LINE('',#17442,#8851);
#7332=LINE('',#17444,#8852);
#7333=LINE('',#17447,#8853);
#7334=LINE('',#17448,#8854);
#7335=LINE('',#17450,#8855);
#7336=LINE('',#17453,#8856);
#7337=LINE('',#17454,#8857);
#7338=LINE('',#17456,#8858);
#7339=LINE('',#17459,#8859);
#7340=LINE('',#17460,#8860);
#7341=LINE('',#17462,#8861);
#7342=LINE('',#17465,#8862);
#7343=LINE('',#17466,#8863);
#7344=LINE('',#17468,#8864);
#7345=LINE('',#17471,#8865);
#7346=LINE('',#17472,#8866);
#7347=LINE('',#17474,#8867);
#7348=LINE('',#17477,#8868);
#7349=LINE('',#17478,#8869);
#7350=LINE('',#17480,#8870);
#7351=LINE('',#17483,#8871);
#7352=LINE('',#17484,#8872);
#7353=LINE('',#17486,#8873);
#7354=LINE('',#17489,#8874);
#7355=LINE('',#17490,#8875);
#7356=LINE('',#17492,#8876);
#7357=LINE('',#17495,#8877);
#7358=LINE('',#17496,#8878);
#7359=LINE('',#17498,#8879);
#7360=LINE('',#17504,#8880);
#7361=LINE('',#17510,#8881);
#7362=LINE('',#17516,#8882);
#7363=LINE('',#17522,#8883);
#7364=LINE('',#17528,#8884);
#7365=LINE('',#17534,#8885);
#7366=LINE('',#17540,#8886);
#7367=LINE('',#17546,#8887);
#7368=LINE('',#17552,#8888);
#7369=LINE('',#17553,#8889);
#7370=LINE('',#17555,#8890);
#7371=LINE('',#17556,#8891);
#7372=LINE('',#17558,#8892);
#7373=LINE('',#17559,#8893);
#7374=LINE('',#17561,#8894);
#7375=LINE('',#17562,#8895);
#7376=LINE('',#17564,#8896);
#7377=LINE('',#17565,#8897);
#7378=LINE('',#17567,#8898);
#7379=LINE('',#17568,#8899);
#7380=LINE('',#17570,#8900);
#7381=LINE('',#17571,#8901);
#7382=LINE('',#17573,#8902);
#7383=LINE('',#17574,#8903);
#7384=LINE('',#17576,#8904);
#7385=LINE('',#17577,#8905);
#7386=LINE('',#17582,#8906);
#7387=LINE('',#17586,#8907);
#7388=LINE('',#17590,#8908);
#7389=LINE('',#17592,#8909);
#7390=LINE('',#17594,#8910);
#7391=LINE('',#17598,#8911);
#7392=LINE('',#17603,#8912);
#7393=LINE('',#17607,#8913);
#7394=LINE('',#17611,#8914);
#7395=LINE('',#17613,#8915);
#7396=LINE('',#17615,#8916);
#7397=LINE('',#17619,#8917);
#7398=LINE('',#17624,#8918);
#7399=LINE('',#17628,#8919);
#7400=LINE('',#17632,#8920);
#7401=LINE('',#17634,#8921);
#7402=LINE('',#17636,#8922);
#7403=LINE('',#17640,#8923);
#7404=LINE('',#17645,#8924);
#7405=LINE('',#17649,#8925);
#7406=LINE('',#17653,#8926);
#7407=LINE('',#17655,#8927);
#7408=LINE('',#17657,#8928);
#7409=LINE('',#17661,#8929);
#7410=LINE('',#17666,#8930);
#7411=LINE('',#17670,#8931);
#7412=LINE('',#17674,#8932);
#7413=LINE('',#17676,#8933);
#7414=LINE('',#17678,#8934);
#7415=LINE('',#17682,#8935);
#7416=LINE('',#17687,#8936);
#7417=LINE('',#17691,#8937);
#7418=LINE('',#17695,#8938);
#7419=LINE('',#17697,#8939);
#7420=LINE('',#17699,#8940);
#7421=LINE('',#17703,#8941);
#7422=LINE('',#17708,#8942);
#7423=LINE('',#17712,#8943);
#7424=LINE('',#17716,#8944);
#7425=LINE('',#17718,#8945);
#7426=LINE('',#17720,#8946);
#7427=LINE('',#17724,#8947);
#7428=LINE('',#17729,#8948);
#7429=LINE('',#17733,#8949);
#7430=LINE('',#17737,#8950);
#7431=LINE('',#17739,#8951);
#7432=LINE('',#17741,#8952);
#7433=LINE('',#17745,#8953);
#7434=LINE('',#17750,#8954);
#7435=LINE('',#17754,#8955);
#7436=LINE('',#17758,#8956);
#7437=LINE('',#17760,#8957);
#7438=LINE('',#17762,#8958);
#7439=LINE('',#17766,#8959);
#7440=LINE('',#17771,#8960);
#7441=LINE('',#17775,#8961);
#7442=LINE('',#17779,#8962);
#7443=LINE('',#17781,#8963);
#7444=LINE('',#17783,#8964);
#7445=LINE('',#17787,#8965);
#7446=LINE('',#17792,#8966);
#7447=LINE('',#17796,#8967);
#7448=LINE('',#17800,#8968);
#7449=LINE('',#17802,#8969);
#7450=LINE('',#17804,#8970);
#7451=LINE('',#17808,#8971);
#7452=LINE('',#17813,#8972);
#7453=LINE('',#17817,#8973);
#7454=LINE('',#17821,#8974);
#7455=LINE('',#17823,#8975);
#7456=LINE('',#17825,#8976);
#7457=LINE('',#17829,#8977);
#7458=LINE('',#17834,#8978);
#7459=LINE('',#17838,#8979);
#7460=LINE('',#17842,#8980);
#7461=LINE('',#17844,#8981);
#7462=LINE('',#17846,#8982);
#7463=LINE('',#17850,#8983);
#7464=LINE('',#17855,#8984);
#7465=LINE('',#17859,#8985);
#7466=LINE('',#17863,#8986);
#7467=LINE('',#17865,#8987);
#7468=LINE('',#17867,#8988);
#7469=LINE('',#17871,#8989);
#7470=LINE('',#17876,#8990);
#7471=LINE('',#17880,#8991);
#7472=LINE('',#17884,#8992);
#7473=LINE('',#17886,#8993);
#7474=LINE('',#17888,#8994);
#7475=LINE('',#17892,#8995);
#7476=LINE('',#17897,#8996);
#7477=LINE('',#17901,#8997);
#7478=LINE('',#17905,#8998);
#7479=LINE('',#17907,#8999);
#7480=LINE('',#17909,#9000);
#7481=LINE('',#17913,#9001);
#7482=LINE('',#17918,#9002);
#7483=LINE('',#17922,#9003);
#7484=LINE('',#17926,#9004);
#7485=LINE('',#17928,#9005);
#7486=LINE('',#17930,#9006);
#7487=LINE('',#17934,#9007);
#7488=LINE('',#17939,#9008);
#7489=LINE('',#17943,#9009);
#7490=LINE('',#17947,#9010);
#7491=LINE('',#17949,#9011);
#7492=LINE('',#17951,#9012);
#7493=LINE('',#17955,#9013);
#7494=LINE('',#17960,#9014);
#7495=LINE('',#17964,#9015);
#7496=LINE('',#17968,#9016);
#7497=LINE('',#17970,#9017);
#7498=LINE('',#17972,#9018);
#7499=LINE('',#17976,#9019);
#7500=LINE('',#17981,#9020);
#7501=LINE('',#17985,#9021);
#7502=LINE('',#17989,#9022);
#7503=LINE('',#17991,#9023);
#7504=LINE('',#17993,#9024);
#7505=LINE('',#17997,#9025);
#7506=LINE('',#17999,#9026);
#7507=LINE('',#18002,#9027);
#7508=LINE('',#18006,#9028);
#7509=LINE('',#18009,#9029);
#7510=LINE('',#18013,#9030);
#7511=LINE('',#18016,#9031);
#7512=LINE('',#18020,#9032);
#7513=LINE('',#18023,#9033);
#7514=LINE('',#18027,#9034);
#7515=LINE('',#18030,#9035);
#7516=LINE('',#18034,#9036);
#7517=LINE('',#18037,#9037);
#7518=LINE('',#18041,#9038);
#7519=LINE('',#18044,#9039);
#7520=LINE('',#18048,#9040);
#7521=LINE('',#18051,#9041);
#7522=LINE('',#18055,#9042);
#7523=LINE('',#18058,#9043);
#7524=LINE('',#18062,#9044);
#7525=LINE('',#18065,#9045);
#7526=LINE('',#18069,#9046);
#7527=LINE('',#18072,#9047);
#7528=LINE('',#18073,#9048);
#7529=LINE('',#18075,#9049);
#7530=LINE('',#18078,#9050);
#7531=LINE('',#18079,#9051);
#7532=LINE('',#18081,#9052);
#7533=LINE('',#18084,#9053);
#7534=LINE('',#18085,#9054);
#7535=LINE('',#18087,#9055);
#7536=LINE('',#18090,#9056);
#7537=LINE('',#18091,#9057);
#7538=LINE('',#18093,#9058);
#7539=LINE('',#18096,#9059);
#7540=LINE('',#18097,#9060);
#7541=LINE('',#18099,#9061);
#7542=LINE('',#18102,#9062);
#7543=LINE('',#18103,#9063);
#7544=LINE('',#18105,#9064);
#7545=LINE('',#18108,#9065);
#7546=LINE('',#18109,#9066);
#7547=LINE('',#18111,#9067);
#7548=LINE('',#18114,#9068);
#7549=LINE('',#18115,#9069);
#7550=LINE('',#18117,#9070);
#7551=LINE('',#18120,#9071);
#7552=LINE('',#18121,#9072);
#7553=LINE('',#18123,#9073);
#7554=LINE('',#18126,#9074);
#7555=LINE('',#18127,#9075);
#7556=LINE('',#18131,#9076);
#7557=LINE('',#18135,#9077);
#7558=LINE('',#18139,#9078);
#7559=LINE('',#18143,#9079);
#7560=LINE('',#18147,#9080);
#7561=LINE('',#18151,#9081);
#7562=LINE('',#18155,#9082);
#7563=LINE('',#18159,#9083);
#7564=LINE('',#18163,#9084);
#7565=LINE('',#18167,#9085);
#7566=LINE('',#18169,#9086);
#7567=LINE('',#18171,#9087);
#7568=LINE('',#18173,#9088);
#7569=LINE('',#18175,#9089);
#7570=LINE('',#18177,#9090);
#7571=LINE('',#18179,#9091);
#7572=LINE('',#18181,#9092);
#7573=LINE('',#18183,#9093);
#7574=LINE('',#18185,#9094);
#7575=LINE('',#18187,#9095);
#7576=LINE('',#18189,#9096);
#7577=LINE('',#18191,#9097);
#7578=LINE('',#18193,#9098);
#7579=LINE('',#18195,#9099);
#7580=LINE('',#18197,#9100);
#7581=LINE('',#18199,#9101);
#7582=LINE('',#18201,#9102);
#7583=LINE('',#18203,#9103);
#7584=LINE('',#18205,#9104);
#7585=LINE('',#18207,#9105);
#7586=LINE('',#18209,#9106);
#7587=LINE('',#18211,#9107);
#7588=LINE('',#18213,#9108);
#7589=LINE('',#18215,#9109);
#7590=LINE('',#18217,#9110);
#7591=LINE('',#18219,#9111);
#7592=LINE('',#18221,#9112);
#7593=LINE('',#18223,#9113);
#7594=LINE('',#18225,#9114);
#7595=LINE('',#18227,#9115);
#7596=LINE('',#18229,#9116);
#7597=LINE('',#18231,#9117);
#7598=LINE('',#18233,#9118);
#7599=LINE('',#18235,#9119);
#7600=LINE('',#18237,#9120);
#7601=LINE('',#18239,#9121);
#7602=LINE('',#18241,#9122);
#7603=LINE('',#18242,#9123);
#7604=LINE('',#18244,#9124);
#7605=LINE('',#18246,#9125);
#7606=LINE('',#18248,#9126);
#7607=LINE('',#18250,#9127);
#7608=LINE('',#18252,#9128);
#7609=LINE('',#18254,#9129);
#7610=LINE('',#18255,#9130);
#7611=LINE('',#18257,#9131);
#7612=LINE('',#18259,#9132);
#7613=LINE('',#18261,#9133);
#7614=LINE('',#18263,#9134);
#7615=LINE('',#18265,#9135);
#7616=LINE('',#18267,#9136);
#7617=LINE('',#18268,#9137);
#7618=LINE('',#18270,#9138);
#7619=LINE('',#18272,#9139);
#7620=LINE('',#18274,#9140);
#7621=LINE('',#18276,#9141);
#7622=LINE('',#18278,#9142);
#7623=LINE('',#18280,#9143);
#7624=LINE('',#18281,#9144);
#7625=LINE('',#18283,#9145);
#7626=LINE('',#18285,#9146);
#7627=LINE('',#18287,#9147);
#7628=LINE('',#18289,#9148);
#7629=LINE('',#18291,#9149);
#7630=LINE('',#18293,#9150);
#7631=LINE('',#18294,#9151);
#7632=LINE('',#18296,#9152);
#7633=LINE('',#18298,#9153);
#7634=LINE('',#18300,#9154);
#7635=LINE('',#18302,#9155);
#7636=LINE('',#18304,#9156);
#7637=LINE('',#18306,#9157);
#7638=LINE('',#18307,#9158);
#7639=LINE('',#18309,#9159);
#7640=LINE('',#18311,#9160);
#7641=LINE('',#18313,#9161);
#7642=LINE('',#18315,#9162);
#7643=LINE('',#18317,#9163);
#7644=LINE('',#18319,#9164);
#7645=LINE('',#18320,#9165);
#7646=LINE('',#18322,#9166);
#7647=LINE('',#18324,#9167);
#7648=LINE('',#18326,#9168);
#7649=LINE('',#18328,#9169);
#7650=LINE('',#18330,#9170);
#7651=LINE('',#18332,#9171);
#7652=LINE('',#18333,#9172);
#7653=LINE('',#18335,#9173);
#7654=LINE('',#18337,#9174);
#7655=LINE('',#18339,#9175);
#7656=LINE('',#18341,#9176);
#7657=LINE('',#18343,#9177);
#7658=LINE('',#18345,#9178);
#7659=LINE('',#18346,#9179);
#7660=LINE('',#18348,#9180);
#7661=LINE('',#18350,#9181);
#7662=LINE('',#18352,#9182);
#7663=LINE('',#18354,#9183);
#7664=LINE('',#18355,#9184);
#7665=LINE('',#18357,#9185);
#7666=LINE('',#18359,#9186);
#7667=LINE('',#18361,#9187);
#7668=LINE('',#18363,#9188);
#7669=LINE('',#18365,#9189);
#7670=LINE('',#18367,#9190);
#7671=LINE('',#18368,#9191);
#7672=LINE('',#18370,#9192);
#7673=LINE('',#18372,#9193);
#7674=LINE('',#18374,#9194);
#7675=LINE('',#18376,#9195);
#7676=LINE('',#18378,#9196);
#7677=LINE('',#18380,#9197);
#7678=LINE('',#18381,#9198);
#7679=LINE('',#18383,#9199);
#7680=LINE('',#18385,#9200);
#7681=LINE('',#18387,#9201);
#7682=LINE('',#18389,#9202);
#7683=LINE('',#18391,#9203);
#7684=LINE('',#18393,#9204);
#7685=LINE('',#18394,#9205);
#7686=LINE('',#18396,#9206);
#7687=LINE('',#18398,#9207);
#7688=LINE('',#18400,#9208);
#7689=LINE('',#18402,#9209);
#7690=LINE('',#18404,#9210);
#7691=LINE('',#18406,#9211);
#7692=LINE('',#18407,#9212);
#7693=LINE('',#18409,#9213);
#7694=LINE('',#18411,#9214);
#7695=LINE('',#18413,#9215);
#7696=LINE('',#18415,#9216);
#7697=LINE('',#18417,#9217);
#7698=LINE('',#18419,#9218);
#7699=LINE('',#18420,#9219);
#7700=LINE('',#18422,#9220);
#7701=LINE('',#18424,#9221);
#7702=LINE('',#18426,#9222);
#7703=LINE('',#18428,#9223);
#7704=LINE('',#18430,#9224);
#7705=LINE('',#18432,#9225);
#7706=LINE('',#18433,#9226);
#7707=LINE('',#18435,#9227);
#7708=LINE('',#18437,#9228);
#7709=LINE('',#18439,#9229);
#7710=LINE('',#18441,#9230);
#7711=LINE('',#18443,#9231);
#7712=LINE('',#18445,#9232);
#7713=LINE('',#18446,#9233);
#7714=LINE('',#18448,#9234);
#7715=LINE('',#18450,#9235);
#7716=LINE('',#18452,#9236);
#7717=LINE('',#18454,#9237);
#7718=LINE('',#18456,#9238);
#7719=LINE('',#18458,#9239);
#7720=LINE('',#18459,#9240);
#7721=LINE('',#18461,#9241);
#7722=LINE('',#18463,#9242);
#7723=LINE('',#18465,#9243);
#7724=LINE('',#18467,#9244);
#7725=LINE('',#18469,#9245);
#7726=LINE('',#18471,#9246);
#7727=LINE('',#18473,#9247);
#7728=LINE('',#18475,#9248);
#7729=LINE('',#18477,#9249);
#7730=LINE('',#18479,#9250);
#7731=LINE('',#18481,#9251);
#7732=LINE('',#18483,#9252);
#7733=LINE('',#18485,#9253);
#7734=LINE('',#18494,#9254);
#7735=LINE('',#18498,#9255);
#7736=LINE('',#18500,#9256);
#7737=LINE('',#18502,#9257);
#7738=LINE('',#18504,#9258);
#7739=LINE('',#18506,#9259);
#7740=LINE('',#18508,#9260);
#7741=LINE('',#18510,#9261);
#7742=LINE('',#18512,#9262);
#7743=LINE('',#18514,#9263);
#7744=LINE('',#18516,#9264);
#7745=LINE('',#18518,#9265);
#7746=LINE('',#18520,#9266);
#7747=LINE('',#18522,#9267);
#7748=LINE('',#18524,#9268);
#7749=LINE('',#18526,#9269);
#7750=LINE('',#18528,#9270);
#7751=LINE('',#18530,#9271);
#7752=LINE('',#18532,#9272);
#7753=LINE('',#18534,#9273);
#7754=LINE('',#18536,#9274);
#7755=LINE('',#18538,#9275);
#7756=LINE('',#18540,#9276);
#7757=LINE('',#18542,#9277);
#7758=LINE('',#18544,#9278);
#7759=LINE('',#18546,#9279);
#7760=LINE('',#18548,#9280);
#7761=LINE('',#18550,#9281);
#7762=LINE('',#18552,#9282);
#7763=LINE('',#18554,#9283);
#7764=LINE('',#18556,#9284);
#7765=LINE('',#18558,#9285);
#7766=LINE('',#18560,#9286);
#7767=LINE('',#18562,#9287);
#7768=LINE('',#18564,#9288);
#7769=LINE('',#18566,#9289);
#7770=LINE('',#18568,#9290);
#7771=LINE('',#18570,#9291);
#7772=LINE('',#18572,#9292);
#7773=LINE('',#18574,#9293);
#7774=LINE('',#18576,#9294);
#7775=LINE('',#18578,#9295);
#7776=LINE('',#18580,#9296);
#7777=LINE('',#18582,#9297);
#7778=LINE('',#18584,#9298);
#7779=LINE('',#18586,#9299);
#7780=LINE('',#18588,#9300);
#7781=LINE('',#18590,#9301);
#7782=LINE('',#18592,#9302);
#7783=LINE('',#18594,#9303);
#7784=LINE('',#18596,#9304);
#7785=LINE('',#18598,#9305);
#7786=LINE('',#18600,#9306);
#7787=LINE('',#18602,#9307);
#7788=LINE('',#18604,#9308);
#7789=LINE('',#18606,#9309);
#7790=LINE('',#18608,#9310);
#7791=LINE('',#18610,#9311);
#7792=LINE('',#18612,#9312);
#7793=LINE('',#18614,#9313);
#7794=LINE('',#18616,#9314);
#7795=LINE('',#18618,#9315);
#7796=LINE('',#18620,#9316);
#7797=LINE('',#18622,#9317);
#7798=LINE('',#18624,#9318);
#7799=LINE('',#18626,#9319);
#7800=LINE('',#18628,#9320);
#7801=LINE('',#18630,#9321);
#7802=LINE('',#18632,#9322);
#7803=LINE('',#18634,#9323);
#7804=LINE('',#18636,#9324);
#7805=LINE('',#18638,#9325);
#7806=LINE('',#18640,#9326);
#7807=LINE('',#18642,#9327);
#7808=LINE('',#18644,#9328);
#7809=LINE('',#18646,#9329);
#7810=LINE('',#18648,#9330);
#7811=LINE('',#18650,#9331);
#7812=LINE('',#18652,#9332);
#7813=LINE('',#18654,#9333);
#7814=LINE('',#18656,#9334);
#7815=LINE('',#18658,#9335);
#7816=LINE('',#18660,#9336);
#7817=LINE('',#18662,#9337);
#7818=LINE('',#18664,#9338);
#7819=LINE('',#18665,#9339);
#7820=LINE('',#18667,#9340);
#7821=LINE('',#18669,#9341);
#7822=LINE('',#18671,#9342);
#7823=LINE('',#18673,#9343);
#7824=LINE('',#18675,#9344);
#7825=LINE('',#18677,#9345);
#7826=LINE('',#18678,#9346);
#7827=LINE('',#18680,#9347);
#7828=LINE('',#18682,#9348);
#7829=LINE('',#18684,#9349);
#7830=LINE('',#18686,#9350);
#7831=LINE('',#18688,#9351);
#7832=LINE('',#18690,#9352);
#7833=LINE('',#18691,#9353);
#7834=LINE('',#18693,#9354);
#7835=LINE('',#18695,#9355);
#7836=LINE('',#18697,#9356);
#7837=LINE('',#18699,#9357);
#7838=LINE('',#18701,#9358);
#7839=LINE('',#18703,#9359);
#7840=LINE('',#18704,#9360);
#7841=LINE('',#18706,#9361);
#7842=LINE('',#18708,#9362);
#7843=LINE('',#18710,#9363);
#7844=LINE('',#18712,#9364);
#7845=LINE('',#18714,#9365);
#7846=LINE('',#18716,#9366);
#7847=LINE('',#18717,#9367);
#7848=LINE('',#18719,#9368);
#7849=LINE('',#18721,#9369);
#7850=LINE('',#18723,#9370);
#7851=LINE('',#18725,#9371);
#7852=LINE('',#18727,#9372);
#7853=LINE('',#18729,#9373);
#7854=LINE('',#18730,#9374);
#7855=LINE('',#18732,#9375);
#7856=LINE('',#18734,#9376);
#7857=LINE('',#18736,#9377);
#7858=LINE('',#18738,#9378);
#7859=LINE('',#18740,#9379);
#7860=LINE('',#18742,#9380);
#7861=LINE('',#18743,#9381);
#7862=LINE('',#18745,#9382);
#7863=LINE('',#18747,#9383);
#7864=LINE('',#18749,#9384);
#7865=LINE('',#18751,#9385);
#7866=LINE('',#18753,#9386);
#7867=LINE('',#18755,#9387);
#7868=LINE('',#18756,#9388);
#7869=LINE('',#18758,#9389);
#7870=LINE('',#18760,#9390);
#7871=LINE('',#18762,#9391);
#7872=LINE('',#18764,#9392);
#7873=LINE('',#18766,#9393);
#7874=LINE('',#18768,#9394);
#7875=LINE('',#18769,#9395);
#7876=LINE('',#18771,#9396);
#7877=LINE('',#18773,#9397);
#7878=LINE('',#18775,#9398);
#7879=LINE('',#18777,#9399);
#7880=LINE('',#18779,#9400);
#7881=LINE('',#18781,#9401);
#7882=LINE('',#18785,#9402);
#7883=LINE('',#18789,#9403);
#7884=LINE('',#18793,#9404);
#7885=LINE('',#18797,#9405);
#7886=LINE('',#18801,#9406);
#7887=LINE('',#18805,#9407);
#7888=LINE('',#18809,#9408);
#7889=LINE('',#18813,#9409);
#7890=LINE('',#18817,#9410);
#7891=LINE('',#18821,#9411);
#7892=LINE('',#18823,#9412);
#7893=LINE('',#18825,#9413);
#7894=LINE('',#18827,#9414);
#7895=LINE('',#18829,#9415);
#7896=LINE('',#18831,#9416);
#7897=LINE('',#18833,#9417);
#7898=LINE('',#18835,#9418);
#7899=LINE('',#18837,#9419);
#7900=LINE('',#18839,#9420);
#7901=LINE('',#18841,#9421);
#7902=LINE('',#18853,#9422);
#7903=LINE('',#18856,#9423);
#7904=LINE('',#18857,#9424);
#7905=LINE('',#18863,#9425);
#7906=LINE('',#18865,#9426);
#7907=LINE('',#18866,#9427);
#7908=LINE('',#18871,#9428);
#7909=LINE('',#18874,#9429);
#7910=LINE('',#18875,#9430);
#7911=LINE('',#18877,#9431);
#7912=LINE('',#18880,#9432);
#7913=LINE('',#18881,#9433);
#7914=LINE('',#18883,#9434);
#7915=LINE('',#18886,#9435);
#7916=LINE('',#18887,#9436);
#7917=LINE('',#18893,#9437);
#7918=LINE('',#18895,#9438);
#7919=LINE('',#18898,#9439);
#7920=LINE('',#18899,#9440);
#7921=LINE('',#18901,#9441);
#7922=LINE('',#18907,#9442);
#7923=LINE('',#18908,#9443);
#7924=LINE('',#18910,#9444);
#7925=LINE('',#18913,#9445);
#7926=LINE('',#18916,#9446);
#7927=LINE('',#18918,#9447);
#7928=LINE('',#18922,#9448);
#7929=LINE('',#18924,#9449);
#7930=LINE('',#18928,#9450);
#7931=LINE('',#18930,#9451);
#7932=LINE('',#18934,#9452);
#7933=LINE('',#18936,#9453);
#7934=LINE('',#18940,#9454);
#7935=LINE('',#18942,#9455);
#7936=LINE('',#18946,#9456);
#7937=LINE('',#18948,#9457);
#7938=LINE('',#18952,#9458);
#7939=LINE('',#18954,#9459);
#7940=LINE('',#18958,#9460);
#7941=LINE('',#18960,#9461);
#7942=LINE('',#18966,#9462);
#7943=LINE('',#18968,#9463);
#7944=LINE('',#18970,#9464);
#7945=LINE('',#18971,#9465);
#7946=LINE('',#18973,#9466);
#7947=LINE('',#18975,#9467);
#7948=LINE('',#18977,#9468);
#7949=LINE('',#18979,#9469);
#7950=LINE('',#18981,#9470);
#7951=LINE('',#18983,#9471);
#7952=LINE('',#18985,#9472);
#7953=LINE('',#18987,#9473);
#7954=LINE('',#18992,#9474);
#7955=LINE('',#18993,#9475);
#7956=LINE('',#18995,#9476);
#7957=LINE('',#18997,#9477);
#7958=LINE('',#18999,#9478);
#7959=LINE('',#19001,#9479);
#7960=LINE('',#19003,#9480);
#7961=LINE('',#19005,#9481);
#7962=LINE('',#19007,#9482);
#7963=LINE('',#19009,#9483);
#7964=LINE('',#19014,#9484);
#7965=LINE('',#19015,#9485);
#7966=LINE('',#19017,#9486);
#7967=LINE('',#19019,#9487);
#7968=LINE('',#19021,#9488);
#7969=LINE('',#19023,#9489);
#7970=LINE('',#19025,#9490);
#7971=LINE('',#19027,#9491);
#7972=LINE('',#19029,#9492);
#7973=LINE('',#19031,#9493);
#7974=LINE('',#19036,#9494);
#7975=LINE('',#19037,#9495);
#7976=LINE('',#19039,#9496);
#7977=LINE('',#19041,#9497);
#7978=LINE('',#19043,#9498);
#7979=LINE('',#19045,#9499);
#7980=LINE('',#19047,#9500);
#7981=LINE('',#19049,#9501);
#7982=LINE('',#19051,#9502);
#7983=LINE('',#19053,#9503);
#7984=LINE('',#19058,#9504);
#7985=LINE('',#19059,#9505);
#7986=LINE('',#19061,#9506);
#7987=LINE('',#19063,#9507);
#7988=LINE('',#19065,#9508);
#7989=LINE('',#19067,#9509);
#7990=LINE('',#19069,#9510);
#7991=LINE('',#19071,#9511);
#7992=LINE('',#19073,#9512);
#7993=LINE('',#19075,#9513);
#7994=LINE('',#19080,#9514);
#7995=LINE('',#19081,#9515);
#7996=LINE('',#19083,#9516);
#7997=LINE('',#19085,#9517);
#7998=LINE('',#19087,#9518);
#7999=LINE('',#19089,#9519);
#8000=LINE('',#19091,#9520);
#8001=LINE('',#19093,#9521);
#8002=LINE('',#19095,#9522);
#8003=LINE('',#19097,#9523);
#8004=LINE('',#19102,#9524);
#8005=LINE('',#19103,#9525);
#8006=LINE('',#19105,#9526);
#8007=LINE('',#19107,#9527);
#8008=LINE('',#19109,#9528);
#8009=LINE('',#19111,#9529);
#8010=LINE('',#19113,#9530);
#8011=LINE('',#19115,#9531);
#8012=LINE('',#19117,#9532);
#8013=LINE('',#19119,#9533);
#8014=LINE('',#19124,#9534);
#8015=LINE('',#19125,#9535);
#8016=LINE('',#19127,#9536);
#8017=LINE('',#19129,#9537);
#8018=LINE('',#19131,#9538);
#8019=LINE('',#19133,#9539);
#8020=LINE('',#19135,#9540);
#8021=LINE('',#19137,#9541);
#8022=LINE('',#19139,#9542);
#8023=LINE('',#19141,#9543);
#8024=LINE('',#19146,#9544);
#8025=LINE('',#19147,#9545);
#8026=LINE('',#19149,#9546);
#8027=LINE('',#19151,#9547);
#8028=LINE('',#19153,#9548);
#8029=LINE('',#19155,#9549);
#8030=LINE('',#19157,#9550);
#8031=LINE('',#19159,#9551);
#8032=LINE('',#19161,#9552);
#8033=LINE('',#19163,#9553);
#8034=LINE('',#19168,#9554);
#8035=LINE('',#19169,#9555);
#8036=LINE('',#19171,#9556);
#8037=LINE('',#19175,#9557);
#8038=LINE('',#19177,#9558);
#8039=LINE('',#19179,#9559);
#8040=LINE('',#19183,#9560);
#8041=LINE('',#19186,#9561);
#8042=LINE('',#19188,#9562);
#8043=LINE('',#19190,#9563);
#8044=LINE('',#19194,#9564);
#8045=LINE('',#19196,#9565);
#8046=LINE('',#19198,#9566);
#8047=LINE('',#19200,#9567);
#8048=LINE('',#19202,#9568);
#8049=LINE('',#19204,#9569);
#8050=LINE('',#19206,#9570);
#8051=LINE('',#19209,#9571);
#8052=LINE('',#19211,#9572);
#8053=LINE('',#19213,#9573);
#8054=LINE('',#19217,#9574);
#8055=LINE('',#19219,#9575);
#8056=LINE('',#19221,#9576);
#8057=LINE('',#19223,#9577);
#8058=LINE('',#19225,#9578);
#8059=LINE('',#19227,#9579);
#8060=LINE('',#19229,#9580);
#8061=LINE('',#19232,#9581);
#8062=LINE('',#19234,#9582);
#8063=LINE('',#19236,#9583);
#8064=LINE('',#19240,#9584);
#8065=LINE('',#19242,#9585);
#8066=LINE('',#19244,#9586);
#8067=LINE('',#19246,#9587);
#8068=LINE('',#19248,#9588);
#8069=LINE('',#19250,#9589);
#8070=LINE('',#19252,#9590);
#8071=LINE('',#19255,#9591);
#8072=LINE('',#19257,#9592);
#8073=LINE('',#19259,#9593);
#8074=LINE('',#19263,#9594);
#8075=LINE('',#19265,#9595);
#8076=LINE('',#19267,#9596);
#8077=LINE('',#19269,#9597);
#8078=LINE('',#19271,#9598);
#8079=LINE('',#19273,#9599);
#8080=LINE('',#19275,#9600);
#8081=LINE('',#19278,#9601);
#8082=LINE('',#19280,#9602);
#8083=LINE('',#19282,#9603);
#8084=LINE('',#19286,#9604);
#8085=LINE('',#19288,#9605);
#8086=LINE('',#19290,#9606);
#8087=LINE('',#19292,#9607);
#8088=LINE('',#19294,#9608);
#8089=LINE('',#19296,#9609);
#8090=LINE('',#19298,#9610);
#8091=LINE('',#19301,#9611);
#8092=LINE('',#19303,#9612);
#8093=LINE('',#19305,#9613);
#8094=LINE('',#19309,#9614);
#8095=LINE('',#19311,#9615);
#8096=LINE('',#19313,#9616);
#8097=LINE('',#19315,#9617);
#8098=LINE('',#19317,#9618);
#8099=LINE('',#19319,#9619);
#8100=LINE('',#19321,#9620);
#8101=LINE('',#19324,#9621);
#8102=LINE('',#19326,#9622);
#8103=LINE('',#19328,#9623);
#8104=LINE('',#19332,#9624);
#8105=LINE('',#19334,#9625);
#8106=LINE('',#19336,#9626);
#8107=LINE('',#19338,#9627);
#8108=LINE('',#19340,#9628);
#8109=LINE('',#19342,#9629);
#8110=LINE('',#19344,#9630);
#8111=LINE('',#19347,#9631);
#8112=LINE('',#19349,#9632);
#8113=LINE('',#19351,#9633);
#8114=LINE('',#19355,#9634);
#8115=LINE('',#19357,#9635);
#8116=LINE('',#19359,#9636);
#8117=LINE('',#19361,#9637);
#8118=LINE('',#19363,#9638);
#8119=LINE('',#19365,#9639);
#8120=LINE('',#19367,#9640);
#8121=LINE('',#19370,#9641);
#8122=LINE('',#19372,#9642);
#8123=LINE('',#19374,#9643);
#8124=LINE('',#19378,#9644);
#8125=LINE('',#19380,#9645);
#8126=LINE('',#19382,#9646);
#8127=LINE('',#19384,#9647);
#8128=LINE('',#19386,#9648);
#8129=LINE('',#19388,#9649);
#8130=LINE('',#19390,#9650);
#8131=LINE('',#19393,#9651);
#8132=LINE('',#19395,#9652);
#8133=LINE('',#19397,#9653);
#8134=LINE('',#19401,#9654);
#8135=LINE('',#19403,#9655);
#8136=LINE('',#19405,#9656);
#8137=LINE('',#19407,#9657);
#8138=LINE('',#19409,#9658);
#8139=LINE('',#19411,#9659);
#8140=LINE('',#19413,#9660);
#8141=LINE('',#19416,#9661);
#8142=LINE('',#19418,#9662);
#8143=LINE('',#19420,#9663);
#8144=LINE('',#19422,#9664);
#8145=LINE('',#19424,#9665);
#8146=LINE('',#19426,#9666);
#8147=LINE('',#19428,#9667);
#8148=LINE('',#19430,#9668);
#8149=LINE('',#19434,#9669);
#8150=LINE('',#19436,#9670);
#8151=LINE('',#19439,#9671);
#8152=LINE('',#19441,#9672);
#8153=LINE('',#19443,#9673);
#8154=LINE('',#19445,#9674);
#8155=LINE('',#19447,#9675);
#8156=LINE('',#19449,#9676);
#8157=LINE('',#19451,#9677);
#8158=LINE('',#19453,#9678);
#8159=LINE('',#19457,#9679);
#8160=LINE('',#19459,#9680);
#8161=LINE('',#19462,#9681);
#8162=LINE('',#19464,#9682);
#8163=LINE('',#19466,#9683);
#8164=LINE('',#19468,#9684);
#8165=LINE('',#19470,#9685);
#8166=LINE('',#19472,#9686);
#8167=LINE('',#19474,#9687);
#8168=LINE('',#19476,#9688);
#8169=LINE('',#19480,#9689);
#8170=LINE('',#19482,#9690);
#8171=LINE('',#19485,#9691);
#8172=LINE('',#19487,#9692);
#8173=LINE('',#19489,#9693);
#8174=LINE('',#19491,#9694);
#8175=LINE('',#19493,#9695);
#8176=LINE('',#19495,#9696);
#8177=LINE('',#19497,#9697);
#8178=LINE('',#19499,#9698);
#8179=LINE('',#19503,#9699);
#8180=LINE('',#19505,#9700);
#8181=LINE('',#19508,#9701);
#8182=LINE('',#19510,#9702);
#8183=LINE('',#19512,#9703);
#8184=LINE('',#19514,#9704);
#8185=LINE('',#19516,#9705);
#8186=LINE('',#19518,#9706);
#8187=LINE('',#19520,#9707);
#8188=LINE('',#19522,#9708);
#8189=LINE('',#19526,#9709);
#8190=LINE('',#19528,#9710);
#8191=LINE('',#19531,#9711);
#8192=LINE('',#19533,#9712);
#8193=LINE('',#19535,#9713);
#8194=LINE('',#19537,#9714);
#8195=LINE('',#19539,#9715);
#8196=LINE('',#19541,#9716);
#8197=LINE('',#19543,#9717);
#8198=LINE('',#19545,#9718);
#8199=LINE('',#19549,#9719);
#8200=LINE('',#19551,#9720);
#8201=LINE('',#19554,#9721);
#8202=LINE('',#19556,#9722);
#8203=LINE('',#19558,#9723);
#8204=LINE('',#19560,#9724);
#8205=LINE('',#19562,#9725);
#8206=LINE('',#19564,#9726);
#8207=LINE('',#19566,#9727);
#8208=LINE('',#19568,#9728);
#8209=LINE('',#19572,#9729);
#8210=LINE('',#19574,#9730);
#8211=LINE('',#19577,#9731);
#8212=LINE('',#19579,#9732);
#8213=LINE('',#19581,#9733);
#8214=LINE('',#19583,#9734);
#8215=LINE('',#19585,#9735);
#8216=LINE('',#19587,#9736);
#8217=LINE('',#19589,#9737);
#8218=LINE('',#19591,#9738);
#8219=LINE('',#19595,#9739);
#8220=LINE('',#19597,#9740);
#8221=LINE('',#19600,#9741);
#8222=LINE('',#19602,#9742);
#8223=LINE('',#19604,#9743);
#8224=LINE('',#19606,#9744);
#8225=LINE('',#19608,#9745);
#8226=LINE('',#19610,#9746);
#8227=LINE('',#19612,#9747);
#8228=LINE('',#19614,#9748);
#8229=LINE('',#19618,#9749);
#8230=LINE('',#19620,#9750);
#8231=LINE('',#19623,#9751);
#8232=LINE('',#19625,#9752);
#8233=LINE('',#19627,#9753);
#8234=LINE('',#19629,#9754);
#8235=LINE('',#19631,#9755);
#8236=LINE('',#19633,#9756);
#8237=LINE('',#19635,#9757);
#8238=LINE('',#19637,#9758);
#8239=LINE('',#19641,#9759);
#8240=LINE('',#19643,#9760);
#8241=LINE('',#19644,#9761);
#8242=LINE('',#19646,#9762);
#8243=LINE('',#19647,#9763);
#8244=LINE('',#19649,#9764);
#8245=LINE('',#19650,#9765);
#8246=LINE('',#19652,#9766);
#8247=LINE('',#19653,#9767);
#8248=LINE('',#19655,#9768);
#8249=LINE('',#19656,#9769);
#8250=LINE('',#19658,#9770);
#8251=LINE('',#19659,#9771);
#8252=LINE('',#19661,#9772);
#8253=LINE('',#19662,#9773);
#8254=LINE('',#19664,#9774);
#8255=LINE('',#19665,#9775);
#8256=LINE('',#19667,#9776);
#8257=LINE('',#19668,#9777);
#8258=LINE('',#19670,#9778);
#8259=LINE('',#19671,#9779);
#8260=LINE('',#19673,#9780);
#8261=LINE('',#19675,#9781);
#8262=LINE('',#19677,#9782);
#8263=LINE('',#19679,#9783);
#8264=LINE('',#19681,#9784);
#8265=LINE('',#19683,#9785);
#8266=LINE('',#19685,#9786);
#8267=LINE('',#19687,#9787);
#8268=LINE('',#19689,#9788);
#8269=LINE('',#19690,#9789);
#8270=LINE('',#19692,#9790);
#8271=LINE('',#19694,#9791);
#8272=LINE('',#19696,#9792);
#8273=LINE('',#19698,#9793);
#8274=LINE('',#19700,#9794);
#8275=LINE('',#19702,#9795);
#8276=LINE('',#19704,#9796);
#8277=LINE('',#19706,#9797);
#8278=LINE('',#19708,#9798);
#8279=LINE('',#19709,#9799);
#8280=LINE('',#19711,#9800);
#8281=LINE('',#19713,#9801);
#8282=LINE('',#19715,#9802);
#8283=LINE('',#19717,#9803);
#8284=LINE('',#19719,#9804);
#8285=LINE('',#19721,#9805);
#8286=LINE('',#19723,#9806);
#8287=LINE('',#19725,#9807);
#8288=LINE('',#19727,#9808);
#8289=LINE('',#19728,#9809);
#8290=LINE('',#19730,#9810);
#8291=LINE('',#19732,#9811);
#8292=LINE('',#19734,#9812);
#8293=LINE('',#19736,#9813);
#8294=LINE('',#19738,#9814);
#8295=LINE('',#19740,#9815);
#8296=LINE('',#19742,#9816);
#8297=LINE('',#19744,#9817);
#8298=LINE('',#19746,#9818);
#8299=LINE('',#19747,#9819);
#8300=LINE('',#19749,#9820);
#8301=LINE('',#19751,#9821);
#8302=LINE('',#19753,#9822);
#8303=LINE('',#19755,#9823);
#8304=LINE('',#19757,#9824);
#8305=LINE('',#19759,#9825);
#8306=LINE('',#19761,#9826);
#8307=LINE('',#19763,#9827);
#8308=LINE('',#19765,#9828);
#8309=LINE('',#19766,#9829);
#8310=LINE('',#19768,#9830);
#8311=LINE('',#19770,#9831);
#8312=LINE('',#19772,#9832);
#8313=LINE('',#19774,#9833);
#8314=LINE('',#19776,#9834);
#8315=LINE('',#19778,#9835);
#8316=LINE('',#19780,#9836);
#8317=LINE('',#19782,#9837);
#8318=LINE('',#19784,#9838);
#8319=LINE('',#19785,#9839);
#8320=LINE('',#19787,#9840);
#8321=LINE('',#19789,#9841);
#8322=LINE('',#19791,#9842);
#8323=LINE('',#19793,#9843);
#8324=LINE('',#19795,#9844);
#8325=LINE('',#19797,#9845);
#8326=LINE('',#19799,#9846);
#8327=LINE('',#19801,#9847);
#8328=LINE('',#19803,#9848);
#8329=LINE('',#19804,#9849);
#8330=LINE('',#19806,#9850);
#8331=LINE('',#19808,#9851);
#8332=LINE('',#19810,#9852);
#8333=LINE('',#19812,#9853);
#8334=LINE('',#19814,#9854);
#8335=LINE('',#19816,#9855);
#8336=LINE('',#19818,#9856);
#8337=LINE('',#19820,#9857);
#8338=LINE('',#19822,#9858);
#8339=LINE('',#19823,#9859);
#8340=LINE('',#19825,#9860);
#8341=LINE('',#19827,#9861);
#8342=LINE('',#19829,#9862);
#8343=LINE('',#19831,#9863);
#8344=LINE('',#19833,#9864);
#8345=LINE('',#19835,#9865);
#8346=LINE('',#19837,#9866);
#8347=LINE('',#19839,#9867);
#8348=LINE('',#19841,#9868);
#8349=LINE('',#19842,#9869);
#8350=LINE('',#19844,#9870);
#8351=LINE('',#19846,#9871);
#8352=LINE('',#19848,#9872);
#8353=LINE('',#19850,#9873);
#8354=LINE('',#19852,#9874);
#8355=LINE('',#19854,#9875);
#8356=LINE('',#19856,#9876);
#8357=LINE('',#19858,#9877);
#8358=LINE('',#19862,#9878);
#8359=LINE('',#19864,#9879);
#8360=LINE('',#19866,#9880);
#8361=LINE('',#19868,#9881);
#8362=LINE('',#19870,#9882);
#8363=LINE('',#19872,#9883);
#8364=LINE('',#19874,#9884);
#8365=LINE('',#19876,#9885);
#8366=LINE('',#19878,#9886);
#8367=LINE('',#19880,#9887);
#8368=LINE('',#19883,#9888);
#8369=LINE('',#19885,#9889);
#8370=LINE('',#19886,#9890);
#8371=LINE('',#19891,#9891);
#8372=LINE('',#19896,#9892);
#8373=LINE('',#19897,#9893);
#8374=LINE('',#19899,#9894);
#8375=LINE('',#19901,#9895);
#8376=LINE('',#19903,#9896);
#8377=LINE('',#19904,#9897);
#8378=LINE('',#19905,#9898);
#8379=LINE('',#19906,#9899);
#8380=LINE('',#19907,#9900);
#8381=LINE('',#19908,#9901);
#8382=LINE('',#19909,#9902);
#8383=LINE('',#19910,#9903);
#8384=LINE('',#19911,#9904);
#8385=LINE('',#19912,#9905);
#8386=LINE('',#19914,#9906);
#8387=LINE('',#19918,#9907);
#8388=LINE('',#19920,#9908);
#8389=LINE('',#19922,#9909);
#8390=LINE('',#19924,#9910);
#8391=LINE('',#19926,#9911);
#8392=LINE('',#19929,#9912);
#8393=LINE('',#19930,#9913);
#8394=LINE('',#19932,#9914);
#8395=LINE('',#19934,#9915);
#8396=LINE('',#19935,#9916);
#8397=LINE('',#19936,#9917);
#8398=LINE('',#19938,#9918);
#8399=LINE('',#19939,#9919);
#8400=LINE('',#19941,#9920);
#8401=LINE('',#19943,#9921);
#8402=LINE('',#19945,#9922);
#8403=LINE('',#19947,#9923);
#8404=LINE('',#19948,#9924);
#8405=LINE('',#19949,#9925);
#8406=LINE('',#19951,#9926);
#8407=LINE('',#19952,#9927);
#8408=LINE('',#19954,#9928);
#8409=LINE('',#19956,#9929);
#8410=LINE('',#19958,#9930);
#8411=LINE('',#19960,#9931);
#8412=LINE('',#19961,#9932);
#8413=LINE('',#19962,#9933);
#8414=LINE('',#19964,#9934);
#8415=LINE('',#19965,#9935);
#8416=LINE('',#19967,#9936);
#8417=LINE('',#19969,#9937);
#8418=LINE('',#19971,#9938);
#8419=LINE('',#19973,#9939);
#8420=LINE('',#19974,#9940);
#8421=LINE('',#19975,#9941);
#8422=LINE('',#19977,#9942);
#8423=LINE('',#19978,#9943);
#8424=LINE('',#19980,#9944);
#8425=LINE('',#19982,#9945);
#8426=LINE('',#19984,#9946);
#8427=LINE('',#19986,#9947);
#8428=LINE('',#19987,#9948);
#8429=LINE('',#19988,#9949);
#8430=LINE('',#19990,#9950);
#8431=LINE('',#19991,#9951);
#8432=LINE('',#19993,#9952);
#8433=LINE('',#19995,#9953);
#8434=LINE('',#19997,#9954);
#8435=LINE('',#19999,#9955);
#8436=LINE('',#20000,#9956);
#8437=LINE('',#20001,#9957);
#8438=LINE('',#20003,#9958);
#8439=LINE('',#20004,#9959);
#8440=LINE('',#20006,#9960);
#8441=LINE('',#20008,#9961);
#8442=LINE('',#20010,#9962);
#8443=LINE('',#20012,#9963);
#8444=LINE('',#20013,#9964);
#8445=LINE('',#20014,#9965);
#8446=LINE('',#20016,#9966);
#8447=LINE('',#20017,#9967);
#8448=LINE('',#20019,#9968);
#8449=LINE('',#20021,#9969);
#8450=LINE('',#20023,#9970);
#8451=LINE('',#20025,#9971);
#8452=LINE('',#20026,#9972);
#8453=LINE('',#20027,#9973);
#8454=LINE('',#20029,#9974);
#8455=LINE('',#20030,#9975);
#8456=LINE('',#20032,#9976);
#8457=LINE('',#20034,#9977);
#8458=LINE('',#20036,#9978);
#8459=LINE('',#20038,#9979);
#8460=LINE('',#20039,#9980);
#8461=LINE('',#20040,#9981);
#8462=LINE('',#20042,#9982);
#8463=LINE('',#20043,#9983);
#8464=LINE('',#20045,#9984);
#8465=LINE('',#20047,#9985);
#8466=LINE('',#20049,#9986);
#8467=LINE('',#20051,#9987);
#8468=LINE('',#20052,#9988);
#8469=LINE('',#20053,#9989);
#8470=LINE('',#20055,#9990);
#8471=LINE('',#20057,#9991);
#8472=LINE('',#20059,#9992);
#8473=LINE('',#20061,#9993);
#8474=LINE('',#20063,#9994);
#8475=LINE('',#20065,#9995);
#8476=LINE('',#20067,#9996);
#8477=LINE('',#20068,#9997);
#8478=LINE('',#20070,#9998);
#8479=LINE('',#20072,#9999);
#8480=LINE('',#20073,#10000);
#8481=LINE('',#20075,#10001);
#8482=LINE('',#20076,#10002);
#8483=LINE('',#20078,#10003);
#8484=LINE('',#20079,#10004);
#8485=LINE('',#20080,#10005);
#8486=LINE('',#20081,#10006);
#8487=LINE('',#20082,#10007);
#8488=LINE('',#20083,#10008);
#8489=LINE('',#20084,#10009);
#8490=LINE('',#20085,#10010);
#8491=LINE('',#20086,#10011);
#8492=LINE('',#20087,#10012);
#8493=LINE('',#20092,#10013);
#8494=LINE('',#20096,#10014);
#8495=LINE('',#20099,#10015);
#8496=LINE('',#20101,#10016);
#8497=LINE('',#20103,#10017);
#8498=LINE('',#20104,#10018);
#8499=LINE('',#20106,#10019);
#8500=LINE('',#20108,#10020);
#8501=LINE('',#20109,#10021);
#8502=LINE('',#20111,#10022);
#8503=LINE('',#20113,#10023);
#8504=LINE('',#20114,#10024);
#8505=LINE('',#20116,#10025);
#8506=LINE('',#20118,#10026);
#8507=LINE('',#20119,#10027);
#8508=LINE('',#20121,#10028);
#8509=LINE('',#20123,#10029);
#8510=LINE('',#20124,#10030);
#8511=LINE('',#20126,#10031);
#8512=LINE('',#20128,#10032);
#8513=LINE('',#20129,#10033);
#8514=LINE('',#20131,#10034);
#8515=LINE('',#20133,#10035);
#8516=LINE('',#20134,#10036);
#8517=LINE('',#20136,#10037);
#8518=LINE('',#20138,#10038);
#8519=LINE('',#20139,#10039);
#8520=LINE('',#20141,#10040);
#8521=LINE('',#20143,#10041);
#8522=LINE('',#20144,#10042);
#8523=LINE('',#20146,#10043);
#8524=LINE('',#20148,#10044);
#8525=LINE('',#20149,#10045);
#8526=LINE('',#20163,#10046);
#8527=LINE('',#20165,#10047);
#8528=LINE('',#20168,#10048);
#8529=LINE('',#20170,#10049);
#8530=LINE('',#20173,#10050);
#8531=LINE('',#20175,#10051);
#8532=LINE('',#20178,#10052);
#8533=LINE('',#20180,#10053);
#8534=LINE('',#20183,#10054);
#8535=LINE('',#20185,#10055);
#8536=LINE('',#20188,#10056);
#8537=LINE('',#20190,#10057);
#8538=LINE('',#20193,#10058);
#8539=LINE('',#20195,#10059);
#8540=LINE('',#20198,#10060);
#8541=LINE('',#20200,#10061);
#8542=LINE('',#20203,#10062);
#8543=LINE('',#20205,#10063);
#8544=LINE('',#20208,#10064);
#8545=LINE('',#20210,#10065);
#8546=LINE('',#20213,#10066);
#8547=LINE('',#20216,#10067);
#8548=LINE('',#20219,#10068);
#8549=LINE('',#20222,#10069);
#8550=LINE('',#20225,#10070);
#8551=LINE('',#20228,#10071);
#8552=LINE('',#20231,#10072);
#8553=LINE('',#20234,#10073);
#8554=LINE('',#20237,#10074);
#8555=LINE('',#20240,#10075);
#8556=LINE('',#20251,#10076);
#8557=LINE('',#20253,#10077);
#8558=LINE('',#20255,#10078);
#8559=LINE('',#20257,#10079);
#8560=LINE('',#20261,#10080);
#8561=LINE('',#20263,#10081);
#8562=LINE('',#20268,#10082);
#8563=LINE('',#20270,#10083);
#8564=LINE('',#20272,#10084);
#8565=LINE('',#20276,#10085);
#8566=LINE('',#20278,#10086);
#8567=LINE('',#20280,#10087);
#8568=LINE('',#20285,#10088);
#8569=LINE('',#20287,#10089);
#8570=LINE('',#20289,#10090);
#8571=LINE('',#20291,#10091);
#8572=LINE('',#20293,#10092);
#8573=LINE('',#20295,#10093);
#8574=LINE('',#20298,#10094);
#8575=LINE('',#20300,#10095);
#8576=LINE('',#20302,#10096);
#8577=LINE('',#20305,#10097);
#8578=LINE('',#20307,#10098);
#8579=LINE('',#20309,#10099);
#8580=LINE('',#20312,#10100);
#8581=LINE('',#20314,#10101);
#8582=LINE('',#20316,#10102);
#8583=LINE('',#20319,#10103);
#8584=LINE('',#20321,#10104);
#8585=LINE('',#20323,#10105);
#8586=LINE('',#20326,#10106);
#8587=LINE('',#20328,#10107);
#8588=LINE('',#20330,#10108);
#8589=LINE('',#20333,#10109);
#8590=LINE('',#20335,#10110);
#8591=LINE('',#20337,#10111);
#8592=LINE('',#20340,#10112);
#8593=LINE('',#20342,#10113);
#8594=LINE('',#20344,#10114);
#8595=LINE('',#20347,#10115);
#8596=LINE('',#20349,#10116);
#8597=LINE('',#20351,#10117);
#8598=LINE('',#20354,#10118);
#8599=LINE('',#20356,#10119);
#8600=LINE('',#20358,#10120);
#8601=LINE('',#20361,#10121);
#8602=LINE('',#20363,#10122);
#8603=LINE('',#20365,#10123);
#8604=LINE('',#20368,#10124);
#8605=LINE('',#20370,#10125);
#8606=LINE('',#20372,#10126);
#8607=LINE('',#20375,#10127);
#8608=LINE('',#20377,#10128);
#8609=LINE('',#20379,#10129);
#8610=LINE('',#20382,#10130);
#8611=LINE('',#20384,#10131);
#8612=LINE('',#20386,#10132);
#8613=LINE('',#20389,#10133);
#8614=LINE('',#20391,#10134);
#8615=LINE('',#20393,#10135);
#8616=LINE('',#20396,#10136);
#8617=LINE('',#20398,#10137);
#8618=LINE('',#20400,#10138);
#8619=LINE('',#20403,#10139);
#8620=LINE('',#20405,#10140);
#8621=LINE('',#20407,#10141);
#8622=LINE('',#20410,#10142);
#8623=LINE('',#20412,#10143);
#8624=LINE('',#20414,#10144);
#8625=LINE('',#20417,#10145);
#8626=LINE('',#20419,#10146);
#8627=LINE('',#20421,#10147);
#8628=LINE('',#20424,#10148);
#8629=LINE('',#20426,#10149);
#8630=LINE('',#20428,#10150);
#8631=LINE('',#20431,#10151);
#8632=LINE('',#20433,#10152);
#8633=LINE('',#20435,#10153);
#8634=VECTOR('',#13462,39.3700787401575);
#8635=VECTOR('',#13463,39.3700787401575);
#8636=VECTOR('',#13464,39.3700787401575);
#8637=VECTOR('',#13465,39.3700787401575);
#8638=VECTOR('',#13468,39.3700787401575);
#8639=VECTOR('',#13469,39.3700787401575);
#8640=VECTOR('',#13470,39.3700787401575);
#8641=VECTOR('',#13473,39.3700787401575);
#8642=VECTOR('',#13474,39.3700787401575);
#8643=VECTOR('',#13479,39.3700787401575);
#8644=VECTOR('',#13480,39.3700787401575);
#8645=VECTOR('',#13481,39.3700787401575);
#8646=VECTOR('',#13484,39.3700787401575);
#8647=VECTOR('',#13485,39.3700787401575);
#8648=VECTOR('',#13486,39.3700787401575);
#8649=VECTOR('',#13489,39.3700787401575);
#8650=VECTOR('',#13490,39.3700787401575);
#8651=VECTOR('',#13493,39.3700787401575);
#8652=VECTOR('',#13500,39.3700787401575);
#8653=VECTOR('',#13503,39.3700787401575);
#8654=VECTOR('',#13508,39.3700787401575);
#8655=VECTOR('',#13511,39.3700787401575);
#8656=VECTOR('',#13516,39.3700787401575);
#8657=VECTOR('',#13519,39.3700787401575);
#8658=VECTOR('',#13524,39.3700787401575);
#8659=VECTOR('',#13527,39.3700787401575);
#8660=VECTOR('',#13532,39.3700787401575);
#8661=VECTOR('',#13535,39.3700787401575);
#8662=VECTOR('',#13540,39.3700787401575);
#8663=VECTOR('',#13543,39.3700787401575);
#8664=VECTOR('',#13548,39.3700787401575);
#8665=VECTOR('',#13551,39.3700787401575);
#8666=VECTOR('',#13556,39.3700787401575);
#8667=VECTOR('',#13559,39.3700787401575);
#8668=VECTOR('',#13564,39.3700787401575);
#8669=VECTOR('',#13567,39.3700787401575);
#8670=VECTOR('',#13574,39.3700787401575);
#8671=VECTOR('',#13577,39.3700787401575);
#8672=VECTOR('',#13582,39.3700787401575);
#8673=VECTOR('',#13585,39.3700787401575);
#8674=VECTOR('',#13590,39.3700787401575);
#8675=VECTOR('',#13593,39.3700787401575);
#8676=VECTOR('',#13598,39.3700787401575);
#8677=VECTOR('',#13601,39.3700787401575);
#8678=VECTOR('',#13606,39.3700787401575);
#8679=VECTOR('',#13609,39.3700787401575);
#8680=VECTOR('',#13614,39.3700787401575);
#8681=VECTOR('',#13617,39.3700787401575);
#8682=VECTOR('',#13622,39.3700787401575);
#8683=VECTOR('',#13625,39.3700787401575);
#8684=VECTOR('',#13630,39.3700787401575);
#8685=VECTOR('',#13633,39.3700787401575);
#8686=VECTOR('',#13638,39.3700787401575);
#8687=VECTOR('',#13641,39.3700787401575);
#8688=VECTOR('',#13644,39.3700787401575);
#8689=VECTOR('',#13645,39.3700787401575);
#8690=VECTOR('',#13646,39.3700787401575);
#8691=VECTOR('',#13649,39.3700787401575);
#8692=VECTOR('',#13650,39.3700787401575);
#8693=VECTOR('',#13651,39.3700787401575);
#8694=VECTOR('',#13654,39.3700787401575);
#8695=VECTOR('',#13655,39.3700787401575);
#8696=VECTOR('',#13656,39.3700787401575);
#8697=VECTOR('',#13659,39.3700787401575);
#8698=VECTOR('',#13660,39.3700787401575);
#8699=VECTOR('',#13661,39.3700787401575);
#8700=VECTOR('',#13664,39.3700787401575);
#8701=VECTOR('',#13665,39.3700787401575);
#8702=VECTOR('',#13666,39.3700787401575);
#8703=VECTOR('',#13669,39.3700787401575);
#8704=VECTOR('',#13670,39.3700787401575);
#8705=VECTOR('',#13671,39.3700787401575);
#8706=VECTOR('',#13674,39.3700787401575);
#8707=VECTOR('',#13675,39.3700787401575);
#8708=VECTOR('',#13676,39.3700787401575);
#8709=VECTOR('',#13679,39.3700787401575);
#8710=VECTOR('',#13680,39.3700787401575);
#8711=VECTOR('',#13681,39.3700787401575);
#8712=VECTOR('',#13684,39.3700787401575);
#8713=VECTOR('',#13685,39.3700787401575);
#8714=VECTOR('',#13686,39.3700787401575);
#8715=VECTOR('',#13693,39.3700787401575);
#8716=VECTOR('',#13700,39.3700787401575);
#8717=VECTOR('',#13707,39.3700787401575);
#8718=VECTOR('',#13714,39.3700787401575);
#8719=VECTOR('',#13721,39.3700787401575);
#8720=VECTOR('',#13728,39.3700787401575);
#8721=VECTOR('',#13735,39.3700787401575);
#8722=VECTOR('',#13742,39.3700787401575);
#8723=VECTOR('',#13749,39.3700787401575);
#8724=VECTOR('',#13752,39.3700787401575);
#8725=VECTOR('',#13753,39.3700787401575);
#8726=VECTOR('',#13754,39.3700787401575);
#8727=VECTOR('',#13757,39.3700787401575);
#8728=VECTOR('',#13758,39.3700787401575);
#8729=VECTOR('',#13759,39.3700787401575);
#8730=VECTOR('',#13762,39.3700787401575);
#8731=VECTOR('',#13763,39.3700787401575);
#8732=VECTOR('',#13764,39.3700787401575);
#8733=VECTOR('',#13767,39.3700787401575);
#8734=VECTOR('',#13768,39.3700787401575);
#8735=VECTOR('',#13769,39.3700787401575);
#8736=VECTOR('',#13772,39.3700787401575);
#8737=VECTOR('',#13773,39.3700787401575);
#8738=VECTOR('',#13774,39.3700787401575);
#8739=VECTOR('',#13777,39.3700787401575);
#8740=VECTOR('',#13778,39.3700787401575);
#8741=VECTOR('',#13779,39.3700787401575);
#8742=VECTOR('',#13782,39.3700787401575);
#8743=VECTOR('',#13783,39.3700787401575);
#8744=VECTOR('',#13784,39.3700787401575);
#8745=VECTOR('',#13787,39.3700787401575);
#8746=VECTOR('',#13788,39.3700787401575);
#8747=VECTOR('',#13789,39.3700787401575);
#8748=VECTOR('',#13792,39.3700787401575);
#8749=VECTOR('',#13793,39.3700787401575);
#8750=VECTOR('',#13794,39.3700787401575);
#8751=VECTOR('',#13799,39.3700787401575);
#8752=VECTOR('',#13802,39.3700787401575);
#8753=VECTOR('',#13809,39.3700787401575);
#8754=VECTOR('',#13816,39.3700787401575);
#8755=VECTOR('',#13823,39.3700787401575);
#8756=VECTOR('',#13830,39.3700787401575);
#8757=VECTOR('',#13837,39.3700787401575);
#8758=VECTOR('',#13844,39.3700787401575);
#8759=VECTOR('',#13851,39.3700787401575);
#8760=VECTOR('',#13858,39.3700787401575);
#8761=VECTOR('',#13861,39.3700787401575);
#8762=VECTOR('',#13862,39.3700787401575);
#8763=VECTOR('',#13863,39.3700787401575);
#8764=VECTOR('',#13866,39.3700787401575);
#8765=VECTOR('',#13867,39.3700787401575);
#8766=VECTOR('',#13868,39.3700787401575);
#8767=VECTOR('',#13871,39.3700787401575);
#8768=VECTOR('',#13872,39.3700787401575);
#8769=VECTOR('',#13873,39.3700787401575);
#8770=VECTOR('',#13876,39.3700787401575);
#8771=VECTOR('',#13877,39.3700787401575);
#8772=VECTOR('',#13878,39.3700787401575);
#8773=VECTOR('',#13881,39.3700787401575);
#8774=VECTOR('',#13882,39.3700787401575);
#8775=VECTOR('',#13883,39.3700787401575);
#8776=VECTOR('',#13886,39.3700787401575);
#8777=VECTOR('',#13887,39.3700787401575);
#8778=VECTOR('',#13888,39.3700787401575);
#8779=VECTOR('',#13891,39.3700787401575);
#8780=VECTOR('',#13892,39.3700787401575);
#8781=VECTOR('',#13893,39.3700787401575);
#8782=VECTOR('',#13896,39.3700787401575);
#8783=VECTOR('',#13897,39.3700787401575);
#8784=VECTOR('',#13898,39.3700787401575);
#8785=VECTOR('',#13901,39.3700787401575);
#8786=VECTOR('',#13902,39.3700787401575);
#8787=VECTOR('',#13903,39.3700787401575);
#8788=VECTOR('',#13904,39.3700787401575);
#8789=VECTOR('',#13907,39.3700787401575);
#8790=VECTOR('',#13908,39.3700787401575);
#8791=VECTOR('',#13909,39.3700787401575);
#8792=VECTOR('',#13912,39.3700787401575);
#8793=VECTOR('',#13913,39.3700787401575);
#8794=VECTOR('',#13914,39.3700787401575);
#8795=VECTOR('',#13917,39.3700787401575);
#8796=VECTOR('',#13918,39.3700787401575);
#8797=VECTOR('',#13919,39.3700787401575);
#8798=VECTOR('',#13922,39.3700787401575);
#8799=VECTOR('',#13923,39.3700787401575);
#8800=VECTOR('',#13924,39.3700787401575);
#8801=VECTOR('',#13927,39.3700787401575);
#8802=VECTOR('',#13928,39.3700787401575);
#8803=VECTOR('',#13929,39.3700787401575);
#8804=VECTOR('',#13932,39.3700787401575);
#8805=VECTOR('',#13933,39.3700787401575);
#8806=VECTOR('',#13934,39.3700787401575);
#8807=VECTOR('',#13937,39.3700787401575);
#8808=VECTOR('',#13938,39.3700787401575);
#8809=VECTOR('',#13939,39.3700787401575);
#8810=VECTOR('',#13942,39.3700787401575);
#8811=VECTOR('',#13943,39.3700787401575);
#8812=VECTOR('',#13944,39.3700787401575);
#8813=VECTOR('',#13947,39.3700787401575);
#8814=VECTOR('',#13948,39.3700787401575);
#8815=VECTOR('',#13949,39.3700787401575);
#8816=VECTOR('',#13952,39.3700787401575);
#8817=VECTOR('',#13953,39.3700787401575);
#8818=VECTOR('',#13954,39.3700787401575);
#8819=VECTOR('',#13957,39.3700787401575);
#8820=VECTOR('',#13958,39.3700787401575);
#8821=VECTOR('',#13959,39.3700787401575);
#8822=VECTOR('',#13962,39.3700787401575);
#8823=VECTOR('',#13963,39.3700787401575);
#8824=VECTOR('',#13964,39.3700787401575);
#8825=VECTOR('',#13967,39.3700787401575);
#8826=VECTOR('',#13968,39.3700787401575);
#8827=VECTOR('',#13969,39.3700787401575);
#8828=VECTOR('',#13972,39.3700787401575);
#8829=VECTOR('',#13973,39.3700787401575);
#8830=VECTOR('',#13974,39.3700787401575);
#8831=VECTOR('',#13977,39.3700787401575);
#8832=VECTOR('',#13978,39.3700787401575);
#8833=VECTOR('',#13979,39.3700787401575);
#8834=VECTOR('',#13982,39.3700787401575);
#8835=VECTOR('',#13983,39.3700787401575);
#8836=VECTOR('',#13984,39.3700787401575);
#8837=VECTOR('',#13987,39.3700787401575);
#8838=VECTOR('',#13988,39.3700787401575);
#8839=VECTOR('',#13989,39.3700787401575);
#8840=VECTOR('',#13992,39.3700787401575);
#8841=VECTOR('',#13993,39.3700787401575);
#8842=VECTOR('',#13994,39.3700787401575);
#8843=VECTOR('',#14001,39.3700787401575);
#8844=VECTOR('',#14008,39.3700787401575);
#8845=VECTOR('',#14015,39.3700787401575);
#8846=VECTOR('',#14022,39.3700787401575);
#8847=VECTOR('',#14029,39.3700787401575);
#8848=VECTOR('',#14036,39.3700787401575);
#8849=VECTOR('',#14043,39.3700787401575);
#8850=VECTOR('',#14050,39.3700787401575);
#8851=VECTOR('',#14057,39.3700787401575);
#8852=VECTOR('',#14060,39.3700787401575);
#8853=VECTOR('',#14061,39.3700787401575);
#8854=VECTOR('',#14062,39.3700787401575);
#8855=VECTOR('',#14065,39.3700787401575);
#8856=VECTOR('',#14066,39.3700787401575);
#8857=VECTOR('',#14067,39.3700787401575);
#8858=VECTOR('',#14070,39.3700787401575);
#8859=VECTOR('',#14071,39.3700787401575);
#8860=VECTOR('',#14072,39.3700787401575);
#8861=VECTOR('',#14075,39.3700787401575);
#8862=VECTOR('',#14076,39.3700787401575);
#8863=VECTOR('',#14077,39.3700787401575);
#8864=VECTOR('',#14080,39.3700787401575);
#8865=VECTOR('',#14081,39.3700787401575);
#8866=VECTOR('',#14082,39.3700787401575);
#8867=VECTOR('',#14085,39.3700787401575);
#8868=VECTOR('',#14086,39.3700787401575);
#8869=VECTOR('',#14087,39.3700787401575);
#8870=VECTOR('',#14090,39.3700787401575);
#8871=VECTOR('',#14091,39.3700787401575);
#8872=VECTOR('',#14092,39.3700787401575);
#8873=VECTOR('',#14095,39.3700787401575);
#8874=VECTOR('',#14096,39.3700787401575);
#8875=VECTOR('',#14097,39.3700787401575);
#8876=VECTOR('',#14100,39.3700787401575);
#8877=VECTOR('',#14101,39.3700787401575);
#8878=VECTOR('',#14102,39.3700787401575);
#8879=VECTOR('',#14105,39.3700787401575);
#8880=VECTOR('',#14112,39.3700787401575);
#8881=VECTOR('',#14119,39.3700787401575);
#8882=VECTOR('',#14126,39.3700787401575);
#8883=VECTOR('',#14133,39.3700787401575);
#8884=VECTOR('',#14140,39.3700787401575);
#8885=VECTOR('',#14147,39.3700787401575);
#8886=VECTOR('',#14154,39.3700787401575);
#8887=VECTOR('',#14161,39.3700787401575);
#8888=VECTOR('',#14168,39.3700787401575);
#8889=VECTOR('',#14169,39.3700787401575);
#8890=VECTOR('',#14172,39.3700787401575);
#8891=VECTOR('',#14173,39.3700787401575);
#8892=VECTOR('',#14176,39.3700787401575);
#8893=VECTOR('',#14177,39.3700787401575);
#8894=VECTOR('',#14180,39.3700787401575);
#8895=VECTOR('',#14181,39.3700787401575);
#8896=VECTOR('',#14184,39.3700787401575);
#8897=VECTOR('',#14185,39.3700787401575);
#8898=VECTOR('',#14188,39.3700787401575);
#8899=VECTOR('',#14189,39.3700787401575);
#8900=VECTOR('',#14192,39.3700787401575);
#8901=VECTOR('',#14193,39.3700787401575);
#8902=VECTOR('',#14196,39.3700787401575);
#8903=VECTOR('',#14197,39.3700787401575);
#8904=VECTOR('',#14200,39.3700787401575);
#8905=VECTOR('',#14201,39.3700787401575);
#8906=VECTOR('',#14206,39.3700787401575);
#8907=VECTOR('',#14209,39.3700787401575);
#8908=VECTOR('',#14212,39.3700787401575);
#8909=VECTOR('',#14213,39.3700787401575);
#8910=VECTOR('',#14214,39.3700787401575);
#8911=VECTOR('',#14217,39.3700787401575);
#8912=VECTOR('',#14222,39.3700787401575);
#8913=VECTOR('',#14225,39.3700787401575);
#8914=VECTOR('',#14228,39.3700787401575);
#8915=VECTOR('',#14229,39.3700787401575);
#8916=VECTOR('',#14230,39.3700787401575);
#8917=VECTOR('',#14233,39.3700787401575);
#8918=VECTOR('',#14238,39.3700787401575);
#8919=VECTOR('',#14241,39.3700787401575);
#8920=VECTOR('',#14244,39.3700787401575);
#8921=VECTOR('',#14245,39.3700787401575);
#8922=VECTOR('',#14246,39.3700787401575);
#8923=VECTOR('',#14249,39.3700787401575);
#8924=VECTOR('',#14254,39.3700787401575);
#8925=VECTOR('',#14257,39.3700787401575);
#8926=VECTOR('',#14260,39.3700787401575);
#8927=VECTOR('',#14261,39.3700787401575);
#8928=VECTOR('',#14262,39.3700787401575);
#8929=VECTOR('',#14265,39.3700787401575);
#8930=VECTOR('',#14270,39.3700787401575);
#8931=VECTOR('',#14273,39.3700787401575);
#8932=VECTOR('',#14276,39.3700787401575);
#8933=VECTOR('',#14277,39.3700787401575);
#8934=VECTOR('',#14278,39.3700787401575);
#8935=VECTOR('',#14281,39.3700787401575);
#8936=VECTOR('',#14286,39.3700787401575);
#8937=VECTOR('',#14289,39.3700787401575);
#8938=VECTOR('',#14292,39.3700787401575);
#8939=VECTOR('',#14293,39.3700787401575);
#8940=VECTOR('',#14294,39.3700787401575);
#8941=VECTOR('',#14297,39.3700787401575);
#8942=VECTOR('',#14302,39.3700787401575);
#8943=VECTOR('',#14305,39.3700787401575);
#8944=VECTOR('',#14308,39.3700787401575);
#8945=VECTOR('',#14309,39.3700787401575);
#8946=VECTOR('',#14310,39.3700787401575);
#8947=VECTOR('',#14313,39.3700787401575);
#8948=VECTOR('',#14318,39.3700787401575);
#8949=VECTOR('',#14321,39.3700787401575);
#8950=VECTOR('',#14324,39.3700787401575);
#8951=VECTOR('',#14325,39.3700787401575);
#8952=VECTOR('',#14326,39.3700787401575);
#8953=VECTOR('',#14329,39.3700787401575);
#8954=VECTOR('',#14334,39.3700787401575);
#8955=VECTOR('',#14337,39.3700787401575);
#8956=VECTOR('',#14340,39.3700787401575);
#8957=VECTOR('',#14341,39.3700787401575);
#8958=VECTOR('',#14342,39.3700787401575);
#8959=VECTOR('',#14345,39.3700787401575);
#8960=VECTOR('',#14350,39.3700787401575);
#8961=VECTOR('',#14353,39.3700787401575);
#8962=VECTOR('',#14356,39.3700787401575);
#8963=VECTOR('',#14357,39.3700787401575);
#8964=VECTOR('',#14358,39.3700787401575);
#8965=VECTOR('',#14361,39.3700787401575);
#8966=VECTOR('',#14366,39.3700787401575);
#8967=VECTOR('',#14369,39.3700787401575);
#8968=VECTOR('',#14372,39.3700787401575);
#8969=VECTOR('',#14373,39.3700787401575);
#8970=VECTOR('',#14374,39.3700787401575);
#8971=VECTOR('',#14377,39.3700787401575);
#8972=VECTOR('',#14382,39.3700787401575);
#8973=VECTOR('',#14385,39.3700787401575);
#8974=VECTOR('',#14388,39.3700787401575);
#8975=VECTOR('',#14389,39.3700787401575);
#8976=VECTOR('',#14390,39.3700787401575);
#8977=VECTOR('',#14393,39.3700787401575);
#8978=VECTOR('',#14398,39.3700787401575);
#8979=VECTOR('',#14401,39.3700787401575);
#8980=VECTOR('',#14404,39.3700787401575);
#8981=VECTOR('',#14405,39.3700787401575);
#8982=VECTOR('',#14406,39.3700787401575);
#8983=VECTOR('',#14409,39.3700787401575);
#8984=VECTOR('',#14414,39.3700787401575);
#8985=VECTOR('',#14417,39.3700787401575);
#8986=VECTOR('',#14420,39.3700787401575);
#8987=VECTOR('',#14421,39.3700787401575);
#8988=VECTOR('',#14422,39.3700787401575);
#8989=VECTOR('',#14425,39.3700787401575);
#8990=VECTOR('',#14430,39.3700787401575);
#8991=VECTOR('',#14433,39.3700787401575);
#8992=VECTOR('',#14436,39.3700787401575);
#8993=VECTOR('',#14437,39.3700787401575);
#8994=VECTOR('',#14438,39.3700787401575);
#8995=VECTOR('',#14441,39.3700787401575);
#8996=VECTOR('',#14446,39.3700787401575);
#8997=VECTOR('',#14449,39.3700787401575);
#8998=VECTOR('',#14452,39.3700787401575);
#8999=VECTOR('',#14453,39.3700787401575);
#9000=VECTOR('',#14454,39.3700787401575);
#9001=VECTOR('',#14457,39.3700787401575);
#9002=VECTOR('',#14462,39.3700787401575);
#9003=VECTOR('',#14465,39.3700787401575);
#9004=VECTOR('',#14468,39.3700787401575);
#9005=VECTOR('',#14469,39.3700787401575);
#9006=VECTOR('',#14470,39.3700787401575);
#9007=VECTOR('',#14473,39.3700787401575);
#9008=VECTOR('',#14478,39.3700787401575);
#9009=VECTOR('',#14481,39.3700787401575);
#9010=VECTOR('',#14484,39.3700787401575);
#9011=VECTOR('',#14485,39.3700787401575);
#9012=VECTOR('',#14486,39.3700787401575);
#9013=VECTOR('',#14489,39.3700787401575);
#9014=VECTOR('',#14494,39.3700787401575);
#9015=VECTOR('',#14497,39.3700787401575);
#9016=VECTOR('',#14500,39.3700787401575);
#9017=VECTOR('',#14501,39.3700787401575);
#9018=VECTOR('',#14502,39.3700787401575);
#9019=VECTOR('',#14505,39.3700787401575);
#9020=VECTOR('',#14510,39.3700787401575);
#9021=VECTOR('',#14513,39.3700787401575);
#9022=VECTOR('',#14516,39.3700787401575);
#9023=VECTOR('',#14517,39.3700787401575);
#9024=VECTOR('',#14518,39.3700787401575);
#9025=VECTOR('',#14521,39.3700787401575);
#9026=VECTOR('',#14524,39.3700787401575);
#9027=VECTOR('',#14527,39.3700787401575);
#9028=VECTOR('',#14532,39.3700787401575);
#9029=VECTOR('',#14535,39.3700787401575);
#9030=VECTOR('',#14540,39.3700787401575);
#9031=VECTOR('',#14543,39.3700787401575);
#9032=VECTOR('',#14548,39.3700787401575);
#9033=VECTOR('',#14551,39.3700787401575);
#9034=VECTOR('',#14556,39.3700787401575);
#9035=VECTOR('',#14559,39.3700787401575);
#9036=VECTOR('',#14564,39.3700787401575);
#9037=VECTOR('',#14567,39.3700787401575);
#9038=VECTOR('',#14572,39.3700787401575);
#9039=VECTOR('',#14575,39.3700787401575);
#9040=VECTOR('',#14580,39.3700787401575);
#9041=VECTOR('',#14583,39.3700787401575);
#9042=VECTOR('',#14588,39.3700787401575);
#9043=VECTOR('',#14591,39.3700787401575);
#9044=VECTOR('',#14596,39.3700787401575);
#9045=VECTOR('',#14599,39.3700787401575);
#9046=VECTOR('',#14604,39.3700787401575);
#9047=VECTOR('',#14605,39.3700787401575);
#9048=VECTOR('',#14606,39.3700787401575);
#9049=VECTOR('',#14609,39.3700787401575);
#9050=VECTOR('',#14610,39.3700787401575);
#9051=VECTOR('',#14611,39.3700787401575);
#9052=VECTOR('',#14614,39.3700787401575);
#9053=VECTOR('',#14615,39.3700787401575);
#9054=VECTOR('',#14616,39.3700787401575);
#9055=VECTOR('',#14619,39.3700787401575);
#9056=VECTOR('',#14620,39.3700787401575);
#9057=VECTOR('',#14621,39.3700787401575);
#9058=VECTOR('',#14624,39.3700787401575);
#9059=VECTOR('',#14625,39.3700787401575);
#9060=VECTOR('',#14626,39.3700787401575);
#9061=VECTOR('',#14629,39.3700787401575);
#9062=VECTOR('',#14630,39.3700787401575);
#9063=VECTOR('',#14631,39.3700787401575);
#9064=VECTOR('',#14634,39.3700787401575);
#9065=VECTOR('',#14635,39.3700787401575);
#9066=VECTOR('',#14636,39.3700787401575);
#9067=VECTOR('',#14639,39.3700787401575);
#9068=VECTOR('',#14640,39.3700787401575);
#9069=VECTOR('',#14641,39.3700787401575);
#9070=VECTOR('',#14644,39.3700787401575);
#9071=VECTOR('',#14645,39.3700787401575);
#9072=VECTOR('',#14646,39.3700787401575);
#9073=VECTOR('',#14649,39.3700787401575);
#9074=VECTOR('',#14650,39.3700787401575);
#9075=VECTOR('',#14651,39.3700787401575);
#9076=VECTOR('',#14658,39.3700787401575);
#9077=VECTOR('',#14665,39.3700787401575);
#9078=VECTOR('',#14672,39.3700787401575);
#9079=VECTOR('',#14679,39.3700787401575);
#9080=VECTOR('',#14686,39.3700787401575);
#9081=VECTOR('',#14693,39.3700787401575);
#9082=VECTOR('',#14700,39.3700787401575);
#9083=VECTOR('',#14707,39.3700787401575);
#9084=VECTOR('',#14714,39.3700787401575);
#9085=VECTOR('',#14721,39.3700787401575);
#9086=VECTOR('',#14724,39.3700787401575);
#9087=VECTOR('',#14727,39.3700787401575);
#9088=VECTOR('',#14730,39.3700787401575);
#9089=VECTOR('',#14733,39.3700787401575);
#9090=VECTOR('',#14736,39.3700787401575);
#9091=VECTOR('',#14739,39.3700787401575);
#9092=VECTOR('',#14742,39.3700787401575);
#9093=VECTOR('',#14745,39.3700787401575);
#9094=VECTOR('',#14748,39.3700787401575);
#9095=VECTOR('',#14751,39.3700787401575);
#9096=VECTOR('',#14754,39.3700787401575);
#9097=VECTOR('',#14757,39.3700787401575);
#9098=VECTOR('',#14760,39.3700787401575);
#9099=VECTOR('',#14763,39.3700787401575);
#9100=VECTOR('',#14766,39.3700787401575);
#9101=VECTOR('',#14769,39.3700787401575);
#9102=VECTOR('',#14772,39.3700787401575);
#9103=VECTOR('',#14775,39.3700787401575);
#9104=VECTOR('',#14778,39.3700787401575);
#9105=VECTOR('',#14781,39.3700787401575);
#9106=VECTOR('',#14784,39.3700787401575);
#9107=VECTOR('',#14787,39.3700787401575);
#9108=VECTOR('',#14790,39.3700787401575);
#9109=VECTOR('',#14793,39.3700787401575);
#9110=VECTOR('',#14796,39.3700787401575);
#9111=VECTOR('',#14799,39.3700787401575);
#9112=VECTOR('',#14802,39.3700787401575);
#9113=VECTOR('',#14805,39.3700787401575);
#9114=VECTOR('',#14808,39.3700787401575);
#9115=VECTOR('',#14811,39.3700787401575);
#9116=VECTOR('',#14814,39.3700787401575);
#9117=VECTOR('',#14815,39.3700787401575);
#9118=VECTOR('',#14816,39.3700787401575);
#9119=VECTOR('',#14817,39.3700787401575);
#9120=VECTOR('',#14818,39.3700787401575);
#9121=VECTOR('',#14819,39.3700787401575);
#9122=VECTOR('',#14820,39.3700787401575);
#9123=VECTOR('',#14821,39.3700787401575);
#9124=VECTOR('',#14822,39.3700787401575);
#9125=VECTOR('',#14823,39.3700787401575);
#9126=VECTOR('',#14824,39.3700787401575);
#9127=VECTOR('',#14825,39.3700787401575);
#9128=VECTOR('',#14826,39.3700787401575);
#9129=VECTOR('',#14827,39.3700787401575);
#9130=VECTOR('',#14828,39.3700787401575);
#9131=VECTOR('',#14829,39.3700787401575);
#9132=VECTOR('',#14830,39.3700787401575);
#9133=VECTOR('',#14831,39.3700787401575);
#9134=VECTOR('',#14832,39.3700787401575);
#9135=VECTOR('',#14833,39.3700787401575);
#9136=VECTOR('',#14834,39.3700787401575);
#9137=VECTOR('',#14835,39.3700787401575);
#9138=VECTOR('',#14836,39.3700787401575);
#9139=VECTOR('',#14837,39.3700787401575);
#9140=VECTOR('',#14838,39.3700787401575);
#9141=VECTOR('',#14839,39.3700787401575);
#9142=VECTOR('',#14840,39.3700787401575);
#9143=VECTOR('',#14841,39.3700787401575);
#9144=VECTOR('',#14842,39.3700787401575);
#9145=VECTOR('',#14843,39.3700787401575);
#9146=VECTOR('',#14844,39.3700787401575);
#9147=VECTOR('',#14845,39.3700787401575);
#9148=VECTOR('',#14846,39.3700787401575);
#9149=VECTOR('',#14847,39.3700787401575);
#9150=VECTOR('',#14848,39.3700787401575);
#9151=VECTOR('',#14849,39.3700787401575);
#9152=VECTOR('',#14850,39.3700787401575);
#9153=VECTOR('',#14851,39.3700787401575);
#9154=VECTOR('',#14852,39.3700787401575);
#9155=VECTOR('',#14853,39.3700787401575);
#9156=VECTOR('',#14854,39.3700787401575);
#9157=VECTOR('',#14855,39.3700787401575);
#9158=VECTOR('',#14856,39.3700787401575);
#9159=VECTOR('',#14857,39.3700787401575);
#9160=VECTOR('',#14858,39.3700787401575);
#9161=VECTOR('',#14859,39.3700787401575);
#9162=VECTOR('',#14860,39.3700787401575);
#9163=VECTOR('',#14861,39.3700787401575);
#9164=VECTOR('',#14862,39.3700787401575);
#9165=VECTOR('',#14863,39.3700787401575);
#9166=VECTOR('',#14864,39.3700787401575);
#9167=VECTOR('',#14865,39.3700787401575);
#9168=VECTOR('',#14866,39.3700787401575);
#9169=VECTOR('',#14867,39.3700787401575);
#9170=VECTOR('',#14868,39.3700787401575);
#9171=VECTOR('',#14869,39.3700787401575);
#9172=VECTOR('',#14870,39.3700787401575);
#9173=VECTOR('',#14871,39.3700787401575);
#9174=VECTOR('',#14872,39.3700787401575);
#9175=VECTOR('',#14873,39.3700787401575);
#9176=VECTOR('',#14874,39.3700787401575);
#9177=VECTOR('',#14875,39.3700787401575);
#9178=VECTOR('',#14876,39.3700787401575);
#9179=VECTOR('',#14877,39.3700787401575);
#9180=VECTOR('',#14878,39.3700787401575);
#9181=VECTOR('',#14879,39.3700787401575);
#9182=VECTOR('',#14880,39.3700787401575);
#9183=VECTOR('',#14881,39.3700787401575);
#9184=VECTOR('',#14882,39.3700787401575);
#9185=VECTOR('',#14883,39.3700787401575);
#9186=VECTOR('',#14884,39.3700787401575);
#9187=VECTOR('',#14885,39.3700787401575);
#9188=VECTOR('',#14886,39.3700787401575);
#9189=VECTOR('',#14887,39.3700787401575);
#9190=VECTOR('',#14888,39.3700787401575);
#9191=VECTOR('',#14889,39.3700787401575);
#9192=VECTOR('',#14890,39.3700787401575);
#9193=VECTOR('',#14891,39.3700787401575);
#9194=VECTOR('',#14892,39.3700787401575);
#9195=VECTOR('',#14893,39.3700787401575);
#9196=VECTOR('',#14894,39.3700787401575);
#9197=VECTOR('',#14895,39.3700787401575);
#9198=VECTOR('',#14896,39.3700787401575);
#9199=VECTOR('',#14897,39.3700787401575);
#9200=VECTOR('',#14898,39.3700787401575);
#9201=VECTOR('',#14899,39.3700787401575);
#9202=VECTOR('',#14900,39.3700787401575);
#9203=VECTOR('',#14901,39.3700787401575);
#9204=VECTOR('',#14902,39.3700787401575);
#9205=VECTOR('',#14903,39.3700787401575);
#9206=VECTOR('',#14904,39.3700787401575);
#9207=VECTOR('',#14905,39.3700787401575);
#9208=VECTOR('',#14906,39.3700787401575);
#9209=VECTOR('',#14907,39.3700787401575);
#9210=VECTOR('',#14908,39.3700787401575);
#9211=VECTOR('',#14909,39.3700787401575);
#9212=VECTOR('',#14910,39.3700787401575);
#9213=VECTOR('',#14911,39.3700787401575);
#9214=VECTOR('',#14912,39.3700787401575);
#9215=VECTOR('',#14913,39.3700787401575);
#9216=VECTOR('',#14914,39.3700787401575);
#9217=VECTOR('',#14915,39.3700787401575);
#9218=VECTOR('',#14916,39.3700787401575);
#9219=VECTOR('',#14917,39.3700787401575);
#9220=VECTOR('',#14918,39.3700787401575);
#9221=VECTOR('',#14919,39.3700787401575);
#9222=VECTOR('',#14920,39.3700787401575);
#9223=VECTOR('',#14921,39.3700787401575);
#9224=VECTOR('',#14922,39.3700787401575);
#9225=VECTOR('',#14923,39.3700787401575);
#9226=VECTOR('',#14924,39.3700787401575);
#9227=VECTOR('',#14925,39.3700787401575);
#9228=VECTOR('',#14926,39.3700787401575);
#9229=VECTOR('',#14927,39.3700787401575);
#9230=VECTOR('',#14928,39.3700787401575);
#9231=VECTOR('',#14929,39.3700787401575);
#9232=VECTOR('',#14930,39.3700787401575);
#9233=VECTOR('',#14931,39.3700787401575);
#9234=VECTOR('',#14932,39.3700787401575);
#9235=VECTOR('',#14933,39.3700787401575);
#9236=VECTOR('',#14934,39.3700787401575);
#9237=VECTOR('',#14935,39.3700787401575);
#9238=VECTOR('',#14936,39.3700787401575);
#9239=VECTOR('',#14937,39.3700787401575);
#9240=VECTOR('',#14938,39.3700787401575);
#9241=VECTOR('',#14939,39.3700787401575);
#9242=VECTOR('',#14940,39.3700787401575);
#9243=VECTOR('',#14941,39.3700787401575);
#9244=VECTOR('',#14942,39.3700787401575);
#9245=VECTOR('',#14943,39.3700787401575);
#9246=VECTOR('',#14944,39.3700787401575);
#9247=VECTOR('',#14945,39.3700787401575);
#9248=VECTOR('',#14946,39.3700787401575);
#9249=VECTOR('',#14947,39.3700787401575);
#9250=VECTOR('',#14948,39.3700787401575);
#9251=VECTOR('',#14949,39.3700787401575);
#9252=VECTOR('',#14950,39.3700787401575);
#9253=VECTOR('',#14953,39.3700787401575);
#9254=VECTOR('',#14962,39.3700787401575);
#9255=VECTOR('',#14965,39.3700787401575);
#9256=VECTOR('',#14968,39.3700787401575);
#9257=VECTOR('',#14969,39.3700787401575);
#9258=VECTOR('',#14970,39.3700787401575);
#9259=VECTOR('',#14971,39.3700787401575);
#9260=VECTOR('',#14972,39.3700787401575);
#9261=VECTOR('',#14973,39.3700787401575);
#9262=VECTOR('',#14974,39.3700787401575);
#9263=VECTOR('',#14975,39.3700787401575);
#9264=VECTOR('',#14976,39.3700787401575);
#9265=VECTOR('',#14977,39.3700787401575);
#9266=VECTOR('',#14978,39.3700787401575);
#9267=VECTOR('',#14979,39.3700787401575);
#9268=VECTOR('',#14980,39.3700787401575);
#9269=VECTOR('',#14981,39.3700787401575);
#9270=VECTOR('',#14982,39.3700787401575);
#9271=VECTOR('',#14983,39.3700787401575);
#9272=VECTOR('',#14984,39.3700787401575);
#9273=VECTOR('',#14985,39.3700787401575);
#9274=VECTOR('',#14986,39.3700787401575);
#9275=VECTOR('',#14987,39.3700787401575);
#9276=VECTOR('',#14988,39.3700787401575);
#9277=VECTOR('',#14989,39.3700787401575);
#9278=VECTOR('',#14990,39.3700787401575);
#9279=VECTOR('',#14991,39.3700787401575);
#9280=VECTOR('',#14992,39.3700787401575);
#9281=VECTOR('',#14993,39.3700787401575);
#9282=VECTOR('',#14994,39.3700787401575);
#9283=VECTOR('',#14995,39.3700787401575);
#9284=VECTOR('',#14996,39.3700787401575);
#9285=VECTOR('',#14997,39.3700787401575);
#9286=VECTOR('',#14998,39.3700787401575);
#9287=VECTOR('',#14999,39.3700787401575);
#9288=VECTOR('',#15000,39.3700787401575);
#9289=VECTOR('',#15001,39.3700787401575);
#9290=VECTOR('',#15002,39.3700787401575);
#9291=VECTOR('',#15003,39.3700787401575);
#9292=VECTOR('',#15004,39.3700787401575);
#9293=VECTOR('',#15005,39.3700787401575);
#9294=VECTOR('',#15006,39.3700787401575);
#9295=VECTOR('',#15007,39.3700787401575);
#9296=VECTOR('',#15008,39.3700787401575);
#9297=VECTOR('',#15009,39.3700787401575);
#9298=VECTOR('',#15010,39.3700787401575);
#9299=VECTOR('',#15011,39.3700787401575);
#9300=VECTOR('',#15012,39.3700787401575);
#9301=VECTOR('',#15013,39.3700787401575);
#9302=VECTOR('',#15014,39.3700787401575);
#9303=VECTOR('',#15015,39.3700787401575);
#9304=VECTOR('',#15016,39.3700787401575);
#9305=VECTOR('',#15017,39.3700787401575);
#9306=VECTOR('',#15018,39.3700787401575);
#9307=VECTOR('',#15019,39.3700787401575);
#9308=VECTOR('',#15020,39.3700787401575);
#9309=VECTOR('',#15021,39.3700787401575);
#9310=VECTOR('',#15022,39.3700787401575);
#9311=VECTOR('',#15023,39.3700787401575);
#9312=VECTOR('',#15024,39.3700787401575);
#9313=VECTOR('',#15025,39.3700787401575);
#9314=VECTOR('',#15026,39.3700787401575);
#9315=VECTOR('',#15027,39.3700787401575);
#9316=VECTOR('',#15028,39.3700787401575);
#9317=VECTOR('',#15029,39.3700787401575);
#9318=VECTOR('',#15030,39.3700787401575);
#9319=VECTOR('',#15031,39.3700787401575);
#9320=VECTOR('',#15032,39.3700787401575);
#9321=VECTOR('',#15033,39.3700787401575);
#9322=VECTOR('',#15034,39.3700787401575);
#9323=VECTOR('',#15035,39.3700787401575);
#9324=VECTOR('',#15036,39.3700787401575);
#9325=VECTOR('',#15037,39.3700787401575);
#9326=VECTOR('',#15038,39.3700787401575);
#9327=VECTOR('',#15039,39.3700787401575);
#9328=VECTOR('',#15040,39.3700787401575);
#9329=VECTOR('',#15041,39.3700787401575);
#9330=VECTOR('',#15042,39.3700787401575);
#9331=VECTOR('',#15043,39.3700787401575);
#9332=VECTOR('',#15044,39.3700787401575);
#9333=VECTOR('',#15045,39.3700787401575);
#9334=VECTOR('',#15046,39.3700787401575);
#9335=VECTOR('',#15047,39.3700787401575);
#9336=VECTOR('',#15048,39.3700787401575);
#9337=VECTOR('',#15049,39.3700787401575);
#9338=VECTOR('',#15050,39.3700787401575);
#9339=VECTOR('',#15051,39.3700787401575);
#9340=VECTOR('',#15052,39.3700787401575);
#9341=VECTOR('',#15053,39.3700787401575);
#9342=VECTOR('',#15054,39.3700787401575);
#9343=VECTOR('',#15055,39.3700787401575);
#9344=VECTOR('',#15056,39.3700787401575);
#9345=VECTOR('',#15057,39.3700787401575);
#9346=VECTOR('',#15058,39.3700787401575);
#9347=VECTOR('',#15059,39.3700787401575);
#9348=VECTOR('',#15060,39.3700787401575);
#9349=VECTOR('',#15061,39.3700787401575);
#9350=VECTOR('',#15062,39.3700787401575);
#9351=VECTOR('',#15063,39.3700787401575);
#9352=VECTOR('',#15064,39.3700787401575);
#9353=VECTOR('',#15065,39.3700787401575);
#9354=VECTOR('',#15066,39.3700787401575);
#9355=VECTOR('',#15067,39.3700787401575);
#9356=VECTOR('',#15068,39.3700787401575);
#9357=VECTOR('',#15069,39.3700787401575);
#9358=VECTOR('',#15070,39.3700787401575);
#9359=VECTOR('',#15071,39.3700787401575);
#9360=VECTOR('',#15072,39.3700787401575);
#9361=VECTOR('',#15073,39.3700787401575);
#9362=VECTOR('',#15074,39.3700787401575);
#9363=VECTOR('',#15075,39.3700787401575);
#9364=VECTOR('',#15076,39.3700787401575);
#9365=VECTOR('',#15077,39.3700787401575);
#9366=VECTOR('',#15078,39.3700787401575);
#9367=VECTOR('',#15079,39.3700787401575);
#9368=VECTOR('',#15080,39.3700787401575);
#9369=VECTOR('',#15081,39.3700787401575);
#9370=VECTOR('',#15082,39.3700787401575);
#9371=VECTOR('',#15083,39.3700787401575);
#9372=VECTOR('',#15084,39.3700787401575);
#9373=VECTOR('',#15085,39.3700787401575);
#9374=VECTOR('',#15086,39.3700787401575);
#9375=VECTOR('',#15087,39.3700787401575);
#9376=VECTOR('',#15088,39.3700787401575);
#9377=VECTOR('',#15089,39.3700787401575);
#9378=VECTOR('',#15090,39.3700787401575);
#9379=VECTOR('',#15091,39.3700787401575);
#9380=VECTOR('',#15092,39.3700787401575);
#9381=VECTOR('',#15093,39.3700787401575);
#9382=VECTOR('',#15094,39.3700787401575);
#9383=VECTOR('',#15095,39.3700787401575);
#9384=VECTOR('',#15096,39.3700787401575);
#9385=VECTOR('',#15097,39.3700787401575);
#9386=VECTOR('',#15098,39.3700787401575);
#9387=VECTOR('',#15099,39.3700787401575);
#9388=VECTOR('',#15100,39.3700787401575);
#9389=VECTOR('',#15101,39.3700787401575);
#9390=VECTOR('',#15102,39.3700787401575);
#9391=VECTOR('',#15103,39.3700787401575);
#9392=VECTOR('',#15104,39.3700787401575);
#9393=VECTOR('',#15105,39.3700787401575);
#9394=VECTOR('',#15106,39.3700787401575);
#9395=VECTOR('',#15107,39.3700787401575);
#9396=VECTOR('',#15108,39.3700787401575);
#9397=VECTOR('',#15109,39.3700787401575);
#9398=VECTOR('',#15110,39.3700787401575);
#9399=VECTOR('',#15111,39.3700787401575);
#9400=VECTOR('',#15112,39.3700787401575);
#9401=VECTOR('',#15113,39.3700787401575);
#9402=VECTOR('',#15120,39.3700787401575);
#9403=VECTOR('',#15127,39.3700787401575);
#9404=VECTOR('',#15134,39.3700787401575);
#9405=VECTOR('',#15141,39.3700787401575);
#9406=VECTOR('',#15148,39.3700787401575);
#9407=VECTOR('',#15155,39.3700787401575);
#9408=VECTOR('',#15162,39.3700787401575);
#9409=VECTOR('',#15169,39.3700787401575);
#9410=VECTOR('',#15176,39.3700787401575);
#9411=VECTOR('',#15183,39.3700787401575);
#9412=VECTOR('',#15186,39.3700787401575);
#9413=VECTOR('',#15189,39.3700787401575);
#9414=VECTOR('',#15192,39.3700787401575);
#9415=VECTOR('',#15195,39.3700787401575);
#9416=VECTOR('',#15198,39.3700787401575);
#9417=VECTOR('',#15201,39.3700787401575);
#9418=VECTOR('',#15204,39.3700787401575);
#9419=VECTOR('',#15207,39.3700787401575);
#9420=VECTOR('',#15210,39.3700787401575);
#9421=VECTOR('',#15213,39.3700787401575);
#9422=VECTOR('',#15236,39.3700787401575);
#9423=VECTOR('',#15237,39.3700787401575);
#9424=VECTOR('',#15238,39.3700787401575);
#9425=VECTOR('',#15245,39.3700787401575);
#9426=VECTOR('',#15248,39.3700787401575);
#9427=VECTOR('',#15249,39.3700787401575);
#9428=VECTOR('',#15258,39.3700787401575);
#9429=VECTOR('',#15259,39.3700787401575);
#9430=VECTOR('',#15260,39.3700787401575);
#9431=VECTOR('',#15263,39.3700787401575);
#9432=VECTOR('',#15264,39.3700787401575);
#9433=VECTOR('',#15265,39.3700787401575);
#9434=VECTOR('',#15268,39.3700787401575);
#9435=VECTOR('',#15269,39.3700787401575);
#9436=VECTOR('',#15270,39.3700787401575);
#9437=VECTOR('',#15277,39.3700787401575);
#9438=VECTOR('',#15280,39.3700787401575);
#9439=VECTOR('',#15281,39.3700787401575);
#9440=VECTOR('',#15282,39.3700787401575);
#9441=VECTOR('',#15285,39.3700787401575);
#9442=VECTOR('',#15292,39.3700787401575);
#9443=VECTOR('',#15293,39.3700787401575);
#9444=VECTOR('',#15296,39.3700787401575);
#9445=VECTOR('',#15301,39.3700787401575);
#9446=VECTOR('',#15306,39.3700787401575);
#9447=VECTOR('',#15309,39.3700787401575);
#9448=VECTOR('',#15316,39.3700787401575);
#9449=VECTOR('',#15319,39.3700787401575);
#9450=VECTOR('',#15326,39.3700787401575);
#9451=VECTOR('',#15329,39.3700787401575);
#9452=VECTOR('',#15336,39.3700787401575);
#9453=VECTOR('',#15339,39.3700787401575);
#9454=VECTOR('',#15346,39.3700787401575);
#9455=VECTOR('',#15349,39.3700787401575);
#9456=VECTOR('',#15356,39.3700787401575);
#9457=VECTOR('',#15359,39.3700787401575);
#9458=VECTOR('',#15366,39.3700787401575);
#9459=VECTOR('',#15369,39.3700787401575);
#9460=VECTOR('',#15376,39.3700787401575);
#9461=VECTOR('',#15379,39.3700787401575);
#9462=VECTOR('',#15390,39.3700787401575);
#9463=VECTOR('',#15393,39.3700787401575);
#9464=VECTOR('',#15396,39.3700787401575);
#9465=VECTOR('',#15397,39.3700787401575);
#9466=VECTOR('',#15400,39.3700787401575);
#9467=VECTOR('',#15403,39.3700787401575);
#9468=VECTOR('',#15406,39.3700787401575);
#9469=VECTOR('',#15409,39.3700787401575);
#9470=VECTOR('',#15412,39.3700787401575);
#9471=VECTOR('',#15415,39.3700787401575);
#9472=VECTOR('',#15418,39.3700787401575);
#9473=VECTOR('',#15421,39.3700787401575);
#9474=VECTOR('',#15430,39.3700787401575);
#9475=VECTOR('',#15431,39.3700787401575);
#9476=VECTOR('',#15434,39.3700787401575);
#9477=VECTOR('',#15437,39.3700787401575);
#9478=VECTOR('',#15440,39.3700787401575);
#9479=VECTOR('',#15443,39.3700787401575);
#9480=VECTOR('',#15446,39.3700787401575);
#9481=VECTOR('',#15449,39.3700787401575);
#9482=VECTOR('',#15452,39.3700787401575);
#9483=VECTOR('',#15455,39.3700787401575);
#9484=VECTOR('',#15464,39.3700787401575);
#9485=VECTOR('',#15465,39.3700787401575);
#9486=VECTOR('',#15468,39.3700787401575);
#9487=VECTOR('',#15471,39.3700787401575);
#9488=VECTOR('',#15474,39.3700787401575);
#9489=VECTOR('',#15477,39.3700787401575);
#9490=VECTOR('',#15480,39.3700787401575);
#9491=VECTOR('',#15483,39.3700787401575);
#9492=VECTOR('',#15486,39.3700787401575);
#9493=VECTOR('',#15489,39.3700787401575);
#9494=VECTOR('',#15498,39.3700787401575);
#9495=VECTOR('',#15499,39.3700787401575);
#9496=VECTOR('',#15502,39.3700787401575);
#9497=VECTOR('',#15505,39.3700787401575);
#9498=VECTOR('',#15508,39.3700787401575);
#9499=VECTOR('',#15511,39.3700787401575);
#9500=VECTOR('',#15514,39.3700787401575);
#9501=VECTOR('',#15517,39.3700787401575);
#9502=VECTOR('',#15520,39.3700787401575);
#9503=VECTOR('',#15523,39.3700787401575);
#9504=VECTOR('',#15532,39.3700787401575);
#9505=VECTOR('',#15533,39.3700787401575);
#9506=VECTOR('',#15536,39.3700787401575);
#9507=VECTOR('',#15539,39.3700787401575);
#9508=VECTOR('',#15542,39.3700787401575);
#9509=VECTOR('',#15545,39.3700787401575);
#9510=VECTOR('',#15548,39.3700787401575);
#9511=VECTOR('',#15551,39.3700787401575);
#9512=VECTOR('',#15554,39.3700787401575);
#9513=VECTOR('',#15557,39.3700787401575);
#9514=VECTOR('',#15566,39.3700787401575);
#9515=VECTOR('',#15567,39.3700787401575);
#9516=VECTOR('',#15570,39.3700787401575);
#9517=VECTOR('',#15573,39.3700787401575);
#9518=VECTOR('',#15576,39.3700787401575);
#9519=VECTOR('',#15579,39.3700787401575);
#9520=VECTOR('',#15582,39.3700787401575);
#9521=VECTOR('',#15585,39.3700787401575);
#9522=VECTOR('',#15588,39.3700787401575);
#9523=VECTOR('',#15591,39.3700787401575);
#9524=VECTOR('',#15600,39.3700787401575);
#9525=VECTOR('',#15601,39.3700787401575);
#9526=VECTOR('',#15604,39.3700787401575);
#9527=VECTOR('',#15607,39.3700787401575);
#9528=VECTOR('',#15610,39.3700787401575);
#9529=VECTOR('',#15613,39.3700787401575);
#9530=VECTOR('',#15616,39.3700787401575);
#9531=VECTOR('',#15619,39.3700787401575);
#9532=VECTOR('',#15622,39.3700787401575);
#9533=VECTOR('',#15625,39.3700787401575);
#9534=VECTOR('',#15634,39.3700787401575);
#9535=VECTOR('',#15635,39.3700787401575);
#9536=VECTOR('',#15638,39.3700787401575);
#9537=VECTOR('',#15641,39.3700787401575);
#9538=VECTOR('',#15644,39.3700787401575);
#9539=VECTOR('',#15647,39.3700787401575);
#9540=VECTOR('',#15650,39.3700787401575);
#9541=VECTOR('',#15653,39.3700787401575);
#9542=VECTOR('',#15656,39.3700787401575);
#9543=VECTOR('',#15659,39.3700787401575);
#9544=VECTOR('',#15668,39.3700787401575);
#9545=VECTOR('',#15669,39.3700787401575);
#9546=VECTOR('',#15672,39.3700787401575);
#9547=VECTOR('',#15675,39.3700787401575);
#9548=VECTOR('',#15678,39.3700787401575);
#9549=VECTOR('',#15681,39.3700787401575);
#9550=VECTOR('',#15684,39.3700787401575);
#9551=VECTOR('',#15687,39.3700787401575);
#9552=VECTOR('',#15690,39.3700787401575);
#9553=VECTOR('',#15693,39.3700787401575);
#9554=VECTOR('',#15702,39.3700787401575);
#9555=VECTOR('',#15703,39.3700787401575);
#9556=VECTOR('',#15706,39.3700787401575);
#9557=VECTOR('',#15713,39.3700787401575);
#9558=VECTOR('',#15716,39.3700787401575);
#9559=VECTOR('',#15719,39.3700787401575);
#9560=VECTOR('',#15726,39.3700787401575);
#9561=VECTOR('',#15727,39.3700787401575);
#9562=VECTOR('',#15728,39.3700787401575);
#9563=VECTOR('',#15729,39.3700787401575);
#9564=VECTOR('',#15732,39.3700787401575);
#9565=VECTOR('',#15733,39.3700787401575);
#9566=VECTOR('',#15734,39.3700787401575);
#9567=VECTOR('',#15735,39.3700787401575);
#9568=VECTOR('',#15736,39.3700787401575);
#9569=VECTOR('',#15737,39.3700787401575);
#9570=VECTOR('',#15740,39.3700787401575);
#9571=VECTOR('',#15741,39.3700787401575);
#9572=VECTOR('',#15742,39.3700787401575);
#9573=VECTOR('',#15743,39.3700787401575);
#9574=VECTOR('',#15746,39.3700787401575);
#9575=VECTOR('',#15747,39.3700787401575);
#9576=VECTOR('',#15748,39.3700787401575);
#9577=VECTOR('',#15749,39.3700787401575);
#9578=VECTOR('',#15750,39.3700787401575);
#9579=VECTOR('',#15751,39.3700787401575);
#9580=VECTOR('',#15754,39.3700787401575);
#9581=VECTOR('',#15755,39.3700787401575);
#9582=VECTOR('',#15756,39.3700787401575);
#9583=VECTOR('',#15757,39.3700787401575);
#9584=VECTOR('',#15760,39.3700787401575);
#9585=VECTOR('',#15761,39.3700787401575);
#9586=VECTOR('',#15762,39.3700787401575);
#9587=VECTOR('',#15763,39.3700787401575);
#9588=VECTOR('',#15764,39.3700787401575);
#9589=VECTOR('',#15765,39.3700787401575);
#9590=VECTOR('',#15768,39.3700787401575);
#9591=VECTOR('',#15769,39.3700787401575);
#9592=VECTOR('',#15770,39.3700787401575);
#9593=VECTOR('',#15771,39.3700787401575);
#9594=VECTOR('',#15774,39.3700787401575);
#9595=VECTOR('',#15775,39.3700787401575);
#9596=VECTOR('',#15776,39.3700787401575);
#9597=VECTOR('',#15777,39.3700787401575);
#9598=VECTOR('',#15778,39.3700787401575);
#9599=VECTOR('',#15779,39.3700787401575);
#9600=VECTOR('',#15782,39.3700787401575);
#9601=VECTOR('',#15783,39.3700787401575);
#9602=VECTOR('',#15784,39.3700787401575);
#9603=VECTOR('',#15785,39.3700787401575);
#9604=VECTOR('',#15788,39.3700787401575);
#9605=VECTOR('',#15789,39.3700787401575);
#9606=VECTOR('',#15790,39.3700787401575);
#9607=VECTOR('',#15791,39.3700787401575);
#9608=VECTOR('',#15792,39.3700787401575);
#9609=VECTOR('',#15793,39.3700787401575);
#9610=VECTOR('',#15796,39.3700787401575);
#9611=VECTOR('',#15797,39.3700787401575);
#9612=VECTOR('',#15798,39.3700787401575);
#9613=VECTOR('',#15799,39.3700787401575);
#9614=VECTOR('',#15802,39.3700787401575);
#9615=VECTOR('',#15803,39.3700787401575);
#9616=VECTOR('',#15804,39.3700787401575);
#9617=VECTOR('',#15805,39.3700787401575);
#9618=VECTOR('',#15806,39.3700787401575);
#9619=VECTOR('',#15807,39.3700787401575);
#9620=VECTOR('',#15810,39.3700787401575);
#9621=VECTOR('',#15811,39.3700787401575);
#9622=VECTOR('',#15812,39.3700787401575);
#9623=VECTOR('',#15813,39.3700787401575);
#9624=VECTOR('',#15816,39.3700787401575);
#9625=VECTOR('',#15817,39.3700787401575);
#9626=VECTOR('',#15818,39.3700787401575);
#9627=VECTOR('',#15819,39.3700787401575);
#9628=VECTOR('',#15820,39.3700787401575);
#9629=VECTOR('',#15821,39.3700787401575);
#9630=VECTOR('',#15824,39.3700787401575);
#9631=VECTOR('',#15825,39.3700787401575);
#9632=VECTOR('',#15826,39.3700787401575);
#9633=VECTOR('',#15827,39.3700787401575);
#9634=VECTOR('',#15830,39.3700787401575);
#9635=VECTOR('',#15831,39.3700787401575);
#9636=VECTOR('',#15832,39.3700787401575);
#9637=VECTOR('',#15833,39.3700787401575);
#9638=VECTOR('',#15834,39.3700787401575);
#9639=VECTOR('',#15835,39.3700787401575);
#9640=VECTOR('',#15838,39.3700787401575);
#9641=VECTOR('',#15839,39.3700787401575);
#9642=VECTOR('',#15840,39.3700787401575);
#9643=VECTOR('',#15841,39.3700787401575);
#9644=VECTOR('',#15844,39.3700787401575);
#9645=VECTOR('',#15845,39.3700787401575);
#9646=VECTOR('',#15846,39.3700787401575);
#9647=VECTOR('',#15847,39.3700787401575);
#9648=VECTOR('',#15848,39.3700787401575);
#9649=VECTOR('',#15849,39.3700787401575);
#9650=VECTOR('',#15852,39.3700787401575);
#9651=VECTOR('',#15853,39.3700787401575);
#9652=VECTOR('',#15854,39.3700787401575);
#9653=VECTOR('',#15855,39.3700787401575);
#9654=VECTOR('',#15858,39.3700787401575);
#9655=VECTOR('',#15859,39.3700787401575);
#9656=VECTOR('',#15860,39.3700787401575);
#9657=VECTOR('',#15861,39.3700787401575);
#9658=VECTOR('',#15862,39.3700787401575);
#9659=VECTOR('',#15863,39.3700787401575);
#9660=VECTOR('',#15866,39.3700787401575);
#9661=VECTOR('',#15867,39.3700787401575);
#9662=VECTOR('',#15868,39.3700787401575);
#9663=VECTOR('',#15869,39.3700787401575);
#9664=VECTOR('',#15870,39.3700787401575);
#9665=VECTOR('',#15871,39.3700787401575);
#9666=VECTOR('',#15872,39.3700787401575);
#9667=VECTOR('',#15873,39.3700787401575);
#9668=VECTOR('',#15874,39.3700787401575);
#9669=VECTOR('',#15877,39.3700787401575);
#9670=VECTOR('',#15880,39.3700787401575);
#9671=VECTOR('',#15881,39.3700787401575);
#9672=VECTOR('',#15882,39.3700787401575);
#9673=VECTOR('',#15883,39.3700787401575);
#9674=VECTOR('',#15884,39.3700787401575);
#9675=VECTOR('',#15885,39.3700787401575);
#9676=VECTOR('',#15886,39.3700787401575);
#9677=VECTOR('',#15887,39.3700787401575);
#9678=VECTOR('',#15888,39.3700787401575);
#9679=VECTOR('',#15891,39.3700787401575);
#9680=VECTOR('',#15894,39.3700787401575);
#9681=VECTOR('',#15895,39.3700787401575);
#9682=VECTOR('',#15896,39.3700787401575);
#9683=VECTOR('',#15897,39.3700787401575);
#9684=VECTOR('',#15898,39.3700787401575);
#9685=VECTOR('',#15899,39.3700787401575);
#9686=VECTOR('',#15900,39.3700787401575);
#9687=VECTOR('',#15901,39.3700787401575);
#9688=VECTOR('',#15902,39.3700787401575);
#9689=VECTOR('',#15905,39.3700787401575);
#9690=VECTOR('',#15908,39.3700787401575);
#9691=VECTOR('',#15909,39.3700787401575);
#9692=VECTOR('',#15910,39.3700787401575);
#9693=VECTOR('',#15911,39.3700787401575);
#9694=VECTOR('',#15912,39.3700787401575);
#9695=VECTOR('',#15913,39.3700787401575);
#9696=VECTOR('',#15914,39.3700787401575);
#9697=VECTOR('',#15915,39.3700787401575);
#9698=VECTOR('',#15916,39.3700787401575);
#9699=VECTOR('',#15919,39.3700787401575);
#9700=VECTOR('',#15922,39.3700787401575);
#9701=VECTOR('',#15923,39.3700787401575);
#9702=VECTOR('',#15924,39.3700787401575);
#9703=VECTOR('',#15925,39.3700787401575);
#9704=VECTOR('',#15926,39.3700787401575);
#9705=VECTOR('',#15927,39.3700787401575);
#9706=VECTOR('',#15928,39.3700787401575);
#9707=VECTOR('',#15929,39.3700787401575);
#9708=VECTOR('',#15930,39.3700787401575);
#9709=VECTOR('',#15933,39.3700787401575);
#9710=VECTOR('',#15936,39.3700787401575);
#9711=VECTOR('',#15937,39.3700787401575);
#9712=VECTOR('',#15938,39.3700787401575);
#9713=VECTOR('',#15939,39.3700787401575);
#9714=VECTOR('',#15940,39.3700787401575);
#9715=VECTOR('',#15941,39.3700787401575);
#9716=VECTOR('',#15942,39.3700787401575);
#9717=VECTOR('',#15943,39.3700787401575);
#9718=VECTOR('',#15944,39.3700787401575);
#9719=VECTOR('',#15947,39.3700787401575);
#9720=VECTOR('',#15950,39.3700787401575);
#9721=VECTOR('',#15951,39.3700787401575);
#9722=VECTOR('',#15952,39.3700787401575);
#9723=VECTOR('',#15953,39.3700787401575);
#9724=VECTOR('',#15954,39.3700787401575);
#9725=VECTOR('',#15955,39.3700787401575);
#9726=VECTOR('',#15956,39.3700787401575);
#9727=VECTOR('',#15957,39.3700787401575);
#9728=VECTOR('',#15958,39.3700787401575);
#9729=VECTOR('',#15961,39.3700787401575);
#9730=VECTOR('',#15964,39.3700787401575);
#9731=VECTOR('',#15965,39.3700787401575);
#9732=VECTOR('',#15966,39.3700787401575);
#9733=VECTOR('',#15967,39.3700787401575);
#9734=VECTOR('',#15968,39.3700787401575);
#9735=VECTOR('',#15969,39.3700787401575);
#9736=VECTOR('',#15970,39.3700787401575);
#9737=VECTOR('',#15971,39.3700787401575);
#9738=VECTOR('',#15972,39.3700787401575);
#9739=VECTOR('',#15975,39.3700787401575);
#9740=VECTOR('',#15978,39.3700787401575);
#9741=VECTOR('',#15979,39.3700787401575);
#9742=VECTOR('',#15980,39.3700787401575);
#9743=VECTOR('',#15981,39.3700787401575);
#9744=VECTOR('',#15982,39.3700787401575);
#9745=VECTOR('',#15983,39.3700787401575);
#9746=VECTOR('',#15984,39.3700787401575);
#9747=VECTOR('',#15985,39.3700787401575);
#9748=VECTOR('',#15986,39.3700787401575);
#9749=VECTOR('',#15989,39.3700787401575);
#9750=VECTOR('',#15992,39.3700787401575);
#9751=VECTOR('',#15993,39.3700787401575);
#9752=VECTOR('',#15994,39.3700787401575);
#9753=VECTOR('',#15995,39.3700787401575);
#9754=VECTOR('',#15996,39.3700787401575);
#9755=VECTOR('',#15997,39.3700787401575);
#9756=VECTOR('',#15998,39.3700787401575);
#9757=VECTOR('',#15999,39.3700787401575);
#9758=VECTOR('',#16000,39.3700787401575);
#9759=VECTOR('',#16003,39.3700787401575);
#9760=VECTOR('',#16006,39.3700787401575);
#9761=VECTOR('',#16007,39.3700787401575);
#9762=VECTOR('',#16010,39.3700787401575);
#9763=VECTOR('',#16011,39.3700787401575);
#9764=VECTOR('',#16014,39.3700787401575);
#9765=VECTOR('',#16015,39.3700787401575);
#9766=VECTOR('',#16018,39.3700787401575);
#9767=VECTOR('',#16019,39.3700787401575);
#9768=VECTOR('',#16022,39.3700787401575);
#9769=VECTOR('',#16023,39.3700787401575);
#9770=VECTOR('',#16026,39.3700787401575);
#9771=VECTOR('',#16027,39.3700787401575);
#9772=VECTOR('',#16030,39.3700787401575);
#9773=VECTOR('',#16031,39.3700787401575);
#9774=VECTOR('',#16034,39.3700787401575);
#9775=VECTOR('',#16035,39.3700787401575);
#9776=VECTOR('',#16038,39.3700787401575);
#9777=VECTOR('',#16039,39.3700787401575);
#9778=VECTOR('',#16042,39.3700787401575);
#9779=VECTOR('',#16043,39.3700787401575);
#9780=VECTOR('',#16046,39.3700787401575);
#9781=VECTOR('',#16047,39.3700787401575);
#9782=VECTOR('',#16048,39.3700787401575);
#9783=VECTOR('',#16049,39.3700787401575);
#9784=VECTOR('',#16050,39.3700787401575);
#9785=VECTOR('',#16051,39.3700787401575);
#9786=VECTOR('',#16052,39.3700787401575);
#9787=VECTOR('',#16055,39.3700787401575);
#9788=VECTOR('',#16056,39.3700787401575);
#9789=VECTOR('',#16057,39.3700787401575);
#9790=VECTOR('',#16058,39.3700787401575);
#9791=VECTOR('',#16059,39.3700787401575);
#9792=VECTOR('',#16060,39.3700787401575);
#9793=VECTOR('',#16061,39.3700787401575);
#9794=VECTOR('',#16062,39.3700787401575);
#9795=VECTOR('',#16063,39.3700787401575);
#9796=VECTOR('',#16064,39.3700787401575);
#9797=VECTOR('',#16067,39.3700787401575);
#9798=VECTOR('',#16068,39.3700787401575);
#9799=VECTOR('',#16069,39.3700787401575);
#9800=VECTOR('',#16070,39.3700787401575);
#9801=VECTOR('',#16071,39.3700787401575);
#9802=VECTOR('',#16072,39.3700787401575);
#9803=VECTOR('',#16073,39.3700787401575);
#9804=VECTOR('',#16074,39.3700787401575);
#9805=VECTOR('',#16075,39.3700787401575);
#9806=VECTOR('',#16076,39.3700787401575);
#9807=VECTOR('',#16079,39.3700787401575);
#9808=VECTOR('',#16080,39.3700787401575);
#9809=VECTOR('',#16081,39.3700787401575);
#9810=VECTOR('',#16082,39.3700787401575);
#9811=VECTOR('',#16083,39.3700787401575);
#9812=VECTOR('',#16084,39.3700787401575);
#9813=VECTOR('',#16085,39.3700787401575);
#9814=VECTOR('',#16086,39.3700787401575);
#9815=VECTOR('',#16087,39.3700787401575);
#9816=VECTOR('',#16088,39.3700787401575);
#9817=VECTOR('',#16091,39.3700787401575);
#9818=VECTOR('',#16092,39.3700787401575);
#9819=VECTOR('',#16093,39.3700787401575);
#9820=VECTOR('',#16094,39.3700787401575);
#9821=VECTOR('',#16095,39.3700787401575);
#9822=VECTOR('',#16096,39.3700787401575);
#9823=VECTOR('',#16097,39.3700787401575);
#9824=VECTOR('',#16098,39.3700787401575);
#9825=VECTOR('',#16099,39.3700787401575);
#9826=VECTOR('',#16100,39.3700787401575);
#9827=VECTOR('',#16103,39.3700787401575);
#9828=VECTOR('',#16104,39.3700787401575);
#9829=VECTOR('',#16105,39.3700787401575);
#9830=VECTOR('',#16106,39.3700787401575);
#9831=VECTOR('',#16107,39.3700787401575);
#9832=VECTOR('',#16108,39.3700787401575);
#9833=VECTOR('',#16109,39.3700787401575);
#9834=VECTOR('',#16110,39.3700787401575);
#9835=VECTOR('',#16111,39.3700787401575);
#9836=VECTOR('',#16112,39.3700787401575);
#9837=VECTOR('',#16115,39.3700787401575);
#9838=VECTOR('',#16116,39.3700787401575);
#9839=VECTOR('',#16117,39.3700787401575);
#9840=VECTOR('',#16118,39.3700787401575);
#9841=VECTOR('',#16119,39.3700787401575);
#9842=VECTOR('',#16120,39.3700787401575);
#9843=VECTOR('',#16121,39.3700787401575);
#9844=VECTOR('',#16122,39.3700787401575);
#9845=VECTOR('',#16123,39.3700787401575);
#9846=VECTOR('',#16124,39.3700787401575);
#9847=VECTOR('',#16127,39.3700787401575);
#9848=VECTOR('',#16128,39.3700787401575);
#9849=VECTOR('',#16129,39.3700787401575);
#9850=VECTOR('',#16130,39.3700787401575);
#9851=VECTOR('',#16131,39.3700787401575);
#9852=VECTOR('',#16132,39.3700787401575);
#9853=VECTOR('',#16133,39.3700787401575);
#9854=VECTOR('',#16134,39.3700787401575);
#9855=VECTOR('',#16135,39.3700787401575);
#9856=VECTOR('',#16136,39.3700787401575);
#9857=VECTOR('',#16139,39.3700787401575);
#9858=VECTOR('',#16140,39.3700787401575);
#9859=VECTOR('',#16141,39.3700787401575);
#9860=VECTOR('',#16142,39.3700787401575);
#9861=VECTOR('',#16143,39.3700787401575);
#9862=VECTOR('',#16144,39.3700787401575);
#9863=VECTOR('',#16145,39.3700787401575);
#9864=VECTOR('',#16146,39.3700787401575);
#9865=VECTOR('',#16147,39.3700787401575);
#9866=VECTOR('',#16148,39.3700787401575);
#9867=VECTOR('',#16151,39.3700787401575);
#9868=VECTOR('',#16152,39.3700787401575);
#9869=VECTOR('',#16153,39.3700787401575);
#9870=VECTOR('',#16154,39.3700787401575);
#9871=VECTOR('',#16155,39.3700787401575);
#9872=VECTOR('',#16156,39.3700787401575);
#9873=VECTOR('',#16157,39.3700787401575);
#9874=VECTOR('',#16158,39.3700787401575);
#9875=VECTOR('',#16159,39.3700787401575);
#9876=VECTOR('',#16160,39.3700787401575);
#9877=VECTOR('',#16163,39.3700787401575);
#9878=VECTOR('',#16168,39.3700787401575);
#9879=VECTOR('',#16171,39.3700787401575);
#9880=VECTOR('',#16174,39.3700787401575);
#9881=VECTOR('',#16177,39.3700787401575);
#9882=VECTOR('',#16180,39.3700787401575);
#9883=VECTOR('',#16183,39.3700787401575);
#9884=VECTOR('',#16186,39.3700787401575);
#9885=VECTOR('',#16189,39.3700787401575);
#9886=VECTOR('',#16192,39.3700787401575);
#9887=VECTOR('',#16195,39.3700787401575);
#9888=VECTOR('',#16196,39.3700787401575);
#9889=VECTOR('',#16197,39.3700787401575);
#9890=VECTOR('',#16198,39.3700787401575);
#9891=VECTOR('',#16201,39.3700787401575);
#9892=VECTOR('',#16206,39.3700787401575);
#9893=VECTOR('',#16207,39.3700787401575);
#9894=VECTOR('',#16208,39.3700787401575);
#9895=VECTOR('',#16209,39.3700787401575);
#9896=VECTOR('',#16210,39.3700787401575);
#9897=VECTOR('',#16211,39.3700787401575);
#9898=VECTOR('',#16212,39.3700787401575);
#9899=VECTOR('',#16213,39.3700787401575);
#9900=VECTOR('',#16214,39.3700787401575);
#9901=VECTOR('',#16215,39.3700787401575);
#9902=VECTOR('',#16216,39.3700787401575);
#9903=VECTOR('',#16217,39.3700787401575);
#9904=VECTOR('',#16218,39.3700787401575);
#9905=VECTOR('',#16219,39.3700787401575);
#9906=VECTOR('',#16222,39.3700787401575);
#9907=VECTOR('',#16225,39.3700787401575);
#9908=VECTOR('',#16226,39.3700787401575);
#9909=VECTOR('',#16227,39.3700787401575);
#9910=VECTOR('',#16228,39.3700787401575);
#9911=VECTOR('',#16231,39.3700787401575);
#9912=VECTOR('',#16232,39.3700787401575);
#9913=VECTOR('',#16233,39.3700787401575);
#9914=VECTOR('',#16236,39.3700787401575);
#9915=VECTOR('',#16237,39.3700787401575);
#9916=VECTOR('',#16238,39.3700787401575);
#9917=VECTOR('',#16239,39.3700787401575);
#9918=VECTOR('',#16240,39.3700787401575);
#9919=VECTOR('',#16241,39.3700787401575);
#9920=VECTOR('',#16242,39.3700787401575);
#9921=VECTOR('',#16243,39.3700787401575);
#9922=VECTOR('',#16246,39.3700787401575);
#9923=VECTOR('',#16247,39.3700787401575);
#9924=VECTOR('',#16248,39.3700787401575);
#9925=VECTOR('',#16249,39.3700787401575);
#9926=VECTOR('',#16250,39.3700787401575);
#9927=VECTOR('',#16251,39.3700787401575);
#9928=VECTOR('',#16252,39.3700787401575);
#9929=VECTOR('',#16253,39.3700787401575);
#9930=VECTOR('',#16256,39.3700787401575);
#9931=VECTOR('',#16257,39.3700787401575);
#9932=VECTOR('',#16258,39.3700787401575);
#9933=VECTOR('',#16259,39.3700787401575);
#9934=VECTOR('',#16260,39.3700787401575);
#9935=VECTOR('',#16261,39.3700787401575);
#9936=VECTOR('',#16262,39.3700787401575);
#9937=VECTOR('',#16263,39.3700787401575);
#9938=VECTOR('',#16266,39.3700787401575);
#9939=VECTOR('',#16267,39.3700787401575);
#9940=VECTOR('',#16268,39.3700787401575);
#9941=VECTOR('',#16269,39.3700787401575);
#9942=VECTOR('',#16270,39.3700787401575);
#9943=VECTOR('',#16271,39.3700787401575);
#9944=VECTOR('',#16272,39.3700787401575);
#9945=VECTOR('',#16273,39.3700787401575);
#9946=VECTOR('',#16276,39.3700787401575);
#9947=VECTOR('',#16277,39.3700787401575);
#9948=VECTOR('',#16278,39.3700787401575);
#9949=VECTOR('',#16279,39.3700787401575);
#9950=VECTOR('',#16280,39.3700787401575);
#9951=VECTOR('',#16281,39.3700787401575);
#9952=VECTOR('',#16282,39.3700787401575);
#9953=VECTOR('',#16283,39.3700787401575);
#9954=VECTOR('',#16286,39.3700787401575);
#9955=VECTOR('',#16287,39.3700787401575);
#9956=VECTOR('',#16288,39.3700787401575);
#9957=VECTOR('',#16289,39.3700787401575);
#9958=VECTOR('',#16290,39.3700787401575);
#9959=VECTOR('',#16291,39.3700787401575);
#9960=VECTOR('',#16292,39.3700787401575);
#9961=VECTOR('',#16293,39.3700787401575);
#9962=VECTOR('',#16296,39.3700787401575);
#9963=VECTOR('',#16297,39.3700787401575);
#9964=VECTOR('',#16298,39.3700787401575);
#9965=VECTOR('',#16299,39.3700787401575);
#9966=VECTOR('',#16300,39.3700787401575);
#9967=VECTOR('',#16301,39.3700787401575);
#9968=VECTOR('',#16302,39.3700787401575);
#9969=VECTOR('',#16303,39.3700787401575);
#9970=VECTOR('',#16306,39.3700787401575);
#9971=VECTOR('',#16307,39.3700787401575);
#9972=VECTOR('',#16308,39.3700787401575);
#9973=VECTOR('',#16309,39.3700787401575);
#9974=VECTOR('',#16310,39.3700787401575);
#9975=VECTOR('',#16311,39.3700787401575);
#9976=VECTOR('',#16312,39.3700787401575);
#9977=VECTOR('',#16313,39.3700787401575);
#9978=VECTOR('',#16316,39.3700787401575);
#9979=VECTOR('',#16317,39.3700787401575);
#9980=VECTOR('',#16318,39.3700787401575);
#9981=VECTOR('',#16319,39.3700787401575);
#9982=VECTOR('',#16320,39.3700787401575);
#9983=VECTOR('',#16321,39.3700787401575);
#9984=VECTOR('',#16322,39.3700787401575);
#9985=VECTOR('',#16323,39.3700787401575);
#9986=VECTOR('',#16326,39.3700787401575);
#9987=VECTOR('',#16327,39.3700787401575);
#9988=VECTOR('',#16328,39.3700787401575);
#9989=VECTOR('',#16329,39.3700787401575);
#9990=VECTOR('',#16330,39.3700787401575);
#9991=VECTOR('',#16331,39.3700787401575);
#9992=VECTOR('',#16332,39.3700787401575);
#9993=VECTOR('',#16333,39.3700787401575);
#9994=VECTOR('',#16334,39.3700787401575);
#9995=VECTOR('',#16337,39.3700787401575);
#9996=VECTOR('',#16338,39.3700787401575);
#9997=VECTOR('',#16339,39.3700787401575);
#9998=VECTOR('',#16342,39.3700787401575);
#9999=VECTOR('',#16343,39.3700787401575);
#10000=VECTOR('',#16344,39.3700787401575);
#10001=VECTOR('',#16345,39.3700787401575);
#10002=VECTOR('',#16346,39.3700787401575);
#10003=VECTOR('',#16349,39.3700787401575);
#10004=VECTOR('',#16350,39.3700787401575);
#10005=VECTOR('',#16351,39.3700787401575);
#10006=VECTOR('',#16352,39.3700787401575);
#10007=VECTOR('',#16353,39.3700787401575);
#10008=VECTOR('',#16354,39.3700787401575);
#10009=VECTOR('',#16355,39.3700787401575);
#10010=VECTOR('',#16356,39.3700787401575);
#10011=VECTOR('',#16357,39.3700787401575);
#10012=VECTOR('',#16358,39.3700787401575);
#10013=VECTOR('',#16363,39.3700787401575);
#10014=VECTOR('',#16366,39.3700787401575);
#10015=VECTOR('',#16369,39.3700787401575);
#10016=VECTOR('',#16370,39.3700787401575);
#10017=VECTOR('',#16371,39.3700787401575);
#10018=VECTOR('',#16372,39.3700787401575);
#10019=VECTOR('',#16373,39.3700787401575);
#10020=VECTOR('',#16374,39.3700787401575);
#10021=VECTOR('',#16375,39.3700787401575);
#10022=VECTOR('',#16376,39.3700787401575);
#10023=VECTOR('',#16377,39.3700787401575);
#10024=VECTOR('',#16378,39.3700787401575);
#10025=VECTOR('',#16379,39.3700787401575);
#10026=VECTOR('',#16380,39.3700787401575);
#10027=VECTOR('',#16381,39.3700787401575);
#10028=VECTOR('',#16382,39.3700787401575);
#10029=VECTOR('',#16383,39.3700787401575);
#10030=VECTOR('',#16384,39.3700787401575);
#10031=VECTOR('',#16385,39.3700787401575);
#10032=VECTOR('',#16386,39.3700787401575);
#10033=VECTOR('',#16387,39.3700787401575);
#10034=VECTOR('',#16388,39.3700787401575);
#10035=VECTOR('',#16389,39.3700787401575);
#10036=VECTOR('',#16390,39.3700787401575);
#10037=VECTOR('',#16391,39.3700787401575);
#10038=VECTOR('',#16392,39.3700787401575);
#10039=VECTOR('',#16393,39.3700787401575);
#10040=VECTOR('',#16394,39.3700787401575);
#10041=VECTOR('',#16395,39.3700787401575);
#10042=VECTOR('',#16396,39.3700787401575);
#10043=VECTOR('',#16397,39.3700787401575);
#10044=VECTOR('',#16398,39.3700787401575);
#10045=VECTOR('',#16399,39.3700787401575);
#10046=VECTOR('',#16426,39.3700787401575);
#10047=VECTOR('',#16429,39.3700787401575);
#10048=VECTOR('',#16434,39.3700787401575);
#10049=VECTOR('',#16437,39.3700787401575);
#10050=VECTOR('',#16442,39.3700787401575);
#10051=VECTOR('',#16445,39.3700787401575);
#10052=VECTOR('',#16450,39.3700787401575);
#10053=VECTOR('',#16453,39.3700787401575);
#10054=VECTOR('',#16458,39.3700787401575);
#10055=VECTOR('',#16461,39.3700787401575);
#10056=VECTOR('',#16466,39.3700787401575);
#10057=VECTOR('',#16469,39.3700787401575);
#10058=VECTOR('',#16474,39.3700787401575);
#10059=VECTOR('',#16477,39.3700787401575);
#10060=VECTOR('',#16482,39.3700787401575);
#10061=VECTOR('',#16485,39.3700787401575);
#10062=VECTOR('',#16490,39.3700787401575);
#10063=VECTOR('',#16493,39.3700787401575);
#10064=VECTOR('',#16498,39.3700787401575);
#10065=VECTOR('',#16501,39.3700787401575);
#10066=VECTOR('',#16506,39.3700787401575);
#10067=VECTOR('',#16511,39.3700787401575);
#10068=VECTOR('',#16516,39.3700787401575);
#10069=VECTOR('',#16521,39.3700787401575);
#10070=VECTOR('',#16526,39.3700787401575);
#10071=VECTOR('',#16531,39.3700787401575);
#10072=VECTOR('',#16536,39.3700787401575);
#10073=VECTOR('',#16541,39.3700787401575);
#10074=VECTOR('',#16546,39.3700787401575);
#10075=VECTOR('',#16551,39.3700787401575);
#10076=VECTOR('',#16568,39.3700787401575);
#10077=VECTOR('',#16569,39.3700787401575);
#10078=VECTOR('',#16570,39.3700787401575);
#10079=VECTOR('',#16573,39.3700787401575);
#10080=VECTOR('',#16578,39.3700787401575);
#10081=VECTOR('',#16579,39.3700787401575);
#10082=VECTOR('',#16588,39.3700787401575);
#10083=VECTOR('',#16589,39.3700787401575);
#10084=VECTOR('',#16590,39.3700787401575);
#10085=VECTOR('',#16595,39.3700787401575);
#10086=VECTOR('',#16598,39.3700787401575);
#10087=VECTOR('',#16599,39.3700787401575);
#10088=VECTOR('',#16608,39.3700787401575);
#10089=VECTOR('',#16609,39.3700787401575);
#10090=VECTOR('',#16610,39.3700787401575);
#10091=VECTOR('',#16613,39.3700787401575);
#10092=VECTOR('',#16614,39.3700787401575);
#10093=VECTOR('',#16617,39.3700787401575);
#10094=VECTOR('',#16622,39.3700787401575);
#10095=VECTOR('',#16623,39.3700787401575);
#10096=VECTOR('',#16626,39.3700787401575);
#10097=VECTOR('',#16631,39.3700787401575);
#10098=VECTOR('',#16632,39.3700787401575);
#10099=VECTOR('',#16635,39.3700787401575);
#10100=VECTOR('',#16640,39.3700787401575);
#10101=VECTOR('',#16641,39.3700787401575);
#10102=VECTOR('',#16644,39.3700787401575);
#10103=VECTOR('',#16649,39.3700787401575);
#10104=VECTOR('',#16650,39.3700787401575);
#10105=VECTOR('',#16653,39.3700787401575);
#10106=VECTOR('',#16658,39.3700787401575);
#10107=VECTOR('',#16659,39.3700787401575);
#10108=VECTOR('',#16662,39.3700787401575);
#10109=VECTOR('',#16667,39.3700787401575);
#10110=VECTOR('',#16668,39.3700787401575);
#10111=VECTOR('',#16671,39.3700787401575);
#10112=VECTOR('',#16676,39.3700787401575);
#10113=VECTOR('',#16677,39.3700787401575);
#10114=VECTOR('',#16680,39.3700787401575);
#10115=VECTOR('',#16685,39.3700787401575);
#10116=VECTOR('',#16686,39.3700787401575);
#10117=VECTOR('',#16689,39.3700787401575);
#10118=VECTOR('',#16694,39.3700787401575);
#10119=VECTOR('',#16695,39.3700787401575);
#10120=VECTOR('',#16698,39.3700787401575);
#10121=VECTOR('',#16703,39.3700787401575);
#10122=VECTOR('',#16704,39.3700787401575);
#10123=VECTOR('',#16707,39.3700787401575);
#10124=VECTOR('',#16712,39.3700787401575);
#10125=VECTOR('',#16713,39.3700787401575);
#10126=VECTOR('',#16716,39.3700787401575);
#10127=VECTOR('',#16721,39.3700787401575);
#10128=VECTOR('',#16722,39.3700787401575);
#10129=VECTOR('',#16725,39.3700787401575);
#10130=VECTOR('',#16730,39.3700787401575);
#10131=VECTOR('',#16731,39.3700787401575);
#10132=VECTOR('',#16734,39.3700787401575);
#10133=VECTOR('',#16739,39.3700787401575);
#10134=VECTOR('',#16740,39.3700787401575);
#10135=VECTOR('',#16743,39.3700787401575);
#10136=VECTOR('',#16748,39.3700787401575);
#10137=VECTOR('',#16749,39.3700787401575);
#10138=VECTOR('',#16752,39.3700787401575);
#10139=VECTOR('',#16757,39.3700787401575);
#10140=VECTOR('',#16758,39.3700787401575);
#10141=VECTOR('',#16761,39.3700787401575);
#10142=VECTOR('',#16766,39.3700787401575);
#10143=VECTOR('',#16767,39.3700787401575);
#10144=VECTOR('',#16770,39.3700787401575);
#10145=VECTOR('',#16775,39.3700787401575);
#10146=VECTOR('',#16776,39.3700787401575);
#10147=VECTOR('',#16779,39.3700787401575);
#10148=VECTOR('',#16784,39.3700787401575);
#10149=VECTOR('',#16785,39.3700787401575);
#10150=VECTOR('',#16788,39.3700787401575);
#10151=VECTOR('',#16793,39.3700787401575);
#10152=VECTOR('',#16794,39.3700787401575);
#10153=VECTOR('',#16797,39.3700787401575);
#10154=EDGE_LOOP('',(#468,#469,#470,#471));
#10155=EDGE_LOOP('',(#472,#473,#474,#475));
#10156=EDGE_LOOP('',(#476,#477,#478,#479));
#10157=EDGE_LOOP('',(#480,#481,#482));
#10158=EDGE_LOOP('',(#483,#484,#485));
#10159=EDGE_LOOP('',(#486,#487,#488));
#10160=EDGE_LOOP('',(#489,#490,#491,#492));
#10161=EDGE_LOOP('',(#493,#494,#495,#496));
#10162=EDGE_LOOP('',(#497,#498,#499,#500));
#10163=EDGE_LOOP('',(#501,#502,#503));
#10164=EDGE_LOOP('',(#504,#505,#506,#507));
#10165=EDGE_LOOP('',(#508,#509,#510,#511));
#10166=EDGE_LOOP('',(#512,#513,#514,#515));
#10167=EDGE_LOOP('',(#516,#517,#518,#519));
#10168=EDGE_LOOP('',(#520,#521,#522,#523));
#10169=EDGE_LOOP('',(#524,#525,#526,#527));
#10170=EDGE_LOOP('',(#528,#529,#530,#531));
#10171=EDGE_LOOP('',(#532,#533,#534,#535));
#10172=EDGE_LOOP('',(#536,#537,#538,#539));
#10173=EDGE_LOOP('',(#540,#541,#542,#543));
#10174=EDGE_LOOP('',(#544,#545,#546,#547));
#10175=EDGE_LOOP('',(#548,#549,#550,#551));
#10176=EDGE_LOOP('',(#552,#553,#554,#555));
#10177=EDGE_LOOP('',(#556,#557,#558,#559));
#10178=EDGE_LOOP('',(#560,#561,#562,#563));
#10179=EDGE_LOOP('',(#564,#565,#566,#567));
#10180=EDGE_LOOP('',(#568,#569,#570,#571));
#10181=EDGE_LOOP('',(#572,#573,#574,#575));
#10182=EDGE_LOOP('',(#576,#577,#578,#579));
#10183=EDGE_LOOP('',(#580,#581,#582,#583));
#10184=EDGE_LOOP('',(#584,#585,#586,#587));
#10185=EDGE_LOOP('',(#588,#589,#590,#591));
#10186=EDGE_LOOP('',(#592,#593,#594,#595));
#10187=EDGE_LOOP('',(#596,#597,#598,#599));
#10188=EDGE_LOOP('',(#600,#601,#602,#603));
#10189=EDGE_LOOP('',(#604,#605,#606,#607));
#10190=EDGE_LOOP('',(#608,#609,#610,#611));
#10191=EDGE_LOOP('',(#612,#613,#614,#615));
#10192=EDGE_LOOP('',(#616,#617,#618,#619));
#10193=EDGE_LOOP('',(#620,#621,#622,#623));
#10194=EDGE_LOOP('',(#624,#625,#626,#627));
#10195=EDGE_LOOP('',(#628,#629,#630,#631));
#10196=EDGE_LOOP('',(#632,#633,#634,#635));
#10197=EDGE_LOOP('',(#636,#637,#638,#639));
#10198=EDGE_LOOP('',(#640,#641,#642,#643));
#10199=EDGE_LOOP('',(#644,#645,#646,#647));
#10200=EDGE_LOOP('',(#648,#649,#650,#651));
#10201=EDGE_LOOP('',(#652,#653,#654,#655));
#10202=EDGE_LOOP('',(#656,#657,#658,#659));
#10203=EDGE_LOOP('',(#660,#661,#662,#663));
#10204=EDGE_LOOP('',(#664,#665,#666,#667));
#10205=EDGE_LOOP('',(#668,#669,#670,#671));
#10206=EDGE_LOOP('',(#672,#673,#674,#675));
#10207=EDGE_LOOP('',(#676,#677,#678,#679));
#10208=EDGE_LOOP('',(#680,#681,#682,#683));
#10209=EDGE_LOOP('',(#684,#685,#686,#687));
#10210=EDGE_LOOP('',(#688,#689,#690,#691));
#10211=EDGE_LOOP('',(#692,#693,#694,#695));
#10212=EDGE_LOOP('',(#696,#697,#698,#699));
#10213=EDGE_LOOP('',(#700,#701,#702,#703));
#10214=EDGE_LOOP('',(#704,#705,#706,#707));
#10215=EDGE_LOOP('',(#708,#709,#710,#711));
#10216=EDGE_LOOP('',(#712,#713,#714,#715));
#10217=EDGE_LOOP('',(#716,#717,#718,#719));
#10218=EDGE_LOOP('',(#720,#721,#722,#723));
#10219=EDGE_LOOP('',(#724,#725,#726,#727));
#10220=EDGE_LOOP('',(#728,#729,#730,#731));
#10221=EDGE_LOOP('',(#732,#733,#734,#735));
#10222=EDGE_LOOP('',(#736,#737,#738,#739));
#10223=EDGE_LOOP('',(#740,#741,#742,#743));
#10224=EDGE_LOOP('',(#744,#745,#746,#747));
#10225=EDGE_LOOP('',(#748,#749,#750,#751));
#10226=EDGE_LOOP('',(#752,#753,#754,#755));
#10227=EDGE_LOOP('',(#756,#757,#758,#759));
#10228=EDGE_LOOP('',(#760,#761,#762,#763));
#10229=EDGE_LOOP('',(#764,#765,#766,#767));
#10230=EDGE_LOOP('',(#768,#769,#770,#771));
#10231=EDGE_LOOP('',(#772,#773,#774,#775));
#10232=EDGE_LOOP('',(#776,#777,#778,#779));
#10233=EDGE_LOOP('',(#780,#781,#782,#783));
#10234=EDGE_LOOP('',(#784,#785,#786,#787));
#10235=EDGE_LOOP('',(#788,#789,#790,#791));
#10236=EDGE_LOOP('',(#792,#793,#794,#795));
#10237=EDGE_LOOP('',(#796,#797,#798,#799));
#10238=EDGE_LOOP('',(#800,#801,#802,#803));
#10239=EDGE_LOOP('',(#804,#805,#806,#807));
#10240=EDGE_LOOP('',(#808,#809,#810,#811));
#10241=EDGE_LOOP('',(#812,#813,#814,#815));
#10242=EDGE_LOOP('',(#816,#817,#818,#819));
#10243=EDGE_LOOP('',(#820,#821,#822,#823));
#10244=EDGE_LOOP('',(#824,#825,#826,#827));
#10245=EDGE_LOOP('',(#828,#829,#830,#831));
#10246=EDGE_LOOP('',(#832,#833,#834,#835));
#10247=EDGE_LOOP('',(#836,#837,#838,#839));
#10248=EDGE_LOOP('',(#840,#841,#842,#843));
#10249=EDGE_LOOP('',(#844,#845,#846,#847));
#10250=EDGE_LOOP('',(#848,#849,#850,#851));
#10251=EDGE_LOOP('',(#852,#853,#854,#855));
#10252=EDGE_LOOP('',(#856,#857,#858,#859));
#10253=EDGE_LOOP('',(#860,#861,#862,#863));
#10254=EDGE_LOOP('',(#864,#865,#866,#867));
#10255=EDGE_LOOP('',(#868,#869,#870,#871));
#10256=EDGE_LOOP('',(#872,#873,#874,#875));
#10257=EDGE_LOOP('',(#876,#877,#878,#879));
#10258=EDGE_LOOP('',(#880,#881,#882,#883));
#10259=EDGE_LOOP('',(#884,#885,#886,#887));
#10260=EDGE_LOOP('',(#888,#889,#890,#891));
#10261=EDGE_LOOP('',(#892,#893,#894,#895));
#10262=EDGE_LOOP('',(#896,#897,#898,#899));
#10263=EDGE_LOOP('',(#900,#901,#902,#903));
#10264=EDGE_LOOP('',(#904,#905,#906,#907));
#10265=EDGE_LOOP('',(#908,#909,#910,#911));
#10266=EDGE_LOOP('',(#912,#913,#914,#915));
#10267=EDGE_LOOP('',(#916,#917,#918,#919));
#10268=EDGE_LOOP('',(#920,#921,#922,#923));
#10269=EDGE_LOOP('',(#924,#925,#926,#927));
#10270=EDGE_LOOP('',(#928,#929,#930,#931));
#10271=EDGE_LOOP('',(#932,#933,#934,#935));
#10272=EDGE_LOOP('',(#936,#937,#938,#939));
#10273=EDGE_LOOP('',(#940,#941,#942,#943));
#10274=EDGE_LOOP('',(#944,#945,#946,#947));
#10275=EDGE_LOOP('',(#948,#949,#950,#951));
#10276=EDGE_LOOP('',(#952,#953,#954,#955));
#10277=EDGE_LOOP('',(#956,#957,#958,#959));
#10278=EDGE_LOOP('',(#960,#961,#962,#963));
#10279=EDGE_LOOP('',(#964,#965,#966,#967));
#10280=EDGE_LOOP('',(#968,#969,#970,#971));
#10281=EDGE_LOOP('',(#972,#973,#974,#975,#976,#977,#978,#979,#980,#981));
#10282=EDGE_LOOP('',(#982,#983,#984,#985,#986,#987,#988,#989,#990,#991));
#10283=EDGE_LOOP('',(#992,#993,#994,#995,#996,#997,#998,#999,#1000,#1001));
#10284=EDGE_LOOP('',(#1002,#1003,#1004,#1005,#1006,#1007,#1008,#1009,#1010,
#1011));
#10285=EDGE_LOOP('',(#1012,#1013,#1014,#1015,#1016,#1017,#1018,#1019,#1020,
#1021));
#10286=EDGE_LOOP('',(#1022,#1023,#1024,#1025,#1026,#1027,#1028,#1029,#1030,
#1031));
#10287=EDGE_LOOP('',(#1032,#1033,#1034,#1035,#1036,#1037,#1038,#1039,#1040,
#1041));
#10288=EDGE_LOOP('',(#1042,#1043,#1044,#1045,#1046,#1047,#1048,#1049,#1050,
#1051));
#10289=EDGE_LOOP('',(#1052,#1053,#1054,#1055,#1056,#1057,#1058,#1059,#1060,
#1061));
#10290=EDGE_LOOP('',(#1062,#1063,#1064,#1065,#1066,#1067,#1068,#1069,#1070,
#1071));
#10291=EDGE_LOOP('',(#1072,#1073,#1074,#1075,#1076,#1077,#1078,#1079,#1080,
#1081));
#10292=EDGE_LOOP('',(#1082,#1083,#1084,#1085,#1086,#1087,#1088,#1089,#1090,
#1091));
#10293=EDGE_LOOP('',(#1092,#1093,#1094,#1095,#1096,#1097,#1098,#1099,#1100,
#1101));
#10294=EDGE_LOOP('',(#1102,#1103,#1104,#1105,#1106,#1107,#1108,#1109,#1110,
#1111));
#10295=EDGE_LOOP('',(#1112,#1113,#1114,#1115,#1116,#1117,#1118,#1119,#1120,
#1121));
#10296=EDGE_LOOP('',(#1122,#1123,#1124,#1125,#1126,#1127,#1128,#1129,#1130,
#1131));
#10297=EDGE_LOOP('',(#1132,#1133,#1134,#1135,#1136,#1137,#1138,#1139,#1140,
#1141));
#10298=EDGE_LOOP('',(#1142,#1143,#1144,#1145,#1146,#1147,#1148,#1149,#1150,
#1151));
#10299=EDGE_LOOP('',(#1152,#1153,#1154,#1155,#1156,#1157,#1158,#1159,#1160,
#1161));
#10300=EDGE_LOOP('',(#1162,#1163,#1164,#1165,#1166,#1167,#1168,#1169,#1170,
#1171));
#10301=EDGE_LOOP('',(#1172,#1173,#1174,#1175,#1176,#1177));
#10302=EDGE_LOOP('',(#1178,#1179,#1180,#1181,#1182,#1183));
#10303=EDGE_LOOP('',(#1184,#1185,#1186,#1187,#1188,#1189));
#10304=EDGE_LOOP('',(#1190,#1191,#1192,#1193,#1194,#1195));
#10305=EDGE_LOOP('',(#1196,#1197,#1198,#1199,#1200,#1201));
#10306=EDGE_LOOP('',(#1202,#1203,#1204,#1205,#1206,#1207));
#10307=EDGE_LOOP('',(#1208,#1209,#1210,#1211,#1212,#1213));
#10308=EDGE_LOOP('',(#1214,#1215,#1216,#1217,#1218,#1219));
#10309=EDGE_LOOP('',(#1220,#1221,#1222,#1223,#1224,#1225));
#10310=EDGE_LOOP('',(#1226,#1227,#1228,#1229,#1230,#1231));
#10311=EDGE_LOOP('',(#1232,#1233,#1234,#1235));
#10312=EDGE_LOOP('',(#1236,#1237,#1238,#1239));
#10313=EDGE_LOOP('',(#1240,#1241,#1242,#1243));
#10314=EDGE_LOOP('',(#1244,#1245,#1246,#1247));
#10315=EDGE_LOOP('',(#1248,#1249,#1250,#1251));
#10316=EDGE_LOOP('',(#1252,#1253,#1254,#1255));
#10317=EDGE_LOOP('',(#1256,#1257,#1258,#1259));
#10318=EDGE_LOOP('',(#1260,#1261,#1262,#1263));
#10319=EDGE_LOOP('',(#1264,#1265,#1266,#1267));
#10320=EDGE_LOOP('',(#1268,#1269,#1270,#1271));
#10321=EDGE_LOOP('',(#1272,#1273,#1274,#1275,#1276,#1277));
#10322=EDGE_LOOP('',(#1278,#1279,#1280,#1281,#1282,#1283));
#10323=EDGE_LOOP('',(#1284,#1285,#1286,#1287,#1288,#1289));
#10324=EDGE_LOOP('',(#1290,#1291,#1292,#1293,#1294,#1295));
#10325=EDGE_LOOP('',(#1296,#1297,#1298,#1299,#1300,#1301));
#10326=EDGE_LOOP('',(#1302,#1303,#1304,#1305,#1306,#1307));
#10327=EDGE_LOOP('',(#1308,#1309,#1310,#1311,#1312,#1313));
#10328=EDGE_LOOP('',(#1314,#1315,#1316,#1317,#1318,#1319));
#10329=EDGE_LOOP('',(#1320,#1321,#1322,#1323,#1324,#1325));
#10330=EDGE_LOOP('',(#1326,#1327,#1328,#1329,#1330,#1331));
#10331=EDGE_LOOP('',(#1332,#1333,#1334,#1335));
#10332=EDGE_LOOP('',(#1336,#1337,#1338,#1339));
#10333=EDGE_LOOP('',(#1340,#1341,#1342,#1343));
#10334=EDGE_LOOP('',(#1344,#1345,#1346,#1347));
#10335=EDGE_LOOP('',(#1348,#1349,#1350,#1351));
#10336=EDGE_LOOP('',(#1352,#1353,#1354,#1355));
#10337=EDGE_LOOP('',(#1356,#1357,#1358,#1359));
#10338=EDGE_LOOP('',(#1360,#1361,#1362,#1363));
#10339=EDGE_LOOP('',(#1364,#1365,#1366,#1367));
#10340=EDGE_LOOP('',(#1368,#1369,#1370,#1371));
#10341=EDGE_LOOP('',(#1372,#1373,#1374,#1375));
#10342=EDGE_LOOP('',(#1376,#1377,#1378,#1379));
#10343=EDGE_LOOP('',(#1380,#1381,#1382,#1383));
#10344=EDGE_LOOP('',(#1384,#1385,#1386,#1387));
#10345=EDGE_LOOP('',(#1388,#1389,#1390,#1391));
#10346=EDGE_LOOP('',(#1392,#1393,#1394,#1395));
#10347=EDGE_LOOP('',(#1396,#1397,#1398,#1399));
#10348=EDGE_LOOP('',(#1400,#1401,#1402,#1403));
#10349=EDGE_LOOP('',(#1404,#1405,#1406,#1407));
#10350=EDGE_LOOP('',(#1408,#1409,#1410,#1411));
#10351=EDGE_LOOP('',(#1412,#1413,#1414,#1415));
#10352=EDGE_LOOP('',(#1416,#1417,#1418,#1419));
#10353=EDGE_LOOP('',(#1420,#1421,#1422,#1423));
#10354=EDGE_LOOP('',(#1424,#1425,#1426,#1427));
#10355=EDGE_LOOP('',(#1428,#1429,#1430,#1431));
#10356=EDGE_LOOP('',(#1432,#1433,#1434,#1435));
#10357=EDGE_LOOP('',(#1436,#1437,#1438,#1439));
#10358=EDGE_LOOP('',(#1440,#1441,#1442,#1443));
#10359=EDGE_LOOP('',(#1444,#1445,#1446,#1447));
#10360=EDGE_LOOP('',(#1448,#1449,#1450,#1451));
#10361=EDGE_LOOP('',(#1452,#1453,#1454,#1455,#1456,#1457,#1458,#1459,#1460,
#1461,#1462,#1463,#1464,#1465,#1466,#1467,#1468,#1469,#1470,#1471,#1472,
#1473,#1474,#1475,#1476,#1477,#1478,#1479,#1480,#1481,#1482,#1483,#1484,
#1485,#1486,#1487,#1488,#1489,#1490,#1491,#1492,#1493,#1494,#1495,#1496,
#1497,#1498,#1499,#1500,#1501,#1502,#1503,#1504,#1505,#1506,#1507,#1508,
#1509,#1510,#1511,#1512,#1513,#1514,#1515,#1516,#1517,#1518,#1519,#1520,
#1521,#1522,#1523,#1524,#1525,#1526,#1527,#1528,#1529,#1530,#1531,#1532,
#1533,#1534,#1535,#1536,#1537,#1538,#1539,#1540,#1541,#1542,#1543,#1544,
#1545,#1546,#1547,#1548,#1549,#1550,#1551,#1552,#1553,#1554,#1555,#1556,
#1557,#1558,#1559,#1560,#1561,#1562,#1563,#1564,#1565,#1566,#1567,#1568,
#1569,#1570,#1571,#1572,#1573,#1574,#1575,#1576,#1577,#1578,#1579,#1580,
#1581,#1582,#1583,#1584,#1585,#1586,#1587,#1588,#1589,#1590,#1591,#1592,
#1593,#1594,#1595,#1596,#1597,#1598,#1599,#1600,#1601,#1602,#1603,#1604,
#1605,#1606,#1607,#1608,#1609,#1610,#1611,#1612,#1613,#1614,#1615,#1616,
#1617,#1618,#1619,#1620,#1621,#1622,#1623,#1624,#1625,#1626,#1627));
#10362=EDGE_LOOP('',(#1628,#1629,#1630,#1631));
#10363=EDGE_LOOP('',(#1632,#1633,#1634,#1635));
#10364=EDGE_LOOP('',(#1636,#1637,#1638,#1639,#1640,#1641,#1642,#1643,#1644,
#1645,#1646,#1647,#1648,#1649,#1650,#1651,#1652,#1653,#1654,#1655,#1656,
#1657,#1658,#1659,#1660,#1661,#1662,#1663,#1664,#1665,#1666,#1667,#1668,
#1669,#1670,#1671,#1672,#1673,#1674,#1675,#1676,#1677,#1678,#1679,#1680,
#1681,#1682,#1683,#1684,#1685,#1686,#1687,#1688,#1689,#1690,#1691,#1692,
#1693,#1694,#1695,#1696,#1697,#1698,#1699,#1700,#1701,#1702,#1703,#1704,
#1705,#1706,#1707,#1708,#1709,#1710,#1711,#1712,#1713,#1714,#1715,#1716,
#1717,#1718,#1719,#1720,#1721,#1722,#1723,#1724,#1725,#1726,#1727,#1728,
#1729,#1730,#1731,#1732,#1733,#1734,#1735,#1736,#1737,#1738,#1739,#1740,
#1741,#1742,#1743,#1744,#1745,#1746,#1747,#1748,#1749,#1750,#1751,#1752,
#1753,#1754,#1755,#1756,#1757,#1758,#1759,#1760,#1761,#1762,#1763,#1764,
#1765,#1766,#1767,#1768,#1769,#1770,#1771,#1772,#1773,#1774,#1775,#1776,
#1777,#1778,#1779,#1780,#1781,#1782,#1783,#1784,#1785,#1786,#1787,#1788,
#1789,#1790,#1791));
#10365=EDGE_LOOP('',(#1792,#1793,#1794,#1795,#1796,#1797));
#10366=EDGE_LOOP('',(#1798,#1799,#1800,#1801,#1802,#1803));
#10367=EDGE_LOOP('',(#1804,#1805,#1806,#1807,#1808,#1809));
#10368=EDGE_LOOP('',(#1810,#1811,#1812,#1813,#1814,#1815));
#10369=EDGE_LOOP('',(#1816,#1817,#1818,#1819,#1820,#1821));
#10370=EDGE_LOOP('',(#1822,#1823,#1824,#1825,#1826,#1827));
#10371=EDGE_LOOP('',(#1828,#1829,#1830,#1831,#1832,#1833));
#10372=EDGE_LOOP('',(#1834,#1835,#1836,#1837,#1838,#1839));
#10373=EDGE_LOOP('',(#1840,#1841,#1842,#1843,#1844,#1845));
#10374=EDGE_LOOP('',(#1846,#1847,#1848,#1849,#1850,#1851));
#10375=EDGE_LOOP('',(#1852,#1853,#1854,#1855));
#10376=EDGE_LOOP('',(#1856,#1857,#1858,#1859));
#10377=EDGE_LOOP('',(#1860,#1861,#1862,#1863));
#10378=EDGE_LOOP('',(#1864,#1865,#1866,#1867));
#10379=EDGE_LOOP('',(#1868,#1869,#1870,#1871));
#10380=EDGE_LOOP('',(#1872,#1873,#1874,#1875));
#10381=EDGE_LOOP('',(#1876,#1877,#1878,#1879));
#10382=EDGE_LOOP('',(#1880,#1881,#1882,#1883));
#10383=EDGE_LOOP('',(#1884,#1885,#1886,#1887));
#10384=EDGE_LOOP('',(#1888,#1889,#1890,#1891));
#10385=EDGE_LOOP('',(#1892,#1893,#1894,#1895));
#10386=EDGE_LOOP('',(#1896,#1897,#1898,#1899));
#10387=EDGE_LOOP('',(#1900,#1901,#1902,#1903));
#10388=EDGE_LOOP('',(#1904,#1905,#1906,#1907));
#10389=EDGE_LOOP('',(#1908,#1909,#1910,#1911));
#10390=EDGE_LOOP('',(#1912,#1913,#1914,#1915));
#10391=EDGE_LOOP('',(#1916,#1917,#1918,#1919));
#10392=EDGE_LOOP('',(#1920,#1921,#1922,#1923));
#10393=EDGE_LOOP('',(#1924,#1925,#1926,#1927));
#10394=EDGE_LOOP('',(#1928,#1929,#1930,#1931));
#10395=EDGE_LOOP('',(#1932,#1933,#1934,#1935));
#10396=EDGE_LOOP('',(#1936,#1937,#1938,#1939));
#10397=EDGE_LOOP('',(#1940,#1941,#1942,#1943));
#10398=EDGE_LOOP('',(#1944,#1945,#1946,#1947));
#10399=EDGE_LOOP('',(#1948,#1949,#1950,#1951));
#10400=EDGE_LOOP('',(#1952,#1953,#1954,#1955));
#10401=EDGE_LOOP('',(#1956,#1957,#1958,#1959));
#10402=EDGE_LOOP('',(#1960,#1961,#1962,#1963));
#10403=EDGE_LOOP('',(#1964,#1965,#1966,#1967));
#10404=EDGE_LOOP('',(#1968,#1969,#1970,#1971));
#10405=EDGE_LOOP('',(#1972,#1973,#1974,#1975));
#10406=EDGE_LOOP('',(#1976,#1977,#1978,#1979,#1980,#1981,#1982,#1983,#1984,
#1985,#1986,#1987,#1988,#1989,#1990,#1991));
#10407=EDGE_LOOP('',(#1992,#1993,#1994,#1995));
#10408=EDGE_LOOP('',(#1996,#1997,#1998,#1999,#2000,#2001,#2002,#2003,#2004,
#2005,#2006,#2007,#2008,#2009,#2010,#2011));
#10409=EDGE_LOOP('',(#2012,#2013,#2014,#2015));
#10410=EDGE_LOOP('',(#2016,#2017,#2018,#2019,#2020,#2021,#2022,#2023,#2024,
#2025,#2026,#2027,#2028,#2029,#2030,#2031));
#10411=EDGE_LOOP('',(#2032,#2033,#2034,#2035,#2036,#2037,#2038,#2039,#2040,
#2041,#2042,#2043,#2044,#2045,#2046,#2047));
#10412=EDGE_LOOP('',(#2048,#2049,#2050,#2051));
#10413=EDGE_LOOP('',(#2052,#2053,#2054,#2055));
#10414=EDGE_LOOP('',(#2056,#2057,#2058,#2059,#2060,#2061,#2062,#2063,#2064,
#2065,#2066,#2067,#2068,#2069,#2070,#2071));
#10415=EDGE_LOOP('',(#2072,#2073,#2074,#2075,#2076,#2077,#2078,#2079,#2080,
#2081,#2082,#2083,#2084,#2085,#2086,#2087));
#10416=EDGE_LOOP('',(#2088,#2089,#2090,#2091));
#10417=EDGE_LOOP('',(#2092,#2093,#2094,#2095));
#10418=EDGE_LOOP('',(#2096,#2097,#2098,#2099,#2100,#2101,#2102,#2103,#2104,
#2105,#2106,#2107,#2108,#2109,#2110,#2111));
#10419=EDGE_LOOP('',(#2112,#2113,#2114,#2115,#2116,#2117,#2118,#2119,#2120,
#2121,#2122,#2123,#2124,#2125,#2126,#2127));
#10420=EDGE_LOOP('',(#2128,#2129,#2130,#2131));
#10421=EDGE_LOOP('',(#2132,#2133,#2134,#2135));
#10422=EDGE_LOOP('',(#2136,#2137,#2138,#2139,#2140,#2141,#2142,#2143,#2144,
#2145,#2146,#2147,#2148,#2149,#2150,#2151));
#10423=EDGE_LOOP('',(#2152,#2153,#2154,#2155,#2156,#2157,#2158,#2159,#2160,
#2161,#2162,#2163,#2164,#2165,#2166,#2167));
#10424=EDGE_LOOP('',(#2168,#2169,#2170,#2171));
#10425=EDGE_LOOP('',(#2172,#2173,#2174,#2175));
#10426=EDGE_LOOP('',(#2176,#2177,#2178,#2179,#2180,#2181,#2182,#2183,#2184,
#2185,#2186,#2187,#2188,#2189,#2190,#2191));
#10427=EDGE_LOOP('',(#2192,#2193,#2194,#2195,#2196,#2197,#2198,#2199,#2200,
#2201,#2202,#2203,#2204,#2205,#2206,#2207));
#10428=EDGE_LOOP('',(#2208,#2209,#2210,#2211));
#10429=EDGE_LOOP('',(#2212,#2213,#2214,#2215));
#10430=EDGE_LOOP('',(#2216,#2217,#2218,#2219,#2220,#2221,#2222,#2223,#2224,
#2225,#2226,#2227,#2228,#2229,#2230,#2231));
#10431=EDGE_LOOP('',(#2232,#2233,#2234,#2235,#2236,#2237,#2238,#2239,#2240,
#2241,#2242,#2243,#2244,#2245,#2246,#2247));
#10432=EDGE_LOOP('',(#2248,#2249,#2250,#2251));
#10433=EDGE_LOOP('',(#2252,#2253,#2254,#2255));
#10434=EDGE_LOOP('',(#2256,#2257,#2258,#2259,#2260,#2261,#2262,#2263,#2264,
#2265,#2266,#2267,#2268,#2269,#2270,#2271));
#10435=EDGE_LOOP('',(#2272,#2273,#2274,#2275,#2276,#2277,#2278,#2279,#2280,
#2281,#2282,#2283,#2284,#2285,#2286,#2287));
#10436=EDGE_LOOP('',(#2288,#2289,#2290,#2291));
#10437=EDGE_LOOP('',(#2292,#2293,#2294,#2295));
#10438=EDGE_LOOP('',(#2296,#2297,#2298,#2299,#2300,#2301,#2302,#2303,#2304,
#2305,#2306,#2307,#2308,#2309,#2310,#2311));
#10439=EDGE_LOOP('',(#2312,#2313,#2314,#2315,#2316,#2317,#2318,#2319,#2320,
#2321,#2322,#2323,#2324,#2325,#2326,#2327));
#10440=EDGE_LOOP('',(#2328,#2329,#2330,#2331));
#10441=EDGE_LOOP('',(#2332,#2333,#2334,#2335));
#10442=EDGE_LOOP('',(#2336,#2337,#2338,#2339));
#10443=EDGE_LOOP('',(#2340,#2341,#2342,#2343));
#10444=EDGE_LOOP('',(#2344,#2345,#2346,#2347,#2348,#2349,#2350,#2351,#2352,
#2353,#2354,#2355,#2356,#2357,#2358,#2359));
#10445=EDGE_LOOP('',(#2360,#2361,#2362,#2363,#2364,#2365,#2366,#2367,#2368,
#2369,#2370,#2371,#2372,#2373,#2374,#2375));
#10446=EDGE_LOOP('',(#2376,#2377,#2378,#2379));
#10447=EDGE_LOOP('',(#2380,#2381,#2382,#2383));
#10448=EDGE_LOOP('',(#2384,#2385,#2386,#2387));
#10449=EDGE_LOOP('',(#2388,#2389,#2390,#2391));
#10450=EDGE_LOOP('',(#2392,#2393,#2394,#2395));
#10451=EDGE_LOOP('',(#2396,#2397,#2398,#2399));
#10452=EDGE_LOOP('',(#2400,#2401,#2402,#2403));
#10453=EDGE_LOOP('',(#2404,#2405,#2406,#2407));
#10454=EDGE_LOOP('',(#2408,#2409,#2410,#2411));
#10455=EDGE_LOOP('',(#2412,#2413,#2414,#2415));
#10456=EDGE_LOOP('',(#2416,#2417,#2418,#2419));
#10457=EDGE_LOOP('',(#2420,#2421,#2422,#2423));
#10458=EDGE_LOOP('',(#2424,#2425,#2426,#2427));
#10459=EDGE_LOOP('',(#2428,#2429,#2430,#2431));
#10460=EDGE_LOOP('',(#2432,#2433,#2434,#2435));
#10461=EDGE_LOOP('',(#2436,#2437,#2438,#2439));
#10462=EDGE_LOOP('',(#2440,#2441,#2442,#2443));
#10463=EDGE_LOOP('',(#2444,#2445,#2446,#2447));
#10464=EDGE_LOOP('',(#2448,#2449,#2450,#2451));
#10465=EDGE_LOOP('',(#2452,#2453,#2454,#2455));
#10466=EDGE_LOOP('',(#2456,#2457,#2458,#2459));
#10467=EDGE_LOOP('',(#2460,#2461,#2462,#2463));
#10468=EDGE_LOOP('',(#2464,#2465,#2466,#2467));
#10469=EDGE_LOOP('',(#2468,#2469,#2470,#2471));
#10470=EDGE_LOOP('',(#2472,#2473,#2474,#2475));
#10471=EDGE_LOOP('',(#2476,#2477,#2478,#2479));
#10472=EDGE_LOOP('',(#2480,#2481,#2482,#2483));
#10473=EDGE_LOOP('',(#2484,#2485,#2486,#2487));
#10474=EDGE_LOOP('',(#2488,#2489,#2490,#2491));
#10475=EDGE_LOOP('',(#2492,#2493,#2494,#2495));
#10476=EDGE_LOOP('',(#2496,#2497,#2498,#2499));
#10477=EDGE_LOOP('',(#2500,#2501,#2502,#2503));
#10478=EDGE_LOOP('',(#2504,#2505,#2506,#2507));
#10479=EDGE_LOOP('',(#2508,#2509,#2510,#2511));
#10480=EDGE_LOOP('',(#2512,#2513,#2514,#2515));
#10481=EDGE_LOOP('',(#2516,#2517,#2518,#2519));
#10482=EDGE_LOOP('',(#2520,#2521,#2522,#2523));
#10483=EDGE_LOOP('',(#2524,#2525,#2526,#2527));
#10484=EDGE_LOOP('',(#2528,#2529,#2530,#2531));
#10485=EDGE_LOOP('',(#2532,#2533,#2534,#2535));
#10486=EDGE_LOOP('',(#2536,#2537,#2538,#2539));
#10487=EDGE_LOOP('',(#2540,#2541,#2542,#2543));
#10488=EDGE_LOOP('',(#2544,#2545,#2546,#2547));
#10489=EDGE_LOOP('',(#2548,#2549,#2550,#2551));
#10490=EDGE_LOOP('',(#2552,#2553,#2554,#2555));
#10491=EDGE_LOOP('',(#2556,#2557,#2558,#2559));
#10492=EDGE_LOOP('',(#2560,#2561,#2562,#2563));
#10493=EDGE_LOOP('',(#2564,#2565,#2566,#2567));
#10494=EDGE_LOOP('',(#2568,#2569,#2570,#2571));
#10495=EDGE_LOOP('',(#2572,#2573,#2574,#2575));
#10496=EDGE_LOOP('',(#2576,#2577,#2578,#2579));
#10497=EDGE_LOOP('',(#2580,#2581,#2582,#2583));
#10498=EDGE_LOOP('',(#2584,#2585,#2586,#2587));
#10499=EDGE_LOOP('',(#2588,#2589,#2590,#2591));
#10500=EDGE_LOOP('',(#2592,#2593,#2594,#2595));
#10501=EDGE_LOOP('',(#2596,#2597,#2598,#2599));
#10502=EDGE_LOOP('',(#2600,#2601,#2602,#2603));
#10503=EDGE_LOOP('',(#2604,#2605,#2606,#2607));
#10504=EDGE_LOOP('',(#2608,#2609,#2610,#2611));
#10505=EDGE_LOOP('',(#2612,#2613,#2614,#2615));
#10506=EDGE_LOOP('',(#2616,#2617,#2618,#2619));
#10507=EDGE_LOOP('',(#2620,#2621,#2622,#2623));
#10508=EDGE_LOOP('',(#2624,#2625,#2626,#2627));
#10509=EDGE_LOOP('',(#2628,#2629,#2630,#2631));
#10510=EDGE_LOOP('',(#2632,#2633,#2634,#2635));
#10511=EDGE_LOOP('',(#2636,#2637,#2638,#2639));
#10512=EDGE_LOOP('',(#2640,#2641,#2642,#2643));
#10513=EDGE_LOOP('',(#2644,#2645,#2646,#2647));
#10514=EDGE_LOOP('',(#2648,#2649,#2650,#2651));
#10515=EDGE_LOOP('',(#2652,#2653,#2654,#2655));
#10516=EDGE_LOOP('',(#2656,#2657,#2658,#2659));
#10517=EDGE_LOOP('',(#2660,#2661,#2662,#2663));
#10518=EDGE_LOOP('',(#2664,#2665,#2666,#2667));
#10519=EDGE_LOOP('',(#2668,#2669,#2670,#2671));
#10520=EDGE_LOOP('',(#2672,#2673,#2674,#2675));
#10521=EDGE_LOOP('',(#2676,#2677,#2678,#2679));
#10522=EDGE_LOOP('',(#2680,#2681,#2682,#2683));
#10523=EDGE_LOOP('',(#2684,#2685,#2686,#2687));
#10524=EDGE_LOOP('',(#2688,#2689,#2690,#2691));
#10525=EDGE_LOOP('',(#2692,#2693,#2694,#2695));
#10526=EDGE_LOOP('',(#2696,#2697,#2698,#2699));
#10527=EDGE_LOOP('',(#2700,#2701,#2702,#2703));
#10528=EDGE_LOOP('',(#2704,#2705,#2706,#2707));
#10529=EDGE_LOOP('',(#2708,#2709,#2710,#2711));
#10530=EDGE_LOOP('',(#2712,#2713,#2714,#2715));
#10531=EDGE_LOOP('',(#2716,#2717,#2718,#2719));
#10532=EDGE_LOOP('',(#2720,#2721,#2722,#2723));
#10533=EDGE_LOOP('',(#2724,#2725,#2726,#2727));
#10534=EDGE_LOOP('',(#2728,#2729,#2730,#2731));
#10535=EDGE_LOOP('',(#2732,#2733,#2734,#2735));
#10536=EDGE_LOOP('',(#2736,#2737,#2738,#2739));
#10537=EDGE_LOOP('',(#2740,#2741,#2742,#2743));
#10538=EDGE_LOOP('',(#2744,#2745,#2746,#2747));
#10539=EDGE_LOOP('',(#2748,#2749,#2750,#2751));
#10540=EDGE_LOOP('',(#2752,#2753,#2754,#2755));
#10541=EDGE_LOOP('',(#2756,#2757,#2758,#2759));
#10542=EDGE_LOOP('',(#2760,#2761,#2762,#2763));
#10543=EDGE_LOOP('',(#2764,#2765,#2766,#2767));
#10544=EDGE_LOOP('',(#2768,#2769,#2770,#2771));
#10545=EDGE_LOOP('',(#2772,#2773,#2774,#2775));
#10546=EDGE_LOOP('',(#2776,#2777,#2778,#2779));
#10547=EDGE_LOOP('',(#2780,#2781,#2782,#2783));
#10548=EDGE_LOOP('',(#2784,#2785,#2786,#2787));
#10549=EDGE_LOOP('',(#2788,#2789,#2790,#2791));
#10550=EDGE_LOOP('',(#2792,#2793,#2794,#2795));
#10551=EDGE_LOOP('',(#2796,#2797,#2798,#2799));
#10552=EDGE_LOOP('',(#2800,#2801,#2802,#2803));
#10553=EDGE_LOOP('',(#2804,#2805,#2806,#2807));
#10554=EDGE_LOOP('',(#2808,#2809,#2810,#2811));
#10555=EDGE_LOOP('',(#2812,#2813,#2814,#2815));
#10556=EDGE_LOOP('',(#2816,#2817,#2818,#2819));
#10557=EDGE_LOOP('',(#2820,#2821,#2822,#2823));
#10558=EDGE_LOOP('',(#2824,#2825,#2826,#2827));
#10559=EDGE_LOOP('',(#2828,#2829,#2830,#2831));
#10560=EDGE_LOOP('',(#2832,#2833,#2834,#2835));
#10561=EDGE_LOOP('',(#2836,#2837,#2838,#2839));
#10562=EDGE_LOOP('',(#2840,#2841,#2842,#2843,#2844,#2845,#2846,#2847,#2848,
#2849,#2850));
#10563=EDGE_LOOP('',(#2851,#2852,#2853,#2854,#2855,#2856,#2857,#2858,#2859,
#2860,#2861));
#10564=EDGE_LOOP('',(#2862,#2863,#2864,#2865,#2866,#2867,#2868,#2869,#2870,
#2871,#2872));
#10565=EDGE_LOOP('',(#2873,#2874,#2875,#2876,#2877,#2878,#2879,#2880,#2881,
#2882,#2883));
#10566=EDGE_LOOP('',(#2884,#2885,#2886,#2887,#2888,#2889,#2890,#2891,#2892,
#2893,#2894));
#10567=EDGE_LOOP('',(#2895,#2896,#2897,#2898,#2899,#2900,#2901,#2902,#2903,
#2904,#2905));
#10568=EDGE_LOOP('',(#2906,#2907,#2908,#2909,#2910,#2911,#2912,#2913,#2914,
#2915,#2916));
#10569=EDGE_LOOP('',(#2917,#2918,#2919,#2920,#2921,#2922,#2923,#2924,#2925,
#2926,#2927));
#10570=EDGE_LOOP('',(#2928,#2929,#2930,#2931,#2932,#2933,#2934,#2935,#2936,
#2937,#2938));
#10571=EDGE_LOOP('',(#2939,#2940,#2941,#2942,#2943,#2944,#2945,#2946,#2947,
#2948,#2949));
#10572=EDGE_LOOP('',(#2950,#2951,#2952,#2953,#2954,#2955,#2956,#2957,#2958,
#2959,#2960));
#10573=EDGE_LOOP('',(#2961,#2962,#2963,#2964,#2965,#2966,#2967,#2968,#2969,
#2970,#2971));
#10574=EDGE_LOOP('',(#2972,#2973,#2974,#2975,#2976,#2977,#2978,#2979,#2980,
#2981,#2982));
#10575=EDGE_LOOP('',(#2983,#2984,#2985,#2986,#2987,#2988,#2989,#2990,#2991,
#2992,#2993));
#10576=EDGE_LOOP('',(#2994,#2995,#2996,#2997,#2998,#2999,#3000,#3001,#3002,
#3003,#3004));
#10577=EDGE_LOOP('',(#3005,#3006,#3007,#3008,#3009,#3010,#3011,#3012,#3013,
#3014,#3015));
#10578=EDGE_LOOP('',(#3016,#3017,#3018,#3019,#3020,#3021,#3022,#3023,#3024,
#3025,#3026));
#10579=EDGE_LOOP('',(#3027,#3028,#3029,#3030,#3031,#3032,#3033,#3034,#3035,
#3036,#3037));
#10580=EDGE_LOOP('',(#3038,#3039,#3040,#3041,#3042,#3043,#3044,#3045,#3046,
#3047,#3048));
#10581=EDGE_LOOP('',(#3049,#3050,#3051,#3052,#3053,#3054,#3055,#3056,#3057,
#3058,#3059));
#10582=EDGE_LOOP('',(#3060,#3061,#3062,#3063));
#10583=EDGE_LOOP('',(#3064,#3065,#3066,#3067));
#10584=EDGE_LOOP('',(#3068,#3069,#3070,#3071));
#10585=EDGE_LOOP('',(#3072,#3073,#3074,#3075));
#10586=EDGE_LOOP('',(#3076,#3077,#3078,#3079));
#10587=EDGE_LOOP('',(#3080,#3081,#3082,#3083));
#10588=EDGE_LOOP('',(#3084,#3085,#3086,#3087));
#10589=EDGE_LOOP('',(#3088,#3089,#3090,#3091));
#10590=EDGE_LOOP('',(#3092,#3093,#3094,#3095));
#10591=EDGE_LOOP('',(#3096,#3097,#3098,#3099));
#10592=EDGE_LOOP('',(#3100,#3101,#3102,#3103,#3104,#3105,#3106,#3107));
#10593=EDGE_LOOP('',(#3108,#3109,#3110,#3111,#3112,#3113,#3114,#3115,#3116,
#3117,#3118,#3119));
#10594=EDGE_LOOP('',(#3120,#3121,#3122,#3123,#3124,#3125,#3126,#3127,#3128,
#3129,#3130,#3131));
#10595=EDGE_LOOP('',(#3132,#3133,#3134,#3135,#3136,#3137,#3138,#3139,#3140,
#3141,#3142,#3143));
#10596=EDGE_LOOP('',(#3144,#3145,#3146,#3147,#3148,#3149,#3150,#3151,#3152,
#3153,#3154,#3155));
#10597=EDGE_LOOP('',(#3156,#3157,#3158,#3159,#3160,#3161,#3162,#3163,#3164,
#3165,#3166,#3167));
#10598=EDGE_LOOP('',(#3168,#3169,#3170,#3171,#3172,#3173,#3174,#3175,#3176,
#3177,#3178,#3179));
#10599=EDGE_LOOP('',(#3180,#3181,#3182,#3183,#3184,#3185,#3186,#3187,#3188,
#3189,#3190,#3191));
#10600=EDGE_LOOP('',(#3192,#3193,#3194,#3195,#3196,#3197,#3198,#3199,#3200,
#3201,#3202,#3203));
#10601=EDGE_LOOP('',(#3204,#3205,#3206,#3207,#3208,#3209,#3210,#3211,#3212,
#3213,#3214,#3215));
#10602=EDGE_LOOP('',(#3216,#3217,#3218,#3219));
#10603=EDGE_LOOP('',(#3220,#3221,#3222,#3223));
#10604=EDGE_LOOP('',(#3224,#3225,#3226,#3227));
#10605=EDGE_LOOP('',(#3228,#3229,#3230,#3231));
#10606=EDGE_LOOP('',(#3232,#3233,#3234,#3235));
#10607=EDGE_LOOP('',(#3236,#3237,#3238,#3239));
#10608=EDGE_LOOP('',(#3240,#3241,#3242,#3243));
#10609=EDGE_LOOP('',(#3244,#3245,#3246,#3247));
#10610=EDGE_LOOP('',(#3248,#3249,#3250,#3251));
#10611=EDGE_LOOP('',(#3252,#3253,#3254,#3255));
#10612=EDGE_LOOP('',(#3256,#3257,#3258));
#10613=EDGE_LOOP('',(#3259,#3260,#3261,#3262));
#10614=EDGE_LOOP('',(#3263));
#10615=EDGE_LOOP('',(#3264,#3265,#3266,#3267,#3268,#3269,#3270,#3271,#3272,
#3273,#3274,#3275,#3276,#3277,#3278,#3279,#3280,#3281,#3282,#3283,#3284,
#3285,#3286,#3287,#3288,#3289,#3290,#3291,#3292,#3293,#3294,#3295,#3296,
#3297,#3298,#3299,#3300,#3301,#3302,#3303,#3304,#3305,#3306,#3307));
#10616=EDGE_LOOP('',(#3308,#3309,#3310,#3311,#3312,#3313,#3314));
#10617=EDGE_LOOP('',(#3315,#3316,#3317,#3318));
#10618=EDGE_LOOP('',(#3319,#3320,#3321,#3322,#3323,#3324,#3325,#3326,#3327,
#3328,#3329,#3330));
#10619=EDGE_LOOP('',(#3331,#3332,#3333,#3334,#3335,#3336,#3337,#3338,#3339,
#3340,#3341,#3342));
#10620=EDGE_LOOP('',(#3343,#3344,#3345,#3346,#3347,#3348,#3349,#3350,#3351,
#3352,#3353,#3354));
#10621=EDGE_LOOP('',(#3355,#3356,#3357,#3358,#3359,#3360,#3361,#3362,#3363,
#3364,#3365,#3366));
#10622=EDGE_LOOP('',(#3367,#3368,#3369,#3370,#3371,#3372,#3373,#3374,#3375,
#3376,#3377,#3378));
#10623=EDGE_LOOP('',(#3379,#3380,#3381,#3382,#3383,#3384,#3385,#3386,#3387,
#3388,#3389,#3390));
#10624=EDGE_LOOP('',(#3391,#3392,#3393,#3394,#3395,#3396,#3397,#3398,#3399,
#3400,#3401,#3402));
#10625=EDGE_LOOP('',(#3403,#3404,#3405,#3406,#3407,#3408,#3409,#3410,#3411,
#3412,#3413,#3414));
#10626=EDGE_LOOP('',(#3415,#3416,#3417,#3418,#3419,#3420,#3421,#3422,#3423,
#3424,#3425,#3426));
#10627=EDGE_LOOP('',(#3427,#3428,#3429,#3430,#3431,#3432,#3433,#3434,#3435,
#3436,#3437,#3438));
#10628=EDGE_LOOP('',(#3439,#3440,#3441,#3442,#3443,#3444,#3445));
#10629=EDGE_LOOP('',(#3446,#3447,#3448,#3449,#3450,#3451,#3452,#3453));
#10630=EDGE_LOOP('',(#3454,#3455,#3456,#3457));
#10631=EDGE_LOOP('',(#3458,#3459,#3460,#3461));
#10632=EDGE_LOOP('',(#3462,#3463,#3464,#3465));
#10633=EDGE_LOOP('',(#3466,#3467,#3468,#3469));
#10634=EDGE_LOOP('',(#3470,#3471,#3472,#3473));
#10635=EDGE_LOOP('',(#3474,#3475,#3476,#3477));
#10636=EDGE_LOOP('',(#3478,#3479,#3480,#3481));
#10637=EDGE_LOOP('',(#3482,#3483,#3484,#3485));
#10638=EDGE_LOOP('',(#3486,#3487,#3488,#3489));
#10639=EDGE_LOOP('',(#3490,#3491,#3492,#3493));
#10640=EDGE_LOOP('',(#3494,#3495,#3496,#3497));
#10641=EDGE_LOOP('',(#3498,#3499,#3500,#3501));
#10642=EDGE_LOOP('',(#3502));
#10643=EDGE_LOOP('',(#3503,#3504,#3505,#3506,#3507,#3508,#3509,#3510,#3511,
#3512,#3513,#3514,#3515,#3516,#3517,#3518,#3519,#3520,#3521,#3522,#3523,
#3524,#3525,#3526,#3527,#3528,#3529,#3530,#3531,#3532,#3533,#3534,#3535,
#3536,#3537,#3538,#3539,#3540,#3541,#3542,#3543,#3544,#3545,#3546));
#10644=EDGE_LOOP('',(#3547,#3548,#3549,#3550));
#10645=EDGE_LOOP('',(#3551,#3552,#3553,#3554));
#10646=EDGE_LOOP('',(#3555,#3556,#3557,#3558));
#10647=EDGE_LOOP('',(#3559,#3560,#3561,#3562));
#10648=EDGE_LOOP('',(#3563,#3564,#3565,#3566));
#10649=EDGE_LOOP('',(#3567,#3568,#3569,#3570));
#10650=EDGE_LOOP('',(#3571,#3572,#3573,#3574));
#10651=EDGE_LOOP('',(#3575,#3576,#3577,#3578));
#10652=EDGE_LOOP('',(#3579,#3580,#3581,#3582));
#10653=EDGE_LOOP('',(#3583,#3584,#3585,#3586));
#10654=EDGE_LOOP('',(#3587,#3588,#3589,#3590));
#10655=EDGE_LOOP('',(#3591,#3592,#3593,#3594));
#10656=EDGE_LOOP('',(#3595,#3596,#3597,#3598));
#10657=EDGE_LOOP('',(#3599,#3600,#3601,#3602));
#10658=EDGE_LOOP('',(#3603,#3604,#3605,#3606));
#10659=EDGE_LOOP('',(#3607,#3608,#3609,#3610));
#10660=EDGE_LOOP('',(#3611,#3612,#3613,#3614));
#10661=EDGE_LOOP('',(#3615,#3616,#3617,#3618));
#10662=EDGE_LOOP('',(#3619,#3620,#3621,#3622));
#10663=EDGE_LOOP('',(#3623,#3624,#3625,#3626));
#10664=EDGE_LOOP('',(#3627,#3628,#3629,#3630));
#10665=EDGE_LOOP('',(#3631,#3632,#3633,#3634));
#10666=EDGE_LOOP('',(#3635,#3636,#3637,#3638));
#10667=EDGE_LOOP('',(#3639,#3640,#3641,#3642));
#10668=EDGE_LOOP('',(#3643,#3644,#3645,#3646));
#10669=EDGE_LOOP('',(#3647,#3648,#3649,#3650));
#10670=EDGE_LOOP('',(#3651,#3652,#3653,#3654));
#10671=EDGE_LOOP('',(#3655,#3656,#3657,#3658));
#10672=EDGE_LOOP('',(#3659,#3660,#3661,#3662));
#10673=EDGE_LOOP('',(#3663,#3664,#3665,#3666));
#10674=EDGE_LOOP('',(#3667,#3668,#3669,#3670));
#10675=EDGE_LOOP('',(#3671,#3672,#3673,#3674));
#10676=EDGE_LOOP('',(#3675,#3676,#3677,#3678));
#10677=EDGE_LOOP('',(#3679,#3680,#3681,#3682));
#10678=EDGE_LOOP('',(#3683,#3684,#3685,#3686));
#10679=EDGE_LOOP('',(#3687,#3688,#3689,#3690));
#10680=EDGE_LOOP('',(#3691,#3692,#3693,#3694));
#10681=EDGE_LOOP('',(#3695,#3696,#3697,#3698));
#10682=EDGE_LOOP('',(#3699,#3700,#3701,#3702));
#10683=EDGE_LOOP('',(#3703,#3704,#3705,#3706));
#10684=EDGE_LOOP('',(#3707,#3708,#3709,#3710));
#10685=EDGE_LOOP('',(#3711,#3712,#3713,#3714));
#10686=EDGE_LOOP('',(#3715,#3716,#3717,#3718));
#10687=EDGE_LOOP('',(#3719,#3720,#3721,#3722));
#10688=EDGE_LOOP('',(#3723,#3724,#3725,#3726));
#10689=EDGE_LOOP('',(#3727,#3728,#3729,#3730));
#10690=EDGE_LOOP('',(#3731,#3732,#3733,#3734));
#10691=EDGE_LOOP('',(#3735,#3736,#3737,#3738));
#10692=EDGE_LOOP('',(#3739,#3740,#3741,#3742));
#10693=EDGE_LOOP('',(#3743,#3744,#3745,#3746));
#10694=EDGE_LOOP('',(#3747,#3748,#3749,#3750));
#10695=EDGE_LOOP('',(#3751,#3752,#3753,#3754));
#10696=EDGE_LOOP('',(#3755,#3756,#3757,#3758));
#10697=EDGE_LOOP('',(#3759,#3760,#3761,#3762));
#10698=EDGE_LOOP('',(#3763,#3764,#3765,#3766));
#10699=EDGE_LOOP('',(#3767,#3768,#3769,#3770));
#10700=EDGE_LOOP('',(#3771,#3772,#3773,#3774));
#10701=EDGE_LOOP('',(#3775,#3776,#3777,#3778));
#10702=EDGE_LOOP('',(#3779,#3780,#3781,#3782));
#10703=EDGE_LOOP('',(#3783,#3784,#3785,#3786));
#10704=EDGE_LOOP('',(#3787,#3788,#3789,#3790));
#10705=EDGE_LOOP('',(#3791,#3792,#3793,#3794));
#10706=EDGE_LOOP('',(#3795));
#10707=EDGE_LOOP('',(#3796));
#10708=EDGE_LOOP('',(#3797));
#10709=EDGE_LOOP('',(#3798));
#10710=EDGE_LOOP('',(#3799));
#10711=EDGE_LOOP('',(#3800));
#10712=EDGE_LOOP('',(#3801,#3802,#3803,#3804));
#10713=EDGE_LOOP('',(#3805,#3806,#3807,#3808));
#10714=EDGE_LOOP('',(#3809,#3810,#3811,#3812));
#10715=EDGE_LOOP('',(#3813,#3814,#3815,#3816));
#10716=EDGE_LOOP('',(#3817,#3818,#3819,#3820));
#10717=EDGE_LOOP('',(#3821,#3822,#3823,#3824));
#10718=EDGE_LOOP('',(#3825,#3826,#3827,#3828));
#10719=EDGE_LOOP('',(#3829,#3830,#3831,#3832));
#10720=EDGE_LOOP('',(#3833,#3834,#3835,#3836));
#10721=EDGE_LOOP('',(#3837,#3838,#3839,#3840));
#10722=EDGE_LOOP('',(#3841,#3842,#3843,#3844));
#10723=EDGE_LOOP('',(#3845,#3846,#3847,#3848));
#10724=EDGE_LOOP('',(#3849,#3850,#3851,#3852));
#10725=EDGE_LOOP('',(#3853,#3854,#3855));
#10726=EDGE_LOOP('',(#3856,#3857,#3858,#3859));
#10727=EDGE_LOOP('',(#3860,#3861,#3862,#3863));
#10728=EDGE_LOOP('',(#3864,#3865,#3866,#3867));
#10729=EDGE_LOOP('',(#3868,#3869,#3870,#3871));
#10730=EDGE_LOOP('',(#3872,#3873,#3874,#3875));
#10731=EDGE_LOOP('',(#3876,#3877,#3878,#3879));
#10732=EDGE_LOOP('',(#3880,#3881,#3882,#3883));
#10733=EDGE_LOOP('',(#3884,#3885,#3886,#3887));
#10734=EDGE_LOOP('',(#3888,#3889,#3890,#3891));
#10735=EDGE_LOOP('',(#3892,#3893,#3894,#3895));
#10736=EDGE_LOOP('',(#3896,#3897,#3898,#3899));
#10737=EDGE_LOOP('',(#3900,#3901,#3902,#3903));
#10738=EDGE_LOOP('',(#3904,#3905,#3906,#3907));
#10739=EDGE_LOOP('',(#3908,#3909,#3910,#3911));
#10740=EDGE_LOOP('',(#3912,#3913,#3914,#3915));
#10741=EDGE_LOOP('',(#3916,#3917,#3918,#3919));
#10742=EDGE_LOOP('',(#3920,#3921,#3922,#3923));
#10743=EDGE_LOOP('',(#3924,#3925,#3926,#3927));
#10744=EDGE_LOOP('',(#3928,#3929,#3930,#3931));
#10745=EDGE_LOOP('',(#3932,#3933,#3934,#3935));
#10746=EDGE_LOOP('',(#3936,#3937,#3938,#3939));
#10747=EDGE_LOOP('',(#3940,#3941,#3942,#3943));
#10748=EDGE_LOOP('',(#3944,#3945,#3946,#3947));
#10749=EDGE_LOOP('',(#3948,#3949,#3950,#3951));
#10750=EDGE_LOOP('',(#3952,#3953,#3954,#3955));
#10751=EDGE_LOOP('',(#3956,#3957,#3958,#3959));
#10752=EDGE_LOOP('',(#3960,#3961,#3962,#3963));
#10753=EDGE_LOOP('',(#3964,#3965,#3966,#3967));
#10754=EDGE_LOOP('',(#3968,#3969,#3970,#3971));
#10755=EDGE_LOOP('',(#3972,#3973,#3974,#3975));
#10756=EDGE_LOOP('',(#3976,#3977,#3978,#3979));
#10757=EDGE_LOOP('',(#3980,#3981,#3982,#3983));
#10758=EDGE_LOOP('',(#3984,#3985,#3986,#3987));
#10759=EDGE_LOOP('',(#3988,#3989,#3990,#3991));
#10760=EDGE_LOOP('',(#3992,#3993,#3994,#3995));
#10761=EDGE_LOOP('',(#3996,#3997,#3998,#3999));
#10762=EDGE_LOOP('',(#4000,#4001,#4002,#4003));
#10763=EDGE_LOOP('',(#4004,#4005,#4006,#4007));
#10764=EDGE_LOOP('',(#4008,#4009,#4010,#4011));
#10765=EDGE_LOOP('',(#4012,#4013,#4014,#4015));
#10766=EDGE_LOOP('',(#4016,#4017,#4018,#4019));
#10767=EDGE_LOOP('',(#4020,#4021,#4022,#4023));
#10768=EDGE_LOOP('',(#4024,#4025,#4026,#4027));
#10769=EDGE_LOOP('',(#4028,#4029,#4030,#4031));
#10770=EDGE_LOOP('',(#4032,#4033,#4034,#4035));
#10771=EDGE_LOOP('',(#4036,#4037,#4038,#4039));
#10772=EDGE_LOOP('',(#4040,#4041,#4042,#4043));
#10773=EDGE_LOOP('',(#4044,#4045,#4046,#4047));
#10774=EDGE_LOOP('',(#4048,#4049,#4050,#4051));
#10775=EDGE_LOOP('',(#4052,#4053,#4054,#4055));
#10776=EDGE_LOOP('',(#4056,#4057,#4058,#4059));
#10777=EDGE_LOOP('',(#4060,#4061,#4062,#4063));
#10778=EDGE_LOOP('',(#4064,#4065,#4066,#4067));
#10779=EDGE_LOOP('',(#4068,#4069,#4070,#4071));
#10780=EDGE_LOOP('',(#4072,#4073,#4074,#4075));
#10781=EDGE_LOOP('',(#4076,#4077,#4078,#4079));
#10782=EDGE_LOOP('',(#4080,#4081,#4082,#4083));
#10783=EDGE_LOOP('',(#4084,#4085,#4086,#4087));
#10784=EDGE_LOOP('',(#4088,#4089,#4090,#4091));
#10785=EDGE_LOOP('',(#4092,#4093,#4094,#4095));
#10786=FACE_BOUND('',#10154,.T.);
#10787=FACE_BOUND('',#10155,.T.);
#10788=FACE_BOUND('',#10156,.T.);
#10789=FACE_BOUND('',#10157,.T.);
#10790=FACE_BOUND('',#10158,.T.);
#10791=FACE_BOUND('',#10159,.T.);
#10792=FACE_BOUND('',#10160,.T.);
#10793=FACE_BOUND('',#10161,.T.);
#10794=FACE_BOUND('',#10162,.T.);
#10795=FACE_BOUND('',#10163,.T.);
#10796=FACE_BOUND('',#10164,.T.);
#10797=FACE_BOUND('',#10165,.T.);
#10798=FACE_BOUND('',#10166,.T.);
#10799=FACE_BOUND('',#10167,.T.);
#10800=FACE_BOUND('',#10168,.T.);
#10801=FACE_BOUND('',#10169,.T.);
#10802=FACE_BOUND('',#10170,.T.);
#10803=FACE_BOUND('',#10171,.T.);
#10804=FACE_BOUND('',#10172,.T.);
#10805=FACE_BOUND('',#10173,.T.);
#10806=FACE_BOUND('',#10174,.T.);
#10807=FACE_BOUND('',#10175,.T.);
#10808=FACE_BOUND('',#10176,.T.);
#10809=FACE_BOUND('',#10177,.T.);
#10810=FACE_BOUND('',#10178,.T.);
#10811=FACE_BOUND('',#10179,.T.);
#10812=FACE_BOUND('',#10180,.T.);
#10813=FACE_BOUND('',#10181,.T.);
#10814=FACE_BOUND('',#10182,.T.);
#10815=FACE_BOUND('',#10183,.T.);
#10816=FACE_BOUND('',#10184,.T.);
#10817=FACE_BOUND('',#10185,.T.);
#10818=FACE_BOUND('',#10186,.T.);
#10819=FACE_BOUND('',#10187,.T.);
#10820=FACE_BOUND('',#10188,.T.);
#10821=FACE_BOUND('',#10189,.T.);
#10822=FACE_BOUND('',#10190,.T.);
#10823=FACE_BOUND('',#10191,.T.);
#10824=FACE_BOUND('',#10192,.T.);
#10825=FACE_BOUND('',#10193,.T.);
#10826=FACE_BOUND('',#10194,.T.);
#10827=FACE_BOUND('',#10195,.T.);
#10828=FACE_BOUND('',#10196,.T.);
#10829=FACE_BOUND('',#10197,.T.);
#10830=FACE_BOUND('',#10198,.T.);
#10831=FACE_BOUND('',#10199,.T.);
#10832=FACE_BOUND('',#10200,.T.);
#10833=FACE_BOUND('',#10201,.T.);
#10834=FACE_BOUND('',#10202,.T.);
#10835=FACE_BOUND('',#10203,.T.);
#10836=FACE_BOUND('',#10204,.T.);
#10837=FACE_BOUND('',#10205,.T.);
#10838=FACE_BOUND('',#10206,.T.);
#10839=FACE_BOUND('',#10207,.T.);
#10840=FACE_BOUND('',#10208,.T.);
#10841=FACE_BOUND('',#10209,.T.);
#10842=FACE_BOUND('',#10210,.T.);
#10843=FACE_BOUND('',#10211,.T.);
#10844=FACE_BOUND('',#10212,.T.);
#10845=FACE_BOUND('',#10213,.T.);
#10846=FACE_BOUND('',#10214,.T.);
#10847=FACE_BOUND('',#10215,.T.);
#10848=FACE_BOUND('',#10216,.T.);
#10849=FACE_BOUND('',#10217,.T.);
#10850=FACE_BOUND('',#10218,.T.);
#10851=FACE_BOUND('',#10219,.T.);
#10852=FACE_BOUND('',#10220,.T.);
#10853=FACE_BOUND('',#10221,.T.);
#10854=FACE_BOUND('',#10222,.T.);
#10855=FACE_BOUND('',#10223,.T.);
#10856=FACE_BOUND('',#10224,.T.);
#10857=FACE_BOUND('',#10225,.T.);
#10858=FACE_BOUND('',#10226,.T.);
#10859=FACE_BOUND('',#10227,.T.);
#10860=FACE_BOUND('',#10228,.T.);
#10861=FACE_BOUND('',#10229,.T.);
#10862=FACE_BOUND('',#10230,.T.);
#10863=FACE_BOUND('',#10231,.T.);
#10864=FACE_BOUND('',#10232,.T.);
#10865=FACE_BOUND('',#10233,.T.);
#10866=FACE_BOUND('',#10234,.T.);
#10867=FACE_BOUND('',#10235,.T.);
#10868=FACE_BOUND('',#10236,.T.);
#10869=FACE_BOUND('',#10237,.T.);
#10870=FACE_BOUND('',#10238,.T.);
#10871=FACE_BOUND('',#10239,.T.);
#10872=FACE_BOUND('',#10240,.T.);
#10873=FACE_BOUND('',#10241,.T.);
#10874=FACE_BOUND('',#10242,.T.);
#10875=FACE_BOUND('',#10243,.T.);
#10876=FACE_BOUND('',#10244,.T.);
#10877=FACE_BOUND('',#10245,.T.);
#10878=FACE_BOUND('',#10246,.T.);
#10879=FACE_BOUND('',#10247,.T.);
#10880=FACE_BOUND('',#10248,.T.);
#10881=FACE_BOUND('',#10249,.T.);
#10882=FACE_BOUND('',#10250,.T.);
#10883=FACE_BOUND('',#10251,.T.);
#10884=FACE_BOUND('',#10252,.T.);
#10885=FACE_BOUND('',#10253,.T.);
#10886=FACE_BOUND('',#10254,.T.);
#10887=FACE_BOUND('',#10255,.T.);
#10888=FACE_BOUND('',#10256,.T.);
#10889=FACE_BOUND('',#10257,.T.);
#10890=FACE_BOUND('',#10258,.T.);
#10891=FACE_BOUND('',#10259,.T.);
#10892=FACE_BOUND('',#10260,.T.);
#10893=FACE_BOUND('',#10261,.T.);
#10894=FACE_BOUND('',#10262,.T.);
#10895=FACE_BOUND('',#10263,.T.);
#10896=FACE_BOUND('',#10264,.T.);
#10897=FACE_BOUND('',#10265,.T.);
#10898=FACE_BOUND('',#10266,.T.);
#10899=FACE_BOUND('',#10267,.T.);
#10900=FACE_BOUND('',#10268,.T.);
#10901=FACE_BOUND('',#10269,.T.);
#10902=FACE_BOUND('',#10270,.T.);
#10903=FACE_BOUND('',#10271,.T.);
#10904=FACE_BOUND('',#10272,.T.);
#10905=FACE_BOUND('',#10273,.T.);
#10906=FACE_BOUND('',#10274,.T.);
#10907=FACE_BOUND('',#10275,.T.);
#10908=FACE_BOUND('',#10276,.T.);
#10909=FACE_BOUND('',#10277,.T.);
#10910=FACE_BOUND('',#10278,.T.);
#10911=FACE_BOUND('',#10279,.T.);
#10912=FACE_BOUND('',#10280,.T.);
#10913=FACE_BOUND('',#10281,.T.);
#10914=FACE_BOUND('',#10282,.T.);
#10915=FACE_BOUND('',#10283,.T.);
#10916=FACE_BOUND('',#10284,.T.);
#10917=FACE_BOUND('',#10285,.T.);
#10918=FACE_BOUND('',#10286,.T.);
#10919=FACE_BOUND('',#10287,.T.);
#10920=FACE_BOUND('',#10288,.T.);
#10921=FACE_BOUND('',#10289,.T.);
#10922=FACE_BOUND('',#10290,.T.);
#10923=FACE_BOUND('',#10291,.T.);
#10924=FACE_BOUND('',#10292,.T.);
#10925=FACE_BOUND('',#10293,.T.);
#10926=FACE_BOUND('',#10294,.T.);
#10927=FACE_BOUND('',#10295,.T.);
#10928=FACE_BOUND('',#10296,.T.);
#10929=FACE_BOUND('',#10297,.T.);
#10930=FACE_BOUND('',#10298,.T.);
#10931=FACE_BOUND('',#10299,.T.);
#10932=FACE_BOUND('',#10300,.T.);
#10933=FACE_BOUND('',#10301,.T.);
#10934=FACE_BOUND('',#10302,.T.);
#10935=FACE_BOUND('',#10303,.T.);
#10936=FACE_BOUND('',#10304,.T.);
#10937=FACE_BOUND('',#10305,.T.);
#10938=FACE_BOUND('',#10306,.T.);
#10939=FACE_BOUND('',#10307,.T.);
#10940=FACE_BOUND('',#10308,.T.);
#10941=FACE_BOUND('',#10309,.T.);
#10942=FACE_BOUND('',#10310,.T.);
#10943=FACE_BOUND('',#10311,.T.);
#10944=FACE_BOUND('',#10312,.T.);
#10945=FACE_BOUND('',#10313,.T.);
#10946=FACE_BOUND('',#10314,.T.);
#10947=FACE_BOUND('',#10315,.T.);
#10948=FACE_BOUND('',#10316,.T.);
#10949=FACE_BOUND('',#10317,.T.);
#10950=FACE_BOUND('',#10318,.T.);
#10951=FACE_BOUND('',#10319,.T.);
#10952=FACE_BOUND('',#10320,.T.);
#10953=FACE_BOUND('',#10321,.T.);
#10954=FACE_BOUND('',#10322,.T.);
#10955=FACE_BOUND('',#10323,.T.);
#10956=FACE_BOUND('',#10324,.T.);
#10957=FACE_BOUND('',#10325,.T.);
#10958=FACE_BOUND('',#10326,.T.);
#10959=FACE_BOUND('',#10327,.T.);
#10960=FACE_BOUND('',#10328,.T.);
#10961=FACE_BOUND('',#10329,.T.);
#10962=FACE_BOUND('',#10330,.T.);
#10963=FACE_BOUND('',#10331,.T.);
#10964=FACE_BOUND('',#10332,.T.);
#10965=FACE_BOUND('',#10333,.T.);
#10966=FACE_BOUND('',#10334,.T.);
#10967=FACE_BOUND('',#10335,.T.);
#10968=FACE_BOUND('',#10336,.T.);
#10969=FACE_BOUND('',#10337,.T.);
#10970=FACE_BOUND('',#10338,.T.);
#10971=FACE_BOUND('',#10339,.T.);
#10972=FACE_BOUND('',#10340,.T.);
#10973=FACE_BOUND('',#10341,.T.);
#10974=FACE_BOUND('',#10342,.T.);
#10975=FACE_BOUND('',#10343,.T.);
#10976=FACE_BOUND('',#10344,.T.);
#10977=FACE_BOUND('',#10345,.T.);
#10978=FACE_BOUND('',#10346,.T.);
#10979=FACE_BOUND('',#10347,.T.);
#10980=FACE_BOUND('',#10348,.T.);
#10981=FACE_BOUND('',#10349,.T.);
#10982=FACE_BOUND('',#10350,.T.);
#10983=FACE_BOUND('',#10351,.T.);
#10984=FACE_BOUND('',#10352,.T.);
#10985=FACE_BOUND('',#10353,.T.);
#10986=FACE_BOUND('',#10354,.T.);
#10987=FACE_BOUND('',#10355,.T.);
#10988=FACE_BOUND('',#10356,.T.);
#10989=FACE_BOUND('',#10357,.T.);
#10990=FACE_BOUND('',#10358,.T.);
#10991=FACE_BOUND('',#10359,.T.);
#10992=FACE_BOUND('',#10360,.T.);
#10993=FACE_BOUND('',#10361,.T.);
#10994=FACE_BOUND('',#10362,.T.);
#10995=FACE_BOUND('',#10363,.T.);
#10996=FACE_BOUND('',#10364,.T.);
#10997=FACE_BOUND('',#10365,.T.);
#10998=FACE_BOUND('',#10366,.T.);
#10999=FACE_BOUND('',#10367,.T.);
#11000=FACE_BOUND('',#10368,.T.);
#11001=FACE_BOUND('',#10369,.T.);
#11002=FACE_BOUND('',#10370,.T.);
#11003=FACE_BOUND('',#10371,.T.);
#11004=FACE_BOUND('',#10372,.T.);
#11005=FACE_BOUND('',#10373,.T.);
#11006=FACE_BOUND('',#10374,.T.);
#11007=FACE_BOUND('',#10375,.T.);
#11008=FACE_BOUND('',#10376,.T.);
#11009=FACE_BOUND('',#10377,.T.);
#11010=FACE_BOUND('',#10378,.T.);
#11011=FACE_BOUND('',#10379,.T.);
#11012=FACE_BOUND('',#10380,.T.);
#11013=FACE_BOUND('',#10381,.T.);
#11014=FACE_BOUND('',#10382,.T.);
#11015=FACE_BOUND('',#10383,.T.);
#11016=FACE_BOUND('',#10384,.T.);
#11017=FACE_BOUND('',#10385,.T.);
#11018=FACE_BOUND('',#10386,.T.);
#11019=FACE_BOUND('',#10387,.T.);
#11020=FACE_BOUND('',#10388,.T.);
#11021=FACE_BOUND('',#10389,.T.);
#11022=FACE_BOUND('',#10390,.T.);
#11023=FACE_BOUND('',#10391,.T.);
#11024=FACE_BOUND('',#10392,.T.);
#11025=FACE_BOUND('',#10393,.T.);
#11026=FACE_BOUND('',#10394,.T.);
#11027=FACE_BOUND('',#10395,.T.);
#11028=FACE_BOUND('',#10396,.T.);
#11029=FACE_BOUND('',#10397,.T.);
#11030=FACE_BOUND('',#10398,.T.);
#11031=FACE_BOUND('',#10399,.T.);
#11032=FACE_BOUND('',#10400,.T.);
#11033=FACE_BOUND('',#10401,.T.);
#11034=FACE_BOUND('',#10402,.T.);
#11035=FACE_BOUND('',#10403,.T.);
#11036=FACE_BOUND('',#10404,.T.);
#11037=FACE_BOUND('',#10405,.T.);
#11038=FACE_BOUND('',#10406,.T.);
#11039=FACE_BOUND('',#10407,.T.);
#11040=FACE_BOUND('',#10408,.T.);
#11041=FACE_BOUND('',#10409,.T.);
#11042=FACE_BOUND('',#10410,.T.);
#11043=FACE_BOUND('',#10411,.T.);
#11044=FACE_BOUND('',#10412,.T.);
#11045=FACE_BOUND('',#10413,.T.);
#11046=FACE_BOUND('',#10414,.T.);
#11047=FACE_BOUND('',#10415,.T.);
#11048=FACE_BOUND('',#10416,.T.);
#11049=FACE_BOUND('',#10417,.T.);
#11050=FACE_BOUND('',#10418,.T.);
#11051=FACE_BOUND('',#10419,.T.);
#11052=FACE_BOUND('',#10420,.T.);
#11053=FACE_BOUND('',#10421,.T.);
#11054=FACE_BOUND('',#10422,.T.);
#11055=FACE_BOUND('',#10423,.T.);
#11056=FACE_BOUND('',#10424,.T.);
#11057=FACE_BOUND('',#10425,.T.);
#11058=FACE_BOUND('',#10426,.T.);
#11059=FACE_BOUND('',#10427,.T.);
#11060=FACE_BOUND('',#10428,.T.);
#11061=FACE_BOUND('',#10429,.T.);
#11062=FACE_BOUND('',#10430,.T.);
#11063=FACE_BOUND('',#10431,.T.);
#11064=FACE_BOUND('',#10432,.T.);
#11065=FACE_BOUND('',#10433,.T.);
#11066=FACE_BOUND('',#10434,.T.);
#11067=FACE_BOUND('',#10435,.T.);
#11068=FACE_BOUND('',#10436,.T.);
#11069=FACE_BOUND('',#10437,.T.);
#11070=FACE_BOUND('',#10438,.T.);
#11071=FACE_BOUND('',#10439,.T.);
#11072=FACE_BOUND('',#10440,.T.);
#11073=FACE_BOUND('',#10441,.T.);
#11074=FACE_BOUND('',#10442,.T.);
#11075=FACE_BOUND('',#10443,.T.);
#11076=FACE_BOUND('',#10444,.T.);
#11077=FACE_BOUND('',#10445,.T.);
#11078=FACE_BOUND('',#10446,.T.);
#11079=FACE_BOUND('',#10447,.T.);
#11080=FACE_BOUND('',#10448,.T.);
#11081=FACE_BOUND('',#10449,.T.);
#11082=FACE_BOUND('',#10450,.T.);
#11083=FACE_BOUND('',#10451,.T.);
#11084=FACE_BOUND('',#10452,.T.);
#11085=FACE_BOUND('',#10453,.T.);
#11086=FACE_BOUND('',#10454,.T.);
#11087=FACE_BOUND('',#10455,.T.);
#11088=FACE_BOUND('',#10456,.T.);
#11089=FACE_BOUND('',#10457,.T.);
#11090=FACE_BOUND('',#10458,.T.);
#11091=FACE_BOUND('',#10459,.T.);
#11092=FACE_BOUND('',#10460,.T.);
#11093=FACE_BOUND('',#10461,.T.);
#11094=FACE_BOUND('',#10462,.T.);
#11095=FACE_BOUND('',#10463,.T.);
#11096=FACE_BOUND('',#10464,.T.);
#11097=FACE_BOUND('',#10465,.T.);
#11098=FACE_BOUND('',#10466,.T.);
#11099=FACE_BOUND('',#10467,.T.);
#11100=FACE_BOUND('',#10468,.T.);
#11101=FACE_BOUND('',#10469,.T.);
#11102=FACE_BOUND('',#10470,.T.);
#11103=FACE_BOUND('',#10471,.T.);
#11104=FACE_BOUND('',#10472,.T.);
#11105=FACE_BOUND('',#10473,.T.);
#11106=FACE_BOUND('',#10474,.T.);
#11107=FACE_BOUND('',#10475,.T.);
#11108=FACE_BOUND('',#10476,.T.);
#11109=FACE_BOUND('',#10477,.T.);
#11110=FACE_BOUND('',#10478,.T.);
#11111=FACE_BOUND('',#10479,.T.);
#11112=FACE_BOUND('',#10480,.T.);
#11113=FACE_BOUND('',#10481,.T.);
#11114=FACE_BOUND('',#10482,.T.);
#11115=FACE_BOUND('',#10483,.T.);
#11116=FACE_BOUND('',#10484,.T.);
#11117=FACE_BOUND('',#10485,.T.);
#11118=FACE_BOUND('',#10486,.T.);
#11119=FACE_BOUND('',#10487,.T.);
#11120=FACE_BOUND('',#10488,.T.);
#11121=FACE_BOUND('',#10489,.T.);
#11122=FACE_BOUND('',#10490,.T.);
#11123=FACE_BOUND('',#10491,.T.);
#11124=FACE_BOUND('',#10492,.T.);
#11125=FACE_BOUND('',#10493,.T.);
#11126=FACE_BOUND('',#10494,.T.);
#11127=FACE_BOUND('',#10495,.T.);
#11128=FACE_BOUND('',#10496,.T.);
#11129=FACE_BOUND('',#10497,.T.);
#11130=FACE_BOUND('',#10498,.T.);
#11131=FACE_BOUND('',#10499,.T.);
#11132=FACE_BOUND('',#10500,.T.);
#11133=FACE_BOUND('',#10501,.T.);
#11134=FACE_BOUND('',#10502,.T.);
#11135=FACE_BOUND('',#10503,.T.);
#11136=FACE_BOUND('',#10504,.T.);
#11137=FACE_BOUND('',#10505,.T.);
#11138=FACE_BOUND('',#10506,.T.);
#11139=FACE_BOUND('',#10507,.T.);
#11140=FACE_BOUND('',#10508,.T.);
#11141=FACE_BOUND('',#10509,.T.);
#11142=FACE_BOUND('',#10510,.T.);
#11143=FACE_BOUND('',#10511,.T.);
#11144=FACE_BOUND('',#10512,.T.);
#11145=FACE_BOUND('',#10513,.T.);
#11146=FACE_BOUND('',#10514,.T.);
#11147=FACE_BOUND('',#10515,.T.);
#11148=FACE_BOUND('',#10516,.T.);
#11149=FACE_BOUND('',#10517,.T.);
#11150=FACE_BOUND('',#10518,.T.);
#11151=FACE_BOUND('',#10519,.T.);
#11152=FACE_BOUND('',#10520,.T.);
#11153=FACE_BOUND('',#10521,.T.);
#11154=FACE_BOUND('',#10522,.T.);
#11155=FACE_BOUND('',#10523,.T.);
#11156=FACE_BOUND('',#10524,.T.);
#11157=FACE_BOUND('',#10525,.T.);
#11158=FACE_BOUND('',#10526,.T.);
#11159=FACE_BOUND('',#10527,.T.);
#11160=FACE_BOUND('',#10528,.T.);
#11161=FACE_BOUND('',#10529,.T.);
#11162=FACE_BOUND('',#10530,.T.);
#11163=FACE_BOUND('',#10531,.T.);
#11164=FACE_BOUND('',#10532,.T.);
#11165=FACE_BOUND('',#10533,.T.);
#11166=FACE_BOUND('',#10534,.T.);
#11167=FACE_BOUND('',#10535,.T.);
#11168=FACE_BOUND('',#10536,.T.);
#11169=FACE_BOUND('',#10537,.T.);
#11170=FACE_BOUND('',#10538,.T.);
#11171=FACE_BOUND('',#10539,.T.);
#11172=FACE_BOUND('',#10540,.T.);
#11173=FACE_BOUND('',#10541,.T.);
#11174=FACE_BOUND('',#10542,.T.);
#11175=FACE_BOUND('',#10543,.T.);
#11176=FACE_BOUND('',#10544,.T.);
#11177=FACE_BOUND('',#10545,.T.);
#11178=FACE_BOUND('',#10546,.T.);
#11179=FACE_BOUND('',#10547,.T.);
#11180=FACE_BOUND('',#10548,.T.);
#11181=FACE_BOUND('',#10549,.T.);
#11182=FACE_BOUND('',#10550,.T.);
#11183=FACE_BOUND('',#10551,.T.);
#11184=FACE_BOUND('',#10552,.T.);
#11185=FACE_BOUND('',#10553,.T.);
#11186=FACE_BOUND('',#10554,.T.);
#11187=FACE_BOUND('',#10555,.T.);
#11188=FACE_BOUND('',#10556,.T.);
#11189=FACE_BOUND('',#10557,.T.);
#11190=FACE_BOUND('',#10558,.T.);
#11191=FACE_BOUND('',#10559,.T.);
#11192=FACE_BOUND('',#10560,.T.);
#11193=FACE_BOUND('',#10561,.T.);
#11194=FACE_BOUND('',#10562,.T.);
#11195=FACE_BOUND('',#10563,.T.);
#11196=FACE_BOUND('',#10564,.T.);
#11197=FACE_BOUND('',#10565,.T.);
#11198=FACE_BOUND('',#10566,.T.);
#11199=FACE_BOUND('',#10567,.T.);
#11200=FACE_BOUND('',#10568,.T.);
#11201=FACE_BOUND('',#10569,.T.);
#11202=FACE_BOUND('',#10570,.T.);
#11203=FACE_BOUND('',#10571,.T.);
#11204=FACE_BOUND('',#10572,.T.);
#11205=FACE_BOUND('',#10573,.T.);
#11206=FACE_BOUND('',#10574,.T.);
#11207=FACE_BOUND('',#10575,.T.);
#11208=FACE_BOUND('',#10576,.T.);
#11209=FACE_BOUND('',#10577,.T.);
#11210=FACE_BOUND('',#10578,.T.);
#11211=FACE_BOUND('',#10579,.T.);
#11212=FACE_BOUND('',#10580,.T.);
#11213=FACE_BOUND('',#10581,.T.);
#11214=FACE_BOUND('',#10582,.T.);
#11215=FACE_BOUND('',#10583,.T.);
#11216=FACE_BOUND('',#10584,.T.);
#11217=FACE_BOUND('',#10585,.T.);
#11218=FACE_BOUND('',#10586,.T.);
#11219=FACE_BOUND('',#10587,.T.);
#11220=FACE_BOUND('',#10588,.T.);
#11221=FACE_BOUND('',#10589,.T.);
#11222=FACE_BOUND('',#10590,.T.);
#11223=FACE_BOUND('',#10591,.T.);
#11224=FACE_BOUND('',#10592,.T.);
#11225=FACE_BOUND('',#10593,.T.);
#11226=FACE_BOUND('',#10594,.T.);
#11227=FACE_BOUND('',#10595,.T.);
#11228=FACE_BOUND('',#10596,.T.);
#11229=FACE_BOUND('',#10597,.T.);
#11230=FACE_BOUND('',#10598,.T.);
#11231=FACE_BOUND('',#10599,.T.);
#11232=FACE_BOUND('',#10600,.T.);
#11233=FACE_BOUND('',#10601,.T.);
#11234=FACE_BOUND('',#10602,.T.);
#11235=FACE_BOUND('',#10603,.T.);
#11236=FACE_BOUND('',#10604,.T.);
#11237=FACE_BOUND('',#10605,.T.);
#11238=FACE_BOUND('',#10606,.T.);
#11239=FACE_BOUND('',#10607,.T.);
#11240=FACE_BOUND('',#10608,.T.);
#11241=FACE_BOUND('',#10609,.T.);
#11242=FACE_BOUND('',#10610,.T.);
#11243=FACE_BOUND('',#10611,.T.);
#11244=FACE_BOUND('',#10612,.T.);
#11245=FACE_BOUND('',#10613,.T.);
#11246=FACE_BOUND('',#10614,.T.);
#11247=FACE_BOUND('',#10615,.T.);
#11248=FACE_BOUND('',#10616,.T.);
#11249=FACE_BOUND('',#10617,.T.);
#11250=FACE_BOUND('',#10618,.T.);
#11251=FACE_BOUND('',#10619,.T.);
#11252=FACE_BOUND('',#10620,.T.);
#11253=FACE_BOUND('',#10621,.T.);
#11254=FACE_BOUND('',#10622,.T.);
#11255=FACE_BOUND('',#10623,.T.);
#11256=FACE_BOUND('',#10624,.T.);
#11257=FACE_BOUND('',#10625,.T.);
#11258=FACE_BOUND('',#10626,.T.);
#11259=FACE_BOUND('',#10627,.T.);
#11260=FACE_BOUND('',#10628,.T.);
#11261=FACE_BOUND('',#10629,.T.);
#11262=FACE_BOUND('',#10630,.T.);
#11263=FACE_BOUND('',#10631,.T.);
#11264=FACE_BOUND('',#10632,.T.);
#11265=FACE_BOUND('',#10633,.T.);
#11266=FACE_BOUND('',#10634,.T.);
#11267=FACE_BOUND('',#10635,.T.);
#11268=FACE_BOUND('',#10636,.T.);
#11269=FACE_BOUND('',#10637,.T.);
#11270=FACE_BOUND('',#10638,.T.);
#11271=FACE_BOUND('',#10639,.T.);
#11272=FACE_BOUND('',#10640,.T.);
#11273=FACE_BOUND('',#10641,.T.);
#11274=FACE_BOUND('',#10642,.T.);
#11275=FACE_BOUND('',#10643,.T.);
#11276=FACE_BOUND('',#10644,.T.);
#11277=FACE_BOUND('',#10645,.T.);
#11278=FACE_BOUND('',#10646,.T.);
#11279=FACE_BOUND('',#10647,.T.);
#11280=FACE_BOUND('',#10648,.T.);
#11281=FACE_BOUND('',#10649,.T.);
#11282=FACE_BOUND('',#10650,.T.);
#11283=FACE_BOUND('',#10651,.T.);
#11284=FACE_BOUND('',#10652,.T.);
#11285=FACE_BOUND('',#10653,.T.);
#11286=FACE_BOUND('',#10654,.T.);
#11287=FACE_BOUND('',#10655,.T.);
#11288=FACE_BOUND('',#10656,.T.);
#11289=FACE_BOUND('',#10657,.T.);
#11290=FACE_BOUND('',#10658,.T.);
#11291=FACE_BOUND('',#10659,.T.);
#11292=FACE_BOUND('',#10660,.T.);
#11293=FACE_BOUND('',#10661,.T.);
#11294=FACE_BOUND('',#10662,.T.);
#11295=FACE_BOUND('',#10663,.T.);
#11296=FACE_BOUND('',#10664,.T.);
#11297=FACE_BOUND('',#10665,.T.);
#11298=FACE_BOUND('',#10666,.T.);
#11299=FACE_BOUND('',#10667,.T.);
#11300=FACE_BOUND('',#10668,.T.);
#11301=FACE_BOUND('',#10669,.T.);
#11302=FACE_BOUND('',#10670,.T.);
#11303=FACE_BOUND('',#10671,.T.);
#11304=FACE_BOUND('',#10672,.T.);
#11305=FACE_BOUND('',#10673,.T.);
#11306=FACE_BOUND('',#10674,.T.);
#11307=FACE_BOUND('',#10675,.T.);
#11308=FACE_BOUND('',#10676,.T.);
#11309=FACE_BOUND('',#10677,.T.);
#11310=FACE_BOUND('',#10678,.T.);
#11311=FACE_BOUND('',#10679,.T.);
#11312=FACE_BOUND('',#10680,.T.);
#11313=FACE_BOUND('',#10681,.T.);
#11314=FACE_BOUND('',#10682,.T.);
#11315=FACE_BOUND('',#10683,.T.);
#11316=FACE_BOUND('',#10684,.T.);
#11317=FACE_BOUND('',#10685,.T.);
#11318=FACE_BOUND('',#10686,.T.);
#11319=FACE_BOUND('',#10687,.T.);
#11320=FACE_BOUND('',#10688,.T.);
#11321=FACE_BOUND('',#10689,.T.);
#11322=FACE_BOUND('',#10690,.T.);
#11323=FACE_BOUND('',#10691,.T.);
#11324=FACE_BOUND('',#10692,.T.);
#11325=FACE_BOUND('',#10693,.T.);
#11326=FACE_BOUND('',#10694,.T.);
#11327=FACE_BOUND('',#10695,.T.);
#11328=FACE_BOUND('',#10696,.T.);
#11329=FACE_BOUND('',#10697,.T.);
#11330=FACE_BOUND('',#10698,.T.);
#11331=FACE_BOUND('',#10699,.T.);
#11332=FACE_BOUND('',#10700,.T.);
#11333=FACE_BOUND('',#10701,.T.);
#11334=FACE_BOUND('',#10702,.T.);
#11335=FACE_BOUND('',#10703,.T.);
#11336=FACE_BOUND('',#10704,.T.);
#11337=FACE_BOUND('',#10705,.T.);
#11338=FACE_BOUND('',#10706,.T.);
#11339=FACE_BOUND('',#10707,.T.);
#11340=FACE_BOUND('',#10708,.T.);
#11341=FACE_BOUND('',#10709,.T.);
#11342=FACE_BOUND('',#10710,.T.);
#11343=FACE_BOUND('',#10711,.T.);
#11344=FACE_BOUND('',#10712,.T.);
#11345=FACE_BOUND('',#10713,.T.);
#11346=FACE_BOUND('',#10714,.T.);
#11347=FACE_BOUND('',#10715,.T.);
#11348=FACE_BOUND('',#10716,.T.);
#11349=FACE_BOUND('',#10717,.T.);
#11350=FACE_BOUND('',#10718,.T.);
#11351=FACE_BOUND('',#10719,.T.);
#11352=FACE_BOUND('',#10720,.T.);
#11353=FACE_BOUND('',#10721,.T.);
#11354=FACE_BOUND('',#10722,.T.);
#11355=FACE_BOUND('',#10723,.T.);
#11356=FACE_BOUND('',#10724,.T.);
#11357=FACE_BOUND('',#10725,.T.);
#11358=FACE_BOUND('',#10726,.T.);
#11359=FACE_BOUND('',#10727,.T.);
#11360=FACE_BOUND('',#10728,.T.);
#11361=FACE_BOUND('',#10729,.T.);
#11362=FACE_BOUND('',#10730,.T.);
#11363=FACE_BOUND('',#10731,.T.);
#11364=FACE_BOUND('',#10732,.T.);
#11365=FACE_BOUND('',#10733,.T.);
#11366=FACE_BOUND('',#10734,.T.);
#11367=FACE_BOUND('',#10735,.T.);
#11368=FACE_BOUND('',#10736,.T.);
#11369=FACE_BOUND('',#10737,.T.);
#11370=FACE_BOUND('',#10738,.T.);
#11371=FACE_BOUND('',#10739,.T.);
#11372=FACE_BOUND('',#10740,.T.);
#11373=FACE_BOUND('',#10741,.T.);
#11374=FACE_BOUND('',#10742,.T.);
#11375=FACE_BOUND('',#10743,.T.);
#11376=FACE_BOUND('',#10744,.T.);
#11377=FACE_BOUND('',#10745,.T.);
#11378=FACE_BOUND('',#10746,.T.);
#11379=FACE_BOUND('',#10747,.T.);
#11380=FACE_BOUND('',#10748,.T.);
#11381=FACE_BOUND('',#10749,.T.);
#11382=FACE_BOUND('',#10750,.T.);
#11383=FACE_BOUND('',#10751,.T.);
#11384=FACE_BOUND('',#10752,.T.);
#11385=FACE_BOUND('',#10753,.T.);
#11386=FACE_BOUND('',#10754,.T.);
#11387=FACE_BOUND('',#10755,.T.);
#11388=FACE_BOUND('',#10756,.T.);
#11389=FACE_BOUND('',#10757,.T.);
#11390=FACE_BOUND('',#10758,.T.);
#11391=FACE_BOUND('',#10759,.T.);
#11392=FACE_BOUND('',#10760,.T.);
#11393=FACE_BOUND('',#10761,.T.);
#11394=FACE_BOUND('',#10762,.T.);
#11395=FACE_BOUND('',#10763,.T.);
#11396=FACE_BOUND('',#10764,.T.);
#11397=FACE_BOUND('',#10765,.T.);
#11398=FACE_BOUND('',#10766,.T.);
#11399=FACE_BOUND('',#10767,.T.);
#11400=FACE_BOUND('',#10768,.T.);
#11401=FACE_BOUND('',#10769,.T.);
#11402=FACE_BOUND('',#10770,.T.);
#11403=FACE_BOUND('',#10771,.T.);
#11404=FACE_BOUND('',#10772,.T.);
#11405=FACE_BOUND('',#10773,.T.);
#11406=FACE_BOUND('',#10774,.T.);
#11407=FACE_BOUND('',#10775,.T.);
#11408=FACE_BOUND('',#10776,.T.);
#11409=FACE_BOUND('',#10777,.T.);
#11410=FACE_BOUND('',#10778,.T.);
#11411=FACE_BOUND('',#10779,.T.);
#11412=FACE_BOUND('',#10780,.T.);
#11413=FACE_BOUND('',#10781,.T.);
#11414=FACE_BOUND('',#10782,.T.);
#11415=FACE_BOUND('',#10783,.T.);
#11416=FACE_BOUND('',#10784,.T.);
#11417=FACE_BOUND('',#10785,.T.);
#11418=PLANE('',#12547);
#11419=PLANE('',#12548);
#11420=PLANE('',#12549);
#11421=PLANE('',#12550);
#11422=PLANE('',#12551);
#11423=PLANE('',#12552);
#11424=PLANE('',#12553);
#11425=PLANE('',#12554);
#11426=PLANE('',#12555);
#11427=PLANE('',#12611);
#11428=PLANE('',#12612);
#11429=PLANE('',#12613);
#11430=PLANE('',#12614);
#11431=PLANE('',#12615);
#11432=PLANE('',#12616);
#11433=PLANE('',#12617);
#11434=PLANE('',#12618);
#11435=PLANE('',#12619);
#11436=PLANE('',#12647);
#11437=PLANE('',#12648);
#11438=PLANE('',#12649);
#11439=PLANE('',#12650);
#11440=PLANE('',#12651);
#11441=PLANE('',#12652);
#11442=PLANE('',#12653);
#11443=PLANE('',#12654);
#11444=PLANE('',#12655);
#11445=PLANE('',#12683);
#11446=PLANE('',#12684);
#11447=PLANE('',#12685);
#11448=PLANE('',#12686);
#11449=PLANE('',#12687);
#11450=PLANE('',#12688);
#11451=PLANE('',#12689);
#11452=PLANE('',#12690);
#11453=PLANE('',#12691);
#11454=PLANE('',#12692);
#11455=PLANE('',#12693);
#11456=PLANE('',#12694);
#11457=PLANE('',#12695);
#11458=PLANE('',#12696);
#11459=PLANE('',#12697);
#11460=PLANE('',#12698);
#11461=PLANE('',#12699);
#11462=PLANE('',#12700);
#11463=PLANE('',#12701);
#11464=PLANE('',#12702);
#11465=PLANE('',#12703);
#11466=PLANE('',#12704);
#11467=PLANE('',#12705);
#11468=PLANE('',#12706);
#11469=PLANE('',#12707);
#11470=PLANE('',#12708);
#11471=PLANE('',#12709);
#11472=PLANE('',#12737);
#11473=PLANE('',#12738);
#11474=PLANE('',#12739);
#11475=PLANE('',#12740);
#11476=PLANE('',#12741);
#11477=PLANE('',#12742);
#11478=PLANE('',#12743);
#11479=PLANE('',#12744);
#11480=PLANE('',#12745);
#11481=PLANE('',#12773);
#11482=PLANE('',#12774);
#11483=PLANE('',#12775);
#11484=PLANE('',#12776);
#11485=PLANE('',#12777);
#11486=PLANE('',#12778);
#11487=PLANE('',#12779);
#11488=PLANE('',#12780);
#11489=PLANE('',#12781);
#11490=PLANE('',#12782);
#11491=PLANE('',#12787);
#11492=PLANE('',#12792);
#11493=PLANE('',#12797);
#11494=PLANE('',#12802);
#11495=PLANE('',#12807);
#11496=PLANE('',#12812);
#11497=PLANE('',#12817);
#11498=PLANE('',#12822);
#11499=PLANE('',#12827);
#11500=PLANE('',#12832);
#11501=PLANE('',#12837);
#11502=PLANE('',#12842);
#11503=PLANE('',#12847);
#11504=PLANE('',#12852);
#11505=PLANE('',#12857);
#11506=PLANE('',#12862);
#11507=PLANE('',#12867);
#11508=PLANE('',#12872);
#11509=PLANE('',#12877);
#11510=PLANE('',#12882);
#11511=PLANE('',#12885);
#11512=PLANE('',#12888);
#11513=PLANE('',#12891);
#11514=PLANE('',#12894);
#11515=PLANE('',#12897);
#11516=PLANE('',#12900);
#11517=PLANE('',#12903);
#11518=PLANE('',#12906);
#11519=PLANE('',#12909);
#11520=PLANE('',#12912);
#11521=PLANE('',#12913);
#11522=PLANE('',#12914);
#11523=PLANE('',#12915);
#11524=PLANE('',#12916);
#11525=PLANE('',#12917);
#11526=PLANE('',#12918);
#11527=PLANE('',#12919);
#11528=PLANE('',#12920);
#11529=PLANE('',#12921);
#11530=PLANE('',#12922);
#11531=PLANE('',#12925);
#11532=PLANE('',#12928);
#11533=PLANE('',#12931);
#11534=PLANE('',#12934);
#11535=PLANE('',#12937);
#11536=PLANE('',#12940);
#11537=PLANE('',#12943);
#11538=PLANE('',#12946);
#11539=PLANE('',#12949);
#11540=PLANE('',#12962);
#11541=PLANE('',#12963);
#11542=PLANE('',#12964);
#11543=PLANE('',#12965);
#11544=PLANE('',#12966);
#11545=PLANE('',#12967);
#11546=PLANE('',#12968);
#11547=PLANE('',#12969);
#11548=PLANE('',#12970);
#11549=PLANE('',#12971);
#11550=PLANE('',#12982);
#11551=PLANE('',#12989);
#11552=PLANE('',#13020);
#11553=PLANE('',#13021);
#11554=PLANE('',#13022);
#11555=PLANE('',#13023);
#11556=PLANE('',#13024);
#11557=PLANE('',#13025);
#11558=PLANE('',#13026);
#11559=PLANE('',#13027);
#11560=PLANE('',#13028);
#11561=PLANE('',#13029);
#11562=PLANE('',#13040);
#11563=PLANE('',#13044);
#11564=PLANE('',#13048);
#11565=PLANE('',#13049);
#11566=PLANE('',#13050);
#11567=PLANE('',#13054);
#11568=PLANE('',#13058);
#11569=PLANE('',#13059);
#11570=PLANE('',#13061);
#11571=PLANE('',#13063);
#11572=PLANE('',#13064);
#11573=PLANE('',#13067);
#11574=PLANE('',#13068);
#11575=PLANE('',#13071);
#11576=PLANE('',#13072);
#11577=PLANE('',#13075);
#11578=PLANE('',#13076);
#11579=PLANE('',#13079);
#11580=PLANE('',#13080);
#11581=PLANE('',#13083);
#11582=PLANE('',#13084);
#11583=PLANE('',#13087);
#11584=PLANE('',#13088);
#11585=PLANE('',#13091);
#11586=PLANE('',#13092);
#11587=PLANE('',#13097);
#11588=PLANE('',#13098);
#11589=PLANE('',#13099);
#11590=PLANE('',#13100);
#11591=PLANE('',#13101);
#11592=PLANE('',#13102);
#11593=PLANE('',#13103);
#11594=PLANE('',#13104);
#11595=PLANE('',#13105);
#11596=PLANE('',#13106);
#11597=PLANE('',#13107);
#11598=PLANE('',#13108);
#11599=PLANE('',#13109);
#11600=PLANE('',#13110);
#11601=PLANE('',#13111);
#11602=PLANE('',#13112);
#11603=PLANE('',#13113);
#11604=PLANE('',#13114);
#11605=PLANE('',#13115);
#11606=PLANE('',#13116);
#11607=PLANE('',#13117);
#11608=PLANE('',#13118);
#11609=PLANE('',#13119);
#11610=PLANE('',#13120);
#11611=PLANE('',#13121);
#11612=PLANE('',#13122);
#11613=PLANE('',#13123);
#11614=PLANE('',#13124);
#11615=PLANE('',#13125);
#11616=PLANE('',#13126);
#11617=PLANE('',#13127);
#11618=PLANE('',#13128);
#11619=PLANE('',#13129);
#11620=PLANE('',#13130);
#11621=PLANE('',#13131);
#11622=PLANE('',#13132);
#11623=PLANE('',#13133);
#11624=PLANE('',#13134);
#11625=PLANE('',#13135);
#11626=PLANE('',#13136);
#11627=PLANE('',#13137);
#11628=PLANE('',#13138);
#11629=PLANE('',#13139);
#11630=PLANE('',#13140);
#11631=PLANE('',#13141);
#11632=PLANE('',#13142);
#11633=PLANE('',#13143);
#11634=PLANE('',#13144);
#11635=PLANE('',#13145);
#11636=PLANE('',#13146);
#11637=PLANE('',#13147);
#11638=PLANE('',#13148);
#11639=PLANE('',#13149);
#11640=PLANE('',#13150);
#11641=PLANE('',#13151);
#11642=PLANE('',#13152);
#11643=PLANE('',#13153);
#11644=PLANE('',#13154);
#11645=PLANE('',#13155);
#11646=PLANE('',#13156);
#11647=PLANE('',#13157);
#11648=PLANE('',#13158);
#11649=PLANE('',#13159);
#11650=PLANE('',#13160);
#11651=PLANE('',#13161);
#11652=PLANE('',#13162);
#11653=PLANE('',#13163);
#11654=PLANE('',#13164);
#11655=PLANE('',#13165);
#11656=PLANE('',#13166);
#11657=PLANE('',#13167);
#11658=PLANE('',#13168);
#11659=PLANE('',#13169);
#11660=PLANE('',#13170);
#11661=PLANE('',#13171);
#11662=PLANE('',#13172);
#11663=PLANE('',#13173);
#11664=PLANE('',#13174);
#11665=PLANE('',#13175);
#11666=PLANE('',#13176);
#11667=PLANE('',#13177);
#11668=PLANE('',#13178);
#11669=PLANE('',#13179);
#11670=PLANE('',#13180);
#11671=PLANE('',#13181);
#11672=PLANE('',#13182);
#11673=PLANE('',#13183);
#11674=PLANE('',#13184);
#11675=PLANE('',#13185);
#11676=PLANE('',#13186);
#11677=PLANE('',#13187);
#11678=PLANE('',#13188);
#11679=PLANE('',#13189);
#11680=PLANE('',#13190);
#11681=PLANE('',#13191);
#11682=PLANE('',#13192);
#11683=PLANE('',#13193);
#11684=PLANE('',#13194);
#11685=PLANE('',#13195);
#11686=PLANE('',#13196);
#11687=PLANE('',#13197);
#11688=PLANE('',#13198);
#11689=PLANE('',#13199);
#11690=PLANE('',#13200);
#11691=PLANE('',#13201);
#11692=PLANE('',#13202);
#11693=PLANE('',#13203);
#11694=PLANE('',#13204);
#11695=PLANE('',#13205);
#11696=PLANE('',#13206);
#11697=PLANE('',#13207);
#11698=PLANE('',#13208);
#11699=PLANE('',#13209);
#11700=PLANE('',#13210);
#11701=PLANE('',#13211);
#11702=PLANE('',#13212);
#11703=PLANE('',#13213);
#11704=PLANE('',#13214);
#11705=PLANE('',#13216);
#11706=PLANE('',#13218);
#11707=PLANE('',#13220);
#11708=PLANE('',#13222);
#11709=PLANE('',#13224);
#11710=PLANE('',#13226);
#11711=PLANE('',#13228);
#11712=PLANE('',#13230);
#11713=PLANE('',#13232);
#11714=PLANE('',#13234);
#11715=PLANE('',#13236);
#11716=PLANE('',#13238);
#11717=PLANE('',#13240);
#11718=PLANE('',#13242);
#11719=PLANE('',#13244);
#11720=PLANE('',#13246);
#11721=PLANE('',#13248);
#11722=PLANE('',#13250);
#11723=PLANE('',#13252);
#11724=PLANE('',#13254);
#11725=PLANE('',#13256);
#11726=PLANE('',#13257);
#11727=PLANE('',#13258);
#11728=PLANE('',#13259);
#11729=PLANE('',#13260);
#11730=PLANE('',#13261);
#11731=PLANE('',#13262);
#11732=PLANE('',#13263);
#11733=PLANE('',#13264);
#11734=PLANE('',#13265);
#11735=PLANE('',#13266);
#11736=PLANE('',#13267);
#11737=PLANE('',#13268);
#11738=PLANE('',#13269);
#11739=PLANE('',#13270);
#11740=PLANE('',#13271);
#11741=PLANE('',#13272);
#11742=PLANE('',#13273);
#11743=PLANE('',#13274);
#11744=PLANE('',#13275);
#11745=PLANE('',#13287);
#11746=PLANE('',#13291);
#11747=PLANE('',#13293);
#11748=PLANE('',#13294);
#11749=PLANE('',#13295);
#11750=PLANE('',#13296);
#11751=PLANE('',#13297);
#11752=PLANE('',#13298);
#11753=PLANE('',#13299);
#11754=PLANE('',#13300);
#11755=PLANE('',#13301);
#11756=PLANE('',#13302);
#11757=PLANE('',#13303);
#11758=PLANE('',#13304);
#11759=PLANE('',#13305);
#11760=PLANE('',#13306);
#11761=PLANE('',#13307);
#11762=PLANE('',#13311);
#11763=PLANE('',#13313);
#11764=PLANE('',#13314);
#11765=PLANE('',#13315);
#11766=PLANE('',#13316);
#11767=PLANE('',#13317);
#11768=PLANE('',#13318);
#11769=PLANE('',#13319);
#11770=PLANE('',#13320);
#11771=PLANE('',#13321);
#11772=PLANE('',#13322);
#11773=PLANE('',#13323);
#11774=PLANE('',#13324);
#11775=PLANE('',#13325);
#11776=PLANE('',#13326);
#11777=PLANE('',#13327);
#11778=PLANE('',#13328);
#11779=PLANE('',#13329);
#11780=PLANE('',#13330);
#11781=PLANE('',#13331);
#11782=PLANE('',#13332);
#11783=PLANE('',#13333);
#11784=PLANE('',#13334);
#11785=PLANE('',#13335);
#11786=PLANE('',#13336);
#11787=PLANE('',#13337);
#11788=PLANE('',#13338);
#11789=PLANE('',#13339);
#11790=PLANE('',#13340);
#11791=PLANE('',#13341);
#11792=PLANE('',#13342);
#11793=PLANE('',#13343);
#11794=PLANE('',#13344);
#11795=PLANE('',#13345);
#11796=PLANE('',#13346);
#11797=PLANE('',#13347);
#11798=PLANE('',#13348);
#11799=PLANE('',#13349);
#11800=PLANE('',#13350);
#11801=PLANE('',#13351);
#11802=PLANE('',#13352);
#11803=PLANE('',#13353);
#11804=PLANE('',#13354);
#11805=PLANE('',#13355);
#11806=PLANE('',#13356);
#11807=PLANE('',#13357);
#11808=PLANE('',#13358);
#11809=PLANE('',#13359);
#11810=PLANE('',#13360);
#11811=PLANE('',#13361);
#11812=PLANE('',#13362);
#11813=PLANE('',#13363);
#11814=PLANE('',#13364);
#11815=PLANE('',#13365);
#11816=PLANE('',#13366);
#11817=PLANE('',#13367);
#11818=PLANE('',#13368);
#11819=PLANE('',#13369);
#11820=PLANE('',#13370);
#11821=PLANE('',#13371);
#11822=PLANE('',#13372);
#11823=PLANE('',#13375);
#11824=PLANE('',#13378);
#11825=PLANE('',#13379);
#11826=PLANE('',#13382);
#11827=PLANE('',#13385);
#11828=PLANE('',#13386);
#11829=PLANE('',#13389);
#11830=PLANE('',#13392);
#11831=PLANE('',#13393);
#11832=PLANE('',#13394);
#11833=PLANE('',#13395);
#11834=PLANE('',#13396);
#11835=PLANE('',#13397);
#11836=PLANE('',#13398);
#11837=PLANE('',#13399);
#11838=PLANE('',#13400);
#11839=PLANE('',#13401);
#11840=PLANE('',#13402);
#11841=PLANE('',#13403);
#11842=PLANE('',#13404);
#11843=PLANE('',#13405);
#11844=PLANE('',#13406);
#11845=PLANE('',#13407);
#11846=PLANE('',#13408);
#11847=PLANE('',#13409);
#11848=PLANE('',#13410);
#11849=PLANE('',#13411);
#11850=PLANE('',#13412);
#11851=PLANE('',#13413);
#11852=PLANE('',#13414);
#11853=PLANE('',#13415);
#11854=PLANE('',#13416);
#11855=PLANE('',#13417);
#11856=PLANE('',#13418);
#11857=PLANE('',#13419);
#11858=PLANE('',#13420);
#11859=PLANE('',#13421);
#11860=PLANE('',#13422);
#11861=PLANE('',#13423);
#11862=PLANE('',#13424);
#11863=PLANE('',#13425);
#11864=PLANE('',#13426);
#11865=PLANE('',#13427);
#11866=PLANE('',#13428);
#11867=PLANE('',#13429);
#11868=PLANE('',#13430);
#11869=PLANE('',#13431);
#11870=PLANE('',#13432);
#11871=PLANE('',#13433);
#11872=PLANE('',#13434);
#11873=PLANE('',#13435);
#11874=PLANE('',#13436);
#11875=PLANE('',#13437);
#11876=PLANE('',#13438);
#11877=PLANE('',#13439);
#11878=PLANE('',#13440);
#11879=PLANE('',#13441);
#11880=PLANE('',#13442);
#11881=PLANE('',#13443);
#11882=PLANE('',#13444);
#11883=PLANE('',#13445);
#11884=PLANE('',#13446);
#11885=PLANE('',#13447);
#11886=PLANE('',#13448);
#11887=PLANE('',#13449);
#11888=PLANE('',#13450);
#11889=PLANE('',#13451);
#11890=PLANE('',#13452);
#11891=PLANE('',#13453);
#11892=PLANE('',#13454);
#11893=PLANE('',#13455);
#11894=PLANE('',#13456);
#11895=ADVANCED_FACE('',(#10786),#11418,.T.);
#11896=ADVANCED_FACE('',(#10787),#11419,.T.);
#11897=ADVANCED_FACE('',(#10788),#11420,.T.);
#11898=ADVANCED_FACE('',(#10789),#11421,.F.);
#11899=ADVANCED_FACE('',(#10790,#10791),#11422,.T.);
#11900=ADVANCED_FACE('',(#10792),#11423,.F.);
#11901=ADVANCED_FACE('',(#10793),#11424,.F.);
#11902=ADVANCED_FACE('',(#10794),#11425,.F.);
#11903=ADVANCED_FACE('',(#10795),#11426,.T.);
#11904=ADVANCED_FACE('',(#10796),#313,.T.);
#11905=ADVANCED_FACE('',(#10797),#314,.T.);
#11906=ADVANCED_FACE('',(#10798),#315,.T.);
#11907=ADVANCED_FACE('',(#10799),#316,.T.);
#11908=ADVANCED_FACE('',(#10800),#317,.T.);
#11909=ADVANCED_FACE('',(#10801),#318,.T.);
#11910=ADVANCED_FACE('',(#10802),#319,.T.);
#11911=ADVANCED_FACE('',(#10803),#320,.T.);
#11912=ADVANCED_FACE('',(#10804),#321,.T.);
#11913=ADVANCED_FACE('',(#10805),#322,.F.);
#11914=ADVANCED_FACE('',(#10806),#323,.F.);
#11915=ADVANCED_FACE('',(#10807),#324,.F.);
#11916=ADVANCED_FACE('',(#10808),#325,.F.);
#11917=ADVANCED_FACE('',(#10809),#326,.F.);
#11918=ADVANCED_FACE('',(#10810),#327,.F.);
#11919=ADVANCED_FACE('',(#10811),#328,.F.);
#11920=ADVANCED_FACE('',(#10812),#329,.F.);
#11921=ADVANCED_FACE('',(#10813),#330,.F.);
#11922=ADVANCED_FACE('',(#10814),#11427,.F.);
#11923=ADVANCED_FACE('',(#10815),#11428,.F.);
#11924=ADVANCED_FACE('',(#10816),#11429,.F.);
#11925=ADVANCED_FACE('',(#10817),#11430,.F.);
#11926=ADVANCED_FACE('',(#10818),#11431,.F.);
#11927=ADVANCED_FACE('',(#10819),#11432,.F.);
#11928=ADVANCED_FACE('',(#10820),#11433,.F.);
#11929=ADVANCED_FACE('',(#10821),#11434,.F.);
#11930=ADVANCED_FACE('',(#10822),#11435,.F.);
#11931=ADVANCED_FACE('',(#10823),#331,.F.);
#11932=ADVANCED_FACE('',(#10824),#332,.F.);
#11933=ADVANCED_FACE('',(#10825),#333,.F.);
#11934=ADVANCED_FACE('',(#10826),#334,.F.);
#11935=ADVANCED_FACE('',(#10827),#335,.F.);
#11936=ADVANCED_FACE('',(#10828),#336,.F.);
#11937=ADVANCED_FACE('',(#10829),#337,.F.);
#11938=ADVANCED_FACE('',(#10830),#338,.F.);
#11939=ADVANCED_FACE('',(#10831),#339,.F.);
#11940=ADVANCED_FACE('',(#10832),#11436,.F.);
#11941=ADVANCED_FACE('',(#10833),#11437,.F.);
#11942=ADVANCED_FACE('',(#10834),#11438,.F.);
#11943=ADVANCED_FACE('',(#10835),#11439,.F.);
#11944=ADVANCED_FACE('',(#10836),#11440,.F.);
#11945=ADVANCED_FACE('',(#10837),#11441,.F.);
#11946=ADVANCED_FACE('',(#10838),#11442,.F.);
#11947=ADVANCED_FACE('',(#10839),#11443,.F.);
#11948=ADVANCED_FACE('',(#10840),#11444,.F.);
#11949=ADVANCED_FACE('',(#10841),#340,.T.);
#11950=ADVANCED_FACE('',(#10842),#341,.T.);
#11951=ADVANCED_FACE('',(#10843),#342,.T.);
#11952=ADVANCED_FACE('',(#10844),#343,.T.);
#11953=ADVANCED_FACE('',(#10845),#344,.T.);
#11954=ADVANCED_FACE('',(#10846),#345,.T.);
#11955=ADVANCED_FACE('',(#10847),#346,.T.);
#11956=ADVANCED_FACE('',(#10848),#347,.T.);
#11957=ADVANCED_FACE('',(#10849),#348,.T.);
#11958=ADVANCED_FACE('',(#10850),#11445,.F.);
#11959=ADVANCED_FACE('',(#10851),#11446,.F.);
#11960=ADVANCED_FACE('',(#10852),#11447,.F.);
#11961=ADVANCED_FACE('',(#10853),#11448,.F.);
#11962=ADVANCED_FACE('',(#10854),#11449,.F.);
#11963=ADVANCED_FACE('',(#10855),#11450,.F.);
#11964=ADVANCED_FACE('',(#10856),#11451,.F.);
#11965=ADVANCED_FACE('',(#10857),#11452,.F.);
#11966=ADVANCED_FACE('',(#10858),#11453,.F.);
#11967=ADVANCED_FACE('',(#10859),#11454,.F.);
#11968=ADVANCED_FACE('',(#10860),#11455,.F.);
#11969=ADVANCED_FACE('',(#10861),#11456,.F.);
#11970=ADVANCED_FACE('',(#10862),#11457,.F.);
#11971=ADVANCED_FACE('',(#10863),#11458,.F.);
#11972=ADVANCED_FACE('',(#10864),#11459,.F.);
#11973=ADVANCED_FACE('',(#10865),#11460,.F.);
#11974=ADVANCED_FACE('',(#10866),#11461,.F.);
#11975=ADVANCED_FACE('',(#10867),#11462,.F.);
#11976=ADVANCED_FACE('',(#10868),#11463,.F.);
#11977=ADVANCED_FACE('',(#10869),#11464,.F.);
#11978=ADVANCED_FACE('',(#10870),#11465,.F.);
#11979=ADVANCED_FACE('',(#10871),#11466,.F.);
#11980=ADVANCED_FACE('',(#10872),#11467,.F.);
#11981=ADVANCED_FACE('',(#10873),#11468,.F.);
#11982=ADVANCED_FACE('',(#10874),#11469,.F.);
#11983=ADVANCED_FACE('',(#10875),#11470,.F.);
#11984=ADVANCED_FACE('',(#10876),#11471,.F.);
#11985=ADVANCED_FACE('',(#10877),#349,.F.);
#11986=ADVANCED_FACE('',(#10878),#350,.F.);
#11987=ADVANCED_FACE('',(#10879),#351,.F.);
#11988=ADVANCED_FACE('',(#10880),#352,.F.);
#11989=ADVANCED_FACE('',(#10881),#353,.F.);
#11990=ADVANCED_FACE('',(#10882),#354,.F.);
#11991=ADVANCED_FACE('',(#10883),#355,.F.);
#11992=ADVANCED_FACE('',(#10884),#356,.F.);
#11993=ADVANCED_FACE('',(#10885),#357,.F.);
#11994=ADVANCED_FACE('',(#10886),#11472,.F.);
#11995=ADVANCED_FACE('',(#10887),#11473,.F.);
#11996=ADVANCED_FACE('',(#10888),#11474,.F.);
#11997=ADVANCED_FACE('',(#10889),#11475,.F.);
#11998=ADVANCED_FACE('',(#10890),#11476,.F.);
#11999=ADVANCED_FACE('',(#10891),#11477,.F.);
#12000=ADVANCED_FACE('',(#10892),#11478,.F.);
#12001=ADVANCED_FACE('',(#10893),#11479,.F.);
#12002=ADVANCED_FACE('',(#10894),#11480,.F.);
#12003=ADVANCED_FACE('',(#10895),#358,.T.);
#12004=ADVANCED_FACE('',(#10896),#359,.T.);
#12005=ADVANCED_FACE('',(#10897),#360,.T.);
#12006=ADVANCED_FACE('',(#10898),#361,.T.);
#12007=ADVANCED_FACE('',(#10899),#362,.T.);
#12008=ADVANCED_FACE('',(#10900),#363,.T.);
#12009=ADVANCED_FACE('',(#10901),#364,.T.);
#12010=ADVANCED_FACE('',(#10902),#365,.T.);
#12011=ADVANCED_FACE('',(#10903),#366,.T.);
#12012=ADVANCED_FACE('',(#10904),#11481,.F.);
#12013=ADVANCED_FACE('',(#10905),#11482,.F.);
#12014=ADVANCED_FACE('',(#10906),#11483,.F.);
#12015=ADVANCED_FACE('',(#10907),#11484,.F.);
#12016=ADVANCED_FACE('',(#10908),#11485,.F.);
#12017=ADVANCED_FACE('',(#10909),#11486,.F.);
#12018=ADVANCED_FACE('',(#10910),#11487,.F.);
#12019=ADVANCED_FACE('',(#10911),#11488,.F.);
#12020=ADVANCED_FACE('',(#10912),#11489,.F.);
#12021=ADVANCED_FACE('',(#10913),#11490,.T.);
#12022=ADVANCED_FACE('',(#10914),#11491,.T.);
#12023=ADVANCED_FACE('',(#10915),#11492,.T.);
#12024=ADVANCED_FACE('',(#10916),#11493,.T.);
#12025=ADVANCED_FACE('',(#10917),#11494,.T.);
#12026=ADVANCED_FACE('',(#10918),#11495,.T.);
#12027=ADVANCED_FACE('',(#10919),#11496,.T.);
#12028=ADVANCED_FACE('',(#10920),#11497,.T.);
#12029=ADVANCED_FACE('',(#10921),#11498,.T.);
#12030=ADVANCED_FACE('',(#10922),#11499,.T.);
#12031=ADVANCED_FACE('',(#10923),#11500,.T.);
#12032=ADVANCED_FACE('',(#10924),#11501,.T.);
#12033=ADVANCED_FACE('',(#10925),#11502,.T.);
#12034=ADVANCED_FACE('',(#10926),#11503,.T.);
#12035=ADVANCED_FACE('',(#10927),#11504,.T.);
#12036=ADVANCED_FACE('',(#10928),#11505,.T.);
#12037=ADVANCED_FACE('',(#10929),#11506,.T.);
#12038=ADVANCED_FACE('',(#10930),#11507,.T.);
#12039=ADVANCED_FACE('',(#10931),#11508,.T.);
#12040=ADVANCED_FACE('',(#10932),#11509,.T.);
#12041=ADVANCED_FACE('',(#10933),#11510,.F.);
#12042=ADVANCED_FACE('',(#10934),#11511,.F.);
#12043=ADVANCED_FACE('',(#10935),#11512,.F.);
#12044=ADVANCED_FACE('',(#10936),#11513,.F.);
#12045=ADVANCED_FACE('',(#10937),#11514,.F.);
#12046=ADVANCED_FACE('',(#10938),#11515,.F.);
#12047=ADVANCED_FACE('',(#10939),#11516,.F.);
#12048=ADVANCED_FACE('',(#10940),#11517,.F.);
#12049=ADVANCED_FACE('',(#10941),#11518,.F.);
#12050=ADVANCED_FACE('',(#10942),#11519,.F.);
#12051=ADVANCED_FACE('',(#10943),#11520,.F.);
#12052=ADVANCED_FACE('',(#10944),#11521,.F.);
#12053=ADVANCED_FACE('',(#10945),#11522,.F.);
#12054=ADVANCED_FACE('',(#10946),#11523,.F.);
#12055=ADVANCED_FACE('',(#10947),#11524,.F.);
#12056=ADVANCED_FACE('',(#10948),#11525,.F.);
#12057=ADVANCED_FACE('',(#10949),#11526,.F.);
#12058=ADVANCED_FACE('',(#10950),#11527,.F.);
#12059=ADVANCED_FACE('',(#10951),#11528,.F.);
#12060=ADVANCED_FACE('',(#10952),#11529,.F.);
#12061=ADVANCED_FACE('',(#10953),#11530,.F.);
#12062=ADVANCED_FACE('',(#10954),#11531,.F.);
#12063=ADVANCED_FACE('',(#10955),#11532,.F.);
#12064=ADVANCED_FACE('',(#10956),#11533,.F.);
#12065=ADVANCED_FACE('',(#10957),#11534,.F.);
#12066=ADVANCED_FACE('',(#10958),#11535,.F.);
#12067=ADVANCED_FACE('',(#10959),#11536,.F.);
#12068=ADVANCED_FACE('',(#10960),#11537,.F.);
#12069=ADVANCED_FACE('',(#10961),#11538,.F.);
#12070=ADVANCED_FACE('',(#10962),#11539,.F.);
#12071=ADVANCED_FACE('',(#10963),#367,.T.);
#12072=ADVANCED_FACE('',(#10964),#368,.T.);
#12073=ADVANCED_FACE('',(#10965),#369,.T.);
#12074=ADVANCED_FACE('',(#10966),#370,.T.);
#12075=ADVANCED_FACE('',(#10967),#371,.T.);
#12076=ADVANCED_FACE('',(#10968),#372,.T.);
#12077=ADVANCED_FACE('',(#10969),#373,.T.);
#12078=ADVANCED_FACE('',(#10970),#374,.T.);
#12079=ADVANCED_FACE('',(#10971),#375,.T.);
#12080=ADVANCED_FACE('',(#10972),#376,.T.);
#12081=ADVANCED_FACE('',(#10973),#11540,.F.);
#12082=ADVANCED_FACE('',(#10974),#11541,.F.);
#12083=ADVANCED_FACE('',(#10975),#11542,.F.);
#12084=ADVANCED_FACE('',(#10976),#11543,.F.);
#12085=ADVANCED_FACE('',(#10977),#11544,.F.);
#12086=ADVANCED_FACE('',(#10978),#11545,.F.);
#12087=ADVANCED_FACE('',(#10979),#11546,.F.);
#12088=ADVANCED_FACE('',(#10980),#11547,.F.);
#12089=ADVANCED_FACE('',(#10981),#11548,.F.);
#12090=ADVANCED_FACE('',(#10982),#11549,.F.);
#12091=ADVANCED_FACE('',(#10983),#377,.F.);
#12092=ADVANCED_FACE('',(#10984),#378,.F.);
#12093=ADVANCED_FACE('',(#10985),#379,.F.);
#12094=ADVANCED_FACE('',(#10986),#380,.F.);
#12095=ADVANCED_FACE('',(#10987),#381,.F.);
#12096=ADVANCED_FACE('',(#10988),#382,.F.);
#12097=ADVANCED_FACE('',(#10989),#383,.F.);
#12098=ADVANCED_FACE('',(#10990),#384,.F.);
#12099=ADVANCED_FACE('',(#10991),#385,.F.);
#12100=ADVANCED_FACE('',(#10992),#386,.F.);
#12101=ADVANCED_FACE('',(#10993),#11550,.F.);
#12102=ADVANCED_FACE('',(#10994),#387,.T.);
#12103=ADVANCED_FACE('',(#10995),#388,.F.);
#12104=ADVANCED_FACE('',(#10996),#11551,.F.);
#12105=ADVANCED_FACE('',(#10997),#389,.T.);
#12106=ADVANCED_FACE('',(#10998),#390,.T.);
#12107=ADVANCED_FACE('',(#10999),#391,.T.);
#12108=ADVANCED_FACE('',(#11000),#392,.T.);
#12109=ADVANCED_FACE('',(#11001),#393,.T.);
#12110=ADVANCED_FACE('',(#11002),#394,.T.);
#12111=ADVANCED_FACE('',(#11003),#395,.T.);
#12112=ADVANCED_FACE('',(#11004),#396,.T.);
#12113=ADVANCED_FACE('',(#11005),#397,.T.);
#12114=ADVANCED_FACE('',(#11006),#398,.T.);
#12115=ADVANCED_FACE('',(#11007),#11552,.F.);
#12116=ADVANCED_FACE('',(#11008),#11553,.F.);
#12117=ADVANCED_FACE('',(#11009),#11554,.F.);
#12118=ADVANCED_FACE('',(#11010),#11555,.F.);
#12119=ADVANCED_FACE('',(#11011),#11556,.F.);
#12120=ADVANCED_FACE('',(#11012),#11557,.F.);
#12121=ADVANCED_FACE('',(#11013),#11558,.F.);
#12122=ADVANCED_FACE('',(#11014),#11559,.F.);
#12123=ADVANCED_FACE('',(#11015),#11560,.F.);
#12124=ADVANCED_FACE('',(#11016),#11561,.F.);
#12125=ADVANCED_FACE('',(#11017),#399,.F.);
#12126=ADVANCED_FACE('',(#11018),#400,.F.);
#12127=ADVANCED_FACE('',(#11019),#401,.F.);
#12128=ADVANCED_FACE('',(#11020),#402,.F.);
#12129=ADVANCED_FACE('',(#11021),#403,.F.);
#12130=ADVANCED_FACE('',(#11022),#404,.F.);
#12131=ADVANCED_FACE('',(#11023),#405,.F.);
#12132=ADVANCED_FACE('',(#11024),#406,.F.);
#12133=ADVANCED_FACE('',(#11025),#407,.F.);
#12134=ADVANCED_FACE('',(#11026),#408,.F.);
#12135=ADVANCED_FACE('',(#11027),#11562,.F.);
#12136=ADVANCED_FACE('',(#11028),#409,.F.);
#12137=ADVANCED_FACE('',(#11029),#11563,.F.);
#12138=ADVANCED_FACE('',(#11030),#410,.T.);
#12139=ADVANCED_FACE('',(#11031),#11564,.F.);
#12140=ADVANCED_FACE('',(#11032),#11565,.F.);
#12141=ADVANCED_FACE('',(#11033),#11566,.F.);
#12142=ADVANCED_FACE('',(#11034),#411,.F.);
#12143=ADVANCED_FACE('',(#11035),#11567,.F.);
#12144=ADVANCED_FACE('',(#11036),#412,.T.);
#12145=ADVANCED_FACE('',(#11037),#11568,.F.);
#12146=ADVANCED_FACE('',(#11038),#11569,.T.);
#12147=ADVANCED_FACE('',(#11039),#413,.T.);
#12148=ADVANCED_FACE('',(#11040),#11570,.T.);
#12149=ADVANCED_FACE('',(#11041),#414,.T.);
#12150=ADVANCED_FACE('',(#11042),#11571,.T.);
#12151=ADVANCED_FACE('',(#11043),#11572,.T.);
#12152=ADVANCED_FACE('',(#11044),#415,.T.);
#12153=ADVANCED_FACE('',(#11045),#416,.T.);
#12154=ADVANCED_FACE('',(#11046),#11573,.T.);
#12155=ADVANCED_FACE('',(#11047),#11574,.T.);
#12156=ADVANCED_FACE('',(#11048),#417,.T.);
#12157=ADVANCED_FACE('',(#11049),#418,.T.);
#12158=ADVANCED_FACE('',(#11050),#11575,.T.);
#12159=ADVANCED_FACE('',(#11051),#11576,.T.);
#12160=ADVANCED_FACE('',(#11052),#419,.T.);
#12161=ADVANCED_FACE('',(#11053),#420,.T.);
#12162=ADVANCED_FACE('',(#11054),#11577,.T.);
#12163=ADVANCED_FACE('',(#11055),#11578,.T.);
#12164=ADVANCED_FACE('',(#11056),#421,.T.);
#12165=ADVANCED_FACE('',(#11057),#422,.T.);
#12166=ADVANCED_FACE('',(#11058),#11579,.T.);
#12167=ADVANCED_FACE('',(#11059),#11580,.T.);
#12168=ADVANCED_FACE('',(#11060),#423,.T.);
#12169=ADVANCED_FACE('',(#11061),#424,.T.);
#12170=ADVANCED_FACE('',(#11062),#11581,.T.);
#12171=ADVANCED_FACE('',(#11063),#11582,.T.);
#12172=ADVANCED_FACE('',(#11064),#425,.T.);
#12173=ADVANCED_FACE('',(#11065),#426,.T.);
#12174=ADVANCED_FACE('',(#11066),#11583,.T.);
#12175=ADVANCED_FACE('',(#11067),#11584,.T.);
#12176=ADVANCED_FACE('',(#11068),#427,.T.);
#12177=ADVANCED_FACE('',(#11069),#428,.T.);
#12178=ADVANCED_FACE('',(#11070),#11585,.T.);
#12179=ADVANCED_FACE('',(#11071),#11586,.T.);
#12180=ADVANCED_FACE('',(#11072),#429,.T.);
#12181=ADVANCED_FACE('',(#11073),#430,.T.);
#12182=ADVANCED_FACE('',(#11074),#431,.T.);
#12183=ADVANCED_FACE('',(#11075),#432,.T.);
#12184=ADVANCED_FACE('',(#11076),#11587,.T.);
#12185=ADVANCED_FACE('',(#11077),#11588,.T.);
#12186=ADVANCED_FACE('',(#11078),#11589,.F.);
#12187=ADVANCED_FACE('',(#11079),#11590,.F.);
#12188=ADVANCED_FACE('',(#11080),#11591,.F.);
#12189=ADVANCED_FACE('',(#11081),#11592,.F.);
#12190=ADVANCED_FACE('',(#11082),#11593,.F.);
#12191=ADVANCED_FACE('',(#11083),#11594,.F.);
#12192=ADVANCED_FACE('',(#11084),#11595,.F.);
#12193=ADVANCED_FACE('',(#11085),#11596,.F.);
#12194=ADVANCED_FACE('',(#11086),#11597,.F.);
#12195=ADVANCED_FACE('',(#11087),#11598,.F.);
#12196=ADVANCED_FACE('',(#11088),#11599,.F.);
#12197=ADVANCED_FACE('',(#11089),#11600,.F.);
#12198=ADVANCED_FACE('',(#11090),#11601,.F.);
#12199=ADVANCED_FACE('',(#11091),#11602,.F.);
#12200=ADVANCED_FACE('',(#11092),#11603,.F.);
#12201=ADVANCED_FACE('',(#11093),#11604,.F.);
#12202=ADVANCED_FACE('',(#11094),#11605,.F.);
#12203=ADVANCED_FACE('',(#11095),#11606,.F.);
#12204=ADVANCED_FACE('',(#11096),#11607,.F.);
#12205=ADVANCED_FACE('',(#11097),#11608,.F.);
#12206=ADVANCED_FACE('',(#11098),#11609,.F.);
#12207=ADVANCED_FACE('',(#11099),#11610,.F.);
#12208=ADVANCED_FACE('',(#11100),#11611,.F.);
#12209=ADVANCED_FACE('',(#11101),#11612,.F.);
#12210=ADVANCED_FACE('',(#11102),#11613,.F.);
#12211=ADVANCED_FACE('',(#11103),#11614,.F.);
#12212=ADVANCED_FACE('',(#11104),#11615,.F.);
#12213=ADVANCED_FACE('',(#11105),#11616,.F.);
#12214=ADVANCED_FACE('',(#11106),#11617,.F.);
#12215=ADVANCED_FACE('',(#11107),#11618,.F.);
#12216=ADVANCED_FACE('',(#11108),#11619,.F.);
#12217=ADVANCED_FACE('',(#11109),#11620,.F.);
#12218=ADVANCED_FACE('',(#11110),#11621,.F.);
#12219=ADVANCED_FACE('',(#11111),#11622,.F.);
#12220=ADVANCED_FACE('',(#11112),#11623,.F.);
#12221=ADVANCED_FACE('',(#11113),#11624,.F.);
#12222=ADVANCED_FACE('',(#11114),#11625,.F.);
#12223=ADVANCED_FACE('',(#11115),#11626,.F.);
#12224=ADVANCED_FACE('',(#11116),#11627,.F.);
#12225=ADVANCED_FACE('',(#11117),#11628,.F.);
#12226=ADVANCED_FACE('',(#11118),#11629,.F.);
#12227=ADVANCED_FACE('',(#11119),#11630,.F.);
#12228=ADVANCED_FACE('',(#11120),#11631,.F.);
#12229=ADVANCED_FACE('',(#11121),#11632,.F.);
#12230=ADVANCED_FACE('',(#11122),#11633,.F.);
#12231=ADVANCED_FACE('',(#11123),#11634,.F.);
#12232=ADVANCED_FACE('',(#11124),#11635,.F.);
#12233=ADVANCED_FACE('',(#11125),#11636,.F.);
#12234=ADVANCED_FACE('',(#11126),#11637,.F.);
#12235=ADVANCED_FACE('',(#11127),#11638,.F.);
#12236=ADVANCED_FACE('',(#11128),#11639,.F.);
#12237=ADVANCED_FACE('',(#11129),#11640,.F.);
#12238=ADVANCED_FACE('',(#11130),#11641,.F.);
#12239=ADVANCED_FACE('',(#11131),#11642,.F.);
#12240=ADVANCED_FACE('',(#11132),#11643,.F.);
#12241=ADVANCED_FACE('',(#11133),#11644,.F.);
#12242=ADVANCED_FACE('',(#11134),#11645,.F.);
#12243=ADVANCED_FACE('',(#11135),#11646,.F.);
#12244=ADVANCED_FACE('',(#11136),#11647,.F.);
#12245=ADVANCED_FACE('',(#11137),#11648,.F.);
#12246=ADVANCED_FACE('',(#11138),#11649,.F.);
#12247=ADVANCED_FACE('',(#11139),#11650,.F.);
#12248=ADVANCED_FACE('',(#11140),#11651,.F.);
#12249=ADVANCED_FACE('',(#11141),#11652,.F.);
#12250=ADVANCED_FACE('',(#11142),#11653,.F.);
#12251=ADVANCED_FACE('',(#11143),#11654,.F.);
#12252=ADVANCED_FACE('',(#11144),#11655,.F.);
#12253=ADVANCED_FACE('',(#11145),#11656,.F.);
#12254=ADVANCED_FACE('',(#11146),#11657,.F.);
#12255=ADVANCED_FACE('',(#11147),#11658,.F.);
#12256=ADVANCED_FACE('',(#11148),#11659,.F.);
#12257=ADVANCED_FACE('',(#11149),#11660,.F.);
#12258=ADVANCED_FACE('',(#11150),#11661,.F.);
#12259=ADVANCED_FACE('',(#11151),#11662,.F.);
#12260=ADVANCED_FACE('',(#11152),#11663,.F.);
#12261=ADVANCED_FACE('',(#11153),#11664,.F.);
#12262=ADVANCED_FACE('',(#11154),#11665,.F.);
#12263=ADVANCED_FACE('',(#11155),#11666,.F.);
#12264=ADVANCED_FACE('',(#11156),#11667,.F.);
#12265=ADVANCED_FACE('',(#11157),#11668,.F.);
#12266=ADVANCED_FACE('',(#11158),#11669,.F.);
#12267=ADVANCED_FACE('',(#11159),#11670,.F.);
#12268=ADVANCED_FACE('',(#11160),#11671,.F.);
#12269=ADVANCED_FACE('',(#11161),#11672,.F.);
#12270=ADVANCED_FACE('',(#11162),#11673,.F.);
#12271=ADVANCED_FACE('',(#11163),#11674,.F.);
#12272=ADVANCED_FACE('',(#11164),#11675,.F.);
#12273=ADVANCED_FACE('',(#11165),#11676,.F.);
#12274=ADVANCED_FACE('',(#11166),#11677,.F.);
#12275=ADVANCED_FACE('',(#11167),#11678,.F.);
#12276=ADVANCED_FACE('',(#11168),#11679,.F.);
#12277=ADVANCED_FACE('',(#11169),#11680,.F.);
#12278=ADVANCED_FACE('',(#11170),#11681,.F.);
#12279=ADVANCED_FACE('',(#11171),#11682,.F.);
#12280=ADVANCED_FACE('',(#11172),#11683,.F.);
#12281=ADVANCED_FACE('',(#11173),#11684,.F.);
#12282=ADVANCED_FACE('',(#11174),#11685,.F.);
#12283=ADVANCED_FACE('',(#11175),#11686,.F.);
#12284=ADVANCED_FACE('',(#11176),#11687,.F.);
#12285=ADVANCED_FACE('',(#11177),#11688,.F.);
#12286=ADVANCED_FACE('',(#11178),#11689,.F.);
#12287=ADVANCED_FACE('',(#11179),#11690,.F.);
#12288=ADVANCED_FACE('',(#11180),#11691,.F.);
#12289=ADVANCED_FACE('',(#11181),#11692,.F.);
#12290=ADVANCED_FACE('',(#11182),#11693,.F.);
#12291=ADVANCED_FACE('',(#11183),#11694,.F.);
#12292=ADVANCED_FACE('',(#11184),#11695,.F.);
#12293=ADVANCED_FACE('',(#11185),#11696,.F.);
#12294=ADVANCED_FACE('',(#11186),#11697,.F.);
#12295=ADVANCED_FACE('',(#11187),#11698,.F.);
#12296=ADVANCED_FACE('',(#11188),#11699,.F.);
#12297=ADVANCED_FACE('',(#11189),#11700,.F.);
#12298=ADVANCED_FACE('',(#11190),#11701,.F.);
#12299=ADVANCED_FACE('',(#11191),#11702,.F.);
#12300=ADVANCED_FACE('',(#11192),#11703,.F.);
#12301=ADVANCED_FACE('',(#11193),#11704,.F.);
#12302=ADVANCED_FACE('',(#11194),#11705,.T.);
#12303=ADVANCED_FACE('',(#11195),#11706,.T.);
#12304=ADVANCED_FACE('',(#11196),#11707,.T.);
#12305=ADVANCED_FACE('',(#11197),#11708,.T.);
#12306=ADVANCED_FACE('',(#11198),#11709,.T.);
#12307=ADVANCED_FACE('',(#11199),#11710,.T.);
#12308=ADVANCED_FACE('',(#11200),#11711,.T.);
#12309=ADVANCED_FACE('',(#11201),#11712,.T.);
#12310=ADVANCED_FACE('',(#11202),#11713,.T.);
#12311=ADVANCED_FACE('',(#11203),#11714,.T.);
#12312=ADVANCED_FACE('',(#11204),#11715,.T.);
#12313=ADVANCED_FACE('',(#11205),#11716,.T.);
#12314=ADVANCED_FACE('',(#11206),#11717,.T.);
#12315=ADVANCED_FACE('',(#11207),#11718,.T.);
#12316=ADVANCED_FACE('',(#11208),#11719,.T.);
#12317=ADVANCED_FACE('',(#11209),#11720,.T.);
#12318=ADVANCED_FACE('',(#11210),#11721,.T.);
#12319=ADVANCED_FACE('',(#11211),#11722,.T.);
#12320=ADVANCED_FACE('',(#11212),#11723,.T.);
#12321=ADVANCED_FACE('',(#11213),#11724,.T.);
#12322=ADVANCED_FACE('',(#11214),#11725,.T.);
#12323=ADVANCED_FACE('',(#11215),#11726,.T.);
#12324=ADVANCED_FACE('',(#11216),#11727,.T.);
#12325=ADVANCED_FACE('',(#11217),#11728,.T.);
#12326=ADVANCED_FACE('',(#11218),#11729,.T.);
#12327=ADVANCED_FACE('',(#11219),#11730,.T.);
#12328=ADVANCED_FACE('',(#11220),#11731,.T.);
#12329=ADVANCED_FACE('',(#11221),#11732,.T.);
#12330=ADVANCED_FACE('',(#11222),#11733,.T.);
#12331=ADVANCED_FACE('',(#11223),#11734,.T.);
#12332=ADVANCED_FACE('',(#11224),#11735,.T.);
#12333=ADVANCED_FACE('',(#11225),#11736,.T.);
#12334=ADVANCED_FACE('',(#11226),#11737,.T.);
#12335=ADVANCED_FACE('',(#11227),#11738,.T.);
#12336=ADVANCED_FACE('',(#11228),#11739,.T.);
#12337=ADVANCED_FACE('',(#11229),#11740,.T.);
#12338=ADVANCED_FACE('',(#11230),#11741,.T.);
#12339=ADVANCED_FACE('',(#11231),#11742,.T.);
#12340=ADVANCED_FACE('',(#11232),#11743,.T.);
#12341=ADVANCED_FACE('',(#11233),#11744,.T.);
#12342=ADVANCED_FACE('',(#11234),#433,.T.);
#12343=ADVANCED_FACE('',(#11235),#434,.T.);
#12344=ADVANCED_FACE('',(#11236),#435,.T.);
#12345=ADVANCED_FACE('',(#11237),#436,.T.);
#12346=ADVANCED_FACE('',(#11238),#437,.T.);
#12347=ADVANCED_FACE('',(#11239),#438,.T.);
#12348=ADVANCED_FACE('',(#11240),#439,.T.);
#12349=ADVANCED_FACE('',(#11241),#440,.T.);
#12350=ADVANCED_FACE('',(#11242),#441,.T.);
#12351=ADVANCED_FACE('',(#11243),#442,.T.);
#12352=ADVANCED_FACE('',(#11244,#11245,#11246,#11247),#11745,.F.);
#12353=ADVANCED_FACE('',(#11248),#11746,.F.);
#12354=ADVANCED_FACE('',(#11249),#11747,.F.);
#12355=ADVANCED_FACE('',(#11250),#11748,.T.);
#12356=ADVANCED_FACE('',(#11251),#11749,.T.);
#12357=ADVANCED_FACE('',(#11252),#11750,.T.);
#12358=ADVANCED_FACE('',(#11253),#11751,.T.);
#12359=ADVANCED_FACE('',(#11254),#11752,.T.);
#12360=ADVANCED_FACE('',(#11255),#11753,.T.);
#12361=ADVANCED_FACE('',(#11256),#11754,.T.);
#12362=ADVANCED_FACE('',(#11257),#11755,.T.);
#12363=ADVANCED_FACE('',(#11258),#11756,.T.);
#12364=ADVANCED_FACE('',(#11259),#11757,.T.);
#12365=ADVANCED_FACE('',(#11260),#11758,.F.);
#12366=ADVANCED_FACE('',(#11261),#11759,.T.);
#12367=ADVANCED_FACE('',(#11262,#11263,#11264,#11265,#11266,#11267,#11268,
#11269,#11270,#11271,#11272),#11760,.F.);
#12368=ADVANCED_FACE('',(#11273,#11274,#11275),#11761,.F.);
#12369=ADVANCED_FACE('',(#11276),#11762,.F.);
#12370=ADVANCED_FACE('',(#11277),#443,.T.);
#12371=ADVANCED_FACE('',(#11278),#11763,.F.);
#12372=ADVANCED_FACE('',(#11279),#11764,.F.);
#12373=ADVANCED_FACE('',(#11280),#11765,.F.);
#12374=ADVANCED_FACE('',(#11281),#11766,.F.);
#12375=ADVANCED_FACE('',(#11282),#11767,.F.);
#12376=ADVANCED_FACE('',(#11283),#11768,.F.);
#12377=ADVANCED_FACE('',(#11284),#11769,.F.);
#12378=ADVANCED_FACE('',(#11285),#11770,.F.);
#12379=ADVANCED_FACE('',(#11286),#11771,.F.);
#12380=ADVANCED_FACE('',(#11287),#11772,.F.);
#12381=ADVANCED_FACE('',(#11288),#11773,.F.);
#12382=ADVANCED_FACE('',(#11289),#11774,.F.);
#12383=ADVANCED_FACE('',(#11290),#11775,.F.);
#12384=ADVANCED_FACE('',(#11291),#11776,.F.);
#12385=ADVANCED_FACE('',(#11292),#11777,.F.);
#12386=ADVANCED_FACE('',(#11293),#11778,.F.);
#12387=ADVANCED_FACE('',(#11294),#11779,.F.);
#12388=ADVANCED_FACE('',(#11295),#11780,.F.);
#12389=ADVANCED_FACE('',(#11296),#11781,.F.);
#12390=ADVANCED_FACE('',(#11297),#11782,.F.);
#12391=ADVANCED_FACE('',(#11298),#11783,.F.);
#12392=ADVANCED_FACE('',(#11299),#11784,.F.);
#12393=ADVANCED_FACE('',(#11300),#11785,.F.);
#12394=ADVANCED_FACE('',(#11301),#11786,.F.);
#12395=ADVANCED_FACE('',(#11302),#11787,.F.);
#12396=ADVANCED_FACE('',(#11303),#11788,.F.);
#12397=ADVANCED_FACE('',(#11304),#11789,.F.);
#12398=ADVANCED_FACE('',(#11305),#11790,.F.);
#12399=ADVANCED_FACE('',(#11306),#11791,.F.);
#12400=ADVANCED_FACE('',(#11307),#11792,.F.);
#12401=ADVANCED_FACE('',(#11308),#11793,.F.);
#12402=ADVANCED_FACE('',(#11309),#11794,.F.);
#12403=ADVANCED_FACE('',(#11310),#11795,.F.);
#12404=ADVANCED_FACE('',(#11311),#11796,.F.);
#12405=ADVANCED_FACE('',(#11312),#11797,.F.);
#12406=ADVANCED_FACE('',(#11313),#11798,.F.);
#12407=ADVANCED_FACE('',(#11314),#11799,.F.);
#12408=ADVANCED_FACE('',(#11315),#11800,.F.);
#12409=ADVANCED_FACE('',(#11316),#11801,.F.);
#12410=ADVANCED_FACE('',(#11317),#11802,.F.);
#12411=ADVANCED_FACE('',(#11318),#11803,.F.);
#12412=ADVANCED_FACE('',(#11319),#11804,.T.);
#12413=ADVANCED_FACE('',(#11320),#11805,.F.);
#12414=ADVANCED_FACE('',(#11321),#11806,.T.);
#12415=ADVANCED_FACE('',(#11322),#11807,.F.);
#12416=ADVANCED_FACE('',(#11323),#11808,.T.);
#12417=ADVANCED_FACE('',(#11324),#11809,.F.);
#12418=ADVANCED_FACE('',(#11325),#11810,.T.);
#12419=ADVANCED_FACE('',(#11326),#11811,.F.);
#12420=ADVANCED_FACE('',(#11327),#11812,.T.);
#12421=ADVANCED_FACE('',(#11328),#11813,.F.);
#12422=ADVANCED_FACE('',(#11329),#11814,.T.);
#12423=ADVANCED_FACE('',(#11330),#11815,.F.);
#12424=ADVANCED_FACE('',(#11331),#11816,.T.);
#12425=ADVANCED_FACE('',(#11332),#11817,.F.);
#12426=ADVANCED_FACE('',(#11333),#11818,.T.);
#12427=ADVANCED_FACE('',(#11334),#11819,.F.);
#12428=ADVANCED_FACE('',(#11335),#11820,.T.);
#12429=ADVANCED_FACE('',(#11336),#11821,.F.);
#12430=ADVANCED_FACE('',(#11337),#11822,.T.);
#12431=ADVANCED_FACE('',(#11338,#11339),#444,.T.);
#12432=ADVANCED_FACE('',(#11340),#11823,.T.);
#12433=ADVANCED_FACE('',(#11341,#11342),#445,.T.);
#12434=ADVANCED_FACE('',(#11343),#11824,.F.);
#12435=ADVANCED_FACE('',(#11344),#11825,.F.);
#12436=ADVANCED_FACE('',(#11345),#446,.T.);
#12437=ADVANCED_FACE('',(#11346),#11826,.F.);
#12438=ADVANCED_FACE('',(#11347),#447,.T.);
#12439=ADVANCED_FACE('',(#11348),#11827,.T.);
#12440=ADVANCED_FACE('',(#11349),#11828,.T.);
#12441=ADVANCED_FACE('',(#11350),#448,.T.);
#12442=ADVANCED_FACE('',(#11351),#11829,.T.);
#12443=ADVANCED_FACE('',(#11352),#449,.T.);
#12444=ADVANCED_FACE('',(#11353),#11830,.F.);
#12445=ADVANCED_FACE('',(#11354),#11831,.F.);
#12446=ADVANCED_FACE('',(#11355),#11832,.F.);
#12447=ADVANCED_FACE('',(#11356),#11833,.F.);
#12448=ADVANCED_FACE('',(#11357),#11834,.T.);
#12449=ADVANCED_FACE('',(#11358),#11835,.F.);
#12450=ADVANCED_FACE('',(#11359),#11836,.T.);
#12451=ADVANCED_FACE('',(#11360),#11837,.T.);
#12452=ADVANCED_FACE('',(#11361),#11838,.F.);
#12453=ADVANCED_FACE('',(#11362),#11839,.T.);
#12454=ADVANCED_FACE('',(#11363),#11840,.T.);
#12455=ADVANCED_FACE('',(#11364),#11841,.F.);
#12456=ADVANCED_FACE('',(#11365),#11842,.T.);
#12457=ADVANCED_FACE('',(#11366),#11843,.T.);
#12458=ADVANCED_FACE('',(#11367),#11844,.F.);
#12459=ADVANCED_FACE('',(#11368),#11845,.T.);
#12460=ADVANCED_FACE('',(#11369),#11846,.T.);
#12461=ADVANCED_FACE('',(#11370),#11847,.F.);
#12462=ADVANCED_FACE('',(#11371),#11848,.T.);
#12463=ADVANCED_FACE('',(#11372),#11849,.T.);
#12464=ADVANCED_FACE('',(#11373),#11850,.F.);
#12465=ADVANCED_FACE('',(#11374),#11851,.T.);
#12466=ADVANCED_FACE('',(#11375),#11852,.T.);
#12467=ADVANCED_FACE('',(#11376),#11853,.F.);
#12468=ADVANCED_FACE('',(#11377),#11854,.T.);
#12469=ADVANCED_FACE('',(#11378),#11855,.T.);
#12470=ADVANCED_FACE('',(#11379),#11856,.F.);
#12471=ADVANCED_FACE('',(#11380),#11857,.T.);
#12472=ADVANCED_FACE('',(#11381),#11858,.T.);
#12473=ADVANCED_FACE('',(#11382),#11859,.F.);
#12474=ADVANCED_FACE('',(#11383),#11860,.T.);
#12475=ADVANCED_FACE('',(#11384),#11861,.T.);
#12476=ADVANCED_FACE('',(#11385),#11862,.F.);
#12477=ADVANCED_FACE('',(#11386),#11863,.T.);
#12478=ADVANCED_FACE('',(#11387),#11864,.T.);
#12479=ADVANCED_FACE('',(#11388),#11865,.F.);
#12480=ADVANCED_FACE('',(#11389),#11866,.T.);
#12481=ADVANCED_FACE('',(#11390),#11867,.T.);
#12482=ADVANCED_FACE('',(#11391),#11868,.F.);
#12483=ADVANCED_FACE('',(#11392),#11869,.T.);
#12484=ADVANCED_FACE('',(#11393),#11870,.T.);
#12485=ADVANCED_FACE('',(#11394),#11871,.F.);
#12486=ADVANCED_FACE('',(#11395),#11872,.T.);
#12487=ADVANCED_FACE('',(#11396),#11873,.T.);
#12488=ADVANCED_FACE('',(#11397),#11874,.F.);
#12489=ADVANCED_FACE('',(#11398),#11875,.T.);
#12490=ADVANCED_FACE('',(#11399),#11876,.T.);
#12491=ADVANCED_FACE('',(#11400),#11877,.F.);
#12492=ADVANCED_FACE('',(#11401),#11878,.T.);
#12493=ADVANCED_FACE('',(#11402),#11879,.T.);
#12494=ADVANCED_FACE('',(#11403),#11880,.F.);
#12495=ADVANCED_FACE('',(#11404),#11881,.T.);
#12496=ADVANCED_FACE('',(#11405),#11882,.T.);
#12497=ADVANCED_FACE('',(#11406),#11883,.F.);
#12498=ADVANCED_FACE('',(#11407),#11884,.T.);
#12499=ADVANCED_FACE('',(#11408),#11885,.T.);
#12500=ADVANCED_FACE('',(#11409),#11886,.F.);
#12501=ADVANCED_FACE('',(#11410),#11887,.T.);
#12502=ADVANCED_FACE('',(#11411),#11888,.T.);
#12503=ADVANCED_FACE('',(#11412),#11889,.F.);
#12504=ADVANCED_FACE('',(#11413),#11890,.T.);
#12505=ADVANCED_FACE('',(#11414),#11891,.T.);
#12506=ADVANCED_FACE('',(#11415),#11892,.T.);
#12507=ADVANCED_FACE('',(#11416),#11893,.F.);
#12508=ADVANCED_FACE('',(#11417),#11894,.T.);
#12509=CLOSED_SHELL('',(#11895,#11896,#11897,#11898,#11899,#11900,#11901,
#11902,#11903));
#12510=CLOSED_SHELL('',(#11904,#11905,#11906,#11907,#11908,#11909,#11910,
#11911,#11912,#11913,#11914,#11915,#11916,#11917,#11918,#11919,#11920,#11921,
#11922,#11923,#11924,#11925,#11926,#11927,#11928,#11929,#11930,#11931,#11932,
#11933,#11934,#11935,#11936,#11937,#11938,#11939,#11940,#11941,#11942,#11943,
#11944,#11945,#11946,#11947,#11948,#11949,#11950,#11951,#11952,#11953,#11954,
#11955,#11956,#11957,#11958,#11959,#11960,#11961,#11962,#11963,#11964,#11965,
#11966,#11967,#11968,#11969,#11970,#11971,#11972,#11973,#11974,#11975,#11976,
#11977,#11978,#11979,#11980,#11981,#11982,#11983,#11984,#11985,#11986,#11987,
#11988,#11989,#11990,#11991,#11992,#11993,#11994,#11995,#11996,#11997,#11998,
#11999,#12000,#12001,#12002,#12003,#12004,#12005,#12006,#12007,#12008,#12009,
#12010,#12011,#12012,#12013,#12014,#12015,#12016,#12017,#12018,#12019,#12020,
#12021,#12022,#12023,#12024,#12025,#12026,#12027,#12028,#12029,#12030,#12031,
#12032,#12033,#12034,#12035,#12036,#12037,#12038,#12039,#12040,#12041,#12042,
#12043,#12044,#12045,#12046,#12047,#12048,#12049,#12050,#12051,#12052,#12053,
#12054,#12055,#12056,#12057,#12058,#12059,#12060,#12061,#12062,#12063,#12064,
#12065,#12066,#12067,#12068,#12069,#12070,#12071,#12072,#12073,#12074,#12075,
#12076,#12077,#12078,#12079,#12080,#12081,#12082,#12083,#12084,#12085,#12086,
#12087,#12088,#12089,#12090,#12091,#12092,#12093,#12094,#12095,#12096,#12097,
#12098,#12099,#12100,#12101,#12102,#12103,#12104,#12105,#12106,#12107,#12108,
#12109,#12110,#12111,#12112,#12113,#12114,#12115,#12116,#12117,#12118,#12119,
#12120,#12121,#12122,#12123,#12124,#12125,#12126,#12127,#12128,#12129,#12130,
#12131,#12132,#12133,#12134,#12135,#12136,#12137,#12138,#12139,#12140,#12141,
#12142,#12143,#12144,#12145,#12146,#12147,#12148,#12149,#12150,#12151,#12152,
#12153,#12154,#12155,#12156,#12157,#12158,#12159,#12160,#12161,#12162,#12163,
#12164,#12165,#12166,#12167,#12168,#12169,#12170,#12171,#12172,#12173,#12174,
#12175,#12176,#12177,#12178,#12179,#12180,#12181,#12182,#12183,#12184,#12185,
#12186,#12187,#12188,#12189,#12190,#12191,#12192,#12193,#12194,#12195,#12196,
#12197,#12198,#12199,#12200,#12201,#12202,#12203,#12204,#12205,#12206,#12207,
#12208,#12209,#12210,#12211,#12212,#12213,#12214,#12215,#12216,#12217,#12218,
#12219,#12220,#12221,#12222,#12223,#12224,#12225,#12226,#12227,#12228,#12229,
#12230,#12231,#12232,#12233,#12234,#12235,#12236,#12237,#12238,#12239,#12240,
#12241,#12242,#12243,#12244,#12245,#12246,#12247,#12248,#12249,#12250,#12251,
#12252,#12253,#12254,#12255,#12256,#12257,#12258,#12259,#12260,#12261,#12262,
#12263,#12264,#12265,#12266,#12267,#12268,#12269,#12270,#12271,#12272,#12273,
#12274,#12275,#12276,#12277,#12278,#12279,#12280,#12281,#12282,#12283,#12284,
#12285,#12286,#12287,#12288,#12289,#12290,#12291,#12292,#12293,#12294,#12295,
#12296,#12297,#12298,#12299,#12300,#12301));
#12511=CLOSED_SHELL('',(#12302,#12303,#12304,#12305,#12306,#12307,#12308,
#12309,#12310,#12311,#12312,#12313,#12314,#12315,#12316,#12317,#12318,#12319,
#12320,#12321,#12322,#12323,#12324,#12325,#12326,#12327,#12328,#12329,#12330,
#12331,#12332,#12333,#12334,#12335,#12336,#12337,#12338,#12339,#12340,#12341,
#12342,#12343,#12344,#12345,#12346,#12347,#12348,#12349,#12350,#12351,#12352,
#12353,#12354,#12355,#12356,#12357,#12358,#12359,#12360,#12361,#12362,#12363,
#12364,#12365,#12366,#12367,#12368,#12369,#12370,#12371,#12372,#12373,#12374,
#12375,#12376,#12377,#12378,#12379,#12380,#12381,#12382,#12383,#12384,#12385,
#12386,#12387,#12388,#12389,#12390,#12391,#12392,#12393,#12394,#12395,#12396,
#12397,#12398,#12399,#12400,#12401,#12402,#12403,#12404,#12405,#12406,#12407,
#12408,#12409,#12410,#12411,#12412,#12413,#12414,#12415,#12416,#12417,#12418,
#12419,#12420,#12421,#12422,#12423,#12424,#12425,#12426,#12427,#12428,#12429,
#12430,#12431,#12432,#12433,#12434,#12435,#12436,#12437,#12438,#12439,#12440,
#12441,#12442,#12443,#12444,#12445,#12446,#12447,#12448,#12449,#12450,#12451,
#12452,#12453,#12454,#12455,#12456,#12457,#12458,#12459,#12460,#12461,#12462,
#12463,#12464,#12465,#12466,#12467,#12468,#12469,#12470,#12471,#12472,#12473,
#12474,#12475,#12476,#12477,#12478,#12479,#12480,#12481,#12482,#12483,#12484,
#12485,#12486,#12487,#12488,#12489,#12490,#12491,#12492,#12493,#12494,#12495,
#12496,#12497,#12498,#12499,#12500,#12501,#12502,#12503,#12504,#12505,#12506,
#12507,#12508));
#12512=STYLED_ITEM('',(#12515),#12535);
#12513=STYLED_ITEM('',(#12516),#12536);
#12514=STYLED_ITEM('',(#12517),#12537);
#12515=PRESENTATION_STYLE_ASSIGNMENT((#12518));
#12516=PRESENTATION_STYLE_ASSIGNMENT((#12519));
#12517=PRESENTATION_STYLE_ASSIGNMENT((#12520));
#12518=SURFACE_STYLE_USAGE(.BOTH.,#12521);
#12519=SURFACE_STYLE_USAGE(.BOTH.,#12522);
#12520=SURFACE_STYLE_USAGE(.BOTH.,#12523);
#12521=SURFACE_SIDE_STYLE('',(#12524));
#12522=SURFACE_SIDE_STYLE('',(#12525));
#12523=SURFACE_SIDE_STYLE('',(#12526));
#12524=SURFACE_STYLE_FILL_AREA(#12527);
#12525=SURFACE_STYLE_FILL_AREA(#12528);
#12526=SURFACE_STYLE_FILL_AREA(#12529);
#12527=FILL_AREA_STYLE('',(#12530));
#12528=FILL_AREA_STYLE('',(#12531));
#12529=FILL_AREA_STYLE('',(#12532));
#12530=FILL_AREA_STYLE_COLOUR('',#12533);
#12531=FILL_AREA_STYLE_COLOUR('',#12534);
#12532=FILL_AREA_STYLE_COLOUR('',#18);
#12533=DRAUGHTING_PRE_DEFINED_COLOUR('red');
#12534=DRAUGHTING_PRE_DEFINED_COLOUR('yellow');
#12535=MANIFOLD_SOLID_BREP('SIBF-10-F-S-AD_tr',#12509);
#12536=MANIFOLD_SOLID_BREP('SIBF-10-F-S-AD_p',#12510);
#12537=MANIFOLD_SOLID_BREP('SIBF-10-F-S-AD_b',#12511);
#12538=SHAPE_DEFINITION_REPRESENTATION(#20453,#12542);
#12539=SHAPE_DEFINITION_REPRESENTATION(#20454,#12543);
#12540=SHAPE_DEFINITION_REPRESENTATION(#20456,#12544);
#12541=SHAPE_DEFINITION_REPRESENTATION(#20458,#12545);
#12542=SHAPE_REPRESENTATION('SIBF-10-F-S-AD',(#12546,#12556,#13215,#13457),
#20439);
#12543=SHAPE_REPRESENTATION('SIBF-10-F-S-AD_tr',(#12546),#20440);
#12544=SHAPE_REPRESENTATION('SIBF-10-F-S-AD_p',(#12546),#20441);
#12545=SHAPE_REPRESENTATION('SIBF-10-F-S-AD_b',(#12546),#20442);
#12546=AXIS2_PLACEMENT_3D('',#16802,#13458,#13459);
#12547=AXIS2_PLACEMENT_3D('',#16803,#13460,#13461);
#12548=AXIS2_PLACEMENT_3D('',#16812,#13466,#13467);
#12549=AXIS2_PLACEMENT_3D('',#16818,#13471,#13472);
#12550=AXIS2_PLACEMENT_3D('',#16821,#13475,#13476);
#12551=AXIS2_PLACEMENT_3D('',#16822,#13477,#13478);
#12552=AXIS2_PLACEMENT_3D('',#16829,#13482,#13483);
#12553=AXIS2_PLACEMENT_3D('',#16835,#13487,#13488);
#12554=AXIS2_PLACEMENT_3D('',#16839,#13491,#13492);
#12555=AXIS2_PLACEMENT_3D('',#16841,#13494,#13495);
#12556=AXIS2_PLACEMENT_3D('',#16842,#13496,#13497);
#12557=AXIS2_PLACEMENT_3D('',#16843,#13498,#13499);
#12558=AXIS2_PLACEMENT_3D('',#16847,#13501,#13502);
#12559=AXIS2_PLACEMENT_3D('',#16851,#13504,#13505);
#12560=AXIS2_PLACEMENT_3D('',#16852,#13506,#13507);
#12561=AXIS2_PLACEMENT_3D('',#16856,#13509,#13510);
#12562=AXIS2_PLACEMENT_3D('',#16860,#13512,#13513);
#12563=AXIS2_PLACEMENT_3D('',#16861,#13514,#13515);
#12564=AXIS2_PLACEMENT_3D('',#16865,#13517,#13518);
#12565=AXIS2_PLACEMENT_3D('',#16869,#13520,#13521);
#12566=AXIS2_PLACEMENT_3D('',#16870,#13522,#13523);
#12567=AXIS2_PLACEMENT_3D('',#16874,#13525,#13526);
#12568=AXIS2_PLACEMENT_3D('',#16878,#13528,#13529);
#12569=AXIS2_PLACEMENT_3D('',#16879,#13530,#13531);
#12570=AXIS2_PLACEMENT_3D('',#16883,#13533,#13534);
#12571=AXIS2_PLACEMENT_3D('',#16887,#13536,#13537);
#12572=AXIS2_PLACEMENT_3D('',#16888,#13538,#13539);
#12573=AXIS2_PLACEMENT_3D('',#16892,#13541,#13542);
#12574=AXIS2_PLACEMENT_3D('',#16896,#13544,#13545);
#12575=AXIS2_PLACEMENT_3D('',#16897,#13546,#13547);
#12576=AXIS2_PLACEMENT_3D('',#16901,#13549,#13550);
#12577=AXIS2_PLACEMENT_3D('',#16905,#13552,#13553);
#12578=AXIS2_PLACEMENT_3D('',#16906,#13554,#13555);
#12579=AXIS2_PLACEMENT_3D('',#16910,#13557,#13558);
#12580=AXIS2_PLACEMENT_3D('',#16914,#13560,#13561);
#12581=AXIS2_PLACEMENT_3D('',#16915,#13562,#13563);
#12582=AXIS2_PLACEMENT_3D('',#16919,#13565,#13566);
#12583=AXIS2_PLACEMENT_3D('',#16923,#13568,#13569);
#12584=AXIS2_PLACEMENT_3D('',#16924,#13570,#13571);
#12585=AXIS2_PLACEMENT_3D('',#16925,#13572,#13573);
#12586=AXIS2_PLACEMENT_3D('',#16930,#13575,#13576);
#12587=AXIS2_PLACEMENT_3D('',#16933,#13578,#13579);
#12588=AXIS2_PLACEMENT_3D('',#16934,#13580,#13581);
#12589=AXIS2_PLACEMENT_3D('',#16939,#13583,#13584);
#12590=AXIS2_PLACEMENT_3D('',#16942,#13586,#13587);
#12591=AXIS2_PLACEMENT_3D('',#16943,#13588,#13589);
#12592=AXIS2_PLACEMENT_3D('',#16948,#13591,#13592);
#12593=AXIS2_PLACEMENT_3D('',#16951,#13594,#13595);
#12594=AXIS2_PLACEMENT_3D('',#16952,#13596,#13597);
#12595=AXIS2_PLACEMENT_3D('',#16957,#13599,#13600);
#12596=AXIS2_PLACEMENT_3D('',#16960,#13602,#13603);
#12597=AXIS2_PLACEMENT_3D('',#16961,#13604,#13605);
#12598=AXIS2_PLACEMENT_3D('',#16966,#13607,#13608);
#12599=AXIS2_PLACEMENT_3D('',#16969,#13610,#13611);
#12600=AXIS2_PLACEMENT_3D('',#16970,#13612,#13613);
#12601=AXIS2_PLACEMENT_3D('',#16975,#13615,#13616);
#12602=AXIS2_PLACEMENT_3D('',#16978,#13618,#13619);
#12603=AXIS2_PLACEMENT_3D('',#16979,#13620,#13621);
#12604=AXIS2_PLACEMENT_3D('',#16984,#13623,#13624);
#12605=AXIS2_PLACEMENT_3D('',#16987,#13626,#13627);
#12606=AXIS2_PLACEMENT_3D('',#16988,#13628,#13629);
#12607=AXIS2_PLACEMENT_3D('',#16993,#13631,#13632);
#12608=AXIS2_PLACEMENT_3D('',#16996,#13634,#13635);
#12609=AXIS2_PLACEMENT_3D('',#16997,#13636,#13637);
#12610=AXIS2_PLACEMENT_3D('',#17002,#13639,#13640);
#12611=AXIS2_PLACEMENT_3D('',#17005,#13642,#13643);
#12612=AXIS2_PLACEMENT_3D('',#17011,#13647,#13648);
#12613=AXIS2_PLACEMENT_3D('',#17017,#13652,#13653);
#12614=AXIS2_PLACEMENT_3D('',#17023,#13657,#13658);
#12615=AXIS2_PLACEMENT_3D('',#17029,#13662,#13663);
#12616=AXIS2_PLACEMENT_3D('',#17035,#13667,#13668);
#12617=AXIS2_PLACEMENT_3D('',#17041,#13672,#13673);
#12618=AXIS2_PLACEMENT_3D('',#17047,#13677,#13678);
#12619=AXIS2_PLACEMENT_3D('',#17053,#13682,#13683);
#12620=AXIS2_PLACEMENT_3D('',#17059,#13687,#13688);
#12621=AXIS2_PLACEMENT_3D('',#17060,#13689,#13690);
#12622=AXIS2_PLACEMENT_3D('',#17062,#13691,#13692);
#12623=AXIS2_PLACEMENT_3D('',#17065,#13694,#13695);
#12624=AXIS2_PLACEMENT_3D('',#17066,#13696,#13697);
#12625=AXIS2_PLACEMENT_3D('',#17068,#13698,#13699);
#12626=AXIS2_PLACEMENT_3D('',#17071,#13701,#13702);
#12627=AXIS2_PLACEMENT_3D('',#17072,#13703,#13704);
#12628=AXIS2_PLACEMENT_3D('',#17074,#13705,#13706);
#12629=AXIS2_PLACEMENT_3D('',#17077,#13708,#13709);
#12630=AXIS2_PLACEMENT_3D('',#17078,#13710,#13711);
#12631=AXIS2_PLACEMENT_3D('',#17080,#13712,#13713);
#12632=AXIS2_PLACEMENT_3D('',#17083,#13715,#13716);
#12633=AXIS2_PLACEMENT_3D('',#17084,#13717,#13718);
#12634=AXIS2_PLACEMENT_3D('',#17086,#13719,#13720);
#12635=AXIS2_PLACEMENT_3D('',#17089,#13722,#13723);
#12636=AXIS2_PLACEMENT_3D('',#17090,#13724,#13725);
#12637=AXIS2_PLACEMENT_3D('',#17092,#13726,#13727);
#12638=AXIS2_PLACEMENT_3D('',#17095,#13729,#13730);
#12639=AXIS2_PLACEMENT_3D('',#17096,#13731,#13732);
#12640=AXIS2_PLACEMENT_3D('',#17098,#13733,#13734);
#12641=AXIS2_PLACEMENT_3D('',#17101,#13736,#13737);
#12642=AXIS2_PLACEMENT_3D('',#17102,#13738,#13739);
#12643=AXIS2_PLACEMENT_3D('',#17104,#13740,#13741);
#12644=AXIS2_PLACEMENT_3D('',#17107,#13743,#13744);
#12645=AXIS2_PLACEMENT_3D('',#17108,#13745,#13746);
#12646=AXIS2_PLACEMENT_3D('',#17110,#13747,#13748);
#12647=AXIS2_PLACEMENT_3D('',#17113,#13750,#13751);
#12648=AXIS2_PLACEMENT_3D('',#17119,#13755,#13756);
#12649=AXIS2_PLACEMENT_3D('',#17125,#13760,#13761);
#12650=AXIS2_PLACEMENT_3D('',#17131,#13765,#13766);
#12651=AXIS2_PLACEMENT_3D('',#17137,#13770,#13771);
#12652=AXIS2_PLACEMENT_3D('',#17143,#13775,#13776);
#12653=AXIS2_PLACEMENT_3D('',#17149,#13780,#13781);
#12654=AXIS2_PLACEMENT_3D('',#17155,#13785,#13786);
#12655=AXIS2_PLACEMENT_3D('',#17161,#13790,#13791);
#12656=AXIS2_PLACEMENT_3D('',#17167,#13795,#13796);
#12657=AXIS2_PLACEMENT_3D('',#17168,#13797,#13798);
#12658=AXIS2_PLACEMENT_3D('',#17173,#13800,#13801);
#12659=AXIS2_PLACEMENT_3D('',#17176,#13803,#13804);
#12660=AXIS2_PLACEMENT_3D('',#17177,#13805,#13806);
#12661=AXIS2_PLACEMENT_3D('',#17179,#13807,#13808);
#12662=AXIS2_PLACEMENT_3D('',#17182,#13810,#13811);
#12663=AXIS2_PLACEMENT_3D('',#17183,#13812,#13813);
#12664=AXIS2_PLACEMENT_3D('',#17185,#13814,#13815);
#12665=AXIS2_PLACEMENT_3D('',#17188,#13817,#13818);
#12666=AXIS2_PLACEMENT_3D('',#17189,#13819,#13820);
#12667=AXIS2_PLACEMENT_3D('',#17191,#13821,#13822);
#12668=AXIS2_PLACEMENT_3D('',#17194,#13824,#13825);
#12669=AXIS2_PLACEMENT_3D('',#17195,#13826,#13827);
#12670=AXIS2_PLACEMENT_3D('',#17197,#13828,#13829);
#12671=AXIS2_PLACEMENT_3D('',#17200,#13831,#13832);
#12672=AXIS2_PLACEMENT_3D('',#17201,#13833,#13834);
#12673=AXIS2_PLACEMENT_3D('',#17203,#13835,#13836);
#12674=AXIS2_PLACEMENT_3D('',#17206,#13838,#13839);
#12675=AXIS2_PLACEMENT_3D('',#17207,#13840,#13841);
#12676=AXIS2_PLACEMENT_3D('',#17209,#13842,#13843);
#12677=AXIS2_PLACEMENT_3D('',#17212,#13845,#13846);
#12678=AXIS2_PLACEMENT_3D('',#17213,#13847,#13848);
#12679=AXIS2_PLACEMENT_3D('',#17215,#13849,#13850);
#12680=AXIS2_PLACEMENT_3D('',#17218,#13852,#13853);
#12681=AXIS2_PLACEMENT_3D('',#17219,#13854,#13855);
#12682=AXIS2_PLACEMENT_3D('',#17221,#13856,#13857);
#12683=AXIS2_PLACEMENT_3D('',#17224,#13859,#13860);
#12684=AXIS2_PLACEMENT_3D('',#17230,#13864,#13865);
#12685=AXIS2_PLACEMENT_3D('',#17236,#13869,#13870);
#12686=AXIS2_PLACEMENT_3D('',#17242,#13874,#13875);
#12687=AXIS2_PLACEMENT_3D('',#17248,#13879,#13880);
#12688=AXIS2_PLACEMENT_3D('',#17254,#13884,#13885);
#12689=AXIS2_PLACEMENT_3D('',#17260,#13889,#13890);
#12690=AXIS2_PLACEMENT_3D('',#17266,#13894,#13895);
#12691=AXIS2_PLACEMENT_3D('',#17272,#13899,#13900);
#12692=AXIS2_PLACEMENT_3D('',#17281,#13905,#13906);
#12693=AXIS2_PLACEMENT_3D('',#17287,#13910,#13911);
#12694=AXIS2_PLACEMENT_3D('',#17293,#13915,#13916);
#12695=AXIS2_PLACEMENT_3D('',#17299,#13920,#13921);
#12696=AXIS2_PLACEMENT_3D('',#17305,#13925,#13926);
#12697=AXIS2_PLACEMENT_3D('',#17311,#13930,#13931);
#12698=AXIS2_PLACEMENT_3D('',#17317,#13935,#13936);
#12699=AXIS2_PLACEMENT_3D('',#17323,#13940,#13941);
#12700=AXIS2_PLACEMENT_3D('',#17329,#13945,#13946);
#12701=AXIS2_PLACEMENT_3D('',#17335,#13950,#13951);
#12702=AXIS2_PLACEMENT_3D('',#17341,#13955,#13956);
#12703=AXIS2_PLACEMENT_3D('',#17347,#13960,#13961);
#12704=AXIS2_PLACEMENT_3D('',#17353,#13965,#13966);
#12705=AXIS2_PLACEMENT_3D('',#17359,#13970,#13971);
#12706=AXIS2_PLACEMENT_3D('',#17365,#13975,#13976);
#12707=AXIS2_PLACEMENT_3D('',#17371,#13980,#13981);
#12708=AXIS2_PLACEMENT_3D('',#17377,#13985,#13986);
#12709=AXIS2_PLACEMENT_3D('',#17383,#13990,#13991);
#12710=AXIS2_PLACEMENT_3D('',#17389,#13995,#13996);
#12711=AXIS2_PLACEMENT_3D('',#17390,#13997,#13998);
#12712=AXIS2_PLACEMENT_3D('',#17392,#13999,#14000);
#12713=AXIS2_PLACEMENT_3D('',#17395,#14002,#14003);
#12714=AXIS2_PLACEMENT_3D('',#17396,#14004,#14005);
#12715=AXIS2_PLACEMENT_3D('',#17398,#14006,#14007);
#12716=AXIS2_PLACEMENT_3D('',#17401,#14009,#14010);
#12717=AXIS2_PLACEMENT_3D('',#17402,#14011,#14012);
#12718=AXIS2_PLACEMENT_3D('',#17404,#14013,#14014);
#12719=AXIS2_PLACEMENT_3D('',#17407,#14016,#14017);
#12720=AXIS2_PLACEMENT_3D('',#17408,#14018,#14019);
#12721=AXIS2_PLACEMENT_3D('',#17410,#14020,#14021);
#12722=AXIS2_PLACEMENT_3D('',#17413,#14023,#14024);
#12723=AXIS2_PLACEMENT_3D('',#17414,#14025,#14026);
#12724=AXIS2_PLACEMENT_3D('',#17416,#14027,#14028);
#12725=AXIS2_PLACEMENT_3D('',#17419,#14030,#14031);
#12726=AXIS2_PLACEMENT_3D('',#17420,#14032,#14033);
#12727=AXIS2_PLACEMENT_3D('',#17422,#14034,#14035);
#12728=AXIS2_PLACEMENT_3D('',#17425,#14037,#14038);
#12729=AXIS2_PLACEMENT_3D('',#17426,#14039,#14040);
#12730=AXIS2_PLACEMENT_3D('',#17428,#14041,#14042);
#12731=AXIS2_PLACEMENT_3D('',#17431,#14044,#14045);
#12732=AXIS2_PLACEMENT_3D('',#17432,#14046,#14047);
#12733=AXIS2_PLACEMENT_3D('',#17434,#14048,#14049);
#12734=AXIS2_PLACEMENT_3D('',#17437,#14051,#14052);
#12735=AXIS2_PLACEMENT_3D('',#17438,#14053,#14054);
#12736=AXIS2_PLACEMENT_3D('',#17440,#14055,#14056);
#12737=AXIS2_PLACEMENT_3D('',#17443,#14058,#14059);
#12738=AXIS2_PLACEMENT_3D('',#17449,#14063,#14064);
#12739=AXIS2_PLACEMENT_3D('',#17455,#14068,#14069);
#12740=AXIS2_PLACEMENT_3D('',#17461,#14073,#14074);
#12741=AXIS2_PLACEMENT_3D('',#17467,#14078,#14079);
#12742=AXIS2_PLACEMENT_3D('',#17473,#14083,#14084);
#12743=AXIS2_PLACEMENT_3D('',#17479,#14088,#14089);
#12744=AXIS2_PLACEMENT_3D('',#17485,#14093,#14094);
#12745=AXIS2_PLACEMENT_3D('',#17491,#14098,#14099);
#12746=AXIS2_PLACEMENT_3D('',#17497,#14103,#14104);
#12747=AXIS2_PLACEMENT_3D('',#17501,#14106,#14107);
#12748=AXIS2_PLACEMENT_3D('',#17502,#14108,#14109);
#12749=AXIS2_PLACEMENT_3D('',#17503,#14110,#14111);
#12750=AXIS2_PLACEMENT_3D('',#17507,#14113,#14114);
#12751=AXIS2_PLACEMENT_3D('',#17508,#14115,#14116);
#12752=AXIS2_PLACEMENT_3D('',#17509,#14117,#14118);
#12753=AXIS2_PLACEMENT_3D('',#17513,#14120,#14121);
#12754=AXIS2_PLACEMENT_3D('',#17514,#14122,#14123);
#12755=AXIS2_PLACEMENT_3D('',#17515,#14124,#14125);
#12756=AXIS2_PLACEMENT_3D('',#17519,#14127,#14128);
#12757=AXIS2_PLACEMENT_3D('',#17520,#14129,#14130);
#12758=AXIS2_PLACEMENT_3D('',#17521,#14131,#14132);
#12759=AXIS2_PLACEMENT_3D('',#17525,#14134,#14135);
#12760=AXIS2_PLACEMENT_3D('',#17526,#14136,#14137);
#12761=AXIS2_PLACEMENT_3D('',#17527,#14138,#14139);
#12762=AXIS2_PLACEMENT_3D('',#17531,#14141,#14142);
#12763=AXIS2_PLACEMENT_3D('',#17532,#14143,#14144);
#12764=AXIS2_PLACEMENT_3D('',#17533,#14145,#14146);
#12765=AXIS2_PLACEMENT_3D('',#17537,#14148,#14149);
#12766=AXIS2_PLACEMENT_3D('',#17538,#14150,#14151);
#12767=AXIS2_PLACEMENT_3D('',#17539,#14152,#14153);
#12768=AXIS2_PLACEMENT_3D('',#17543,#14155,#14156);
#12769=AXIS2_PLACEMENT_3D('',#17544,#14157,#14158);
#12770=AXIS2_PLACEMENT_3D('',#17545,#14159,#14160);
#12771=AXIS2_PLACEMENT_3D('',#17549,#14162,#14163);
#12772=AXIS2_PLACEMENT_3D('',#17550,#14164,#14165);
#12773=AXIS2_PLACEMENT_3D('',#17551,#14166,#14167);
#12774=AXIS2_PLACEMENT_3D('',#17554,#14170,#14171);
#12775=AXIS2_PLACEMENT_3D('',#17557,#14174,#14175);
#12776=AXIS2_PLACEMENT_3D('',#17560,#14178,#14179);
#12777=AXIS2_PLACEMENT_3D('',#17563,#14182,#14183);
#12778=AXIS2_PLACEMENT_3D('',#17566,#14186,#14187);
#12779=AXIS2_PLACEMENT_3D('',#17569,#14190,#14191);
#12780=AXIS2_PLACEMENT_3D('',#17572,#14194,#14195);
#12781=AXIS2_PLACEMENT_3D('',#17575,#14198,#14199);
#12782=AXIS2_PLACEMENT_3D('',#17578,#14202,#14203);
#12783=AXIS2_PLACEMENT_3D('',#17579,#14204,#14205);
#12784=AXIS2_PLACEMENT_3D('',#17584,#14207,#14208);
#12785=AXIS2_PLACEMENT_3D('',#17588,#14210,#14211);
#12786=AXIS2_PLACEMENT_3D('',#17596,#14215,#14216);
#12787=AXIS2_PLACEMENT_3D('',#17599,#14218,#14219);
#12788=AXIS2_PLACEMENT_3D('',#17600,#14220,#14221);
#12789=AXIS2_PLACEMENT_3D('',#17605,#14223,#14224);
#12790=AXIS2_PLACEMENT_3D('',#17609,#14226,#14227);
#12791=AXIS2_PLACEMENT_3D('',#17617,#14231,#14232);
#12792=AXIS2_PLACEMENT_3D('',#17620,#14234,#14235);
#12793=AXIS2_PLACEMENT_3D('',#17621,#14236,#14237);
#12794=AXIS2_PLACEMENT_3D('',#17626,#14239,#14240);
#12795=AXIS2_PLACEMENT_3D('',#17630,#14242,#14243);
#12796=AXIS2_PLACEMENT_3D('',#17638,#14247,#14248);
#12797=AXIS2_PLACEMENT_3D('',#17641,#14250,#14251);
#12798=AXIS2_PLACEMENT_3D('',#17642,#14252,#14253);
#12799=AXIS2_PLACEMENT_3D('',#17647,#14255,#14256);
#12800=AXIS2_PLACEMENT_3D('',#17651,#14258,#14259);
#12801=AXIS2_PLACEMENT_3D('',#17659,#14263,#14264);
#12802=AXIS2_PLACEMENT_3D('',#17662,#14266,#14267);
#12803=AXIS2_PLACEMENT_3D('',#17663,#14268,#14269);
#12804=AXIS2_PLACEMENT_3D('',#17668,#14271,#14272);
#12805=AXIS2_PLACEMENT_3D('',#17672,#14274,#14275);
#12806=AXIS2_PLACEMENT_3D('',#17680,#14279,#14280);
#12807=AXIS2_PLACEMENT_3D('',#17683,#14282,#14283);
#12808=AXIS2_PLACEMENT_3D('',#17684,#14284,#14285);
#12809=AXIS2_PLACEMENT_3D('',#17689,#14287,#14288);
#12810=AXIS2_PLACEMENT_3D('',#17693,#14290,#14291);
#12811=AXIS2_PLACEMENT_3D('',#17701,#14295,#14296);
#12812=AXIS2_PLACEMENT_3D('',#17704,#14298,#14299);
#12813=AXIS2_PLACEMENT_3D('',#17705,#14300,#14301);
#12814=AXIS2_PLACEMENT_3D('',#17710,#14303,#14304);
#12815=AXIS2_PLACEMENT_3D('',#17714,#14306,#14307);
#12816=AXIS2_PLACEMENT_3D('',#17722,#14311,#14312);
#12817=AXIS2_PLACEMENT_3D('',#17725,#14314,#14315);
#12818=AXIS2_PLACEMENT_3D('',#17726,#14316,#14317);
#12819=AXIS2_PLACEMENT_3D('',#17731,#14319,#14320);
#12820=AXIS2_PLACEMENT_3D('',#17735,#14322,#14323);
#12821=AXIS2_PLACEMENT_3D('',#17743,#14327,#14328);
#12822=AXIS2_PLACEMENT_3D('',#17746,#14330,#14331);
#12823=AXIS2_PLACEMENT_3D('',#17747,#14332,#14333);
#12824=AXIS2_PLACEMENT_3D('',#17752,#14335,#14336);
#12825=AXIS2_PLACEMENT_3D('',#17756,#14338,#14339);
#12826=AXIS2_PLACEMENT_3D('',#17764,#14343,#14344);
#12827=AXIS2_PLACEMENT_3D('',#17767,#14346,#14347);
#12828=AXIS2_PLACEMENT_3D('',#17768,#14348,#14349);
#12829=AXIS2_PLACEMENT_3D('',#17773,#14351,#14352);
#12830=AXIS2_PLACEMENT_3D('',#17777,#14354,#14355);
#12831=AXIS2_PLACEMENT_3D('',#17785,#14359,#14360);
#12832=AXIS2_PLACEMENT_3D('',#17788,#14362,#14363);
#12833=AXIS2_PLACEMENT_3D('',#17789,#14364,#14365);
#12834=AXIS2_PLACEMENT_3D('',#17794,#14367,#14368);
#12835=AXIS2_PLACEMENT_3D('',#17798,#14370,#14371);
#12836=AXIS2_PLACEMENT_3D('',#17806,#14375,#14376);
#12837=AXIS2_PLACEMENT_3D('',#17809,#14378,#14379);
#12838=AXIS2_PLACEMENT_3D('',#17810,#14380,#14381);
#12839=AXIS2_PLACEMENT_3D('',#17815,#14383,#14384);
#12840=AXIS2_PLACEMENT_3D('',#17819,#14386,#14387);
#12841=AXIS2_PLACEMENT_3D('',#17827,#14391,#14392);
#12842=AXIS2_PLACEMENT_3D('',#17830,#14394,#14395);
#12843=AXIS2_PLACEMENT_3D('',#17831,#14396,#14397);
#12844=AXIS2_PLACEMENT_3D('',#17836,#14399,#14400);
#12845=AXIS2_PLACEMENT_3D('',#17840,#14402,#14403);
#12846=AXIS2_PLACEMENT_3D('',#17848,#14407,#14408);
#12847=AXIS2_PLACEMENT_3D('',#17851,#14410,#14411);
#12848=AXIS2_PLACEMENT_3D('',#17852,#14412,#14413);
#12849=AXIS2_PLACEMENT_3D('',#17857,#14415,#14416);
#12850=AXIS2_PLACEMENT_3D('',#17861,#14418,#14419);
#12851=AXIS2_PLACEMENT_3D('',#17869,#14423,#14424);
#12852=AXIS2_PLACEMENT_3D('',#17872,#14426,#14427);
#12853=AXIS2_PLACEMENT_3D('',#17873,#14428,#14429);
#12854=AXIS2_PLACEMENT_3D('',#17878,#14431,#14432);
#12855=AXIS2_PLACEMENT_3D('',#17882,#14434,#14435);
#12856=AXIS2_PLACEMENT_3D('',#17890,#14439,#14440);
#12857=AXIS2_PLACEMENT_3D('',#17893,#14442,#14443);
#12858=AXIS2_PLACEMENT_3D('',#17894,#14444,#14445);
#12859=AXIS2_PLACEMENT_3D('',#17899,#14447,#14448);
#12860=AXIS2_PLACEMENT_3D('',#17903,#14450,#14451);
#12861=AXIS2_PLACEMENT_3D('',#17911,#14455,#14456);
#12862=AXIS2_PLACEMENT_3D('',#17914,#14458,#14459);
#12863=AXIS2_PLACEMENT_3D('',#17915,#14460,#14461);
#12864=AXIS2_PLACEMENT_3D('',#17920,#14463,#14464);
#12865=AXIS2_PLACEMENT_3D('',#17924,#14466,#14467);
#12866=AXIS2_PLACEMENT_3D('',#17932,#14471,#14472);
#12867=AXIS2_PLACEMENT_3D('',#17935,#14474,#14475);
#12868=AXIS2_PLACEMENT_3D('',#17936,#14476,#14477);
#12869=AXIS2_PLACEMENT_3D('',#17941,#14479,#14480);
#12870=AXIS2_PLACEMENT_3D('',#17945,#14482,#14483);
#12871=AXIS2_PLACEMENT_3D('',#17953,#14487,#14488);
#12872=AXIS2_PLACEMENT_3D('',#17956,#14490,#14491);
#12873=AXIS2_PLACEMENT_3D('',#17957,#14492,#14493);
#12874=AXIS2_PLACEMENT_3D('',#17962,#14495,#14496);
#12875=AXIS2_PLACEMENT_3D('',#17966,#14498,#14499);
#12876=AXIS2_PLACEMENT_3D('',#17974,#14503,#14504);
#12877=AXIS2_PLACEMENT_3D('',#17977,#14506,#14507);
#12878=AXIS2_PLACEMENT_3D('',#17978,#14508,#14509);
#12879=AXIS2_PLACEMENT_3D('',#17983,#14511,#14512);
#12880=AXIS2_PLACEMENT_3D('',#17987,#14514,#14515);
#12881=AXIS2_PLACEMENT_3D('',#17995,#14519,#14520);
#12882=AXIS2_PLACEMENT_3D('',#17998,#14522,#14523);
#12883=AXIS2_PLACEMENT_3D('',#18000,#14525,#14526);
#12884=AXIS2_PLACEMENT_3D('',#18004,#14528,#14529);
#12885=AXIS2_PLACEMENT_3D('',#18005,#14530,#14531);
#12886=AXIS2_PLACEMENT_3D('',#18007,#14533,#14534);
#12887=AXIS2_PLACEMENT_3D('',#18011,#14536,#14537);
#12888=AXIS2_PLACEMENT_3D('',#18012,#14538,#14539);
#12889=AXIS2_PLACEMENT_3D('',#18014,#14541,#14542);
#12890=AXIS2_PLACEMENT_3D('',#18018,#14544,#14545);
#12891=AXIS2_PLACEMENT_3D('',#18019,#14546,#14547);
#12892=AXIS2_PLACEMENT_3D('',#18021,#14549,#14550);
#12893=AXIS2_PLACEMENT_3D('',#18025,#14552,#14553);
#12894=AXIS2_PLACEMENT_3D('',#18026,#14554,#14555);
#12895=AXIS2_PLACEMENT_3D('',#18028,#14557,#14558);
#12896=AXIS2_PLACEMENT_3D('',#18032,#14560,#14561);
#12897=AXIS2_PLACEMENT_3D('',#18033,#14562,#14563);
#12898=AXIS2_PLACEMENT_3D('',#18035,#14565,#14566);
#12899=AXIS2_PLACEMENT_3D('',#18039,#14568,#14569);
#12900=AXIS2_PLACEMENT_3D('',#18040,#14570,#14571);
#12901=AXIS2_PLACEMENT_3D('',#18042,#14573,#14574);
#12902=AXIS2_PLACEMENT_3D('',#18046,#14576,#14577);
#12903=AXIS2_PLACEMENT_3D('',#18047,#14578,#14579);
#12904=AXIS2_PLACEMENT_3D('',#18049,#14581,#14582);
#12905=AXIS2_PLACEMENT_3D('',#18053,#14584,#14585);
#12906=AXIS2_PLACEMENT_3D('',#18054,#14586,#14587);
#12907=AXIS2_PLACEMENT_3D('',#18056,#14589,#14590);
#12908=AXIS2_PLACEMENT_3D('',#18060,#14592,#14593);
#12909=AXIS2_PLACEMENT_3D('',#18061,#14594,#14595);
#12910=AXIS2_PLACEMENT_3D('',#18063,#14597,#14598);
#12911=AXIS2_PLACEMENT_3D('',#18067,#14600,#14601);
#12912=AXIS2_PLACEMENT_3D('',#18068,#14602,#14603);
#12913=AXIS2_PLACEMENT_3D('',#18074,#14607,#14608);
#12914=AXIS2_PLACEMENT_3D('',#18080,#14612,#14613);
#12915=AXIS2_PLACEMENT_3D('',#18086,#14617,#14618);
#12916=AXIS2_PLACEMENT_3D('',#18092,#14622,#14623);
#12917=AXIS2_PLACEMENT_3D('',#18098,#14627,#14628);
#12918=AXIS2_PLACEMENT_3D('',#18104,#14632,#14633);
#12919=AXIS2_PLACEMENT_3D('',#18110,#14637,#14638);
#12920=AXIS2_PLACEMENT_3D('',#18116,#14642,#14643);
#12921=AXIS2_PLACEMENT_3D('',#18122,#14647,#14648);
#12922=AXIS2_PLACEMENT_3D('',#18128,#14652,#14653);
#12923=AXIS2_PLACEMENT_3D('',#18129,#14654,#14655);
#12924=AXIS2_PLACEMENT_3D('',#18130,#14656,#14657);
#12925=AXIS2_PLACEMENT_3D('',#18132,#14659,#14660);
#12926=AXIS2_PLACEMENT_3D('',#18133,#14661,#14662);
#12927=AXIS2_PLACEMENT_3D('',#18134,#14663,#14664);
#12928=AXIS2_PLACEMENT_3D('',#18136,#14666,#14667);
#12929=AXIS2_PLACEMENT_3D('',#18137,#14668,#14669);
#12930=AXIS2_PLACEMENT_3D('',#18138,#14670,#14671);
#12931=AXIS2_PLACEMENT_3D('',#18140,#14673,#14674);
#12932=AXIS2_PLACEMENT_3D('',#18141,#14675,#14676);
#12933=AXIS2_PLACEMENT_3D('',#18142,#14677,#14678);
#12934=AXIS2_PLACEMENT_3D('',#18144,#14680,#14681);
#12935=AXIS2_PLACEMENT_3D('',#18145,#14682,#14683);
#12936=AXIS2_PLACEMENT_3D('',#18146,#14684,#14685);
#12937=AXIS2_PLACEMENT_3D('',#18148,#14687,#14688);
#12938=AXIS2_PLACEMENT_3D('',#18149,#14689,#14690);
#12939=AXIS2_PLACEMENT_3D('',#18150,#14691,#14692);
#12940=AXIS2_PLACEMENT_3D('',#18152,#14694,#14695);
#12941=AXIS2_PLACEMENT_3D('',#18153,#14696,#14697);
#12942=AXIS2_PLACEMENT_3D('',#18154,#14698,#14699);
#12943=AXIS2_PLACEMENT_3D('',#18156,#14701,#14702);
#12944=AXIS2_PLACEMENT_3D('',#18157,#14703,#14704);
#12945=AXIS2_PLACEMENT_3D('',#18158,#14705,#14706);
#12946=AXIS2_PLACEMENT_3D('',#18160,#14708,#14709);
#12947=AXIS2_PLACEMENT_3D('',#18161,#14710,#14711);
#12948=AXIS2_PLACEMENT_3D('',#18162,#14712,#14713);
#12949=AXIS2_PLACEMENT_3D('',#18164,#14715,#14716);
#12950=AXIS2_PLACEMENT_3D('',#18165,#14717,#14718);
#12951=AXIS2_PLACEMENT_3D('',#18166,#14719,#14720);
#12952=AXIS2_PLACEMENT_3D('',#18168,#14722,#14723);
#12953=AXIS2_PLACEMENT_3D('',#18170,#14725,#14726);
#12954=AXIS2_PLACEMENT_3D('',#18172,#14728,#14729);
#12955=AXIS2_PLACEMENT_3D('',#18174,#14731,#14732);
#12956=AXIS2_PLACEMENT_3D('',#18176,#14734,#14735);
#12957=AXIS2_PLACEMENT_3D('',#18178,#14737,#14738);
#12958=AXIS2_PLACEMENT_3D('',#18180,#14740,#14741);
#12959=AXIS2_PLACEMENT_3D('',#18182,#14743,#14744);
#12960=AXIS2_PLACEMENT_3D('',#18184,#14746,#14747);
#12961=AXIS2_PLACEMENT_3D('',#18186,#14749,#14750);
#12962=AXIS2_PLACEMENT_3D('',#18188,#14752,#14753);
#12963=AXIS2_PLACEMENT_3D('',#18190,#14755,#14756);
#12964=AXIS2_PLACEMENT_3D('',#18192,#14758,#14759);
#12965=AXIS2_PLACEMENT_3D('',#18194,#14761,#14762);
#12966=AXIS2_PLACEMENT_3D('',#18196,#14764,#14765);
#12967=AXIS2_PLACEMENT_3D('',#18198,#14767,#14768);
#12968=AXIS2_PLACEMENT_3D('',#18200,#14770,#14771);
#12969=AXIS2_PLACEMENT_3D('',#18202,#14773,#14774);
#12970=AXIS2_PLACEMENT_3D('',#18204,#14776,#14777);
#12971=AXIS2_PLACEMENT_3D('',#18206,#14779,#14780);
#12972=AXIS2_PLACEMENT_3D('',#18208,#14782,#14783);
#12973=AXIS2_PLACEMENT_3D('',#18210,#14785,#14786);
#12974=AXIS2_PLACEMENT_3D('',#18212,#14788,#14789);
#12975=AXIS2_PLACEMENT_3D('',#18214,#14791,#14792);
#12976=AXIS2_PLACEMENT_3D('',#18216,#14794,#14795);
#12977=AXIS2_PLACEMENT_3D('',#18218,#14797,#14798);
#12978=AXIS2_PLACEMENT_3D('',#18220,#14800,#14801);
#12979=AXIS2_PLACEMENT_3D('',#18222,#14803,#14804);
#12980=AXIS2_PLACEMENT_3D('',#18224,#14806,#14807);
#12981=AXIS2_PLACEMENT_3D('',#18226,#14809,#14810);
#12982=AXIS2_PLACEMENT_3D('',#18228,#14812,#14813);
#12983=AXIS2_PLACEMENT_3D('',#18484,#14951,#14952);
#12984=AXIS2_PLACEMENT_3D('',#18488,#14954,#14955);
#12985=AXIS2_PLACEMENT_3D('',#18489,#14956,#14957);
#12986=AXIS2_PLACEMENT_3D('',#18490,#14958,#14959);
#12987=AXIS2_PLACEMENT_3D('',#18491,#14960,#14961);
#12988=AXIS2_PLACEMENT_3D('',#18496,#14963,#14964);
#12989=AXIS2_PLACEMENT_3D('',#18499,#14966,#14967);
#12990=AXIS2_PLACEMENT_3D('',#18782,#15114,#15115);
#12991=AXIS2_PLACEMENT_3D('',#18783,#15116,#15117);
#12992=AXIS2_PLACEMENT_3D('',#18784,#15118,#15119);
#12993=AXIS2_PLACEMENT_3D('',#18786,#15121,#15122);
#12994=AXIS2_PLACEMENT_3D('',#18787,#15123,#15124);
#12995=AXIS2_PLACEMENT_3D('',#18788,#15125,#15126);
#12996=AXIS2_PLACEMENT_3D('',#18790,#15128,#15129);
#12997=AXIS2_PLACEMENT_3D('',#18791,#15130,#15131);
#12998=AXIS2_PLACEMENT_3D('',#18792,#15132,#15133);
#12999=AXIS2_PLACEMENT_3D('',#18794,#15135,#15136);
#13000=AXIS2_PLACEMENT_3D('',#18795,#15137,#15138);
#13001=AXIS2_PLACEMENT_3D('',#18796,#15139,#15140);
#13002=AXIS2_PLACEMENT_3D('',#18798,#15142,#15143);
#13003=AXIS2_PLACEMENT_3D('',#18799,#15144,#15145);
#13004=AXIS2_PLACEMENT_3D('',#18800,#15146,#15147);
#13005=AXIS2_PLACEMENT_3D('',#18802,#15149,#15150);
#13006=AXIS2_PLACEMENT_3D('',#18803,#15151,#15152);
#13007=AXIS2_PLACEMENT_3D('',#18804,#15153,#15154);
#13008=AXIS2_PLACEMENT_3D('',#18806,#15156,#15157);
#13009=AXIS2_PLACEMENT_3D('',#18807,#15158,#15159);
#13010=AXIS2_PLACEMENT_3D('',#18808,#15160,#15161);
#13011=AXIS2_PLACEMENT_3D('',#18810,#15163,#15164);
#13012=AXIS2_PLACEMENT_3D('',#18811,#15165,#15166);
#13013=AXIS2_PLACEMENT_3D('',#18812,#15167,#15168);
#13014=AXIS2_PLACEMENT_3D('',#18814,#15170,#15171);
#13015=AXIS2_PLACEMENT_3D('',#18815,#15172,#15173);
#13016=AXIS2_PLACEMENT_3D('',#18816,#15174,#15175);
#13017=AXIS2_PLACEMENT_3D('',#18818,#15177,#15178);
#13018=AXIS2_PLACEMENT_3D('',#18819,#15179,#15180);
#13019=AXIS2_PLACEMENT_3D('',#18820,#15181,#15182);
#13020=AXIS2_PLACEMENT_3D('',#18822,#15184,#15185);
#13021=AXIS2_PLACEMENT_3D('',#18824,#15187,#15188);
#13022=AXIS2_PLACEMENT_3D('',#18826,#15190,#15191);
#13023=AXIS2_PLACEMENT_3D('',#18828,#15193,#15194);
#13024=AXIS2_PLACEMENT_3D('',#18830,#15196,#15197);
#13025=AXIS2_PLACEMENT_3D('',#18832,#15199,#15200);
#13026=AXIS2_PLACEMENT_3D('',#18834,#15202,#15203);
#13027=AXIS2_PLACEMENT_3D('',#18836,#15205,#15206);
#13028=AXIS2_PLACEMENT_3D('',#18838,#15208,#15209);
#13029=AXIS2_PLACEMENT_3D('',#18840,#15211,#15212);
#13030=AXIS2_PLACEMENT_3D('',#18842,#15214,#15215);
#13031=AXIS2_PLACEMENT_3D('',#18843,#15216,#15217);
#13032=AXIS2_PLACEMENT_3D('',#18844,#15218,#15219);
#13033=AXIS2_PLACEMENT_3D('',#18845,#15220,#15221);
#13034=AXIS2_PLACEMENT_3D('',#18846,#15222,#15223);
#13035=AXIS2_PLACEMENT_3D('',#18847,#15224,#15225);
#13036=AXIS2_PLACEMENT_3D('',#18848,#15226,#15227);
#13037=AXIS2_PLACEMENT_3D('',#18849,#15228,#15229);
#13038=AXIS2_PLACEMENT_3D('',#18850,#15230,#15231);
#13039=AXIS2_PLACEMENT_3D('',#18851,#15232,#15233);
#13040=AXIS2_PLACEMENT_3D('',#18852,#15234,#15235);
#13041=AXIS2_PLACEMENT_3D('',#18858,#15239,#15240);
#13042=AXIS2_PLACEMENT_3D('',#18859,#15241,#15242);
#13043=AXIS2_PLACEMENT_3D('',#18861,#15243,#15244);
#13044=AXIS2_PLACEMENT_3D('',#18864,#15246,#15247);
#13045=AXIS2_PLACEMENT_3D('',#18867,#15250,#15251);
#13046=AXIS2_PLACEMENT_3D('',#18868,#15252,#15253);
#13047=AXIS2_PLACEMENT_3D('',#18869,#15254,#15255);
#13048=AXIS2_PLACEMENT_3D('',#18870,#15256,#15257);
#13049=AXIS2_PLACEMENT_3D('',#18876,#15261,#15262);
#13050=AXIS2_PLACEMENT_3D('',#18882,#15266,#15267);
#13051=AXIS2_PLACEMENT_3D('',#18888,#15271,#15272);
#13052=AXIS2_PLACEMENT_3D('',#18889,#15273,#15274);
#13053=AXIS2_PLACEMENT_3D('',#18891,#15275,#15276);
#13054=AXIS2_PLACEMENT_3D('',#18894,#15278,#15279);
#13055=AXIS2_PLACEMENT_3D('',#18900,#15283,#15284);
#13056=AXIS2_PLACEMENT_3D('',#18904,#15286,#15287);
#13057=AXIS2_PLACEMENT_3D('',#18905,#15288,#15289);
#13058=AXIS2_PLACEMENT_3D('',#18906,#15290,#15291);
#13059=AXIS2_PLACEMENT_3D('',#18909,#15294,#15295);
#13060=AXIS2_PLACEMENT_3D('',#18911,#15297,#15298);
#13061=AXIS2_PLACEMENT_3D('',#18912,#15299,#15300);
#13062=AXIS2_PLACEMENT_3D('',#18914,#15302,#15303);
#13063=AXIS2_PLACEMENT_3D('',#18915,#15304,#15305);
#13064=AXIS2_PLACEMENT_3D('',#18917,#15307,#15308);
#13065=AXIS2_PLACEMENT_3D('',#18919,#15310,#15311);
#13066=AXIS2_PLACEMENT_3D('',#18920,#15312,#15313);
#13067=AXIS2_PLACEMENT_3D('',#18921,#15314,#15315);
#13068=AXIS2_PLACEMENT_3D('',#18923,#15317,#15318);
#13069=AXIS2_PLACEMENT_3D('',#18925,#15320,#15321);
#13070=AXIS2_PLACEMENT_3D('',#18926,#15322,#15323);
#13071=AXIS2_PLACEMENT_3D('',#18927,#15324,#15325);
#13072=AXIS2_PLACEMENT_3D('',#18929,#15327,#15328);
#13073=AXIS2_PLACEMENT_3D('',#18931,#15330,#15331);
#13074=AXIS2_PLACEMENT_3D('',#18932,#15332,#15333);
#13075=AXIS2_PLACEMENT_3D('',#18933,#15334,#15335);
#13076=AXIS2_PLACEMENT_3D('',#18935,#15337,#15338);
#13077=AXIS2_PLACEMENT_3D('',#18937,#15340,#15341);
#13078=AXIS2_PLACEMENT_3D('',#18938,#15342,#15343);
#13079=AXIS2_PLACEMENT_3D('',#18939,#15344,#15345);
#13080=AXIS2_PLACEMENT_3D('',#18941,#15347,#15348);
#13081=AXIS2_PLACEMENT_3D('',#18943,#15350,#15351);
#13082=AXIS2_PLACEMENT_3D('',#18944,#15352,#15353);
#13083=AXIS2_PLACEMENT_3D('',#18945,#15354,#15355);
#13084=AXIS2_PLACEMENT_3D('',#18947,#15357,#15358);
#13085=AXIS2_PLACEMENT_3D('',#18949,#15360,#15361);
#13086=AXIS2_PLACEMENT_3D('',#18950,#15362,#15363);
#13087=AXIS2_PLACEMENT_3D('',#18951,#15364,#15365);
#13088=AXIS2_PLACEMENT_3D('',#18953,#15367,#15368);
#13089=AXIS2_PLACEMENT_3D('',#18955,#15370,#15371);
#13090=AXIS2_PLACEMENT_3D('',#18956,#15372,#15373);
#13091=AXIS2_PLACEMENT_3D('',#18957,#15374,#15375);
#13092=AXIS2_PLACEMENT_3D('',#18959,#15377,#15378);
#13093=AXIS2_PLACEMENT_3D('',#18961,#15380,#15381);
#13094=AXIS2_PLACEMENT_3D('',#18962,#15382,#15383);
#13095=AXIS2_PLACEMENT_3D('',#18963,#15384,#15385);
#13096=AXIS2_PLACEMENT_3D('',#18964,#15386,#15387);
#13097=AXIS2_PLACEMENT_3D('',#18965,#15388,#15389);
#13098=AXIS2_PLACEMENT_3D('',#18967,#15391,#15392);
#13099=AXIS2_PLACEMENT_3D('',#18969,#15394,#15395);
#13100=AXIS2_PLACEMENT_3D('',#18972,#15398,#15399);
#13101=AXIS2_PLACEMENT_3D('',#18974,#15401,#15402);
#13102=AXIS2_PLACEMENT_3D('',#18976,#15404,#15405);
#13103=AXIS2_PLACEMENT_3D('',#18978,#15407,#15408);
#13104=AXIS2_PLACEMENT_3D('',#18980,#15410,#15411);
#13105=AXIS2_PLACEMENT_3D('',#18982,#15413,#15414);
#13106=AXIS2_PLACEMENT_3D('',#18984,#15416,#15417);
#13107=AXIS2_PLACEMENT_3D('',#18986,#15419,#15420);
#13108=AXIS2_PLACEMENT_3D('',#18988,#15422,#15423);
#13109=AXIS2_PLACEMENT_3D('',#18989,#15424,#15425);
#13110=AXIS2_PLACEMENT_3D('',#18990,#15426,#15427);
#13111=AXIS2_PLACEMENT_3D('',#18991,#15428,#15429);
#13112=AXIS2_PLACEMENT_3D('',#18994,#15432,#15433);
#13113=AXIS2_PLACEMENT_3D('',#18996,#15435,#15436);
#13114=AXIS2_PLACEMENT_3D('',#18998,#15438,#15439);
#13115=AXIS2_PLACEMENT_3D('',#19000,#15441,#15442);
#13116=AXIS2_PLACEMENT_3D('',#19002,#15444,#15445);
#13117=AXIS2_PLACEMENT_3D('',#19004,#15447,#15448);
#13118=AXIS2_PLACEMENT_3D('',#19006,#15450,#15451);
#13119=AXIS2_PLACEMENT_3D('',#19008,#15453,#15454);
#13120=AXIS2_PLACEMENT_3D('',#19010,#15456,#15457);
#13121=AXIS2_PLACEMENT_3D('',#19011,#15458,#15459);
#13122=AXIS2_PLACEMENT_3D('',#19012,#15460,#15461);
#13123=AXIS2_PLACEMENT_3D('',#19013,#15462,#15463);
#13124=AXIS2_PLACEMENT_3D('',#19016,#15466,#15467);
#13125=AXIS2_PLACEMENT_3D('',#19018,#15469,#15470);
#13126=AXIS2_PLACEMENT_3D('',#19020,#15472,#15473);
#13127=AXIS2_PLACEMENT_3D('',#19022,#15475,#15476);
#13128=AXIS2_PLACEMENT_3D('',#19024,#15478,#15479);
#13129=AXIS2_PLACEMENT_3D('',#19026,#15481,#15482);
#13130=AXIS2_PLACEMENT_3D('',#19028,#15484,#15485);
#13131=AXIS2_PLACEMENT_3D('',#19030,#15487,#15488);
#13132=AXIS2_PLACEMENT_3D('',#19032,#15490,#15491);
#13133=AXIS2_PLACEMENT_3D('',#19033,#15492,#15493);
#13134=AXIS2_PLACEMENT_3D('',#19034,#15494,#15495);
#13135=AXIS2_PLACEMENT_3D('',#19035,#15496,#15497);
#13136=AXIS2_PLACEMENT_3D('',#19038,#15500,#15501);
#13137=AXIS2_PLACEMENT_3D('',#19040,#15503,#15504);
#13138=AXIS2_PLACEMENT_3D('',#19042,#15506,#15507);
#13139=AXIS2_PLACEMENT_3D('',#19044,#15509,#15510);
#13140=AXIS2_PLACEMENT_3D('',#19046,#15512,#15513);
#13141=AXIS2_PLACEMENT_3D('',#19048,#15515,#15516);
#13142=AXIS2_PLACEMENT_3D('',#19050,#15518,#15519);
#13143=AXIS2_PLACEMENT_3D('',#19052,#15521,#15522);
#13144=AXIS2_PLACEMENT_3D('',#19054,#15524,#15525);
#13145=AXIS2_PLACEMENT_3D('',#19055,#15526,#15527);
#13146=AXIS2_PLACEMENT_3D('',#19056,#15528,#15529);
#13147=AXIS2_PLACEMENT_3D('',#19057,#15530,#15531);
#13148=AXIS2_PLACEMENT_3D('',#19060,#15534,#15535);
#13149=AXIS2_PLACEMENT_3D('',#19062,#15537,#15538);
#13150=AXIS2_PLACEMENT_3D('',#19064,#15540,#15541);
#13151=AXIS2_PLACEMENT_3D('',#19066,#15543,#15544);
#13152=AXIS2_PLACEMENT_3D('',#19068,#15546,#15547);
#13153=AXIS2_PLACEMENT_3D('',#19070,#15549,#15550);
#13154=AXIS2_PLACEMENT_3D('',#19072,#15552,#15553);
#13155=AXIS2_PLACEMENT_3D('',#19074,#15555,#15556);
#13156=AXIS2_PLACEMENT_3D('',#19076,#15558,#15559);
#13157=AXIS2_PLACEMENT_3D('',#19077,#15560,#15561);
#13158=AXIS2_PLACEMENT_3D('',#19078,#15562,#15563);
#13159=AXIS2_PLACEMENT_3D('',#19079,#15564,#15565);
#13160=AXIS2_PLACEMENT_3D('',#19082,#15568,#15569);
#13161=AXIS2_PLACEMENT_3D('',#19084,#15571,#15572);
#13162=AXIS2_PLACEMENT_3D('',#19086,#15574,#15575);
#13163=AXIS2_PLACEMENT_3D('',#19088,#15577,#15578);
#13164=AXIS2_PLACEMENT_3D('',#19090,#15580,#15581);
#13165=AXIS2_PLACEMENT_3D('',#19092,#15583,#15584);
#13166=AXIS2_PLACEMENT_3D('',#19094,#15586,#15587);
#13167=AXIS2_PLACEMENT_3D('',#19096,#15589,#15590);
#13168=AXIS2_PLACEMENT_3D('',#19098,#15592,#15593);
#13169=AXIS2_PLACEMENT_3D('',#19099,#15594,#15595);
#13170=AXIS2_PLACEMENT_3D('',#19100,#15596,#15597);
#13171=AXIS2_PLACEMENT_3D('',#19101,#15598,#15599);
#13172=AXIS2_PLACEMENT_3D('',#19104,#15602,#15603);
#13173=AXIS2_PLACEMENT_3D('',#19106,#15605,#15606);
#13174=AXIS2_PLACEMENT_3D('',#19108,#15608,#15609);
#13175=AXIS2_PLACEMENT_3D('',#19110,#15611,#15612);
#13176=AXIS2_PLACEMENT_3D('',#19112,#15614,#15615);
#13177=AXIS2_PLACEMENT_3D('',#19114,#15617,#15618);
#13178=AXIS2_PLACEMENT_3D('',#19116,#15620,#15621);
#13179=AXIS2_PLACEMENT_3D('',#19118,#15623,#15624);
#13180=AXIS2_PLACEMENT_3D('',#19120,#15626,#15627);
#13181=AXIS2_PLACEMENT_3D('',#19121,#15628,#15629);
#13182=AXIS2_PLACEMENT_3D('',#19122,#15630,#15631);
#13183=AXIS2_PLACEMENT_3D('',#19123,#15632,#15633);
#13184=AXIS2_PLACEMENT_3D('',#19126,#15636,#15637);
#13185=AXIS2_PLACEMENT_3D('',#19128,#15639,#15640);
#13186=AXIS2_PLACEMENT_3D('',#19130,#15642,#15643);
#13187=AXIS2_PLACEMENT_3D('',#19132,#15645,#15646);
#13188=AXIS2_PLACEMENT_3D('',#19134,#15648,#15649);
#13189=AXIS2_PLACEMENT_3D('',#19136,#15651,#15652);
#13190=AXIS2_PLACEMENT_3D('',#19138,#15654,#15655);
#13191=AXIS2_PLACEMENT_3D('',#19140,#15657,#15658);
#13192=AXIS2_PLACEMENT_3D('',#19142,#15660,#15661);
#13193=AXIS2_PLACEMENT_3D('',#19143,#15662,#15663);
#13194=AXIS2_PLACEMENT_3D('',#19144,#15664,#15665);
#13195=AXIS2_PLACEMENT_3D('',#19145,#15666,#15667);
#13196=AXIS2_PLACEMENT_3D('',#19148,#15670,#15671);
#13197=AXIS2_PLACEMENT_3D('',#19150,#15673,#15674);
#13198=AXIS2_PLACEMENT_3D('',#19152,#15676,#15677);
#13199=AXIS2_PLACEMENT_3D('',#19154,#15679,#15680);
#13200=AXIS2_PLACEMENT_3D('',#19156,#15682,#15683);
#13201=AXIS2_PLACEMENT_3D('',#19158,#15685,#15686);
#13202=AXIS2_PLACEMENT_3D('',#19160,#15688,#15689);
#13203=AXIS2_PLACEMENT_3D('',#19162,#15691,#15692);
#13204=AXIS2_PLACEMENT_3D('',#19164,#15694,#15695);
#13205=AXIS2_PLACEMENT_3D('',#19165,#15696,#15697);
#13206=AXIS2_PLACEMENT_3D('',#19166,#15698,#15699);
#13207=AXIS2_PLACEMENT_3D('',#19167,#15700,#15701);
#13208=AXIS2_PLACEMENT_3D('',#19170,#15704,#15705);
#13209=AXIS2_PLACEMENT_3D('',#19172,#15707,#15708);
#13210=AXIS2_PLACEMENT_3D('',#19173,#15709,#15710);
#13211=AXIS2_PLACEMENT_3D('',#19174,#15711,#15712);
#13212=AXIS2_PLACEMENT_3D('',#19176,#15714,#15715);
#13213=AXIS2_PLACEMENT_3D('',#19178,#15717,#15718);
#13214=AXIS2_PLACEMENT_3D('',#19180,#15720,#15721);
#13215=AXIS2_PLACEMENT_3D('',#19181,#15722,#15723);
#13216=AXIS2_PLACEMENT_3D('',#19182,#15724,#15725);
#13217=AXIS2_PLACEMENT_3D('',#19192,#15730,#15731);
#13218=AXIS2_PLACEMENT_3D('',#19205,#15738,#15739);
#13219=AXIS2_PLACEMENT_3D('',#19215,#15744,#15745);
#13220=AXIS2_PLACEMENT_3D('',#19228,#15752,#15753);
#13221=AXIS2_PLACEMENT_3D('',#19238,#15758,#15759);
#13222=AXIS2_PLACEMENT_3D('',#19251,#15766,#15767);
#13223=AXIS2_PLACEMENT_3D('',#19261,#15772,#15773);
#13224=AXIS2_PLACEMENT_3D('',#19274,#15780,#15781);
#13225=AXIS2_PLACEMENT_3D('',#19284,#15786,#15787);
#13226=AXIS2_PLACEMENT_3D('',#19297,#15794,#15795);
#13227=AXIS2_PLACEMENT_3D('',#19307,#15800,#15801);
#13228=AXIS2_PLACEMENT_3D('',#19320,#15808,#15809);
#13229=AXIS2_PLACEMENT_3D('',#19330,#15814,#15815);
#13230=AXIS2_PLACEMENT_3D('',#19343,#15822,#15823);
#13231=AXIS2_PLACEMENT_3D('',#19353,#15828,#15829);
#13232=AXIS2_PLACEMENT_3D('',#19366,#15836,#15837);
#13233=AXIS2_PLACEMENT_3D('',#19376,#15842,#15843);
#13234=AXIS2_PLACEMENT_3D('',#19389,#15850,#15851);
#13235=AXIS2_PLACEMENT_3D('',#19399,#15856,#15857);
#13236=AXIS2_PLACEMENT_3D('',#19412,#15864,#15865);
#13237=AXIS2_PLACEMENT_3D('',#19432,#15875,#15876);
#13238=AXIS2_PLACEMENT_3D('',#19435,#15878,#15879);
#13239=AXIS2_PLACEMENT_3D('',#19455,#15889,#15890);
#13240=AXIS2_PLACEMENT_3D('',#19458,#15892,#15893);
#13241=AXIS2_PLACEMENT_3D('',#19478,#15903,#15904);
#13242=AXIS2_PLACEMENT_3D('',#19481,#15906,#15907);
#13243=AXIS2_PLACEMENT_3D('',#19501,#15917,#15918);
#13244=AXIS2_PLACEMENT_3D('',#19504,#15920,#15921);
#13245=AXIS2_PLACEMENT_3D('',#19524,#15931,#15932);
#13246=AXIS2_PLACEMENT_3D('',#19527,#15934,#15935);
#13247=AXIS2_PLACEMENT_3D('',#19547,#15945,#15946);
#13248=AXIS2_PLACEMENT_3D('',#19550,#15948,#15949);
#13249=AXIS2_PLACEMENT_3D('',#19570,#15959,#15960);
#13250=AXIS2_PLACEMENT_3D('',#19573,#15962,#15963);
#13251=AXIS2_PLACEMENT_3D('',#19593,#15973,#15974);
#13252=AXIS2_PLACEMENT_3D('',#19596,#15976,#15977);
#13253=AXIS2_PLACEMENT_3D('',#19616,#15987,#15988);
#13254=AXIS2_PLACEMENT_3D('',#19619,#15990,#15991);
#13255=AXIS2_PLACEMENT_3D('',#19639,#16001,#16002);
#13256=AXIS2_PLACEMENT_3D('',#19642,#16004,#16005);
#13257=AXIS2_PLACEMENT_3D('',#19645,#16008,#16009);
#13258=AXIS2_PLACEMENT_3D('',#19648,#16012,#16013);
#13259=AXIS2_PLACEMENT_3D('',#19651,#16016,#16017);
#13260=AXIS2_PLACEMENT_3D('',#19654,#16020,#16021);
#13261=AXIS2_PLACEMENT_3D('',#19657,#16024,#16025);
#13262=AXIS2_PLACEMENT_3D('',#19660,#16028,#16029);
#13263=AXIS2_PLACEMENT_3D('',#19663,#16032,#16033);
#13264=AXIS2_PLACEMENT_3D('',#19666,#16036,#16037);
#13265=AXIS2_PLACEMENT_3D('',#19669,#16040,#16041);
#13266=AXIS2_PLACEMENT_3D('',#19672,#16044,#16045);
#13267=AXIS2_PLACEMENT_3D('',#19686,#16053,#16054);
#13268=AXIS2_PLACEMENT_3D('',#19705,#16065,#16066);
#13269=AXIS2_PLACEMENT_3D('',#19724,#16077,#16078);
#13270=AXIS2_PLACEMENT_3D('',#19743,#16089,#16090);
#13271=AXIS2_PLACEMENT_3D('',#19762,#16101,#16102);
#13272=AXIS2_PLACEMENT_3D('',#19781,#16113,#16114);
#13273=AXIS2_PLACEMENT_3D('',#19800,#16125,#16126);
#13274=AXIS2_PLACEMENT_3D('',#19819,#16137,#16138);
#13275=AXIS2_PLACEMENT_3D('',#19838,#16149,#16150);
#13276=AXIS2_PLACEMENT_3D('',#19857,#16161,#16162);
#13277=AXIS2_PLACEMENT_3D('',#19860,#16164,#16165);
#13278=AXIS2_PLACEMENT_3D('',#19861,#16166,#16167);
#13279=AXIS2_PLACEMENT_3D('',#19863,#16169,#16170);
#13280=AXIS2_PLACEMENT_3D('',#19865,#16172,#16173);
#13281=AXIS2_PLACEMENT_3D('',#19867,#16175,#16176);
#13282=AXIS2_PLACEMENT_3D('',#19869,#16178,#16179);
#13283=AXIS2_PLACEMENT_3D('',#19871,#16181,#16182);
#13284=AXIS2_PLACEMENT_3D('',#19873,#16184,#16185);
#13285=AXIS2_PLACEMENT_3D('',#19875,#16187,#16188);
#13286=AXIS2_PLACEMENT_3D('',#19877,#16190,#16191);
#13287=AXIS2_PLACEMENT_3D('',#19879,#16193,#16194);
#13288=AXIS2_PLACEMENT_3D('',#19889,#16199,#16200);
#13289=AXIS2_PLACEMENT_3D('',#19893,#16202,#16203);
#13290=AXIS2_PLACEMENT_3D('',#19894,#16204,#16205);
#13291=AXIS2_PLACEMENT_3D('',#19913,#16220,#16221);
#13292=AXIS2_PLACEMENT_3D('',#19917,#16223,#16224);
#13293=AXIS2_PLACEMENT_3D('',#19925,#16229,#16230);
#13294=AXIS2_PLACEMENT_3D('',#19931,#16234,#16235);
#13295=AXIS2_PLACEMENT_3D('',#19944,#16244,#16245);
#13296=AXIS2_PLACEMENT_3D('',#19957,#16254,#16255);
#13297=AXIS2_PLACEMENT_3D('',#19970,#16264,#16265);
#13298=AXIS2_PLACEMENT_3D('',#19983,#16274,#16275);
#13299=AXIS2_PLACEMENT_3D('',#19996,#16284,#16285);
#13300=AXIS2_PLACEMENT_3D('',#20009,#16294,#16295);
#13301=AXIS2_PLACEMENT_3D('',#20022,#16304,#16305);
#13302=AXIS2_PLACEMENT_3D('',#20035,#16314,#16315);
#13303=AXIS2_PLACEMENT_3D('',#20048,#16324,#16325);
#13304=AXIS2_PLACEMENT_3D('',#20064,#16335,#16336);
#13305=AXIS2_PLACEMENT_3D('',#20069,#16340,#16341);
#13306=AXIS2_PLACEMENT_3D('',#20077,#16347,#16348);
#13307=AXIS2_PLACEMENT_3D('',#20088,#16359,#16360);
#13308=AXIS2_PLACEMENT_3D('',#20089,#16361,#16362);
#13309=AXIS2_PLACEMENT_3D('',#20094,#16364,#16365);
#13310=AXIS2_PLACEMENT_3D('',#20097,#16367,#16368);
#13311=AXIS2_PLACEMENT_3D('',#20150,#16400,#16401);
#13312=AXIS2_PLACEMENT_3D('',#20151,#16402,#16403);
#13313=AXIS2_PLACEMENT_3D('',#20152,#16404,#16405);
#13314=AXIS2_PLACEMENT_3D('',#20153,#16406,#16407);
#13315=AXIS2_PLACEMENT_3D('',#20154,#16408,#16409);
#13316=AXIS2_PLACEMENT_3D('',#20155,#16410,#16411);
#13317=AXIS2_PLACEMENT_3D('',#20156,#16412,#16413);
#13318=AXIS2_PLACEMENT_3D('',#20157,#16414,#16415);
#13319=AXIS2_PLACEMENT_3D('',#20158,#16416,#16417);
#13320=AXIS2_PLACEMENT_3D('',#20159,#16418,#16419);
#13321=AXIS2_PLACEMENT_3D('',#20160,#16420,#16421);
#13322=AXIS2_PLACEMENT_3D('',#20161,#16422,#16423);
#13323=AXIS2_PLACEMENT_3D('',#20162,#16424,#16425);
#13324=AXIS2_PLACEMENT_3D('',#20164,#16427,#16428);
#13325=AXIS2_PLACEMENT_3D('',#20166,#16430,#16431);
#13326=AXIS2_PLACEMENT_3D('',#20167,#16432,#16433);
#13327=AXIS2_PLACEMENT_3D('',#20169,#16435,#16436);
#13328=AXIS2_PLACEMENT_3D('',#20171,#16438,#16439);
#13329=AXIS2_PLACEMENT_3D('',#20172,#16440,#16441);
#13330=AXIS2_PLACEMENT_3D('',#20174,#16443,#16444);
#13331=AXIS2_PLACEMENT_3D('',#20176,#16446,#16447);
#13332=AXIS2_PLACEMENT_3D('',#20177,#16448,#16449);
#13333=AXIS2_PLACEMENT_3D('',#20179,#16451,#16452);
#13334=AXIS2_PLACEMENT_3D('',#20181,#16454,#16455);
#13335=AXIS2_PLACEMENT_3D('',#20182,#16456,#16457);
#13336=AXIS2_PLACEMENT_3D('',#20184,#16459,#16460);
#13337=AXIS2_PLACEMENT_3D('',#20186,#16462,#16463);
#13338=AXIS2_PLACEMENT_3D('',#20187,#16464,#16465);
#13339=AXIS2_PLACEMENT_3D('',#20189,#16467,#16468);
#13340=AXIS2_PLACEMENT_3D('',#20191,#16470,#16471);
#13341=AXIS2_PLACEMENT_3D('',#20192,#16472,#16473);
#13342=AXIS2_PLACEMENT_3D('',#20194,#16475,#16476);
#13343=AXIS2_PLACEMENT_3D('',#20196,#16478,#16479);
#13344=AXIS2_PLACEMENT_3D('',#20197,#16480,#16481);
#13345=AXIS2_PLACEMENT_3D('',#20199,#16483,#16484);
#13346=AXIS2_PLACEMENT_3D('',#20201,#16486,#16487);
#13347=AXIS2_PLACEMENT_3D('',#20202,#16488,#16489);
#13348=AXIS2_PLACEMENT_3D('',#20204,#16491,#16492);
#13349=AXIS2_PLACEMENT_3D('',#20206,#16494,#16495);
#13350=AXIS2_PLACEMENT_3D('',#20207,#16496,#16497);
#13351=AXIS2_PLACEMENT_3D('',#20209,#16499,#16500);
#13352=AXIS2_PLACEMENT_3D('',#20211,#16502,#16503);
#13353=AXIS2_PLACEMENT_3D('',#20212,#16504,#16505);
#13354=AXIS2_PLACEMENT_3D('',#20214,#16507,#16508);
#13355=AXIS2_PLACEMENT_3D('',#20215,#16509,#16510);
#13356=AXIS2_PLACEMENT_3D('',#20217,#16512,#16513);
#13357=AXIS2_PLACEMENT_3D('',#20218,#16514,#16515);
#13358=AXIS2_PLACEMENT_3D('',#20220,#16517,#16518);
#13359=AXIS2_PLACEMENT_3D('',#20221,#16519,#16520);
#13360=AXIS2_PLACEMENT_3D('',#20223,#16522,#16523);
#13361=AXIS2_PLACEMENT_3D('',#20224,#16524,#16525);
#13362=AXIS2_PLACEMENT_3D('',#20226,#16527,#16528);
#13363=AXIS2_PLACEMENT_3D('',#20227,#16529,#16530);
#13364=AXIS2_PLACEMENT_3D('',#20229,#16532,#16533);
#13365=AXIS2_PLACEMENT_3D('',#20230,#16534,#16535);
#13366=AXIS2_PLACEMENT_3D('',#20232,#16537,#16538);
#13367=AXIS2_PLACEMENT_3D('',#20233,#16539,#16540);
#13368=AXIS2_PLACEMENT_3D('',#20235,#16542,#16543);
#13369=AXIS2_PLACEMENT_3D('',#20236,#16544,#16545);
#13370=AXIS2_PLACEMENT_3D('',#20238,#16547,#16548);
#13371=AXIS2_PLACEMENT_3D('',#20239,#16549,#16550);
#13372=AXIS2_PLACEMENT_3D('',#20241,#16552,#16553);
#13373=AXIS2_PLACEMENT_3D('',#20242,#16554,#16555);
#13374=AXIS2_PLACEMENT_3D('',#20243,#16556,#16557);
#13375=AXIS2_PLACEMENT_3D('',#20245,#16558,#16559);
#13376=AXIS2_PLACEMENT_3D('',#20246,#16560,#16561);
#13377=AXIS2_PLACEMENT_3D('',#20247,#16562,#16563);
#13378=AXIS2_PLACEMENT_3D('',#20249,#16564,#16565);
#13379=AXIS2_PLACEMENT_3D('',#20250,#16566,#16567);
#13380=AXIS2_PLACEMENT_3D('',#20256,#16571,#16572);
#13381=AXIS2_PLACEMENT_3D('',#20259,#16574,#16575);
#13382=AXIS2_PLACEMENT_3D('',#20260,#16576,#16577);
#13383=AXIS2_PLACEMENT_3D('',#20264,#16580,#16581);
#13384=AXIS2_PLACEMENT_3D('',#20265,#16582,#16583);
#13385=AXIS2_PLACEMENT_3D('',#20266,#16584,#16585);
#13386=AXIS2_PLACEMENT_3D('',#20267,#16586,#16587);
#13387=AXIS2_PLACEMENT_3D('',#20273,#16591,#16592);
#13388=AXIS2_PLACEMENT_3D('',#20274,#16593,#16594);
#13389=AXIS2_PLACEMENT_3D('',#20277,#16596,#16597);
#13390=AXIS2_PLACEMENT_3D('',#20281,#16600,#16601);
#13391=AXIS2_PLACEMENT_3D('',#20282,#16602,#16603);
#13392=AXIS2_PLACEMENT_3D('',#20283,#16604,#16605);
#13393=AXIS2_PLACEMENT_3D('',#20284,#16606,#16607);
#13394=AXIS2_PLACEMENT_3D('',#20290,#16611,#16612);
#13395=AXIS2_PLACEMENT_3D('',#20294,#16615,#16616);
#13396=AXIS2_PLACEMENT_3D('',#20296,#16618,#16619);
#13397=AXIS2_PLACEMENT_3D('',#20297,#16620,#16621);
#13398=AXIS2_PLACEMENT_3D('',#20301,#16624,#16625);
#13399=AXIS2_PLACEMENT_3D('',#20303,#16627,#16628);
#13400=AXIS2_PLACEMENT_3D('',#20304,#16629,#16630);
#13401=AXIS2_PLACEMENT_3D('',#20308,#16633,#16634);
#13402=AXIS2_PLACEMENT_3D('',#20310,#16636,#16637);
#13403=AXIS2_PLACEMENT_3D('',#20311,#16638,#16639);
#13404=AXIS2_PLACEMENT_3D('',#20315,#16642,#16643);
#13405=AXIS2_PLACEMENT_3D('',#20317,#16645,#16646);
#13406=AXIS2_PLACEMENT_3D('',#20318,#16647,#16648);
#13407=AXIS2_PLACEMENT_3D('',#20322,#16651,#16652);
#13408=AXIS2_PLACEMENT_3D('',#20324,#16654,#16655);
#13409=AXIS2_PLACEMENT_3D('',#20325,#16656,#16657);
#13410=AXIS2_PLACEMENT_3D('',#20329,#16660,#16661);
#13411=AXIS2_PLACEMENT_3D('',#20331,#16663,#16664);
#13412=AXIS2_PLACEMENT_3D('',#20332,#16665,#16666);
#13413=AXIS2_PLACEMENT_3D('',#20336,#16669,#16670);
#13414=AXIS2_PLACEMENT_3D('',#20338,#16672,#16673);
#13415=AXIS2_PLACEMENT_3D('',#20339,#16674,#16675);
#13416=AXIS2_PLACEMENT_3D('',#20343,#16678,#16679);
#13417=AXIS2_PLACEMENT_3D('',#20345,#16681,#16682);
#13418=AXIS2_PLACEMENT_3D('',#20346,#16683,#16684);
#13419=AXIS2_PLACEMENT_3D('',#20350,#16687,#16688);
#13420=AXIS2_PLACEMENT_3D('',#20352,#16690,#16691);
#13421=AXIS2_PLACEMENT_3D('',#20353,#16692,#16693);
#13422=AXIS2_PLACEMENT_3D('',#20357,#16696,#16697);
#13423=AXIS2_PLACEMENT_3D('',#20359,#16699,#16700);
#13424=AXIS2_PLACEMENT_3D('',#20360,#16701,#16702);
#13425=AXIS2_PLACEMENT_3D('',#20364,#16705,#16706);
#13426=AXIS2_PLACEMENT_3D('',#20366,#16708,#16709);
#13427=AXIS2_PLACEMENT_3D('',#20367,#16710,#16711);
#13428=AXIS2_PLACEMENT_3D('',#20371,#16714,#16715);
#13429=AXIS2_PLACEMENT_3D('',#20373,#16717,#16718);
#13430=AXIS2_PLACEMENT_3D('',#20374,#16719,#16720);
#13431=AXIS2_PLACEMENT_3D('',#20378,#16723,#16724);
#13432=AXIS2_PLACEMENT_3D('',#20380,#16726,#16727);
#13433=AXIS2_PLACEMENT_3D('',#20381,#16728,#16729);
#13434=AXIS2_PLACEMENT_3D('',#20385,#16732,#16733);
#13435=AXIS2_PLACEMENT_3D('',#20387,#16735,#16736);
#13436=AXIS2_PLACEMENT_3D('',#20388,#16737,#16738);
#13437=AXIS2_PLACEMENT_3D('',#20392,#16741,#16742);
#13438=AXIS2_PLACEMENT_3D('',#20394,#16744,#16745);
#13439=AXIS2_PLACEMENT_3D('',#20395,#16746,#16747);
#13440=AXIS2_PLACEMENT_3D('',#20399,#16750,#16751);
#13441=AXIS2_PLACEMENT_3D('',#20401,#16753,#16754);
#13442=AXIS2_PLACEMENT_3D('',#20402,#16755,#16756);
#13443=AXIS2_PLACEMENT_3D('',#20406,#16759,#16760);
#13444=AXIS2_PLACEMENT_3D('',#20408,#16762,#16763);
#13445=AXIS2_PLACEMENT_3D('',#20409,#16764,#16765);
#13446=AXIS2_PLACEMENT_3D('',#20413,#16768,#16769);
#13447=AXIS2_PLACEMENT_3D('',#20415,#16771,#16772);
#13448=AXIS2_PLACEMENT_3D('',#20416,#16773,#16774);
#13449=AXIS2_PLACEMENT_3D('',#20420,#16777,#16778);
#13450=AXIS2_PLACEMENT_3D('',#20422,#16780,#16781);
#13451=AXIS2_PLACEMENT_3D('',#20423,#16782,#16783);
#13452=AXIS2_PLACEMENT_3D('',#20427,#16786,#16787);
#13453=AXIS2_PLACEMENT_3D('',#20429,#16789,#16790);
#13454=AXIS2_PLACEMENT_3D('',#20430,#16791,#16792);
#13455=AXIS2_PLACEMENT_3D('',#20434,#16795,#16796);
#13456=AXIS2_PLACEMENT_3D('',#20436,#16798,#16799);
#13457=AXIS2_PLACEMENT_3D('',#20437,#16800,#16801);
#13458=DIRECTION('',(0.,0.,1.));
#13459=DIRECTION('',(1.,0.,0.));
#13460=DIRECTION('',(-0.866025403784438,0.,-0.5));
#13461=DIRECTION('',(-0.5,0.,0.866025403784438));
#13462=DIRECTION('',(-0.5,0.,0.866025403784438));
#13463=DIRECTION('',(0.,1.,0.));
#13464=DIRECTION('',(-0.5,0.,0.866025403784438));
#13465=DIRECTION('',(0.,1.,0.));
#13466=DIRECTION('',(-1.35508333019061E-16,0.,1.));
#13467=DIRECTION('',(1.,0.,1.35508333019061E-16));
#13468=DIRECTION('',(1.,0.,1.35508333019061E-16));
#13469=DIRECTION('',(1.,0.,1.35508333019061E-16));
#13470=DIRECTION('',(0.,1.,0.));
#13471=DIRECTION('',(0.866025403784439,0.,-0.5));
#13472=DIRECTION('',(-0.5,0.,-0.866025403784439));
#13473=DIRECTION('',(-0.5,0.,-0.866025403784439));
#13474=DIRECTION('',(-0.5,0.,-0.866025403784439));
#13475=DIRECTION('',(0.,1.,0.));
#13476=DIRECTION('',(0.,0.,1.));
#13477=DIRECTION('',(0.,1.,0.));
#13478=DIRECTION('',(0.,0.,1.));
#13479=DIRECTION('',(-0.5,0.,0.866025403784438));
#13480=DIRECTION('',(-0.5,0.,-0.866025403784439));
#13481=DIRECTION('',(1.,0.,1.52251675031222E-16));
#13482=DIRECTION('',(-0.866025403784438,0.,-0.5));
#13483=DIRECTION('',(-0.5,0.,0.866025403784438));
#13484=DIRECTION('',(0.,1.,0.));
#13485=DIRECTION('',(-0.5,0.,0.866025403784438));
#13486=DIRECTION('',(0.,1.,0.));
#13487=DIRECTION('',(-1.52251675031222E-16,0.,1.));
#13488=DIRECTION('',(1.,0.,1.52251675031222E-16));
#13489=DIRECTION('',(0.,1.,0.));
#13490=DIRECTION('',(1.,0.,1.52251675031222E-16));
#13491=DIRECTION('',(0.866025403784439,0.,-0.5));
#13492=DIRECTION('',(-0.5,0.,-0.866025403784439));
#13493=DIRECTION('',(-0.5,0.,-0.866025403784439));
#13494=DIRECTION('',(0.,1.,0.));
#13495=DIRECTION('',(0.,0.,1.));
#13496=DIRECTION('',(0.,0.,1.));
#13497=DIRECTION('',(1.,0.,0.));
#13498=DIRECTION('',(-1.,0.,0.));
#13499=DIRECTION('',(0.,0.,1.));
#13500=DIRECTION('',(-1.,0.,0.));
#13501=DIRECTION('',(1.,0.,0.));
#13502=DIRECTION('',(0.,0.,-1.));
#13503=DIRECTION('',(-1.,0.,0.));
#13504=DIRECTION('',(-1.,0.,0.));
#13505=DIRECTION('',(0.,0.,1.));
#13506=DIRECTION('',(-1.,0.,0.));
#13507=DIRECTION('',(0.,0.,1.));
#13508=DIRECTION('',(-1.,0.,0.));
#13509=DIRECTION('',(1.,0.,0.));
#13510=DIRECTION('',(0.,0.,-1.));
#13511=DIRECTION('',(-1.,0.,0.));
#13512=DIRECTION('',(-1.,0.,0.));
#13513=DIRECTION('',(0.,0.,1.));
#13514=DIRECTION('',(-1.,0.,0.));
#13515=DIRECTION('',(0.,0.,1.));
#13516=DIRECTION('',(-1.,0.,0.));
#13517=DIRECTION('',(1.,0.,0.));
#13518=DIRECTION('',(0.,0.,-1.));
#13519=DIRECTION('',(-1.,0.,0.));
#13520=DIRECTION('',(-1.,0.,0.));
#13521=DIRECTION('',(0.,0.,1.));
#13522=DIRECTION('',(-1.,0.,0.));
#13523=DIRECTION('',(0.,0.,1.));
#13524=DIRECTION('',(-1.,0.,0.));
#13525=DIRECTION('',(1.,0.,0.));
#13526=DIRECTION('',(0.,0.,-1.));
#13527=DIRECTION('',(-1.,0.,0.));
#13528=DIRECTION('',(-1.,0.,0.));
#13529=DIRECTION('',(0.,0.,1.));
#13530=DIRECTION('',(-1.,0.,0.));
#13531=DIRECTION('',(0.,0.,1.));
#13532=DIRECTION('',(-1.,0.,0.));
#13533=DIRECTION('',(1.,0.,0.));
#13534=DIRECTION('',(0.,0.,-1.));
#13535=DIRECTION('',(-1.,0.,0.));
#13536=DIRECTION('',(-1.,0.,0.));
#13537=DIRECTION('',(0.,0.,1.));
#13538=DIRECTION('',(-1.,0.,0.));
#13539=DIRECTION('',(0.,0.,1.));
#13540=DIRECTION('',(-1.,0.,0.));
#13541=DIRECTION('',(1.,0.,0.));
#13542=DIRECTION('',(0.,0.,-1.));
#13543=DIRECTION('',(-1.,0.,0.));
#13544=DIRECTION('',(-1.,0.,0.));
#13545=DIRECTION('',(0.,0.,1.));
#13546=DIRECTION('',(-1.,0.,0.));
#13547=DIRECTION('',(0.,0.,1.));
#13548=DIRECTION('',(-1.,0.,0.));
#13549=DIRECTION('',(1.,0.,0.));
#13550=DIRECTION('',(0.,0.,-1.));
#13551=DIRECTION('',(-1.,0.,0.));
#13552=DIRECTION('',(-1.,0.,0.));
#13553=DIRECTION('',(0.,0.,1.));
#13554=DIRECTION('',(-1.,0.,0.));
#13555=DIRECTION('',(0.,0.,1.));
#13556=DIRECTION('',(-1.,0.,0.));
#13557=DIRECTION('',(1.,0.,0.));
#13558=DIRECTION('',(0.,0.,-1.));
#13559=DIRECTION('',(-1.,0.,0.));
#13560=DIRECTION('',(-1.,0.,0.));
#13561=DIRECTION('',(0.,0.,1.));
#13562=DIRECTION('',(-1.,0.,0.));
#13563=DIRECTION('',(0.,0.,1.));
#13564=DIRECTION('',(-1.,0.,0.));
#13565=DIRECTION('',(1.,0.,0.));
#13566=DIRECTION('',(0.,0.,-1.));
#13567=DIRECTION('',(-1.,0.,0.));
#13568=DIRECTION('',(-1.,0.,0.));
#13569=DIRECTION('',(0.,0.,1.));
#13570=DIRECTION('',(-1.,0.,0.));
#13571=DIRECTION('',(0.,0.,1.));
#13572=DIRECTION('',(1.,0.,0.));
#13573=DIRECTION('',(0.,0.,-1.));
#13574=DIRECTION('',(-1.,0.,0.));
#13575=DIRECTION('',(-1.,0.,0.));
#13576=DIRECTION('',(0.,0.,1.));
#13577=DIRECTION('',(-1.,0.,0.));
#13578=DIRECTION('',(-1.,0.,0.));
#13579=DIRECTION('',(0.,0.,1.));
#13580=DIRECTION('',(1.,0.,0.));
#13581=DIRECTION('',(0.,0.,-1.));
#13582=DIRECTION('',(-1.,0.,0.));
#13583=DIRECTION('',(-1.,0.,0.));
#13584=DIRECTION('',(0.,0.,1.));
#13585=DIRECTION('',(-1.,0.,0.));
#13586=DIRECTION('',(-1.,0.,0.));
#13587=DIRECTION('',(0.,0.,1.));
#13588=DIRECTION('',(1.,0.,0.));
#13589=DIRECTION('',(0.,0.,-1.));
#13590=DIRECTION('',(-1.,0.,0.));
#13591=DIRECTION('',(-1.,0.,0.));
#13592=DIRECTION('',(0.,0.,1.));
#13593=DIRECTION('',(-1.,0.,0.));
#13594=DIRECTION('',(-1.,0.,0.));
#13595=DIRECTION('',(0.,0.,1.));
#13596=DIRECTION('',(1.,0.,0.));
#13597=DIRECTION('',(0.,0.,-1.));
#13598=DIRECTION('',(-1.,0.,0.));
#13599=DIRECTION('',(-1.,0.,0.));
#13600=DIRECTION('',(0.,0.,1.));
#13601=DIRECTION('',(-1.,0.,0.));
#13602=DIRECTION('',(-1.,0.,0.));
#13603=DIRECTION('',(0.,0.,1.));
#13604=DIRECTION('',(1.,0.,0.));
#13605=DIRECTION('',(0.,0.,-1.));
#13606=DIRECTION('',(-1.,0.,0.));
#13607=DIRECTION('',(-1.,0.,0.));
#13608=DIRECTION('',(0.,0.,1.));
#13609=DIRECTION('',(-1.,0.,0.));
#13610=DIRECTION('',(-1.,0.,0.));
#13611=DIRECTION('',(0.,0.,1.));
#13612=DIRECTION('',(1.,0.,0.));
#13613=DIRECTION('',(0.,0.,-1.));
#13614=DIRECTION('',(-1.,0.,0.));
#13615=DIRECTION('',(-1.,0.,0.));
#13616=DIRECTION('',(0.,0.,1.));
#13617=DIRECTION('',(-1.,0.,0.));
#13618=DIRECTION('',(-1.,0.,0.));
#13619=DIRECTION('',(0.,0.,1.));
#13620=DIRECTION('',(1.,0.,0.));
#13621=DIRECTION('',(0.,0.,-1.));
#13622=DIRECTION('',(-1.,0.,0.));
#13623=DIRECTION('',(-1.,0.,0.));
#13624=DIRECTION('',(0.,0.,1.));
#13625=DIRECTION('',(-1.,0.,0.));
#13626=DIRECTION('',(-1.,0.,0.));
#13627=DIRECTION('',(0.,0.,1.));
#13628=DIRECTION('',(1.,0.,0.));
#13629=DIRECTION('',(0.,0.,-1.));
#13630=DIRECTION('',(-1.,0.,0.));
#13631=DIRECTION('',(-1.,0.,0.));
#13632=DIRECTION('',(0.,0.,1.));
#13633=DIRECTION('',(-1.,0.,0.));
#13634=DIRECTION('',(-1.,0.,0.));
#13635=DIRECTION('',(0.,0.,1.));
#13636=DIRECTION('',(1.,0.,0.));
#13637=DIRECTION('',(0.,0.,-1.));
#13638=DIRECTION('',(-1.,0.,0.));
#13639=DIRECTION('',(-1.,0.,0.));
#13640=DIRECTION('',(0.,0.,1.));
#13641=DIRECTION('',(-1.,0.,0.));
#13642=DIRECTION('',(0.,-1.,0.));
#13643=DIRECTION('',(0.,0.,-1.));
#13644=DIRECTION('',(-1.,0.,0.));
#13645=DIRECTION('',(0.,0.,-1.));
#13646=DIRECTION('',(0.,0.,1.));
#13647=DIRECTION('',(0.,-1.,0.));
#13648=DIRECTION('',(0.,0.,-1.));
#13649=DIRECTION('',(-1.,0.,0.));
#13650=DIRECTION('',(0.,0.,-1.));
#13651=DIRECTION('',(0.,0.,1.));
#13652=DIRECTION('',(0.,-1.,0.));
#13653=DIRECTION('',(0.,0.,-1.));
#13654=DIRECTION('',(-1.,0.,0.));
#13655=DIRECTION('',(0.,0.,-1.));
#13656=DIRECTION('',(0.,0.,1.));
#13657=DIRECTION('',(0.,-1.,0.));
#13658=DIRECTION('',(0.,0.,-1.));
#13659=DIRECTION('',(-1.,0.,0.));
#13660=DIRECTION('',(0.,0.,-1.));
#13661=DIRECTION('',(0.,0.,1.));
#13662=DIRECTION('',(0.,-1.,0.));
#13663=DIRECTION('',(0.,0.,-1.));
#13664=DIRECTION('',(-1.,0.,0.));
#13665=DIRECTION('',(0.,0.,-1.));
#13666=DIRECTION('',(0.,0.,1.));
#13667=DIRECTION('',(0.,-1.,0.));
#13668=DIRECTION('',(0.,0.,-1.));
#13669=DIRECTION('',(-1.,0.,0.));
#13670=DIRECTION('',(0.,0.,-1.));
#13671=DIRECTION('',(0.,0.,1.));
#13672=DIRECTION('',(0.,-1.,0.));
#13673=DIRECTION('',(0.,0.,-1.));
#13674=DIRECTION('',(-1.,0.,0.));
#13675=DIRECTION('',(0.,0.,-1.));
#13676=DIRECTION('',(0.,0.,1.));
#13677=DIRECTION('',(0.,-1.,0.));
#13678=DIRECTION('',(0.,0.,-1.));
#13679=DIRECTION('',(-1.,0.,0.));
#13680=DIRECTION('',(0.,0.,-1.));
#13681=DIRECTION('',(0.,0.,1.));
#13682=DIRECTION('',(0.,-1.,0.));
#13683=DIRECTION('',(0.,0.,-1.));
#13684=DIRECTION('',(-1.,0.,0.));
#13685=DIRECTION('',(0.,0.,-1.));
#13686=DIRECTION('',(0.,0.,1.));
#13687=DIRECTION('',(-1.,0.,0.));
#13688=DIRECTION('',(0.,0.,1.));
#13689=DIRECTION('',(-1.,0.,0.));
#13690=DIRECTION('',(0.,0.,1.));
#13691=DIRECTION('',(1.,0.,0.));
#13692=DIRECTION('',(0.,0.,-1.));
#13693=DIRECTION('',(-1.,0.,0.));
#13694=DIRECTION('',(-1.,0.,0.));
#13695=DIRECTION('',(0.,0.,1.));
#13696=DIRECTION('',(-1.,0.,0.));
#13697=DIRECTION('',(0.,0.,1.));
#13698=DIRECTION('',(1.,0.,0.));
#13699=DIRECTION('',(0.,0.,-1.));
#13700=DIRECTION('',(-1.,0.,0.));
#13701=DIRECTION('',(-1.,0.,0.));
#13702=DIRECTION('',(0.,0.,1.));
#13703=DIRECTION('',(-1.,0.,0.));
#13704=DIRECTION('',(0.,0.,1.));
#13705=DIRECTION('',(1.,0.,0.));
#13706=DIRECTION('',(0.,0.,-1.));
#13707=DIRECTION('',(-1.,0.,0.));
#13708=DIRECTION('',(-1.,0.,0.));
#13709=DIRECTION('',(0.,0.,1.));
#13710=DIRECTION('',(-1.,0.,0.));
#13711=DIRECTION('',(0.,0.,1.));
#13712=DIRECTION('',(1.,0.,0.));
#13713=DIRECTION('',(0.,0.,-1.));
#13714=DIRECTION('',(-1.,0.,0.));
#13715=DIRECTION('',(-1.,0.,0.));
#13716=DIRECTION('',(0.,0.,1.));
#13717=DIRECTION('',(-1.,0.,0.));
#13718=DIRECTION('',(0.,0.,1.));
#13719=DIRECTION('',(1.,0.,0.));
#13720=DIRECTION('',(0.,0.,-1.));
#13721=DIRECTION('',(-1.,0.,0.));
#13722=DIRECTION('',(-1.,0.,0.));
#13723=DIRECTION('',(0.,0.,1.));
#13724=DIRECTION('',(-1.,0.,0.));
#13725=DIRECTION('',(0.,0.,1.));
#13726=DIRECTION('',(1.,0.,0.));
#13727=DIRECTION('',(0.,0.,-1.));
#13728=DIRECTION('',(-1.,0.,0.));
#13729=DIRECTION('',(-1.,0.,0.));
#13730=DIRECTION('',(0.,0.,1.));
#13731=DIRECTION('',(-1.,0.,0.));
#13732=DIRECTION('',(0.,0.,1.));
#13733=DIRECTION('',(1.,0.,0.));
#13734=DIRECTION('',(0.,0.,-1.));
#13735=DIRECTION('',(-1.,0.,0.));
#13736=DIRECTION('',(-1.,0.,0.));
#13737=DIRECTION('',(0.,0.,1.));
#13738=DIRECTION('',(-1.,0.,0.));
#13739=DIRECTION('',(0.,0.,1.));
#13740=DIRECTION('',(1.,0.,0.));
#13741=DIRECTION('',(0.,0.,-1.));
#13742=DIRECTION('',(-1.,0.,0.));
#13743=DIRECTION('',(-1.,0.,0.));
#13744=DIRECTION('',(0.,0.,1.));
#13745=DIRECTION('',(-1.,0.,0.));
#13746=DIRECTION('',(0.,0.,1.));
#13747=DIRECTION('',(1.,0.,0.));
#13748=DIRECTION('',(0.,0.,-1.));
#13749=DIRECTION('',(-1.,0.,0.));
#13750=DIRECTION('',(0.,-0.489531207736617,0.871985777780767));
#13751=DIRECTION('',(0.,-0.871985777780767,-0.489531207736617));
#13752=DIRECTION('',(-1.,0.,0.));
#13753=DIRECTION('',(0.,-0.871985777780767,-0.489531207736617));
#13754=DIRECTION('',(0.,0.871985777780767,0.489531207736617));
#13755=DIRECTION('',(0.,-0.489531207736617,0.871985777780767));
#13756=DIRECTION('',(0.,-0.871985777780767,-0.489531207736617));
#13757=DIRECTION('',(-1.,0.,0.));
#13758=DIRECTION('',(0.,-0.871985777780767,-0.489531207736617));
#13759=DIRECTION('',(0.,0.871985777780767,0.489531207736617));
#13760=DIRECTION('',(0.,-0.489531207736617,0.871985777780767));
#13761=DIRECTION('',(0.,-0.871985777780767,-0.489531207736617));
#13762=DIRECTION('',(-1.,0.,0.));
#13763=DIRECTION('',(0.,-0.871985777780767,-0.489531207736617));
#13764=DIRECTION('',(0.,0.871985777780767,0.489531207736617));
#13765=DIRECTION('',(0.,-0.489531207736617,0.871985777780767));
#13766=DIRECTION('',(0.,-0.871985777780767,-0.489531207736617));
#13767=DIRECTION('',(-1.,0.,0.));
#13768=DIRECTION('',(0.,-0.871985777780767,-0.489531207736617));
#13769=DIRECTION('',(0.,0.871985777780767,0.489531207736617));
#13770=DIRECTION('',(0.,-0.489531207736617,0.871985777780767));
#13771=DIRECTION('',(0.,-0.871985777780767,-0.489531207736617));
#13772=DIRECTION('',(-1.,0.,0.));
#13773=DIRECTION('',(0.,-0.871985777780767,-0.489531207736617));
#13774=DIRECTION('',(0.,0.871985777780767,0.489531207736617));
#13775=DIRECTION('',(0.,-0.489531207736617,0.871985777780767));
#13776=DIRECTION('',(0.,-0.871985777780767,-0.489531207736617));
#13777=DIRECTION('',(-1.,0.,0.));
#13778=DIRECTION('',(0.,-0.871985777780767,-0.489531207736617));
#13779=DIRECTION('',(0.,0.871985777780767,0.489531207736617));
#13780=DIRECTION('',(0.,-0.489531207736617,0.871985777780767));
#13781=DIRECTION('',(0.,-0.871985777780767,-0.489531207736617));
#13782=DIRECTION('',(-1.,0.,0.));
#13783=DIRECTION('',(0.,-0.871985777780767,-0.489531207736617));
#13784=DIRECTION('',(0.,0.871985777780767,0.489531207736617));
#13785=DIRECTION('',(0.,-0.489531207736617,0.871985777780767));
#13786=DIRECTION('',(0.,-0.871985777780767,-0.489531207736617));
#13787=DIRECTION('',(-1.,0.,0.));
#13788=DIRECTION('',(0.,-0.871985777780767,-0.489531207736617));
#13789=DIRECTION('',(0.,0.871985777780767,0.489531207736617));
#13790=DIRECTION('',(0.,-0.489531207736617,0.871985777780767));
#13791=DIRECTION('',(0.,-0.871985777780767,-0.489531207736617));
#13792=DIRECTION('',(-1.,0.,0.));
#13793=DIRECTION('',(0.,-0.871985777780767,-0.489531207736617));
#13794=DIRECTION('',(0.,0.871985777780767,0.489531207736617));
#13795=DIRECTION('',(-1.,0.,0.));
#13796=DIRECTION('',(0.,0.,1.));
#13797=DIRECTION('',(-1.,0.,0.));
#13798=DIRECTION('',(0.,0.,1.));
#13799=DIRECTION('',(-1.,0.,0.));
#13800=DIRECTION('',(1.,0.,0.));
#13801=DIRECTION('',(0.,0.,-1.));
#13802=DIRECTION('',(-1.,0.,0.));
#13803=DIRECTION('',(-1.,0.,0.));
#13804=DIRECTION('',(0.,0.,1.));
#13805=DIRECTION('',(-1.,0.,0.));
#13806=DIRECTION('',(0.,0.,1.));
#13807=DIRECTION('',(1.,0.,0.));
#13808=DIRECTION('',(0.,0.,-1.));
#13809=DIRECTION('',(-1.,0.,0.));
#13810=DIRECTION('',(-1.,0.,0.));
#13811=DIRECTION('',(0.,0.,1.));
#13812=DIRECTION('',(-1.,0.,0.));
#13813=DIRECTION('',(0.,0.,1.));
#13814=DIRECTION('',(1.,0.,0.));
#13815=DIRECTION('',(0.,0.,-1.));
#13816=DIRECTION('',(-1.,0.,0.));
#13817=DIRECTION('',(-1.,0.,0.));
#13818=DIRECTION('',(0.,0.,1.));
#13819=DIRECTION('',(-1.,0.,0.));
#13820=DIRECTION('',(0.,0.,1.));
#13821=DIRECTION('',(1.,0.,0.));
#13822=DIRECTION('',(0.,0.,-1.));
#13823=DIRECTION('',(-1.,0.,0.));
#13824=DIRECTION('',(-1.,0.,0.));
#13825=DIRECTION('',(0.,0.,1.));
#13826=DIRECTION('',(-1.,0.,0.));
#13827=DIRECTION('',(0.,0.,1.));
#13828=DIRECTION('',(1.,0.,0.));
#13829=DIRECTION('',(0.,0.,-1.));
#13830=DIRECTION('',(-1.,0.,0.));
#13831=DIRECTION('',(-1.,0.,0.));
#13832=DIRECTION('',(0.,0.,1.));
#13833=DIRECTION('',(-1.,0.,0.));
#13834=DIRECTION('',(0.,0.,1.));
#13835=DIRECTION('',(1.,0.,0.));
#13836=DIRECTION('',(0.,0.,-1.));
#13837=DIRECTION('',(-1.,0.,0.));
#13838=DIRECTION('',(-1.,0.,0.));
#13839=DIRECTION('',(0.,0.,1.));
#13840=DIRECTION('',(-1.,0.,0.));
#13841=DIRECTION('',(0.,0.,1.));
#13842=DIRECTION('',(1.,0.,0.));
#13843=DIRECTION('',(0.,0.,-1.));
#13844=DIRECTION('',(-1.,0.,0.));
#13845=DIRECTION('',(-1.,0.,0.));
#13846=DIRECTION('',(0.,0.,1.));
#13847=DIRECTION('',(-1.,0.,0.));
#13848=DIRECTION('',(0.,0.,1.));
#13849=DIRECTION('',(1.,0.,0.));
#13850=DIRECTION('',(0.,0.,-1.));
#13851=DIRECTION('',(-1.,0.,0.));
#13852=DIRECTION('',(-1.,0.,0.));
#13853=DIRECTION('',(0.,0.,1.));
#13854=DIRECTION('',(-1.,0.,0.));
#13855=DIRECTION('',(0.,0.,1.));
#13856=DIRECTION('',(1.,0.,0.));
#13857=DIRECTION('',(0.,0.,-1.));
#13858=DIRECTION('',(-1.,0.,0.));
#13859=DIRECTION('',(0.,-0.321938459141831,-0.946760597260672));
#13860=DIRECTION('',(0.,0.946760597260672,-0.321938459141831));
#13861=DIRECTION('',(-1.,0.,0.));
#13862=DIRECTION('',(0.,0.946760597260672,-0.321938459141831));
#13863=DIRECTION('',(0.,-0.946760597260672,0.321938459141831));
#13864=DIRECTION('',(0.,-0.321938459141831,-0.946760597260672));
#13865=DIRECTION('',(0.,0.946760597260672,-0.321938459141831));
#13866=DIRECTION('',(-1.,0.,0.));
#13867=DIRECTION('',(0.,0.946760597260672,-0.321938459141831));
#13868=DIRECTION('',(0.,-0.946760597260672,0.321938459141831));
#13869=DIRECTION('',(0.,-0.321938459141831,-0.946760597260672));
#13870=DIRECTION('',(0.,0.946760597260672,-0.321938459141831));
#13871=DIRECTION('',(-1.,0.,0.));
#13872=DIRECTION('',(0.,0.946760597260672,-0.321938459141831));
#13873=DIRECTION('',(0.,-0.946760597260672,0.321938459141831));
#13874=DIRECTION('',(0.,-0.321938459141831,-0.946760597260672));
#13875=DIRECTION('',(0.,0.946760597260672,-0.321938459141831));
#13876=DIRECTION('',(-1.,0.,0.));
#13877=DIRECTION('',(0.,0.946760597260672,-0.321938459141831));
#13878=DIRECTION('',(0.,-0.946760597260672,0.321938459141831));
#13879=DIRECTION('',(0.,-0.321938459141831,-0.946760597260672));
#13880=DIRECTION('',(0.,0.946760597260672,-0.321938459141831));
#13881=DIRECTION('',(-1.,0.,0.));
#13882=DIRECTION('',(0.,0.946760597260672,-0.321938459141831));
#13883=DIRECTION('',(0.,-0.946760597260672,0.321938459141831));
#13884=DIRECTION('',(0.,-0.321938459141831,-0.946760597260672));
#13885=DIRECTION('',(0.,0.946760597260672,-0.321938459141831));
#13886=DIRECTION('',(-1.,0.,0.));
#13887=DIRECTION('',(0.,0.946760597260672,-0.321938459141831));
#13888=DIRECTION('',(0.,-0.946760597260672,0.321938459141831));
#13889=DIRECTION('',(0.,-0.321938459141831,-0.946760597260672));
#13890=DIRECTION('',(0.,0.946760597260672,-0.321938459141831));
#13891=DIRECTION('',(-1.,0.,0.));
#13892=DIRECTION('',(0.,0.946760597260672,-0.321938459141831));
#13893=DIRECTION('',(0.,-0.946760597260672,0.321938459141831));
#13894=DIRECTION('',(0.,-0.321938459141831,-0.946760597260672));
#13895=DIRECTION('',(0.,0.946760597260672,-0.321938459141831));
#13896=DIRECTION('',(-1.,0.,0.));
#13897=DIRECTION('',(0.,0.946760597260672,-0.321938459141831));
#13898=DIRECTION('',(0.,-0.946760597260672,0.321938459141831));
#13899=DIRECTION('',(0.,-0.321938459141831,-0.946760597260672));
#13900=DIRECTION('',(0.,0.946760597260672,-0.321938459141831));
#13901=DIRECTION('',(-1.,0.,0.));
#13902=DIRECTION('',(0.,0.946760597260672,-0.321938459141831));
#13903=DIRECTION('',(-1.,0.,0.));
#13904=DIRECTION('',(0.,-0.946760597260672,0.321938459141831));
#13905=DIRECTION('',(0.,0.946760597260672,-0.321938459141831));
#13906=DIRECTION('',(0.,0.321938459141831,0.946760597260672));
#13907=DIRECTION('',(-1.,0.,0.));
#13908=DIRECTION('',(0.,0.321938459141831,0.946760597260672));
#13909=DIRECTION('',(0.,-0.321938459141831,-0.946760597260672));
#13910=DIRECTION('',(0.,0.946760597260672,-0.321938459141831));
#13911=DIRECTION('',(0.,0.321938459141831,0.946760597260672));
#13912=DIRECTION('',(-1.,0.,0.));
#13913=DIRECTION('',(0.,0.321938459141831,0.946760597260672));
#13914=DIRECTION('',(0.,-0.321938459141831,-0.946760597260672));
#13915=DIRECTION('',(0.,0.946760597260672,-0.321938459141831));
#13916=DIRECTION('',(0.,0.321938459141831,0.946760597260672));
#13917=DIRECTION('',(-1.,0.,0.));
#13918=DIRECTION('',(0.,0.321938459141831,0.946760597260672));
#13919=DIRECTION('',(0.,-0.321938459141831,-0.946760597260672));
#13920=DIRECTION('',(0.,0.946760597260672,-0.321938459141831));
#13921=DIRECTION('',(0.,0.321938459141831,0.946760597260672));
#13922=DIRECTION('',(-1.,0.,0.));
#13923=DIRECTION('',(0.,0.321938459141831,0.946760597260672));
#13924=DIRECTION('',(0.,-0.321938459141831,-0.946760597260672));
#13925=DIRECTION('',(0.,0.946760597260672,-0.321938459141831));
#13926=DIRECTION('',(0.,0.321938459141831,0.946760597260672));
#13927=DIRECTION('',(-1.,0.,0.));
#13928=DIRECTION('',(0.,0.321938459141831,0.946760597260672));
#13929=DIRECTION('',(0.,-0.321938459141831,-0.946760597260672));
#13930=DIRECTION('',(0.,0.946760597260672,-0.321938459141831));
#13931=DIRECTION('',(0.,0.321938459141831,0.946760597260672));
#13932=DIRECTION('',(-1.,0.,0.));
#13933=DIRECTION('',(0.,0.321938459141831,0.946760597260672));
#13934=DIRECTION('',(0.,-0.321938459141831,-0.946760597260672));
#13935=DIRECTION('',(0.,0.946760597260672,-0.321938459141831));
#13936=DIRECTION('',(0.,0.321938459141831,0.946760597260672));
#13937=DIRECTION('',(-1.,0.,0.));
#13938=DIRECTION('',(0.,0.321938459141831,0.946760597260672));
#13939=DIRECTION('',(0.,-0.321938459141831,-0.946760597260672));
#13940=DIRECTION('',(0.,0.946760597260672,-0.321938459141831));
#13941=DIRECTION('',(0.,0.321938459141831,0.946760597260672));
#13942=DIRECTION('',(-1.,0.,0.));
#13943=DIRECTION('',(0.,0.321938459141831,0.946760597260672));
#13944=DIRECTION('',(0.,-0.321938459141831,-0.946760597260672));
#13945=DIRECTION('',(0.,0.946760597260672,-0.321938459141831));
#13946=DIRECTION('',(0.,0.321938459141831,0.946760597260672));
#13947=DIRECTION('',(-1.,0.,0.));
#13948=DIRECTION('',(0.,0.321938459141831,0.946760597260672));
#13949=DIRECTION('',(0.,-0.321938459141831,-0.946760597260672));
#13950=DIRECTION('',(0.,0.321938459141831,0.946760597260672));
#13951=DIRECTION('',(0.,-0.946760597260672,0.321938459141831));
#13952=DIRECTION('',(-1.,0.,0.));
#13953=DIRECTION('',(0.,-0.946760597260672,0.321938459141831));
#13954=DIRECTION('',(0.,0.946760597260672,-0.321938459141831));
#13955=DIRECTION('',(0.,0.321938459141831,0.946760597260672));
#13956=DIRECTION('',(0.,-0.946760597260672,0.321938459141831));
#13957=DIRECTION('',(-1.,0.,0.));
#13958=DIRECTION('',(0.,-0.946760597260672,0.321938459141831));
#13959=DIRECTION('',(0.,0.946760597260672,-0.321938459141831));
#13960=DIRECTION('',(0.,0.321938459141831,0.946760597260672));
#13961=DIRECTION('',(0.,-0.946760597260672,0.321938459141831));
#13962=DIRECTION('',(-1.,0.,0.));
#13963=DIRECTION('',(0.,-0.946760597260672,0.321938459141831));
#13964=DIRECTION('',(0.,0.946760597260672,-0.321938459141831));
#13965=DIRECTION('',(0.,0.321938459141831,0.946760597260672));
#13966=DIRECTION('',(0.,-0.946760597260672,0.321938459141831));
#13967=DIRECTION('',(-1.,0.,0.));
#13968=DIRECTION('',(0.,-0.946760597260672,0.321938459141831));
#13969=DIRECTION('',(0.,0.946760597260672,-0.321938459141831));
#13970=DIRECTION('',(0.,0.321938459141831,0.946760597260672));
#13971=DIRECTION('',(0.,-0.946760597260672,0.321938459141831));
#13972=DIRECTION('',(-1.,0.,0.));
#13973=DIRECTION('',(0.,-0.946760597260672,0.321938459141831));
#13974=DIRECTION('',(0.,0.946760597260672,-0.321938459141831));
#13975=DIRECTION('',(0.,0.321938459141831,0.946760597260672));
#13976=DIRECTION('',(0.,-0.946760597260672,0.321938459141831));
#13977=DIRECTION('',(-1.,0.,0.));
#13978=DIRECTION('',(0.,-0.946760597260672,0.321938459141831));
#13979=DIRECTION('',(0.,0.946760597260672,-0.321938459141831));
#13980=DIRECTION('',(0.,0.321938459141831,0.946760597260672));
#13981=DIRECTION('',(0.,-0.946760597260672,0.321938459141831));
#13982=DIRECTION('',(-1.,0.,0.));
#13983=DIRECTION('',(0.,-0.946760597260672,0.321938459141831));
#13984=DIRECTION('',(0.,0.946760597260672,-0.321938459141831));
#13985=DIRECTION('',(0.,0.321938459141831,0.946760597260672));
#13986=DIRECTION('',(0.,-0.946760597260672,0.321938459141831));
#13987=DIRECTION('',(-1.,0.,0.));
#13988=DIRECTION('',(0.,-0.946760597260672,0.321938459141831));
#13989=DIRECTION('',(0.,0.946760597260672,-0.321938459141831));
#13990=DIRECTION('',(0.,0.321938459141831,0.946760597260672));
#13991=DIRECTION('',(0.,-0.946760597260672,0.321938459141831));
#13992=DIRECTION('',(-1.,0.,0.));
#13993=DIRECTION('',(0.,-0.946760597260672,0.321938459141831));
#13994=DIRECTION('',(0.,0.946760597260672,-0.321938459141831));
#13995=DIRECTION('',(-1.,0.,0.));
#13996=DIRECTION('',(0.,0.,1.));
#13997=DIRECTION('',(-1.,0.,0.));
#13998=DIRECTION('',(0.,0.,1.));
#13999=DIRECTION('',(1.,0.,0.));
#14000=DIRECTION('',(0.,0.,-1.));
#14001=DIRECTION('',(-1.,0.,0.));
#14002=DIRECTION('',(-1.,0.,0.));
#14003=DIRECTION('',(0.,0.,1.));
#14004=DIRECTION('',(-1.,0.,0.));
#14005=DIRECTION('',(0.,0.,1.));
#14006=DIRECTION('',(1.,0.,0.));
#14007=DIRECTION('',(0.,0.,-1.));
#14008=DIRECTION('',(-1.,0.,0.));
#14009=DIRECTION('',(-1.,0.,0.));
#14010=DIRECTION('',(0.,0.,1.));
#14011=DIRECTION('',(-1.,0.,0.));
#14012=DIRECTION('',(0.,0.,1.));
#14013=DIRECTION('',(1.,0.,0.));
#14014=DIRECTION('',(0.,0.,-1.));
#14015=DIRECTION('',(-1.,0.,0.));
#14016=DIRECTION('',(-1.,0.,0.));
#14017=DIRECTION('',(0.,0.,1.));
#14018=DIRECTION('',(-1.,0.,0.));
#14019=DIRECTION('',(0.,0.,1.));
#14020=DIRECTION('',(1.,0.,0.));
#14021=DIRECTION('',(0.,0.,-1.));
#14022=DIRECTION('',(-1.,0.,0.));
#14023=DIRECTION('',(-1.,0.,0.));
#14024=DIRECTION('',(0.,0.,1.));
#14025=DIRECTION('',(-1.,0.,0.));
#14026=DIRECTION('',(0.,0.,1.));
#14027=DIRECTION('',(1.,0.,0.));
#14028=DIRECTION('',(0.,0.,-1.));
#14029=DIRECTION('',(-1.,0.,0.));
#14030=DIRECTION('',(-1.,0.,0.));
#14031=DIRECTION('',(0.,0.,1.));
#14032=DIRECTION('',(-1.,0.,0.));
#14033=DIRECTION('',(0.,0.,1.));
#14034=DIRECTION('',(1.,0.,0.));
#14035=DIRECTION('',(0.,0.,-1.));
#14036=DIRECTION('',(-1.,0.,0.));
#14037=DIRECTION('',(-1.,0.,0.));
#14038=DIRECTION('',(0.,0.,1.));
#14039=DIRECTION('',(-1.,0.,0.));
#14040=DIRECTION('',(0.,0.,1.));
#14041=DIRECTION('',(1.,0.,0.));
#14042=DIRECTION('',(0.,0.,-1.));
#14043=DIRECTION('',(-1.,0.,0.));
#14044=DIRECTION('',(-1.,0.,0.));
#14045=DIRECTION('',(0.,0.,1.));
#14046=DIRECTION('',(-1.,0.,0.));
#14047=DIRECTION('',(0.,0.,1.));
#14048=DIRECTION('',(1.,0.,0.));
#14049=DIRECTION('',(0.,0.,-1.));
#14050=DIRECTION('',(-1.,0.,0.));
#14051=DIRECTION('',(-1.,0.,0.));
#14052=DIRECTION('',(0.,0.,1.));
#14053=DIRECTION('',(-1.,0.,0.));
#14054=DIRECTION('',(0.,0.,1.));
#14055=DIRECTION('',(1.,0.,0.));
#14056=DIRECTION('',(0.,0.,-1.));
#14057=DIRECTION('',(-1.,0.,0.));
#14058=DIRECTION('',(0.,0.489531207736617,-0.871985777780767));
#14059=DIRECTION('',(0.,0.871985777780767,0.489531207736617));
#14060=DIRECTION('',(-1.,0.,0.));
#14061=DIRECTION('',(0.,0.871985777780767,0.489531207736617));
#14062=DIRECTION('',(0.,-0.871985777780767,-0.489531207736617));
#14063=DIRECTION('',(0.,0.489531207736617,-0.871985777780767));
#14064=DIRECTION('',(0.,0.871985777780767,0.489531207736617));
#14065=DIRECTION('',(-1.,0.,0.));
#14066=DIRECTION('',(0.,0.871985777780767,0.489531207736617));
#14067=DIRECTION('',(0.,-0.871985777780767,-0.489531207736617));
#14068=DIRECTION('',(0.,0.489531207736617,-0.871985777780767));
#14069=DIRECTION('',(0.,0.871985777780767,0.489531207736617));
#14070=DIRECTION('',(-1.,0.,0.));
#14071=DIRECTION('',(0.,0.871985777780767,0.489531207736617));
#14072=DIRECTION('',(0.,-0.871985777780767,-0.489531207736617));
#14073=DIRECTION('',(0.,0.489531207736617,-0.871985777780767));
#14074=DIRECTION('',(0.,0.871985777780767,0.489531207736617));
#14075=DIRECTION('',(-1.,0.,0.));
#14076=DIRECTION('',(0.,0.871985777780767,0.489531207736617));
#14077=DIRECTION('',(0.,-0.871985777780767,-0.489531207736617));
#14078=DIRECTION('',(0.,0.489531207736617,-0.871985777780767));
#14079=DIRECTION('',(0.,0.871985777780767,0.489531207736617));
#14080=DIRECTION('',(-1.,0.,0.));
#14081=DIRECTION('',(0.,0.871985777780767,0.489531207736617));
#14082=DIRECTION('',(0.,-0.871985777780767,-0.489531207736617));
#14083=DIRECTION('',(0.,0.489531207736617,-0.871985777780767));
#14084=DIRECTION('',(0.,0.871985777780767,0.489531207736617));
#14085=DIRECTION('',(-1.,0.,0.));
#14086=DIRECTION('',(0.,0.871985777780767,0.489531207736617));
#14087=DIRECTION('',(0.,-0.871985777780767,-0.489531207736617));
#14088=DIRECTION('',(0.,0.489531207736617,-0.871985777780767));
#14089=DIRECTION('',(0.,0.871985777780767,0.489531207736617));
#14090=DIRECTION('',(-1.,0.,0.));
#14091=DIRECTION('',(0.,0.871985777780767,0.489531207736617));
#14092=DIRECTION('',(0.,-0.871985777780767,-0.489531207736617));
#14093=DIRECTION('',(0.,0.489531207736617,-0.871985777780767));
#14094=DIRECTION('',(0.,0.871985777780767,0.489531207736617));
#14095=DIRECTION('',(-1.,0.,0.));
#14096=DIRECTION('',(0.,0.871985777780767,0.489531207736617));
#14097=DIRECTION('',(0.,-0.871985777780767,-0.489531207736617));
#14098=DIRECTION('',(0.,0.489531207736617,-0.871985777780767));
#14099=DIRECTION('',(0.,0.871985777780767,0.489531207736617));
#14100=DIRECTION('',(-1.,0.,0.));
#14101=DIRECTION('',(0.,0.871985777780767,0.489531207736617));
#14102=DIRECTION('',(0.,-0.871985777780767,-0.489531207736617));
#14103=DIRECTION('',(-1.,0.,0.));
#14104=DIRECTION('',(0.,0.,1.));
#14105=DIRECTION('',(-1.,0.,0.));
#14106=DIRECTION('',(-1.,0.,0.));
#14107=DIRECTION('',(0.,0.,1.));
#14108=DIRECTION('',(1.,0.,0.));
#14109=DIRECTION('',(0.,0.,-1.));
#14110=DIRECTION('',(-1.,0.,0.));
#14111=DIRECTION('',(0.,0.,1.));
#14112=DIRECTION('',(-1.,0.,0.));
#14113=DIRECTION('',(-1.,0.,0.));
#14114=DIRECTION('',(0.,0.,1.));
#14115=DIRECTION('',(1.,0.,0.));
#14116=DIRECTION('',(0.,0.,-1.));
#14117=DIRECTION('',(-1.,0.,0.));
#14118=DIRECTION('',(0.,0.,1.));
#14119=DIRECTION('',(-1.,0.,0.));
#14120=DIRECTION('',(-1.,0.,0.));
#14121=DIRECTION('',(0.,0.,1.));
#14122=DIRECTION('',(1.,0.,0.));
#14123=DIRECTION('',(0.,0.,-1.));
#14124=DIRECTION('',(-1.,0.,0.));
#14125=DIRECTION('',(0.,0.,1.));
#14126=DIRECTION('',(-1.,0.,0.));
#14127=DIRECTION('',(-1.,0.,0.));
#14128=DIRECTION('',(0.,0.,1.));
#14129=DIRECTION('',(1.,0.,0.));
#14130=DIRECTION('',(0.,0.,-1.));
#14131=DIRECTION('',(-1.,0.,0.));
#14132=DIRECTION('',(0.,0.,1.));
#14133=DIRECTION('',(-1.,0.,0.));
#14134=DIRECTION('',(-1.,0.,0.));
#14135=DIRECTION('',(0.,0.,1.));
#14136=DIRECTION('',(1.,0.,0.));
#14137=DIRECTION('',(0.,0.,-1.));
#14138=DIRECTION('',(-1.,0.,0.));
#14139=DIRECTION('',(0.,0.,1.));
#14140=DIRECTION('',(-1.,0.,0.));
#14141=DIRECTION('',(-1.,0.,0.));
#14142=DIRECTION('',(0.,0.,1.));
#14143=DIRECTION('',(1.,0.,0.));
#14144=DIRECTION('',(0.,0.,-1.));
#14145=DIRECTION('',(-1.,0.,0.));
#14146=DIRECTION('',(0.,0.,1.));
#14147=DIRECTION('',(-1.,0.,0.));
#14148=DIRECTION('',(-1.,0.,0.));
#14149=DIRECTION('',(0.,0.,1.));
#14150=DIRECTION('',(1.,0.,0.));
#14151=DIRECTION('',(0.,0.,-1.));
#14152=DIRECTION('',(-1.,0.,0.));
#14153=DIRECTION('',(0.,0.,1.));
#14154=DIRECTION('',(-1.,0.,0.));
#14155=DIRECTION('',(-1.,0.,0.));
#14156=DIRECTION('',(0.,0.,1.));
#14157=DIRECTION('',(1.,0.,0.));
#14158=DIRECTION('',(0.,0.,-1.));
#14159=DIRECTION('',(-1.,0.,0.));
#14160=DIRECTION('',(0.,0.,1.));
#14161=DIRECTION('',(-1.,0.,0.));
#14162=DIRECTION('',(-1.,0.,0.));
#14163=DIRECTION('',(0.,0.,1.));
#14164=DIRECTION('',(1.,0.,0.));
#14165=DIRECTION('',(0.,0.,-1.));
#14166=DIRECTION('',(0.,1.,0.));
#14167=DIRECTION('',(0.,0.,1.));
#14168=DIRECTION('',(0.,0.,1.));
#14169=DIRECTION('',(0.,0.,-1.));
#14170=DIRECTION('',(0.,1.,0.));
#14171=DIRECTION('',(0.,0.,1.));
#14172=DIRECTION('',(0.,0.,1.));
#14173=DIRECTION('',(0.,0.,-1.));
#14174=DIRECTION('',(0.,1.,0.));
#14175=DIRECTION('',(0.,0.,1.));
#14176=DIRECTION('',(0.,0.,1.));
#14177=DIRECTION('',(0.,0.,-1.));
#14178=DIRECTION('',(0.,1.,0.));
#14179=DIRECTION('',(0.,0.,1.));
#14180=DIRECTION('',(0.,0.,1.));
#14181=DIRECTION('',(0.,0.,-1.));
#14182=DIRECTION('',(0.,1.,0.));
#14183=DIRECTION('',(0.,0.,1.));
#14184=DIRECTION('',(0.,0.,1.));
#14185=DIRECTION('',(0.,0.,-1.));
#14186=DIRECTION('',(0.,1.,0.));
#14187=DIRECTION('',(0.,0.,1.));
#14188=DIRECTION('',(0.,0.,1.));
#14189=DIRECTION('',(0.,0.,-1.));
#14190=DIRECTION('',(0.,1.,0.));
#14191=DIRECTION('',(0.,0.,1.));
#14192=DIRECTION('',(0.,0.,1.));
#14193=DIRECTION('',(0.,0.,-1.));
#14194=DIRECTION('',(0.,1.,0.));
#14195=DIRECTION('',(0.,0.,1.));
#14196=DIRECTION('',(0.,0.,1.));
#14197=DIRECTION('',(0.,0.,-1.));
#14198=DIRECTION('',(0.,1.,0.));
#14199=DIRECTION('',(0.,0.,1.));
#14200=DIRECTION('',(0.,0.,1.));
#14201=DIRECTION('',(0.,0.,-1.));
#14202=DIRECTION('',(-1.,0.,0.));
#14203=DIRECTION('',(0.,0.,1.));
#14204=DIRECTION('',(-1.,0.,0.));
#14205=DIRECTION('',(0.,0.,1.));
#14206=DIRECTION('',(0.,0.,-1.));
#14207=DIRECTION('',(-1.,0.,0.));
#14208=DIRECTION('',(0.,0.,1.));
#14209=DIRECTION('',(0.,-0.855849635313271,0.517224711062939));
#14210=DIRECTION('',(-1.,0.,0.));
#14211=DIRECTION('',(0.,0.,1.));
#14212=DIRECTION('',(0.,0.,1.));
#14213=DIRECTION('',(0.,1.,0.));
#14214=DIRECTION('',(0.,-2.43914999434309E-16,-1.));
#14215=DIRECTION('',(-1.,0.,0.));
#14216=DIRECTION('',(0.,0.,1.));
#14217=DIRECTION('',(0.,0.85584963531327,-0.51722471106294));
#14218=DIRECTION('',(1.,0.,0.));
#14219=DIRECTION('',(0.,0.,-1.));
#14220=DIRECTION('',(1.,0.,0.));
#14221=DIRECTION('',(0.,0.,-1.));
#14222=DIRECTION('',(0.,0.,1.));
#14223=DIRECTION('',(1.,0.,0.));
#14224=DIRECTION('',(0.,0.,-1.));
#14225=DIRECTION('',(0.,-0.85584963531327,0.51722471106294));
#14226=DIRECTION('',(1.,0.,0.));
#14227=DIRECTION('',(0.,0.,-1.));
#14228=DIRECTION('',(0.,2.43914999434309E-16,1.));
#14229=DIRECTION('',(0.,1.,0.));
#14230=DIRECTION('',(0.,0.,-1.));
#14231=DIRECTION('',(1.,0.,0.));
#14232=DIRECTION('',(0.,0.,-1.));
#14233=DIRECTION('',(0.,0.855849635313271,-0.517224711062939));
#14234=DIRECTION('',(1.,0.,0.));
#14235=DIRECTION('',(0.,0.,-1.));
#14236=DIRECTION('',(1.,0.,0.));
#14237=DIRECTION('',(0.,0.,-1.));
#14238=DIRECTION('',(0.,0.,1.));
#14239=DIRECTION('',(1.,0.,0.));
#14240=DIRECTION('',(0.,0.,-1.));
#14241=DIRECTION('',(0.,-0.85584963531327,0.51722471106294));
#14242=DIRECTION('',(1.,0.,0.));
#14243=DIRECTION('',(0.,0.,-1.));
#14244=DIRECTION('',(0.,2.43914999434309E-16,1.));
#14245=DIRECTION('',(0.,1.,0.));
#14246=DIRECTION('',(0.,0.,-1.));
#14247=DIRECTION('',(1.,0.,0.));
#14248=DIRECTION('',(0.,0.,-1.));
#14249=DIRECTION('',(0.,0.855849635313271,-0.517224711062939));
#14250=DIRECTION('',(-1.,0.,0.));
#14251=DIRECTION('',(0.,0.,1.));
#14252=DIRECTION('',(-1.,0.,0.));
#14253=DIRECTION('',(0.,0.,1.));
#14254=DIRECTION('',(0.,0.,-1.));
#14255=DIRECTION('',(-1.,0.,0.));
#14256=DIRECTION('',(0.,0.,1.));
#14257=DIRECTION('',(0.,-0.855849635313271,0.517224711062939));
#14258=DIRECTION('',(-1.,0.,0.));
#14259=DIRECTION('',(0.,0.,1.));
#14260=DIRECTION('',(0.,0.,1.));
#14261=DIRECTION('',(0.,1.,0.));
#14262=DIRECTION('',(0.,-2.43914999434309E-16,-1.));
#14263=DIRECTION('',(-1.,0.,0.));
#14264=DIRECTION('',(0.,0.,1.));
#14265=DIRECTION('',(0.,0.85584963531327,-0.51722471106294));
#14266=DIRECTION('',(1.,0.,0.));
#14267=DIRECTION('',(0.,0.,-1.));
#14268=DIRECTION('',(1.,0.,0.));
#14269=DIRECTION('',(0.,0.,-1.));
#14270=DIRECTION('',(0.,0.,1.));
#14271=DIRECTION('',(1.,0.,0.));
#14272=DIRECTION('',(0.,0.,-1.));
#14273=DIRECTION('',(0.,-0.85584963531327,0.51722471106294));
#14274=DIRECTION('',(1.,0.,0.));
#14275=DIRECTION('',(0.,0.,-1.));
#14276=DIRECTION('',(0.,2.43914999434309E-16,1.));
#14277=DIRECTION('',(0.,1.,0.));
#14278=DIRECTION('',(0.,0.,-1.));
#14279=DIRECTION('',(1.,0.,0.));
#14280=DIRECTION('',(0.,0.,-1.));
#14281=DIRECTION('',(0.,0.855849635313271,-0.517224711062939));
#14282=DIRECTION('',(-1.,0.,0.));
#14283=DIRECTION('',(0.,0.,1.));
#14284=DIRECTION('',(-1.,0.,0.));
#14285=DIRECTION('',(0.,0.,1.));
#14286=DIRECTION('',(0.,0.,-1.));
#14287=DIRECTION('',(-1.,0.,0.));
#14288=DIRECTION('',(0.,0.,1.));
#14289=DIRECTION('',(0.,-0.855849635313271,0.517224711062939));
#14290=DIRECTION('',(-1.,0.,0.));
#14291=DIRECTION('',(0.,0.,1.));
#14292=DIRECTION('',(0.,0.,1.));
#14293=DIRECTION('',(0.,1.,0.));
#14294=DIRECTION('',(0.,-2.43914999434309E-16,-1.));
#14295=DIRECTION('',(-1.,0.,0.));
#14296=DIRECTION('',(0.,0.,1.));
#14297=DIRECTION('',(0.,0.85584963531327,-0.51722471106294));
#14298=DIRECTION('',(1.,0.,0.));
#14299=DIRECTION('',(0.,0.,-1.));
#14300=DIRECTION('',(1.,0.,0.));
#14301=DIRECTION('',(0.,0.,-1.));
#14302=DIRECTION('',(0.,0.,1.));
#14303=DIRECTION('',(1.,0.,0.));
#14304=DIRECTION('',(0.,0.,-1.));
#14305=DIRECTION('',(0.,-0.85584963531327,0.51722471106294));
#14306=DIRECTION('',(1.,0.,0.));
#14307=DIRECTION('',(0.,0.,-1.));
#14308=DIRECTION('',(0.,2.43914999434309E-16,1.));
#14309=DIRECTION('',(0.,1.,0.));
#14310=DIRECTION('',(0.,0.,-1.));
#14311=DIRECTION('',(1.,0.,0.));
#14312=DIRECTION('',(0.,0.,-1.));
#14313=DIRECTION('',(0.,0.855849635313271,-0.517224711062939));
#14314=DIRECTION('',(-1.,0.,0.));
#14315=DIRECTION('',(0.,0.,1.));
#14316=DIRECTION('',(-1.,0.,0.));
#14317=DIRECTION('',(0.,0.,1.));
#14318=DIRECTION('',(0.,0.,-1.));
#14319=DIRECTION('',(-1.,0.,0.));
#14320=DIRECTION('',(0.,0.,1.));
#14321=DIRECTION('',(0.,-0.855849635313271,0.517224711062939));
#14322=DIRECTION('',(-1.,0.,0.));
#14323=DIRECTION('',(0.,0.,1.));
#14324=DIRECTION('',(0.,0.,1.));
#14325=DIRECTION('',(0.,1.,0.));
#14326=DIRECTION('',(0.,-2.43914999434309E-16,-1.));
#14327=DIRECTION('',(-1.,0.,0.));
#14328=DIRECTION('',(0.,0.,1.));
#14329=DIRECTION('',(0.,0.85584963531327,-0.51722471106294));
#14330=DIRECTION('',(1.,0.,0.));
#14331=DIRECTION('',(0.,0.,-1.));
#14332=DIRECTION('',(1.,0.,0.));
#14333=DIRECTION('',(0.,0.,-1.));
#14334=DIRECTION('',(0.,0.,1.));
#14335=DIRECTION('',(1.,0.,0.));
#14336=DIRECTION('',(0.,0.,-1.));
#14337=DIRECTION('',(0.,-0.85584963531327,0.51722471106294));
#14338=DIRECTION('',(1.,0.,0.));
#14339=DIRECTION('',(0.,0.,-1.));
#14340=DIRECTION('',(0.,2.43914999434309E-16,1.));
#14341=DIRECTION('',(0.,1.,0.));
#14342=DIRECTION('',(0.,0.,-1.));
#14343=DIRECTION('',(1.,0.,0.));
#14344=DIRECTION('',(0.,0.,-1.));
#14345=DIRECTION('',(0.,0.855849635313271,-0.517224711062939));
#14346=DIRECTION('',(-1.,0.,0.));
#14347=DIRECTION('',(0.,0.,1.));
#14348=DIRECTION('',(-1.,0.,0.));
#14349=DIRECTION('',(0.,0.,1.));
#14350=DIRECTION('',(0.,0.,-1.));
#14351=DIRECTION('',(-1.,0.,0.));
#14352=DIRECTION('',(0.,0.,1.));
#14353=DIRECTION('',(0.,-0.855849635313271,0.517224711062939));
#14354=DIRECTION('',(-1.,0.,0.));
#14355=DIRECTION('',(0.,0.,1.));
#14356=DIRECTION('',(0.,0.,1.));
#14357=DIRECTION('',(0.,1.,0.));
#14358=DIRECTION('',(0.,-2.43914999434309E-16,-1.));
#14359=DIRECTION('',(-1.,0.,0.));
#14360=DIRECTION('',(0.,0.,1.));
#14361=DIRECTION('',(0.,0.85584963531327,-0.51722471106294));
#14362=DIRECTION('',(1.,0.,0.));
#14363=DIRECTION('',(0.,0.,-1.));
#14364=DIRECTION('',(1.,0.,0.));
#14365=DIRECTION('',(0.,0.,-1.));
#14366=DIRECTION('',(0.,0.,1.));
#14367=DIRECTION('',(1.,0.,0.));
#14368=DIRECTION('',(0.,0.,-1.));
#14369=DIRECTION('',(0.,-0.85584963531327,0.51722471106294));
#14370=DIRECTION('',(1.,0.,0.));
#14371=DIRECTION('',(0.,0.,-1.));
#14372=DIRECTION('',(0.,2.43914999434309E-16,1.));
#14373=DIRECTION('',(0.,1.,0.));
#14374=DIRECTION('',(0.,0.,-1.));
#14375=DIRECTION('',(1.,0.,0.));
#14376=DIRECTION('',(0.,0.,-1.));
#14377=DIRECTION('',(0.,0.855849635313271,-0.517224711062939));
#14378=DIRECTION('',(-1.,0.,0.));
#14379=DIRECTION('',(0.,0.,1.));
#14380=DIRECTION('',(-1.,0.,0.));
#14381=DIRECTION('',(0.,0.,1.));
#14382=DIRECTION('',(0.,0.,-1.));
#14383=DIRECTION('',(-1.,0.,0.));
#14384=DIRECTION('',(0.,0.,1.));
#14385=DIRECTION('',(0.,-0.855849635313271,0.517224711062939));
#14386=DIRECTION('',(-1.,0.,0.));
#14387=DIRECTION('',(0.,0.,1.));
#14388=DIRECTION('',(0.,0.,1.));
#14389=DIRECTION('',(0.,1.,0.));
#14390=DIRECTION('',(0.,-2.43914999434309E-16,-1.));
#14391=DIRECTION('',(-1.,0.,0.));
#14392=DIRECTION('',(0.,0.,1.));
#14393=DIRECTION('',(0.,0.85584963531327,-0.51722471106294));
#14394=DIRECTION('',(1.,0.,0.));
#14395=DIRECTION('',(0.,0.,-1.));
#14396=DIRECTION('',(1.,0.,0.));
#14397=DIRECTION('',(0.,0.,-1.));
#14398=DIRECTION('',(0.,0.,1.));
#14399=DIRECTION('',(1.,0.,0.));
#14400=DIRECTION('',(0.,0.,-1.));
#14401=DIRECTION('',(0.,-0.85584963531327,0.51722471106294));
#14402=DIRECTION('',(1.,0.,0.));
#14403=DIRECTION('',(0.,0.,-1.));
#14404=DIRECTION('',(0.,2.43914999434309E-16,1.));
#14405=DIRECTION('',(0.,1.,0.));
#14406=DIRECTION('',(0.,0.,-1.));
#14407=DIRECTION('',(1.,0.,0.));
#14408=DIRECTION('',(0.,0.,-1.));
#14409=DIRECTION('',(0.,0.855849635313271,-0.517224711062939));
#14410=DIRECTION('',(-1.,0.,0.));
#14411=DIRECTION('',(0.,0.,1.));
#14412=DIRECTION('',(-1.,0.,0.));
#14413=DIRECTION('',(0.,0.,1.));
#14414=DIRECTION('',(0.,0.,-1.));
#14415=DIRECTION('',(-1.,0.,0.));
#14416=DIRECTION('',(0.,0.,1.));
#14417=DIRECTION('',(0.,-0.855849635313271,0.517224711062939));
#14418=DIRECTION('',(-1.,0.,0.));
#14419=DIRECTION('',(0.,0.,1.));
#14420=DIRECTION('',(0.,0.,1.));
#14421=DIRECTION('',(0.,1.,0.));
#14422=DIRECTION('',(0.,-2.43914999434309E-16,-1.));
#14423=DIRECTION('',(-1.,0.,0.));
#14424=DIRECTION('',(0.,0.,1.));
#14425=DIRECTION('',(0.,0.85584963531327,-0.51722471106294));
#14426=DIRECTION('',(1.,0.,0.));
#14427=DIRECTION('',(0.,0.,-1.));
#14428=DIRECTION('',(1.,0.,0.));
#14429=DIRECTION('',(0.,0.,-1.));
#14430=DIRECTION('',(0.,0.,1.));
#14431=DIRECTION('',(1.,0.,0.));
#14432=DIRECTION('',(0.,0.,-1.));
#14433=DIRECTION('',(0.,-0.85584963531327,0.51722471106294));
#14434=DIRECTION('',(1.,0.,0.));
#14435=DIRECTION('',(0.,0.,-1.));
#14436=DIRECTION('',(0.,2.43914999434309E-16,1.));
#14437=DIRECTION('',(0.,1.,0.));
#14438=DIRECTION('',(0.,0.,-1.));
#14439=DIRECTION('',(1.,0.,0.));
#14440=DIRECTION('',(0.,0.,-1.));
#14441=DIRECTION('',(0.,0.855849635313271,-0.517224711062939));
#14442=DIRECTION('',(-1.,0.,0.));
#14443=DIRECTION('',(0.,0.,1.));
#14444=DIRECTION('',(-1.,0.,0.));
#14445=DIRECTION('',(0.,0.,1.));
#14446=DIRECTION('',(0.,0.,-1.));
#14447=DIRECTION('',(-1.,0.,0.));
#14448=DIRECTION('',(0.,0.,1.));
#14449=DIRECTION('',(0.,-0.855849635313271,0.517224711062939));
#14450=DIRECTION('',(-1.,0.,0.));
#14451=DIRECTION('',(0.,0.,1.));
#14452=DIRECTION('',(0.,0.,1.));
#14453=DIRECTION('',(0.,1.,0.));
#14454=DIRECTION('',(0.,-2.43914999434309E-16,-1.));
#14455=DIRECTION('',(-1.,0.,0.));
#14456=DIRECTION('',(0.,0.,1.));
#14457=DIRECTION('',(0.,0.85584963531327,-0.51722471106294));
#14458=DIRECTION('',(1.,0.,0.));
#14459=DIRECTION('',(0.,0.,-1.));
#14460=DIRECTION('',(1.,0.,0.));
#14461=DIRECTION('',(0.,0.,-1.));
#14462=DIRECTION('',(0.,0.,1.));
#14463=DIRECTION('',(1.,0.,0.));
#14464=DIRECTION('',(0.,0.,-1.));
#14465=DIRECTION('',(0.,-0.85584963531327,0.51722471106294));
#14466=DIRECTION('',(1.,0.,0.));
#14467=DIRECTION('',(0.,0.,-1.));
#14468=DIRECTION('',(0.,2.43914999434309E-16,1.));
#14469=DIRECTION('',(0.,1.,0.));
#14470=DIRECTION('',(0.,0.,-1.));
#14471=DIRECTION('',(1.,0.,0.));
#14472=DIRECTION('',(0.,0.,-1.));
#14473=DIRECTION('',(0.,0.855849635313271,-0.517224711062939));
#14474=DIRECTION('',(-1.,0.,0.));
#14475=DIRECTION('',(0.,0.,1.));
#14476=DIRECTION('',(-1.,0.,0.));
#14477=DIRECTION('',(0.,0.,1.));
#14478=DIRECTION('',(0.,0.,-1.));
#14479=DIRECTION('',(-1.,0.,0.));
#14480=DIRECTION('',(0.,0.,1.));
#14481=DIRECTION('',(0.,-0.855849635313271,0.517224711062939));
#14482=DIRECTION('',(-1.,0.,0.));
#14483=DIRECTION('',(0.,0.,1.));
#14484=DIRECTION('',(0.,0.,1.));
#14485=DIRECTION('',(0.,1.,0.));
#14486=DIRECTION('',(0.,-2.43914999434309E-16,-1.));
#14487=DIRECTION('',(-1.,0.,0.));
#14488=DIRECTION('',(0.,0.,1.));
#14489=DIRECTION('',(0.,0.85584963531327,-0.51722471106294));
#14490=DIRECTION('',(-1.,0.,0.));
#14491=DIRECTION('',(0.,0.,1.));
#14492=DIRECTION('',(-1.,0.,0.));
#14493=DIRECTION('',(0.,0.,1.));
#14494=DIRECTION('',(0.,0.,-1.));
#14495=DIRECTION('',(-1.,0.,0.));
#14496=DIRECTION('',(0.,0.,1.));
#14497=DIRECTION('',(0.,-0.855849635313271,0.517224711062939));
#14498=DIRECTION('',(-1.,0.,0.));
#14499=DIRECTION('',(0.,0.,1.));
#14500=DIRECTION('',(0.,0.,1.));
#14501=DIRECTION('',(0.,1.,0.));
#14502=DIRECTION('',(0.,-2.43914999434309E-16,-1.));
#14503=DIRECTION('',(-1.,0.,0.));
#14504=DIRECTION('',(0.,0.,1.));
#14505=DIRECTION('',(0.,0.85584963531327,-0.51722471106294));
#14506=DIRECTION('',(1.,0.,0.));
#14507=DIRECTION('',(0.,0.,-1.));
#14508=DIRECTION('',(1.,0.,0.));
#14509=DIRECTION('',(0.,0.,-1.));
#14510=DIRECTION('',(0.,0.,1.));
#14511=DIRECTION('',(1.,0.,0.));
#14512=DIRECTION('',(0.,0.,-1.));
#14513=DIRECTION('',(0.,-0.85584963531327,0.51722471106294));
#14514=DIRECTION('',(1.,0.,0.));
#14515=DIRECTION('',(0.,0.,-1.));
#14516=DIRECTION('',(0.,2.43914999434309E-16,1.));
#14517=DIRECTION('',(0.,1.,0.));
#14518=DIRECTION('',(0.,0.,-1.));
#14519=DIRECTION('',(1.,0.,0.));
#14520=DIRECTION('',(0.,0.,-1.));
#14521=DIRECTION('',(0.,0.855849635313271,-0.517224711062939));
#14522=DIRECTION('',(0.,-1.,2.43914999434309E-16));
#14523=DIRECTION('',(0.,-2.43914999434309E-16,-1.));
#14524=DIRECTION('',(-1.,0.,0.));
#14525=DIRECTION('',(0.,-1.,2.43914999434309E-16));
#14526=DIRECTION('',(0.,-2.43914999434309E-16,-1.));
#14527=DIRECTION('',(-1.,0.,0.));
#14528=DIRECTION('',(0.,-1.,2.43914999434309E-16));
#14529=DIRECTION('',(0.,-2.43914999434309E-16,-1.));
#14530=DIRECTION('',(0.,-1.,2.43914999434309E-16));
#14531=DIRECTION('',(0.,-2.43914999434309E-16,-1.));
#14532=DIRECTION('',(-1.,0.,0.));
#14533=DIRECTION('',(0.,-1.,2.43914999434309E-16));
#14534=DIRECTION('',(0.,-2.43914999434309E-16,-1.));
#14535=DIRECTION('',(-1.,0.,0.));
#14536=DIRECTION('',(0.,-1.,2.43914999434309E-16));
#14537=DIRECTION('',(0.,-2.43914999434309E-16,-1.));
#14538=DIRECTION('',(0.,-1.,2.43914999434309E-16));
#14539=DIRECTION('',(0.,-2.43914999434309E-16,-1.));
#14540=DIRECTION('',(-1.,0.,0.));
#14541=DIRECTION('',(0.,-1.,2.43914999434309E-16));
#14542=DIRECTION('',(0.,-2.43914999434309E-16,-1.));
#14543=DIRECTION('',(-1.,0.,0.));
#14544=DIRECTION('',(0.,-1.,2.43914999434309E-16));
#14545=DIRECTION('',(0.,-2.43914999434309E-16,-1.));
#14546=DIRECTION('',(0.,-1.,2.43914999434309E-16));
#14547=DIRECTION('',(0.,-2.43914999434309E-16,-1.));
#14548=DIRECTION('',(-1.,0.,0.));
#14549=DIRECTION('',(0.,-1.,2.43914999434309E-16));
#14550=DIRECTION('',(0.,-2.43914999434309E-16,-1.));
#14551=DIRECTION('',(-1.,0.,0.));
#14552=DIRECTION('',(0.,-1.,2.43914999434309E-16));
#14553=DIRECTION('',(0.,-2.43914999434309E-16,-1.));
#14554=DIRECTION('',(0.,-1.,2.43914999434309E-16));
#14555=DIRECTION('',(0.,-2.43914999434309E-16,-1.));
#14556=DIRECTION('',(-1.,0.,0.));
#14557=DIRECTION('',(0.,-1.,2.43914999434309E-16));
#14558=DIRECTION('',(0.,-2.43914999434309E-16,-1.));
#14559=DIRECTION('',(-1.,0.,0.));
#14560=DIRECTION('',(0.,-1.,2.43914999434309E-16));
#14561=DIRECTION('',(0.,-2.43914999434309E-16,-1.));
#14562=DIRECTION('',(0.,-1.,2.43914999434309E-16));
#14563=DIRECTION('',(0.,-2.43914999434309E-16,-1.));
#14564=DIRECTION('',(-1.,0.,0.));
#14565=DIRECTION('',(0.,-1.,2.43914999434309E-16));
#14566=DIRECTION('',(0.,-2.43914999434309E-16,-1.));
#14567=DIRECTION('',(-1.,0.,0.));
#14568=DIRECTION('',(0.,-1.,2.43914999434309E-16));
#14569=DIRECTION('',(0.,-2.43914999434309E-16,-1.));
#14570=DIRECTION('',(0.,-1.,2.43914999434309E-16));
#14571=DIRECTION('',(0.,-2.43914999434309E-16,-1.));
#14572=DIRECTION('',(-1.,0.,0.));
#14573=DIRECTION('',(0.,-1.,2.43914999434309E-16));
#14574=DIRECTION('',(0.,-2.43914999434309E-16,-1.));
#14575=DIRECTION('',(-1.,0.,0.));
#14576=DIRECTION('',(0.,-1.,2.43914999434309E-16));
#14577=DIRECTION('',(0.,-2.43914999434309E-16,-1.));
#14578=DIRECTION('',(0.,-1.,2.43914999434309E-16));
#14579=DIRECTION('',(0.,-2.43914999434309E-16,-1.));
#14580=DIRECTION('',(-1.,0.,0.));
#14581=DIRECTION('',(0.,-1.,2.43914999434309E-16));
#14582=DIRECTION('',(0.,-2.43914999434309E-16,-1.));
#14583=DIRECTION('',(-1.,0.,0.));
#14584=DIRECTION('',(0.,-1.,2.43914999434309E-16));
#14585=DIRECTION('',(0.,-2.43914999434309E-16,-1.));
#14586=DIRECTION('',(0.,-1.,2.43914999434309E-16));
#14587=DIRECTION('',(0.,-2.43914999434309E-16,-1.));
#14588=DIRECTION('',(-1.,0.,0.));
#14589=DIRECTION('',(0.,-1.,2.43914999434309E-16));
#14590=DIRECTION('',(0.,-2.43914999434309E-16,-1.));
#14591=DIRECTION('',(-1.,0.,0.));
#14592=DIRECTION('',(0.,-1.,2.43914999434309E-16));
#14593=DIRECTION('',(0.,-2.43914999434309E-16,-1.));
#14594=DIRECTION('',(0.,-1.,2.43914999434309E-16));
#14595=DIRECTION('',(0.,-2.43914999434309E-16,-1.));
#14596=DIRECTION('',(-1.,0.,0.));
#14597=DIRECTION('',(0.,-1.,2.43914999434309E-16));
#14598=DIRECTION('',(0.,-2.43914999434309E-16,-1.));
#14599=DIRECTION('',(-1.,0.,0.));
#14600=DIRECTION('',(0.,-1.,2.43914999434309E-16));
#14601=DIRECTION('',(0.,-2.43914999434309E-16,-1.));
#14602=DIRECTION('',(0.,0.,-1.));
#14603=DIRECTION('',(-1.,0.,0.));
#14604=DIRECTION('',(-1.,0.,0.));
#14605=DIRECTION('',(0.,1.,0.));
#14606=DIRECTION('',(0.,1.,0.));
#14607=DIRECTION('',(0.,0.,-1.));
#14608=DIRECTION('',(-1.,0.,0.));
#14609=DIRECTION('',(-1.,0.,0.));
#14610=DIRECTION('',(0.,1.,0.));
#14611=DIRECTION('',(0.,1.,0.));
#14612=DIRECTION('',(0.,0.,-1.));
#14613=DIRECTION('',(-1.,0.,0.));
#14614=DIRECTION('',(-1.,0.,0.));
#14615=DIRECTION('',(0.,1.,0.));
#14616=DIRECTION('',(0.,1.,0.));
#14617=DIRECTION('',(0.,0.,-1.));
#14618=DIRECTION('',(-1.,0.,0.));
#14619=DIRECTION('',(-1.,0.,0.));
#14620=DIRECTION('',(0.,1.,0.));
#14621=DIRECTION('',(0.,1.,0.));
#14622=DIRECTION('',(0.,0.,-1.));
#14623=DIRECTION('',(-1.,0.,0.));
#14624=DIRECTION('',(-1.,0.,0.));
#14625=DIRECTION('',(0.,1.,0.));
#14626=DIRECTION('',(0.,1.,0.));
#14627=DIRECTION('',(0.,0.,-1.));
#14628=DIRECTION('',(-1.,0.,0.));
#14629=DIRECTION('',(-1.,0.,0.));
#14630=DIRECTION('',(0.,1.,0.));
#14631=DIRECTION('',(0.,1.,0.));
#14632=DIRECTION('',(0.,0.,-1.));
#14633=DIRECTION('',(-1.,0.,0.));
#14634=DIRECTION('',(-1.,0.,0.));
#14635=DIRECTION('',(0.,1.,0.));
#14636=DIRECTION('',(0.,1.,0.));
#14637=DIRECTION('',(0.,0.,-1.));
#14638=DIRECTION('',(-1.,0.,0.));
#14639=DIRECTION('',(-1.,0.,0.));
#14640=DIRECTION('',(0.,1.,0.));
#14641=DIRECTION('',(0.,1.,0.));
#14642=DIRECTION('',(0.,0.,-1.));
#14643=DIRECTION('',(-1.,0.,0.));
#14644=DIRECTION('',(-1.,0.,0.));
#14645=DIRECTION('',(0.,1.,0.));
#14646=DIRECTION('',(0.,1.,0.));
#14647=DIRECTION('',(0.,0.,-1.));
#14648=DIRECTION('',(-1.,0.,0.));
#14649=DIRECTION('',(-1.,0.,0.));
#14650=DIRECTION('',(0.,1.,0.));
#14651=DIRECTION('',(0.,1.,0.));
#14652=DIRECTION('',(0.,1.,0.));
#14653=DIRECTION('',(0.,0.,1.));
#14654=DIRECTION('',(0.,1.,0.));
#14655=DIRECTION('',(1.,0.,0.));
#14656=DIRECTION('',(0.,1.,0.));
#14657=DIRECTION('',(1.,0.,0.));
#14658=DIRECTION('',(-1.,0.,0.));
#14659=DIRECTION('',(0.,1.,0.));
#14660=DIRECTION('',(0.,0.,1.));
#14661=DIRECTION('',(0.,1.,0.));
#14662=DIRECTION('',(1.,0.,0.));
#14663=DIRECTION('',(0.,1.,0.));
#14664=DIRECTION('',(1.,0.,0.));
#14665=DIRECTION('',(-1.,0.,0.));
#14666=DIRECTION('',(0.,1.,0.));
#14667=DIRECTION('',(0.,0.,1.));
#14668=DIRECTION('',(0.,1.,0.));
#14669=DIRECTION('',(1.,0.,0.));
#14670=DIRECTION('',(0.,1.,0.));
#14671=DIRECTION('',(1.,0.,0.));
#14672=DIRECTION('',(-1.,0.,0.));
#14673=DIRECTION('',(0.,1.,0.));
#14674=DIRECTION('',(0.,0.,1.));
#14675=DIRECTION('',(0.,1.,0.));
#14676=DIRECTION('',(1.,0.,0.));
#14677=DIRECTION('',(0.,1.,0.));
#14678=DIRECTION('',(1.,0.,0.));
#14679=DIRECTION('',(-1.,0.,0.));
#14680=DIRECTION('',(0.,1.,0.));
#14681=DIRECTION('',(0.,0.,1.));
#14682=DIRECTION('',(0.,1.,0.));
#14683=DIRECTION('',(1.,0.,0.));
#14684=DIRECTION('',(0.,1.,0.));
#14685=DIRECTION('',(1.,0.,0.));
#14686=DIRECTION('',(-1.,0.,0.));
#14687=DIRECTION('',(0.,1.,0.));
#14688=DIRECTION('',(0.,0.,1.));
#14689=DIRECTION('',(0.,1.,0.));
#14690=DIRECTION('',(1.,0.,0.));
#14691=DIRECTION('',(0.,1.,0.));
#14692=DIRECTION('',(1.,0.,0.));
#14693=DIRECTION('',(-1.,0.,0.));
#14694=DIRECTION('',(0.,1.,0.));
#14695=DIRECTION('',(0.,0.,1.));
#14696=DIRECTION('',(0.,1.,0.));
#14697=DIRECTION('',(1.,0.,0.));
#14698=DIRECTION('',(0.,1.,0.));
#14699=DIRECTION('',(1.,0.,0.));
#14700=DIRECTION('',(-1.,0.,0.));
#14701=DIRECTION('',(0.,1.,0.));
#14702=DIRECTION('',(0.,0.,1.));
#14703=DIRECTION('',(0.,1.,0.));
#14704=DIRECTION('',(1.,0.,0.));
#14705=DIRECTION('',(0.,1.,0.));
#14706=DIRECTION('',(1.,0.,0.));
#14707=DIRECTION('',(-1.,0.,0.));
#14708=DIRECTION('',(0.,1.,0.));
#14709=DIRECTION('',(0.,0.,1.));
#14710=DIRECTION('',(0.,1.,0.));
#14711=DIRECTION('',(1.,0.,0.));
#14712=DIRECTION('',(0.,1.,0.));
#14713=DIRECTION('',(1.,0.,0.));
#14714=DIRECTION('',(-1.,0.,0.));
#14715=DIRECTION('',(0.,1.,0.));
#14716=DIRECTION('',(0.,0.,1.));
#14717=DIRECTION('',(0.,1.,0.));
#14718=DIRECTION('',(1.,0.,0.));
#14719=DIRECTION('',(0.,1.,0.));
#14720=DIRECTION('',(1.,0.,0.));
#14721=DIRECTION('',(-1.,0.,0.));
#14722=DIRECTION('',(-1.,0.,0.));
#14723=DIRECTION('',(0.,0.,1.));
#14724=DIRECTION('',(-1.,0.,0.));
#14725=DIRECTION('',(-1.,0.,0.));
#14726=DIRECTION('',(0.,0.,1.));
#14727=DIRECTION('',(-1.,0.,0.));
#14728=DIRECTION('',(-1.,0.,0.));
#14729=DIRECTION('',(0.,0.,1.));
#14730=DIRECTION('',(-1.,0.,0.));
#14731=DIRECTION('',(-1.,0.,0.));
#14732=DIRECTION('',(0.,0.,1.));
#14733=DIRECTION('',(-1.,0.,0.));
#14734=DIRECTION('',(-1.,0.,0.));
#14735=DIRECTION('',(0.,0.,1.));
#14736=DIRECTION('',(-1.,0.,0.));
#14737=DIRECTION('',(-1.,0.,0.));
#14738=DIRECTION('',(0.,0.,1.));
#14739=DIRECTION('',(-1.,0.,0.));
#14740=DIRECTION('',(-1.,0.,0.));
#14741=DIRECTION('',(0.,0.,1.));
#14742=DIRECTION('',(-1.,0.,0.));
#14743=DIRECTION('',(-1.,0.,0.));
#14744=DIRECTION('',(0.,0.,1.));
#14745=DIRECTION('',(-1.,0.,0.));
#14746=DIRECTION('',(-1.,0.,0.));
#14747=DIRECTION('',(0.,0.,1.));
#14748=DIRECTION('',(-1.,0.,0.));
#14749=DIRECTION('',(-1.,0.,0.));
#14750=DIRECTION('',(0.,0.,1.));
#14751=DIRECTION('',(-1.,0.,0.));
#14752=DIRECTION('',(0.,0.517224711062939,0.855849635313271));
#14753=DIRECTION('',(0.,-0.855849635313271,0.517224711062939));
#14754=DIRECTION('',(-1.,0.,0.));
#14755=DIRECTION('',(0.,0.517224711062939,0.855849635313271));
#14756=DIRECTION('',(0.,-0.855849635313271,0.517224711062939));
#14757=DIRECTION('',(-1.,0.,0.));
#14758=DIRECTION('',(0.,0.517224711062939,0.855849635313271));
#14759=DIRECTION('',(0.,-0.855849635313271,0.517224711062939));
#14760=DIRECTION('',(-1.,0.,0.));
#14761=DIRECTION('',(0.,0.517224711062939,0.855849635313271));
#14762=DIRECTION('',(0.,-0.855849635313271,0.517224711062939));
#14763=DIRECTION('',(-1.,0.,0.));
#14764=DIRECTION('',(0.,0.517224711062939,0.855849635313271));
#14765=DIRECTION('',(0.,-0.855849635313271,0.517224711062939));
#14766=DIRECTION('',(-1.,0.,0.));
#14767=DIRECTION('',(0.,0.517224711062939,0.855849635313271));
#14768=DIRECTION('',(0.,-0.855849635313271,0.517224711062939));
#14769=DIRECTION('',(-1.,0.,0.));
#14770=DIRECTION('',(0.,0.517224711062939,0.855849635313271));
#14771=DIRECTION('',(0.,-0.855849635313271,0.517224711062939));
#14772=DIRECTION('',(-1.,0.,0.));
#14773=DIRECTION('',(0.,0.517224711062939,0.855849635313271));
#14774=DIRECTION('',(0.,-0.855849635313271,0.517224711062939));
#14775=DIRECTION('',(-1.,0.,0.));
#14776=DIRECTION('',(0.,0.517224711062939,0.855849635313271));
#14777=DIRECTION('',(0.,-0.855849635313271,0.517224711062939));
#14778=DIRECTION('',(-1.,0.,0.));
#14779=DIRECTION('',(0.,0.517224711062939,0.855849635313271));
#14780=DIRECTION('',(0.,-0.855849635313271,0.517224711062939));
#14781=DIRECTION('',(-1.,0.,0.));
#14782=DIRECTION('',(-1.,0.,0.));
#14783=DIRECTION('',(0.,0.,1.));
#14784=DIRECTION('',(-1.,0.,0.));
#14785=DIRECTION('',(-1.,0.,0.));
#14786=DIRECTION('',(0.,0.,1.));
#14787=DIRECTION('',(-1.,0.,0.));
#14788=DIRECTION('',(-1.,0.,0.));
#14789=DIRECTION('',(0.,0.,1.));
#14790=DIRECTION('',(-1.,0.,0.));
#14791=DIRECTION('',(-1.,0.,0.));
#14792=DIRECTION('',(0.,0.,1.));
#14793=DIRECTION('',(-1.,0.,0.));
#14794=DIRECTION('',(-1.,0.,0.));
#14795=DIRECTION('',(0.,0.,1.));
#14796=DIRECTION('',(-1.,0.,0.));
#14797=DIRECTION('',(-1.,0.,0.));
#14798=DIRECTION('',(0.,0.,1.));
#14799=DIRECTION('',(-1.,0.,0.));
#14800=DIRECTION('',(-1.,0.,0.));
#14801=DIRECTION('',(0.,0.,1.));
#14802=DIRECTION('',(-1.,0.,0.));
#14803=DIRECTION('',(-1.,0.,0.));
#14804=DIRECTION('',(0.,0.,1.));
#14805=DIRECTION('',(-1.,0.,0.));
#14806=DIRECTION('',(-1.,0.,0.));
#14807=DIRECTION('',(0.,0.,1.));
#14808=DIRECTION('',(-1.,0.,0.));
#14809=DIRECTION('',(-1.,0.,0.));
#14810=DIRECTION('',(0.,0.,1.));
#14811=DIRECTION('',(-1.,0.,0.));
#14812=DIRECTION('',(0.,1.,0.));
#14813=DIRECTION('',(0.,0.,1.));
#14814=DIRECTION('',(0.,0.,-1.));
#14815=DIRECTION('',(1.,0.,0.));
#14816=DIRECTION('',(0.,0.,1.));
#14817=DIRECTION('',(1.,0.,1.60622544071925E-15));
#14818=DIRECTION('',(0.,0.,-1.));
#14819=DIRECTION('',(1.,0.,0.));
#14820=DIRECTION('',(0.,0.,1.));
#14821=DIRECTION('',(0.,0.,-1.));
#14822=DIRECTION('',(1.,0.,0.));
#14823=DIRECTION('',(0.,0.,1.));
#14824=DIRECTION('',(1.,0.,1.60622544071926E-15));
#14825=DIRECTION('',(0.,0.,-1.));
#14826=DIRECTION('',(1.,0.,0.));
#14827=DIRECTION('',(0.,0.,1.));
#14828=DIRECTION('',(0.,0.,-1.));
#14829=DIRECTION('',(1.,0.,0.));
#14830=DIRECTION('',(0.,0.,1.));
#14831=DIRECTION('',(1.,0.,1.60622544071926E-15));
#14832=DIRECTION('',(0.,0.,-1.));
#14833=DIRECTION('',(1.,0.,0.));
#14834=DIRECTION('',(0.,0.,1.));
#14835=DIRECTION('',(0.,0.,-1.));
#14836=DIRECTION('',(1.,0.,0.));
#14837=DIRECTION('',(0.,0.,1.));
#14838=DIRECTION('',(1.,0.,1.60622544071927E-15));
#14839=DIRECTION('',(0.,0.,-1.));
#14840=DIRECTION('',(1.,0.,0.));
#14841=DIRECTION('',(0.,0.,1.));
#14842=DIRECTION('',(0.,0.,-1.));
#14843=DIRECTION('',(1.,0.,0.));
#14844=DIRECTION('',(0.,0.,1.));
#14845=DIRECTION('',(1.,0.,1.60622544071927E-15));
#14846=DIRECTION('',(0.,0.,-1.));
#14847=DIRECTION('',(1.,0.,0.));
#14848=DIRECTION('',(0.,0.,1.));
#14849=DIRECTION('',(0.,0.,-1.));
#14850=DIRECTION('',(1.,0.,0.));
#14851=DIRECTION('',(0.,0.,1.));
#14852=DIRECTION('',(1.,0.,1.60622544071927E-15));
#14853=DIRECTION('',(0.,0.,-1.));
#14854=DIRECTION('',(1.,0.,0.));
#14855=DIRECTION('',(0.,0.,1.));
#14856=DIRECTION('',(0.,0.,-1.));
#14857=DIRECTION('',(1.,0.,0.));
#14858=DIRECTION('',(0.,0.,1.));
#14859=DIRECTION('',(1.,0.,1.60622544071927E-15));
#14860=DIRECTION('',(0.,0.,-1.));
#14861=DIRECTION('',(1.,0.,0.));
#14862=DIRECTION('',(0.,0.,1.));
#14863=DIRECTION('',(0.,0.,-1.));
#14864=DIRECTION('',(1.,0.,0.));
#14865=DIRECTION('',(0.,0.,1.));
#14866=DIRECTION('',(1.,0.,1.60622544071926E-15));
#14867=DIRECTION('',(0.,0.,-1.));
#14868=DIRECTION('',(1.,0.,0.));
#14869=DIRECTION('',(0.,0.,1.));
#14870=DIRECTION('',(0.,0.,-1.));
#14871=DIRECTION('',(1.,0.,0.));
#14872=DIRECTION('',(0.,0.,1.));
#14873=DIRECTION('',(1.,0.,0.));
#14874=DIRECTION('',(0.,0.,-1.));
#14875=DIRECTION('',(1.,0.,0.));
#14876=DIRECTION('',(0.,0.,1.));
#14877=DIRECTION('',(0.,0.,-1.));
#14878=DIRECTION('',(1.,0.,0.));
#14879=DIRECTION('',(0.,0.,1.));
#14880=DIRECTION('',(-1.,0.,0.));
#14881=DIRECTION('',(0.,0.,1.));
#14882=DIRECTION('',(0.,0.,-1.));
#14883=DIRECTION('',(-1.,0.,0.));
#14884=DIRECTION('',(0.,0.,-1.));
#14885=DIRECTION('',(-1.,0.,0.));
#14886=DIRECTION('',(0.,0.,1.));
#14887=DIRECTION('',(-1.,0.,0.));
#14888=DIRECTION('',(0.,0.,1.));
#14889=DIRECTION('',(0.,0.,-1.));
#14890=DIRECTION('',(-1.,0.,0.));
#14891=DIRECTION('',(0.,0.,-1.));
#14892=DIRECTION('',(-1.,0.,0.));
#14893=DIRECTION('',(0.,0.,1.));
#14894=DIRECTION('',(-1.,0.,0.));
#14895=DIRECTION('',(0.,0.,1.));
#14896=DIRECTION('',(0.,0.,-1.));
#14897=DIRECTION('',(-1.,0.,0.));
#14898=DIRECTION('',(0.,0.,-1.));
#14899=DIRECTION('',(-1.,0.,0.));
#14900=DIRECTION('',(0.,0.,1.));
#14901=DIRECTION('',(-1.,0.,0.));
#14902=DIRECTION('',(0.,0.,1.));
#14903=DIRECTION('',(0.,0.,-1.));
#14904=DIRECTION('',(-1.,0.,0.));
#14905=DIRECTION('',(0.,0.,-1.));
#14906=DIRECTION('',(-1.,0.,0.));
#14907=DIRECTION('',(0.,0.,1.));
#14908=DIRECTION('',(-1.,0.,0.));
#14909=DIRECTION('',(0.,0.,1.));
#14910=DIRECTION('',(0.,0.,-1.));
#14911=DIRECTION('',(-1.,0.,0.));
#14912=DIRECTION('',(0.,0.,-1.));
#14913=DIRECTION('',(-1.,0.,0.));
#14914=DIRECTION('',(0.,0.,1.));
#14915=DIRECTION('',(-1.,0.,0.));
#14916=DIRECTION('',(0.,0.,1.));
#14917=DIRECTION('',(0.,0.,-1.));
#14918=DIRECTION('',(-1.,0.,0.));
#14919=DIRECTION('',(0.,0.,-1.));
#14920=DIRECTION('',(-1.,0.,0.));
#14921=DIRECTION('',(0.,0.,1.));
#14922=DIRECTION('',(-1.,0.,0.));
#14923=DIRECTION('',(0.,0.,1.));
#14924=DIRECTION('',(0.,0.,-1.));
#14925=DIRECTION('',(-1.,0.,0.));
#14926=DIRECTION('',(0.,0.,-1.));
#14927=DIRECTION('',(-1.,0.,0.));
#14928=DIRECTION('',(0.,0.,1.));
#14929=DIRECTION('',(-1.,0.,0.));
#14930=DIRECTION('',(0.,0.,1.));
#14931=DIRECTION('',(0.,0.,-1.));
#14932=DIRECTION('',(-1.,0.,0.));
#14933=DIRECTION('',(0.,0.,-1.));
#14934=DIRECTION('',(-1.,0.,0.));
#14935=DIRECTION('',(0.,0.,1.));
#14936=DIRECTION('',(-1.,0.,0.));
#14937=DIRECTION('',(0.,0.,1.));
#14938=DIRECTION('',(0.,0.,-1.));
#14939=DIRECTION('',(-1.,0.,0.));
#14940=DIRECTION('',(0.,0.,-1.));
#14941=DIRECTION('',(-1.,0.,0.));
#14942=DIRECTION('',(0.,0.,1.));
#14943=DIRECTION('',(-1.,0.,0.));
#14944=DIRECTION('',(0.,0.,1.));
#14945=DIRECTION('',(-1.,0.,0.));
#14946=DIRECTION('',(0.,0.,-1.));
#14947=DIRECTION('',(-1.,0.,0.));
#14948=DIRECTION('',(0.,0.,-1.));
#14949=DIRECTION('',(1.,0.,0.));
#14950=DIRECTION('',(0.,0.,1.));
#14951=DIRECTION('',(-1.,0.,0.));
#14952=DIRECTION('',(0.,0.,1.));
#14953=DIRECTION('',(-1.,0.,0.));
#14954=DIRECTION('',(1.,0.,0.));
#14955=DIRECTION('',(0.,0.,-1.));
#14956=DIRECTION('',(-1.,0.,0.));
#14957=DIRECTION('',(0.,0.,1.));
#14958=DIRECTION('',(-1.,0.,0.));
#14959=DIRECTION('',(0.,0.,1.));
#14960=DIRECTION('',(1.,0.,0.));
#14961=DIRECTION('',(0.,0.,-1.));
#14962=DIRECTION('',(-1.,0.,0.));
#14963=DIRECTION('',(-1.,0.,0.));
#14964=DIRECTION('',(0.,0.,1.));
#14965=DIRECTION('',(-1.,0.,0.));
#14966=DIRECTION('',(0.,-1.,0.));
#14967=DIRECTION('',(0.,0.,-1.));
#14968=DIRECTION('',(0.,0.,-1.));
#14969=DIRECTION('',(-1.,0.,0.));
#14970=DIRECTION('',(0.,0.,1.));
#14971=DIRECTION('',(1.,0.,0.));
#14972=DIRECTION('',(0.,0.,-1.));
#14973=DIRECTION('',(-1.,0.,0.));
#14974=DIRECTION('',(0.,0.,1.));
#14975=DIRECTION('',(1.,0.,0.));
#14976=DIRECTION('',(0.,0.,-1.));
#14977=DIRECTION('',(1.,0.,0.));
#14978=DIRECTION('',(0.,0.,1.));
#14979=DIRECTION('',(1.,0.,0.));
#14980=DIRECTION('',(0.,0.,-1.));
#14981=DIRECTION('',(-1.,0.,0.));
#14982=DIRECTION('',(0.,0.,1.));
#14983=DIRECTION('',(1.,0.,0.));
#14984=DIRECTION('',(0.,0.,-1.));
#14985=DIRECTION('',(1.,0.,1.60622544071926E-15));
#14986=DIRECTION('',(0.,0.,1.));
#14987=DIRECTION('',(1.,0.,0.));
#14988=DIRECTION('',(0.,0.,-1.));
#14989=DIRECTION('',(-1.,0.,0.));
#14990=DIRECTION('',(0.,0.,1.));
#14991=DIRECTION('',(1.,0.,0.));
#14992=DIRECTION('',(0.,0.,-1.));
#14993=DIRECTION('',(1.,0.,1.60622544071927E-15));
#14994=DIRECTION('',(0.,0.,1.));
#14995=DIRECTION('',(1.,0.,0.));
#14996=DIRECTION('',(0.,0.,-1.));
#14997=DIRECTION('',(-1.,0.,0.));
#14998=DIRECTION('',(0.,0.,1.));
#14999=DIRECTION('',(1.,0.,0.));
#15000=DIRECTION('',(0.,0.,-1.));
#15001=DIRECTION('',(1.,0.,1.60622544071927E-15));
#15002=DIRECTION('',(0.,0.,1.));
#15003=DIRECTION('',(1.,0.,0.));
#15004=DIRECTION('',(0.,0.,-1.));
#15005=DIRECTION('',(-1.,0.,0.));
#15006=DIRECTION('',(0.,0.,1.));
#15007=DIRECTION('',(1.,0.,0.));
#15008=DIRECTION('',(0.,0.,-1.));
#15009=DIRECTION('',(1.,0.,1.60622544071927E-15));
#15010=DIRECTION('',(0.,0.,1.));
#15011=DIRECTION('',(1.,0.,0.));
#15012=DIRECTION('',(0.,0.,-1.));
#15013=DIRECTION('',(-1.,0.,0.));
#15014=DIRECTION('',(0.,0.,1.));
#15015=DIRECTION('',(1.,0.,0.));
#15016=DIRECTION('',(0.,0.,-1.));
#15017=DIRECTION('',(1.,0.,1.60622544071927E-15));
#15018=DIRECTION('',(0.,0.,1.));
#15019=DIRECTION('',(1.,0.,0.));
#15020=DIRECTION('',(0.,0.,-1.));
#15021=DIRECTION('',(-1.,0.,0.));
#15022=DIRECTION('',(0.,0.,1.));
#15023=DIRECTION('',(1.,0.,0.));
#15024=DIRECTION('',(0.,0.,-1.));
#15025=DIRECTION('',(1.,0.,1.60622544071926E-15));
#15026=DIRECTION('',(0.,0.,1.));
#15027=DIRECTION('',(1.,0.,0.));
#15028=DIRECTION('',(0.,0.,-1.));
#15029=DIRECTION('',(-1.,0.,0.));
#15030=DIRECTION('',(0.,0.,1.));
#15031=DIRECTION('',(1.,0.,0.));
#15032=DIRECTION('',(0.,0.,-1.));
#15033=DIRECTION('',(1.,0.,1.60622544071926E-15));
#15034=DIRECTION('',(0.,0.,1.));
#15035=DIRECTION('',(1.,0.,0.));
#15036=DIRECTION('',(0.,0.,-1.));
#15037=DIRECTION('',(-1.,0.,0.));
#15038=DIRECTION('',(0.,0.,1.));
#15039=DIRECTION('',(1.,0.,0.));
#15040=DIRECTION('',(0.,0.,-1.));
#15041=DIRECTION('',(1.,0.,1.60622544071925E-15));
#15042=DIRECTION('',(0.,0.,1.));
#15043=DIRECTION('',(1.,0.,0.));
#15044=DIRECTION('',(0.,0.,-1.));
#15045=DIRECTION('',(-1.,0.,0.));
#15046=DIRECTION('',(0.,0.,1.));
#15047=DIRECTION('',(1.,0.,0.));
#15048=DIRECTION('',(0.,0.,-1.));
#15049=DIRECTION('',(-1.,0.,0.));
#15050=DIRECTION('',(0.,0.,1.));
#15051=DIRECTION('',(0.,0.,-1.));
#15052=DIRECTION('',(-1.,0.,0.));
#15053=DIRECTION('',(0.,0.,1.));
#15054=DIRECTION('',(-1.,0.,0.));
#15055=DIRECTION('',(0.,0.,-1.));
#15056=DIRECTION('',(-1.,0.,0.));
#15057=DIRECTION('',(0.,0.,1.));
#15058=DIRECTION('',(0.,0.,-1.));
#15059=DIRECTION('',(-1.,0.,0.));
#15060=DIRECTION('',(0.,0.,1.));
#15061=DIRECTION('',(-1.,0.,0.));
#15062=DIRECTION('',(0.,0.,-1.));
#15063=DIRECTION('',(-1.,0.,0.));
#15064=DIRECTION('',(0.,0.,1.));
#15065=DIRECTION('',(0.,0.,-1.));
#15066=DIRECTION('',(-1.,0.,0.));
#15067=DIRECTION('',(0.,0.,1.));
#15068=DIRECTION('',(-1.,0.,0.));
#15069=DIRECTION('',(0.,0.,-1.));
#15070=DIRECTION('',(-1.,0.,0.));
#15071=DIRECTION('',(0.,0.,1.));
#15072=DIRECTION('',(0.,0.,-1.));
#15073=DIRECTION('',(-1.,0.,0.));
#15074=DIRECTION('',(0.,0.,1.));
#15075=DIRECTION('',(-1.,0.,0.));
#15076=DIRECTION('',(0.,0.,-1.));
#15077=DIRECTION('',(-1.,0.,0.));
#15078=DIRECTION('',(0.,0.,1.));
#15079=DIRECTION('',(0.,0.,-1.));
#15080=DIRECTION('',(-1.,0.,0.));
#15081=DIRECTION('',(0.,0.,1.));
#15082=DIRECTION('',(-1.,0.,0.));
#15083=DIRECTION('',(0.,0.,-1.));
#15084=DIRECTION('',(-1.,0.,0.));
#15085=DIRECTION('',(0.,0.,1.));
#15086=DIRECTION('',(0.,0.,-1.));
#15087=DIRECTION('',(-1.,0.,0.));
#15088=DIRECTION('',(0.,0.,1.));
#15089=DIRECTION('',(-1.,0.,0.));
#15090=DIRECTION('',(0.,0.,-1.));
#15091=DIRECTION('',(-1.,0.,0.));
#15092=DIRECTION('',(0.,0.,1.));
#15093=DIRECTION('',(0.,0.,-1.));
#15094=DIRECTION('',(-1.,0.,0.));
#15095=DIRECTION('',(0.,0.,1.));
#15096=DIRECTION('',(-1.,0.,0.));
#15097=DIRECTION('',(0.,0.,-1.));
#15098=DIRECTION('',(-1.,0.,0.));
#15099=DIRECTION('',(0.,0.,1.));
#15100=DIRECTION('',(0.,0.,-1.));
#15101=DIRECTION('',(-1.,0.,0.));
#15102=DIRECTION('',(0.,0.,1.));
#15103=DIRECTION('',(-1.,0.,0.));
#15104=DIRECTION('',(0.,0.,-1.));
#15105=DIRECTION('',(-1.,0.,0.));
#15106=DIRECTION('',(0.,0.,1.));
#15107=DIRECTION('',(0.,0.,-1.));
#15108=DIRECTION('',(-1.,0.,0.));
#15109=DIRECTION('',(0.,0.,1.));
#15110=DIRECTION('',(-1.,0.,0.));
#15111=DIRECTION('',(0.,0.,-1.));
#15112=DIRECTION('',(-1.,0.,0.));
#15113=DIRECTION('',(0.,0.,1.));
#15114=DIRECTION('',(-1.,0.,0.));
#15115=DIRECTION('',(0.,0.,1.));
#15116=DIRECTION('',(1.,0.,0.));
#15117=DIRECTION('',(0.,0.,-1.));
#15118=DIRECTION('',(-1.,0.,0.));
#15119=DIRECTION('',(0.,0.,1.));
#15120=DIRECTION('',(-1.,0.,0.));
#15121=DIRECTION('',(-1.,0.,0.));
#15122=DIRECTION('',(0.,0.,1.));
#15123=DIRECTION('',(1.,0.,0.));
#15124=DIRECTION('',(0.,0.,-1.));
#15125=DIRECTION('',(-1.,0.,0.));
#15126=DIRECTION('',(0.,0.,1.));
#15127=DIRECTION('',(-1.,0.,0.));
#15128=DIRECTION('',(-1.,0.,0.));
#15129=DIRECTION('',(0.,0.,1.));
#15130=DIRECTION('',(1.,0.,0.));
#15131=DIRECTION('',(0.,0.,-1.));
#15132=DIRECTION('',(-1.,0.,0.));
#15133=DIRECTION('',(0.,0.,1.));
#15134=DIRECTION('',(-1.,0.,0.));
#15135=DIRECTION('',(-1.,0.,0.));
#15136=DIRECTION('',(0.,0.,1.));
#15137=DIRECTION('',(1.,0.,0.));
#15138=DIRECTION('',(0.,0.,-1.));
#15139=DIRECTION('',(-1.,0.,0.));
#15140=DIRECTION('',(0.,0.,1.));
#15141=DIRECTION('',(-1.,0.,0.));
#15142=DIRECTION('',(-1.,0.,0.));
#15143=DIRECTION('',(0.,0.,1.));
#15144=DIRECTION('',(1.,0.,0.));
#15145=DIRECTION('',(0.,0.,-1.));
#15146=DIRECTION('',(-1.,0.,0.));
#15147=DIRECTION('',(0.,0.,1.));
#15148=DIRECTION('',(-1.,0.,0.));
#15149=DIRECTION('',(-1.,0.,0.));
#15150=DIRECTION('',(0.,0.,1.));
#15151=DIRECTION('',(1.,0.,0.));
#15152=DIRECTION('',(0.,0.,-1.));
#15153=DIRECTION('',(-1.,0.,0.));
#15154=DIRECTION('',(0.,0.,1.));
#15155=DIRECTION('',(-1.,0.,0.));
#15156=DIRECTION('',(-1.,0.,0.));
#15157=DIRECTION('',(0.,0.,1.));
#15158=DIRECTION('',(1.,0.,0.));
#15159=DIRECTION('',(0.,0.,-1.));
#15160=DIRECTION('',(-1.,0.,0.));
#15161=DIRECTION('',(0.,0.,1.));
#15162=DIRECTION('',(-1.,0.,0.));
#15163=DIRECTION('',(-1.,0.,0.));
#15164=DIRECTION('',(0.,0.,1.));
#15165=DIRECTION('',(1.,0.,0.));
#15166=DIRECTION('',(0.,0.,-1.));
#15167=DIRECTION('',(-1.,0.,0.));
#15168=DIRECTION('',(0.,0.,1.));
#15169=DIRECTION('',(-1.,0.,0.));
#15170=DIRECTION('',(-1.,0.,0.));
#15171=DIRECTION('',(0.,0.,1.));
#15172=DIRECTION('',(1.,0.,0.));
#15173=DIRECTION('',(0.,0.,-1.));
#15174=DIRECTION('',(-1.,0.,0.));
#15175=DIRECTION('',(0.,0.,1.));
#15176=DIRECTION('',(-1.,0.,0.));
#15177=DIRECTION('',(-1.,0.,0.));
#15178=DIRECTION('',(0.,0.,1.));
#15179=DIRECTION('',(1.,0.,0.));
#15180=DIRECTION('',(0.,0.,-1.));
#15181=DIRECTION('',(-1.,0.,0.));
#15182=DIRECTION('',(0.,0.,1.));
#15183=DIRECTION('',(-1.,0.,0.));
#15184=DIRECTION('',(0.,-0.51722471106294,-0.85584963531327));
#15185=DIRECTION('',(0.,0.85584963531327,-0.51722471106294));
#15186=DIRECTION('',(-1.,0.,0.));
#15187=DIRECTION('',(0.,-0.51722471106294,-0.85584963531327));
#15188=DIRECTION('',(0.,0.85584963531327,-0.51722471106294));
#15189=DIRECTION('',(-1.,0.,0.));
#15190=DIRECTION('',(0.,-0.51722471106294,-0.85584963531327));
#15191=DIRECTION('',(0.,0.85584963531327,-0.51722471106294));
#15192=DIRECTION('',(-1.,0.,0.));
#15193=DIRECTION('',(0.,-0.51722471106294,-0.85584963531327));
#15194=DIRECTION('',(0.,0.85584963531327,-0.51722471106294));
#15195=DIRECTION('',(-1.,0.,0.));
#15196=DIRECTION('',(0.,-0.51722471106294,-0.85584963531327));
#15197=DIRECTION('',(0.,0.85584963531327,-0.51722471106294));
#15198=DIRECTION('',(-1.,0.,0.));
#15199=DIRECTION('',(0.,-0.51722471106294,-0.85584963531327));
#15200=DIRECTION('',(0.,0.85584963531327,-0.51722471106294));
#15201=DIRECTION('',(-1.,0.,0.));
#15202=DIRECTION('',(0.,-0.51722471106294,-0.85584963531327));
#15203=DIRECTION('',(0.,0.85584963531327,-0.51722471106294));
#15204=DIRECTION('',(-1.,0.,0.));
#15205=DIRECTION('',(0.,-0.51722471106294,-0.85584963531327));
#15206=DIRECTION('',(0.,0.85584963531327,-0.51722471106294));
#15207=DIRECTION('',(-1.,0.,0.));
#15208=DIRECTION('',(0.,-0.51722471106294,-0.85584963531327));
#15209=DIRECTION('',(0.,0.85584963531327,-0.51722471106294));
#15210=DIRECTION('',(-1.,0.,0.));
#15211=DIRECTION('',(0.,-0.51722471106294,-0.85584963531327));
#15212=DIRECTION('',(0.,0.85584963531327,-0.51722471106294));
#15213=DIRECTION('',(-1.,0.,0.));
#15214=DIRECTION('',(-1.,0.,0.));
#15215=DIRECTION('',(0.,0.,1.));
#15216=DIRECTION('',(-1.,0.,0.));
#15217=DIRECTION('',(0.,0.,1.));
#15218=DIRECTION('',(-1.,0.,0.));
#15219=DIRECTION('',(0.,0.,1.));
#15220=DIRECTION('',(-1.,0.,0.));
#15221=DIRECTION('',(0.,0.,1.));
#15222=DIRECTION('',(-1.,0.,0.));
#15223=DIRECTION('',(0.,0.,1.));
#15224=DIRECTION('',(-1.,0.,0.));
#15225=DIRECTION('',(0.,0.,1.));
#15226=DIRECTION('',(-1.,0.,0.));
#15227=DIRECTION('',(0.,0.,1.));
#15228=DIRECTION('',(-1.,0.,0.));
#15229=DIRECTION('',(0.,0.,1.));
#15230=DIRECTION('',(-1.,0.,0.));
#15231=DIRECTION('',(0.,0.,1.));
#15232=DIRECTION('',(-1.,0.,0.));
#15233=DIRECTION('',(0.,0.,1.));
#15234=DIRECTION('',(0.,-1.,0.));
#15235=DIRECTION('',(0.,0.,-1.));
#15236=DIRECTION('',(-1.,0.,0.));
#15237=DIRECTION('',(0.,0.,-1.));
#15238=DIRECTION('',(0.,0.,1.));
#15239=DIRECTION('',(-1.,0.,0.));
#15240=DIRECTION('',(0.,0.,1.));
#15241=DIRECTION('',(-1.,0.,0.));
#15242=DIRECTION('',(0.,0.,1.));
#15243=DIRECTION('',(1.,0.,0.));
#15244=DIRECTION('',(0.,0.,-1.));
#15245=DIRECTION('',(-1.,0.,0.));
#15246=DIRECTION('',(0.,-0.489531207736617,0.871985777780767));
#15247=DIRECTION('',(0.,-0.871985777780767,-0.489531207736617));
#15248=DIRECTION('',(0.,-0.871985777780767,-0.489531207736617));
#15249=DIRECTION('',(0.,0.871985777780767,0.489531207736617));
#15250=DIRECTION('',(-1.,0.,0.));
#15251=DIRECTION('',(0.,0.,1.));
#15252=DIRECTION('',(-1.,0.,0.));
#15253=DIRECTION('',(0.,0.,1.));
#15254=DIRECTION('',(1.,0.,0.));
#15255=DIRECTION('',(0.,0.,-1.));
#15256=DIRECTION('',(0.,-0.321938459141831,-0.946760597260672));
#15257=DIRECTION('',(0.,0.946760597260672,-0.321938459141831));
#15258=DIRECTION('',(-1.,0.,0.));
#15259=DIRECTION('',(0.,0.946760597260672,-0.321938459141831));
#15260=DIRECTION('',(0.,-0.946760597260672,0.321938459141831));
#15261=DIRECTION('',(0.,0.946760597260672,-0.321938459141831));
#15262=DIRECTION('',(0.,0.321938459141831,0.946760597260672));
#15263=DIRECTION('',(-1.,0.,0.));
#15264=DIRECTION('',(0.,0.321938459141831,0.946760597260672));
#15265=DIRECTION('',(0.,-0.321938459141831,-0.946760597260672));
#15266=DIRECTION('',(0.,0.321938459141831,0.946760597260672));
#15267=DIRECTION('',(0.,-0.946760597260672,0.321938459141831));
#15268=DIRECTION('',(-1.,0.,0.));
#15269=DIRECTION('',(0.,-0.946760597260672,0.321938459141831));
#15270=DIRECTION('',(0.,0.946760597260672,-0.321938459141831));
#15271=DIRECTION('',(-1.,0.,0.));
#15272=DIRECTION('',(0.,0.,1.));
#15273=DIRECTION('',(-1.,0.,0.));
#15274=DIRECTION('',(0.,0.,1.));
#15275=DIRECTION('',(1.,0.,0.));
#15276=DIRECTION('',(0.,0.,-1.));
#15277=DIRECTION('',(-1.,0.,0.));
#15278=DIRECTION('',(0.,0.489531207736617,-0.871985777780767));
#15279=DIRECTION('',(0.,0.871985777780767,0.489531207736617));
#15280=DIRECTION('',(-1.,0.,0.));
#15281=DIRECTION('',(0.,0.871985777780767,0.489531207736617));
#15282=DIRECTION('',(0.,-0.871985777780767,-0.489531207736617));
#15283=DIRECTION('',(-1.,0.,0.));
#15284=DIRECTION('',(0.,0.,1.));
#15285=DIRECTION('',(-1.,0.,0.));
#15286=DIRECTION('',(-1.,0.,0.));
#15287=DIRECTION('',(0.,0.,1.));
#15288=DIRECTION('',(1.,0.,0.));
#15289=DIRECTION('',(0.,0.,-1.));
#15290=DIRECTION('',(0.,1.,0.));
#15291=DIRECTION('',(0.,0.,1.));
#15292=DIRECTION('',(0.,0.,1.));
#15293=DIRECTION('',(0.,0.,-1.));
#15294=DIRECTION('',(-1.,0.,0.));
#15295=DIRECTION('',(0.,0.,1.));
#15296=DIRECTION('',(0.,-1.,0.));
#15297=DIRECTION('',(0.,1.,0.));
#15298=DIRECTION('',(0.,0.,1.));
#15299=DIRECTION('',(1.,0.,0.));
#15300=DIRECTION('',(0.,0.,-1.));
#15301=DIRECTION('',(0.,-1.,0.));
#15302=DIRECTION('',(0.,1.,0.));
#15303=DIRECTION('',(0.,0.,1.));
#15304=DIRECTION('',(1.,0.,0.));
#15305=DIRECTION('',(0.,0.,-1.));
#15306=DIRECTION('',(0.,-1.,0.));
#15307=DIRECTION('',(-1.,0.,0.));
#15308=DIRECTION('',(0.,0.,1.));
#15309=DIRECTION('',(0.,-1.,0.));
#15310=DIRECTION('',(0.,1.,0.));
#15311=DIRECTION('',(0.,0.,1.));
#15312=DIRECTION('',(0.,1.,0.));
#15313=DIRECTION('',(0.,0.,1.));
#15314=DIRECTION('',(1.,0.,0.));
#15315=DIRECTION('',(0.,0.,-1.));
#15316=DIRECTION('',(0.,-1.,0.));
#15317=DIRECTION('',(-1.,0.,0.));
#15318=DIRECTION('',(0.,0.,1.));
#15319=DIRECTION('',(0.,-1.,0.));
#15320=DIRECTION('',(0.,1.,0.));
#15321=DIRECTION('',(0.,0.,1.));
#15322=DIRECTION('',(0.,1.,0.));
#15323=DIRECTION('',(0.,0.,1.));
#15324=DIRECTION('',(1.,0.,0.));
#15325=DIRECTION('',(0.,0.,-1.));
#15326=DIRECTION('',(0.,-1.,0.));
#15327=DIRECTION('',(-1.,0.,0.));
#15328=DIRECTION('',(0.,0.,1.));
#15329=DIRECTION('',(0.,-1.,0.));
#15330=DIRECTION('',(0.,1.,0.));
#15331=DIRECTION('',(0.,0.,1.));
#15332=DIRECTION('',(0.,1.,0.));
#15333=DIRECTION('',(0.,0.,1.));
#15334=DIRECTION('',(1.,0.,0.));
#15335=DIRECTION('',(0.,0.,-1.));
#15336=DIRECTION('',(0.,-1.,0.));
#15337=DIRECTION('',(-1.,0.,0.));
#15338=DIRECTION('',(0.,0.,1.));
#15339=DIRECTION('',(0.,-1.,0.));
#15340=DIRECTION('',(0.,1.,0.));
#15341=DIRECTION('',(0.,0.,1.));
#15342=DIRECTION('',(0.,1.,0.));
#15343=DIRECTION('',(0.,0.,1.));
#15344=DIRECTION('',(1.,0.,0.));
#15345=DIRECTION('',(0.,0.,-1.));
#15346=DIRECTION('',(0.,-1.,0.));
#15347=DIRECTION('',(-1.,0.,0.));
#15348=DIRECTION('',(0.,0.,1.));
#15349=DIRECTION('',(0.,-1.,0.));
#15350=DIRECTION('',(0.,1.,0.));
#15351=DIRECTION('',(0.,0.,1.));
#15352=DIRECTION('',(0.,1.,0.));
#15353=DIRECTION('',(0.,0.,1.));
#15354=DIRECTION('',(1.,0.,0.));
#15355=DIRECTION('',(0.,0.,-1.));
#15356=DIRECTION('',(0.,-1.,0.));
#15357=DIRECTION('',(-1.,0.,0.));
#15358=DIRECTION('',(0.,0.,1.));
#15359=DIRECTION('',(0.,-1.,0.));
#15360=DIRECTION('',(0.,1.,0.));
#15361=DIRECTION('',(0.,0.,1.));
#15362=DIRECTION('',(0.,1.,0.));
#15363=DIRECTION('',(0.,0.,1.));
#15364=DIRECTION('',(1.,0.,0.));
#15365=DIRECTION('',(0.,0.,-1.));
#15366=DIRECTION('',(0.,-1.,0.));
#15367=DIRECTION('',(-1.,0.,0.));
#15368=DIRECTION('',(0.,0.,1.));
#15369=DIRECTION('',(0.,-1.,0.));
#15370=DIRECTION('',(0.,1.,0.));
#15371=DIRECTION('',(0.,0.,1.));
#15372=DIRECTION('',(0.,1.,0.));
#15373=DIRECTION('',(0.,0.,1.));
#15374=DIRECTION('',(1.,0.,0.));
#15375=DIRECTION('',(0.,0.,-1.));
#15376=DIRECTION('',(0.,-1.,0.));
#15377=DIRECTION('',(-1.,0.,0.));
#15378=DIRECTION('',(0.,0.,1.));
#15379=DIRECTION('',(0.,-1.,0.));
#15380=DIRECTION('',(0.,1.,0.));
#15381=DIRECTION('',(0.,0.,1.));
#15382=DIRECTION('',(0.,1.,0.));
#15383=DIRECTION('',(0.,0.,1.));
#15384=DIRECTION('',(0.,1.,0.));
#15385=DIRECTION('',(0.,0.,1.));
#15386=DIRECTION('',(0.,1.,0.));
#15387=DIRECTION('',(0.,0.,1.));
#15388=DIRECTION('',(-1.,0.,0.));
#15389=DIRECTION('',(0.,0.,1.));
#15390=DIRECTION('',(0.,-1.,0.));
#15391=DIRECTION('',(1.,0.,0.));
#15392=DIRECTION('',(0.,0.,-1.));
#15393=DIRECTION('',(0.,-1.,0.));
#15394=DIRECTION('',(0.,0.,-1.));
#15395=DIRECTION('',(-1.,0.,0.));
#15396=DIRECTION('',(0.,-1.,0.));
#15397=DIRECTION('',(0.,-1.,0.));
#15398=DIRECTION('',(-1.,0.,0.));
#15399=DIRECTION('',(0.,0.,1.));
#15400=DIRECTION('',(0.,-1.,0.));
#15401=DIRECTION('',(1.60622544071925E-15,0.,-1.));
#15402=DIRECTION('',(-1.,0.,-1.60622544071925E-15));
#15403=DIRECTION('',(0.,-1.,0.));
#15404=DIRECTION('',(1.,0.,0.));
#15405=DIRECTION('',(0.,0.,-1.));
#15406=DIRECTION('',(0.,-1.,0.));
#15407=DIRECTION('',(0.,0.,-1.));
#15408=DIRECTION('',(-1.,0.,0.));
#15409=DIRECTION('',(0.,-1.,0.));
#15410=DIRECTION('',(0.,0.,1.));
#15411=DIRECTION('',(1.,0.,0.));
#15412=DIRECTION('',(0.,-1.,0.));
#15413=DIRECTION('',(1.,0.,0.));
#15414=DIRECTION('',(0.,0.,-1.));
#15415=DIRECTION('',(0.,-1.,0.));
#15416=DIRECTION('',(0.,0.,1.));
#15417=DIRECTION('',(1.,0.,0.));
#15418=DIRECTION('',(0.,-1.,0.));
#15419=DIRECTION('',(-1.,0.,0.));
#15420=DIRECTION('',(0.,0.,1.));
#15421=DIRECTION('',(0.,-1.,0.));
#15422=DIRECTION('',(0.,0.,1.));
#15423=DIRECTION('',(1.,0.,0.));
#15424=DIRECTION('',(1.,0.,0.));
#15425=DIRECTION('',(0.,0.,-1.));
#15426=DIRECTION('',(-1.,0.,0.));
#15427=DIRECTION('',(0.,0.,1.));
#15428=DIRECTION('',(0.,0.,-1.));
#15429=DIRECTION('',(-1.,0.,0.));
#15430=DIRECTION('',(0.,-1.,0.));
#15431=DIRECTION('',(0.,-1.,0.));
#15432=DIRECTION('',(-1.,0.,0.));
#15433=DIRECTION('',(0.,0.,1.));
#15434=DIRECTION('',(0.,-1.,0.));
#15435=DIRECTION('',(1.60622544071926E-15,0.,-1.));
#15436=DIRECTION('',(-1.,0.,-1.60622544071926E-15));
#15437=DIRECTION('',(0.,-1.,0.));
#15438=DIRECTION('',(1.,0.,0.));
#15439=DIRECTION('',(0.,0.,-1.));
#15440=DIRECTION('',(0.,-1.,0.));
#15441=DIRECTION('',(0.,0.,-1.));
#15442=DIRECTION('',(-1.,0.,0.));
#15443=DIRECTION('',(0.,-1.,0.));
#15444=DIRECTION('',(0.,0.,1.));
#15445=DIRECTION('',(1.,0.,0.));
#15446=DIRECTION('',(0.,-1.,0.));
#15447=DIRECTION('',(1.,0.,0.));
#15448=DIRECTION('',(0.,0.,-1.));
#15449=DIRECTION('',(0.,-1.,0.));
#15450=DIRECTION('',(0.,0.,1.));
#15451=DIRECTION('',(1.,0.,0.));
#15452=DIRECTION('',(0.,-1.,0.));
#15453=DIRECTION('',(-1.,0.,0.));
#15454=DIRECTION('',(0.,0.,1.));
#15455=DIRECTION('',(0.,-1.,0.));
#15456=DIRECTION('',(0.,0.,1.));
#15457=DIRECTION('',(1.,0.,0.));
#15458=DIRECTION('',(1.,0.,0.));
#15459=DIRECTION('',(0.,0.,-1.));
#15460=DIRECTION('',(-1.,0.,0.));
#15461=DIRECTION('',(0.,0.,1.));
#15462=DIRECTION('',(0.,0.,-1.));
#15463=DIRECTION('',(-1.,0.,0.));
#15464=DIRECTION('',(0.,-1.,0.));
#15465=DIRECTION('',(0.,-1.,0.));
#15466=DIRECTION('',(-1.,0.,0.));
#15467=DIRECTION('',(0.,0.,1.));
#15468=DIRECTION('',(0.,-1.,0.));
#15469=DIRECTION('',(1.60622544071926E-15,0.,-1.));
#15470=DIRECTION('',(-1.,0.,-1.60622544071926E-15));
#15471=DIRECTION('',(0.,-1.,0.));
#15472=DIRECTION('',(1.,0.,0.));
#15473=DIRECTION('',(0.,0.,-1.));
#15474=DIRECTION('',(0.,-1.,0.));
#15475=DIRECTION('',(0.,0.,-1.));
#15476=DIRECTION('',(-1.,0.,0.));
#15477=DIRECTION('',(0.,-1.,0.));
#15478=DIRECTION('',(0.,0.,1.));
#15479=DIRECTION('',(1.,0.,0.));
#15480=DIRECTION('',(0.,-1.,0.));
#15481=DIRECTION('',(1.,0.,0.));
#15482=DIRECTION('',(0.,0.,-1.));
#15483=DIRECTION('',(0.,-1.,0.));
#15484=DIRECTION('',(0.,0.,1.));
#15485=DIRECTION('',(1.,0.,0.));
#15486=DIRECTION('',(0.,-1.,0.));
#15487=DIRECTION('',(-1.,0.,0.));
#15488=DIRECTION('',(0.,0.,1.));
#15489=DIRECTION('',(0.,-1.,0.));
#15490=DIRECTION('',(0.,0.,1.));
#15491=DIRECTION('',(1.,0.,0.));
#15492=DIRECTION('',(1.,0.,0.));
#15493=DIRECTION('',(0.,0.,-1.));
#15494=DIRECTION('',(-1.,0.,0.));
#15495=DIRECTION('',(0.,0.,1.));
#15496=DIRECTION('',(0.,0.,-1.));
#15497=DIRECTION('',(-1.,0.,0.));
#15498=DIRECTION('',(0.,-1.,0.));
#15499=DIRECTION('',(0.,-1.,0.));
#15500=DIRECTION('',(-1.,0.,0.));
#15501=DIRECTION('',(0.,0.,1.));
#15502=DIRECTION('',(0.,-1.,0.));
#15503=DIRECTION('',(1.60622544071927E-15,0.,-1.));
#15504=DIRECTION('',(-1.,0.,-1.60622544071927E-15));
#15505=DIRECTION('',(0.,-1.,0.));
#15506=DIRECTION('',(1.,0.,0.));
#15507=DIRECTION('',(0.,0.,-1.));
#15508=DIRECTION('',(0.,-1.,0.));
#15509=DIRECTION('',(0.,0.,-1.));
#15510=DIRECTION('',(-1.,0.,0.));
#15511=DIRECTION('',(0.,-1.,0.));
#15512=DIRECTION('',(0.,0.,1.));
#15513=DIRECTION('',(1.,0.,0.));
#15514=DIRECTION('',(0.,-1.,0.));
#15515=DIRECTION('',(1.,0.,0.));
#15516=DIRECTION('',(0.,0.,-1.));
#15517=DIRECTION('',(0.,-1.,0.));
#15518=DIRECTION('',(0.,0.,1.));
#15519=DIRECTION('',(1.,0.,0.));
#15520=DIRECTION('',(0.,-1.,0.));
#15521=DIRECTION('',(-1.,0.,0.));
#15522=DIRECTION('',(0.,0.,1.));
#15523=DIRECTION('',(0.,-1.,0.));
#15524=DIRECTION('',(0.,0.,1.));
#15525=DIRECTION('',(1.,0.,0.));
#15526=DIRECTION('',(1.,0.,0.));
#15527=DIRECTION('',(0.,0.,-1.));
#15528=DIRECTION('',(-1.,0.,0.));
#15529=DIRECTION('',(0.,0.,1.));
#15530=DIRECTION('',(0.,0.,-1.));
#15531=DIRECTION('',(-1.,0.,0.));
#15532=DIRECTION('',(0.,-1.,0.));
#15533=DIRECTION('',(0.,-1.,0.));
#15534=DIRECTION('',(-1.,0.,0.));
#15535=DIRECTION('',(0.,0.,1.));
#15536=DIRECTION('',(0.,-1.,0.));
#15537=DIRECTION('',(1.60622544071927E-15,0.,-1.));
#15538=DIRECTION('',(-1.,0.,-1.60622544071927E-15));
#15539=DIRECTION('',(0.,-1.,0.));
#15540=DIRECTION('',(1.,0.,0.));
#15541=DIRECTION('',(0.,0.,-1.));
#15542=DIRECTION('',(0.,-1.,0.));
#15543=DIRECTION('',(0.,0.,-1.));
#15544=DIRECTION('',(-1.,0.,0.));
#15545=DIRECTION('',(0.,-1.,0.));
#15546=DIRECTION('',(0.,0.,1.));
#15547=DIRECTION('',(1.,0.,0.));
#15548=DIRECTION('',(0.,-1.,0.));
#15549=DIRECTION('',(1.,0.,0.));
#15550=DIRECTION('',(0.,0.,-1.));
#15551=DIRECTION('',(0.,-1.,0.));
#15552=DIRECTION('',(0.,0.,1.));
#15553=DIRECTION('',(1.,0.,0.));
#15554=DIRECTION('',(0.,-1.,0.));
#15555=DIRECTION('',(-1.,0.,0.));
#15556=DIRECTION('',(0.,0.,1.));
#15557=DIRECTION('',(0.,-1.,0.));
#15558=DIRECTION('',(0.,0.,1.));
#15559=DIRECTION('',(1.,0.,0.));
#15560=DIRECTION('',(1.,0.,0.));
#15561=DIRECTION('',(0.,0.,-1.));
#15562=DIRECTION('',(-1.,0.,0.));
#15563=DIRECTION('',(0.,0.,1.));
#15564=DIRECTION('',(0.,0.,-1.));
#15565=DIRECTION('',(-1.,0.,0.));
#15566=DIRECTION('',(0.,-1.,0.));
#15567=DIRECTION('',(0.,-1.,0.));
#15568=DIRECTION('',(-1.,0.,0.));
#15569=DIRECTION('',(0.,0.,1.));
#15570=DIRECTION('',(0.,-1.,0.));
#15571=DIRECTION('',(1.60622544071927E-15,0.,-1.));
#15572=DIRECTION('',(-1.,0.,-1.60622544071927E-15));
#15573=DIRECTION('',(0.,-1.,0.));
#15574=DIRECTION('',(1.,0.,0.));
#15575=DIRECTION('',(0.,0.,-1.));
#15576=DIRECTION('',(0.,-1.,0.));
#15577=DIRECTION('',(0.,0.,-1.));
#15578=DIRECTION('',(-1.,0.,0.));
#15579=DIRECTION('',(0.,-1.,0.));
#15580=DIRECTION('',(0.,0.,1.));
#15581=DIRECTION('',(1.,0.,0.));
#15582=DIRECTION('',(0.,-1.,0.));
#15583=DIRECTION('',(1.,0.,0.));
#15584=DIRECTION('',(0.,0.,-1.));
#15585=DIRECTION('',(0.,-1.,0.));
#15586=DIRECTION('',(0.,0.,1.));
#15587=DIRECTION('',(1.,0.,0.));
#15588=DIRECTION('',(0.,-1.,0.));
#15589=DIRECTION('',(-1.,0.,0.));
#15590=DIRECTION('',(0.,0.,1.));
#15591=DIRECTION('',(0.,-1.,0.));
#15592=DIRECTION('',(0.,0.,1.));
#15593=DIRECTION('',(1.,0.,0.));
#15594=DIRECTION('',(1.,0.,0.));
#15595=DIRECTION('',(0.,0.,-1.));
#15596=DIRECTION('',(-1.,0.,0.));
#15597=DIRECTION('',(0.,0.,1.));
#15598=DIRECTION('',(0.,0.,-1.));
#15599=DIRECTION('',(-1.,0.,0.));
#15600=DIRECTION('',(0.,-1.,0.));
#15601=DIRECTION('',(0.,-1.,0.));
#15602=DIRECTION('',(-1.,0.,0.));
#15603=DIRECTION('',(0.,0.,1.));
#15604=DIRECTION('',(0.,-1.,0.));
#15605=DIRECTION('',(1.60622544071927E-15,0.,-1.));
#15606=DIRECTION('',(-1.,0.,-1.60622544071927E-15));
#15607=DIRECTION('',(0.,-1.,0.));
#15608=DIRECTION('',(1.,0.,0.));
#15609=DIRECTION('',(0.,0.,-1.));
#15610=DIRECTION('',(0.,-1.,0.));
#15611=DIRECTION('',(0.,0.,-1.));
#15612=DIRECTION('',(-1.,0.,0.));
#15613=DIRECTION('',(0.,-1.,0.));
#15614=DIRECTION('',(0.,0.,1.));
#15615=DIRECTION('',(1.,0.,0.));
#15616=DIRECTION('',(0.,-1.,0.));
#15617=DIRECTION('',(1.,0.,0.));
#15618=DIRECTION('',(0.,0.,-1.));
#15619=DIRECTION('',(0.,-1.,0.));
#15620=DIRECTION('',(0.,0.,1.));
#15621=DIRECTION('',(1.,0.,0.));
#15622=DIRECTION('',(0.,-1.,0.));
#15623=DIRECTION('',(-1.,0.,0.));
#15624=DIRECTION('',(0.,0.,1.));
#15625=DIRECTION('',(0.,-1.,0.));
#15626=DIRECTION('',(0.,0.,1.));
#15627=DIRECTION('',(1.,0.,0.));
#15628=DIRECTION('',(1.,0.,0.));
#15629=DIRECTION('',(0.,0.,-1.));
#15630=DIRECTION('',(-1.,0.,0.));
#15631=DIRECTION('',(0.,0.,1.));
#15632=DIRECTION('',(0.,0.,-1.));
#15633=DIRECTION('',(-1.,0.,0.));
#15634=DIRECTION('',(0.,-1.,0.));
#15635=DIRECTION('',(0.,-1.,0.));
#15636=DIRECTION('',(-1.,0.,0.));
#15637=DIRECTION('',(0.,0.,1.));
#15638=DIRECTION('',(0.,-1.,0.));
#15639=DIRECTION('',(1.60622544071926E-15,0.,-1.));
#15640=DIRECTION('',(-1.,0.,-1.60622544071926E-15));
#15641=DIRECTION('',(0.,-1.,0.));
#15642=DIRECTION('',(1.,0.,0.));
#15643=DIRECTION('',(0.,0.,-1.));
#15644=DIRECTION('',(0.,-1.,0.));
#15645=DIRECTION('',(0.,0.,-1.));
#15646=DIRECTION('',(-1.,0.,0.));
#15647=DIRECTION('',(0.,-1.,0.));
#15648=DIRECTION('',(0.,0.,1.));
#15649=DIRECTION('',(1.,0.,0.));
#15650=DIRECTION('',(0.,-1.,0.));
#15651=DIRECTION('',(1.,0.,0.));
#15652=DIRECTION('',(0.,0.,-1.));
#15653=DIRECTION('',(0.,-1.,0.));
#15654=DIRECTION('',(0.,0.,1.));
#15655=DIRECTION('',(1.,0.,0.));
#15656=DIRECTION('',(0.,-1.,0.));
#15657=DIRECTION('',(-1.,0.,0.));
#15658=DIRECTION('',(0.,0.,1.));
#15659=DIRECTION('',(0.,-1.,0.));
#15660=DIRECTION('',(0.,0.,1.));
#15661=DIRECTION('',(1.,0.,0.));
#15662=DIRECTION('',(1.,0.,0.));
#15663=DIRECTION('',(0.,0.,-1.));
#15664=DIRECTION('',(-1.,0.,0.));
#15665=DIRECTION('',(0.,0.,1.));
#15666=DIRECTION('',(0.,0.,-1.));
#15667=DIRECTION('',(-1.,0.,0.));
#15668=DIRECTION('',(0.,-1.,0.));
#15669=DIRECTION('',(0.,-1.,0.));
#15670=DIRECTION('',(-1.,0.,0.));
#15671=DIRECTION('',(0.,0.,1.));
#15672=DIRECTION('',(0.,-1.,0.));
#15673=DIRECTION('',(0.,0.,-1.));
#15674=DIRECTION('',(-1.,0.,0.));
#15675=DIRECTION('',(0.,-1.,0.));
#15676=DIRECTION('',(1.,0.,0.));
#15677=DIRECTION('',(0.,0.,-1.));
#15678=DIRECTION('',(0.,-1.,0.));
#15679=DIRECTION('',(0.,0.,-1.));
#15680=DIRECTION('',(-1.,0.,0.));
#15681=DIRECTION('',(0.,-1.,0.));
#15682=DIRECTION('',(0.,0.,1.));
#15683=DIRECTION('',(1.,0.,0.));
#15684=DIRECTION('',(0.,-1.,0.));
#15685=DIRECTION('',(1.,0.,0.));
#15686=DIRECTION('',(0.,0.,-1.));
#15687=DIRECTION('',(0.,-1.,0.));
#15688=DIRECTION('',(0.,0.,1.));
#15689=DIRECTION('',(1.,0.,0.));
#15690=DIRECTION('',(0.,-1.,0.));
#15691=DIRECTION('',(-1.,0.,0.));
#15692=DIRECTION('',(0.,0.,1.));
#15693=DIRECTION('',(0.,-1.,0.));
#15694=DIRECTION('',(0.,0.,1.));
#15695=DIRECTION('',(1.,0.,0.));
#15696=DIRECTION('',(1.,0.,0.));
#15697=DIRECTION('',(0.,0.,-1.));
#15698=DIRECTION('',(-1.,0.,0.));
#15699=DIRECTION('',(0.,0.,1.));
#15700=DIRECTION('',(0.,0.,-1.));
#15701=DIRECTION('',(-1.,0.,0.));
#15702=DIRECTION('',(0.,-1.,0.));
#15703=DIRECTION('',(0.,-1.,0.));
#15704=DIRECTION('',(-1.,0.,0.));
#15705=DIRECTION('',(0.,0.,1.));
#15706=DIRECTION('',(0.,-1.,0.));
#15707=DIRECTION('',(0.,0.,1.));
#15708=DIRECTION('',(1.,0.,0.));
#15709=DIRECTION('',(1.,0.,0.));
#15710=DIRECTION('',(0.,0.,-1.));
#15711=DIRECTION('',(-1.,0.,0.));
#15712=DIRECTION('',(0.,0.,1.));
#15713=DIRECTION('',(0.,-1.,0.));
#15714=DIRECTION('',(0.,0.,1.));
#15715=DIRECTION('',(1.,0.,0.));
#15716=DIRECTION('',(0.,-1.,0.));
#15717=DIRECTION('',(1.,0.,0.));
#15718=DIRECTION('',(0.,0.,-1.));
#15719=DIRECTION('',(0.,-1.,0.));
#15720=DIRECTION('',(0.,0.,-1.));
#15721=DIRECTION('',(-1.,0.,0.));
#15722=DIRECTION('',(0.,0.,1.));
#15723=DIRECTION('',(1.,0.,0.));
#15724=DIRECTION('',(-1.,-8.61238333437662E-16,0.));
#15725=DIRECTION('',(8.61238333437662E-16,-1.,0.));
#15726=DIRECTION('',(0.,0.,-1.));
#15727=DIRECTION('',(-8.61238333437662E-16,1.,0.));
#15728=DIRECTION('',(0.,0.,-1.));
#15729=DIRECTION('',(-8.61238333437662E-16,1.,0.));
#15730=DIRECTION('',(-1.,-8.61238333437662E-16,0.));
#15731=DIRECTION('',(8.61238333437662E-16,-1.,0.));
#15732=DIRECTION('',(0.,0.,-1.));
#15733=DIRECTION('',(0.,1.,0.));
#15734=DIRECTION('',(0.,0.,-1.));
#15735=DIRECTION('',(0.,-1.,0.));
#15736=DIRECTION('',(0.,0.,-1.));
#15737=DIRECTION('',(-8.61238333437662E-16,1.,0.));
#15738=DIRECTION('',(-1.,-8.61238333437662E-16,0.));
#15739=DIRECTION('',(8.61238333437662E-16,-1.,0.));
#15740=DIRECTION('',(0.,0.,-1.));
#15741=DIRECTION('',(-8.61238333437662E-16,1.,0.));
#15742=DIRECTION('',(0.,0.,-1.));
#15743=DIRECTION('',(-8.61238333437662E-16,1.,0.));
#15744=DIRECTION('',(-1.,-8.61238333437662E-16,0.));
#15745=DIRECTION('',(8.61238333437662E-16,-1.,0.));
#15746=DIRECTION('',(0.,0.,-1.));
#15747=DIRECTION('',(0.,1.,0.));
#15748=DIRECTION('',(0.,0.,-1.));
#15749=DIRECTION('',(0.,-1.,0.));
#15750=DIRECTION('',(0.,0.,-1.));
#15751=DIRECTION('',(-8.61238333437662E-16,1.,0.));
#15752=DIRECTION('',(-1.,-6.45928750078246E-16,0.));
#15753=DIRECTION('',(6.45928750078246E-16,-1.,0.));
#15754=DIRECTION('',(0.,0.,-1.));
#15755=DIRECTION('',(-6.45928750078246E-16,1.,0.));
#15756=DIRECTION('',(0.,0.,-1.));
#15757=DIRECTION('',(-6.45928750078246E-16,1.,0.));
#15758=DIRECTION('',(-1.,-6.45928750078246E-16,0.));
#15759=DIRECTION('',(6.45928750078246E-16,-1.,0.));
#15760=DIRECTION('',(0.,0.,-1.));
#15761=DIRECTION('',(0.,1.,0.));
#15762=DIRECTION('',(0.,0.,-1.));
#15763=DIRECTION('',(0.,-1.,0.));
#15764=DIRECTION('',(0.,0.,-1.));
#15765=DIRECTION('',(-6.45928750078246E-16,1.,0.));
#15766=DIRECTION('',(-1.,-8.61238333437662E-16,0.));
#15767=DIRECTION('',(8.61238333437662E-16,-1.,0.));
#15768=DIRECTION('',(0.,0.,-1.));
#15769=DIRECTION('',(-8.61238333437662E-16,1.,0.));
#15770=DIRECTION('',(0.,0.,-1.));
#15771=DIRECTION('',(-8.61238333437662E-16,1.,0.));
#15772=DIRECTION('',(-1.,-8.61238333437662E-16,0.));
#15773=DIRECTION('',(8.61238333437662E-16,-1.,0.));
#15774=DIRECTION('',(0.,0.,-1.));
#15775=DIRECTION('',(0.,1.,0.));
#15776=DIRECTION('',(0.,0.,-1.));
#15777=DIRECTION('',(0.,-1.,0.));
#15778=DIRECTION('',(0.,0.,-1.));
#15779=DIRECTION('',(-8.61238333437662E-16,1.,0.));
#15780=DIRECTION('',(-1.,-7.53583541757954E-16,0.));
#15781=DIRECTION('',(7.53583541757954E-16,-1.,0.));
#15782=DIRECTION('',(0.,0.,-1.));
#15783=DIRECTION('',(-7.53583541757954E-16,1.,0.));
#15784=DIRECTION('',(0.,0.,-1.));
#15785=DIRECTION('',(-7.53583541757954E-16,1.,0.));
#15786=DIRECTION('',(-1.,-7.53583541757954E-16,0.));
#15787=DIRECTION('',(7.53583541757954E-16,-1.,0.));
#15788=DIRECTION('',(0.,0.,-1.));
#15789=DIRECTION('',(0.,1.,0.));
#15790=DIRECTION('',(0.,0.,-1.));
#15791=DIRECTION('',(0.,-1.,0.));
#15792=DIRECTION('',(0.,0.,-1.));
#15793=DIRECTION('',(-7.53583541757954E-16,1.,0.));
#15794=DIRECTION('',(-1.,-6.997561459181E-16,0.));
#15795=DIRECTION('',(6.997561459181E-16,-1.,0.));
#15796=DIRECTION('',(0.,0.,-1.));
#15797=DIRECTION('',(-6.997561459181E-16,1.,0.));
#15798=DIRECTION('',(0.,0.,-1.));
#15799=DIRECTION('',(-6.997561459181E-16,1.,0.));
#15800=DIRECTION('',(-1.,-6.997561459181E-16,0.));
#15801=DIRECTION('',(6.997561459181E-16,-1.,0.));
#15802=DIRECTION('',(0.,0.,-1.));
#15803=DIRECTION('',(0.,1.,0.));
#15804=DIRECTION('',(0.,0.,-1.));
#15805=DIRECTION('',(0.,-1.,0.));
#15806=DIRECTION('',(0.,0.,-1.));
#15807=DIRECTION('',(-6.997561459181E-16,1.,0.));
#15808=DIRECTION('',(-1.,-6.45928750078246E-16,0.));
#15809=DIRECTION('',(6.45928750078246E-16,-1.,0.));
#15810=DIRECTION('',(0.,0.,-1.));
#15811=DIRECTION('',(-6.45928750078246E-16,1.,0.));
#15812=DIRECTION('',(0.,0.,-1.));
#15813=DIRECTION('',(-6.45928750078246E-16,1.,0.));
#15814=DIRECTION('',(-1.,-6.45928750078246E-16,0.));
#15815=DIRECTION('',(6.45928750078246E-16,-1.,0.));
#15816=DIRECTION('',(0.,0.,-1.));
#15817=DIRECTION('',(0.,1.,0.));
#15818=DIRECTION('',(0.,0.,-1.));
#15819=DIRECTION('',(0.,-1.,0.));
#15820=DIRECTION('',(0.,0.,-1.));
#15821=DIRECTION('',(-6.45928750078246E-16,1.,0.));
#15822=DIRECTION('',(-1.,-6.45928750078246E-16,0.));
#15823=DIRECTION('',(6.45928750078246E-16,-1.,0.));
#15824=DIRECTION('',(0.,0.,-1.));
#15825=DIRECTION('',(-6.45928750078246E-16,1.,0.));
#15826=DIRECTION('',(0.,0.,-1.));
#15827=DIRECTION('',(-6.45928750078246E-16,1.,0.));
#15828=DIRECTION('',(-1.,-6.45928750078246E-16,0.));
#15829=DIRECTION('',(6.45928750078246E-16,-1.,0.));
#15830=DIRECTION('',(0.,0.,-1.));
#15831=DIRECTION('',(0.,1.,0.));
#15832=DIRECTION('',(0.,0.,-1.));
#15833=DIRECTION('',(0.,-1.,0.));
#15834=DIRECTION('',(0.,0.,-1.));
#15835=DIRECTION('',(-6.45928750078246E-16,1.,0.));
#15836=DIRECTION('',(-1.,-4.30619166718831E-16,0.));
#15837=DIRECTION('',(4.30619166718831E-16,-1.,0.));
#15838=DIRECTION('',(0.,0.,-1.));
#15839=DIRECTION('',(-4.30619166718831E-16,1.,0.));
#15840=DIRECTION('',(0.,0.,-1.));
#15841=DIRECTION('',(-4.30619166718831E-16,1.,0.));
#15842=DIRECTION('',(-1.,-4.30619166718831E-16,0.));
#15843=DIRECTION('',(4.30619166718831E-16,-1.,0.));
#15844=DIRECTION('',(0.,0.,-1.));
#15845=DIRECTION('',(0.,1.,0.));
#15846=DIRECTION('',(0.,0.,-1.));
#15847=DIRECTION('',(0.,-1.,0.));
#15848=DIRECTION('',(0.,0.,-1.));
#15849=DIRECTION('',(-4.30619166718831E-16,1.,0.));
#15850=DIRECTION('',(-1.,0.,0.));
#15851=DIRECTION('',(0.,0.,1.));
#15852=DIRECTION('',(0.,0.,-1.));
#15853=DIRECTION('',(0.,1.,0.));
#15854=DIRECTION('',(0.,0.,-1.));
#15855=DIRECTION('',(0.,1.,0.));
#15856=DIRECTION('',(-1.,0.,0.));
#15857=DIRECTION('',(0.,0.,1.));
#15858=DIRECTION('',(0.,0.,-1.));
#15859=DIRECTION('',(0.,1.,0.));
#15860=DIRECTION('',(0.,0.,-1.));
#15861=DIRECTION('',(0.,-1.,0.));
#15862=DIRECTION('',(0.,0.,-1.));
#15863=DIRECTION('',(0.,1.,0.));
#15864=DIRECTION('',(1.,0.,0.));
#15865=DIRECTION('',(0.,0.,-1.));
#15866=DIRECTION('',(0.,0.,1.));
#15867=DIRECTION('',(0.,-1.,0.));
#15868=DIRECTION('',(0.,0.,-1.));
#15869=DIRECTION('',(0.,-1.,0.));
#15870=DIRECTION('',(0.,0.,1.));
#15871=DIRECTION('',(0.,-1.,0.));
#15872=DIRECTION('',(0.,0.,-1.));
#15873=DIRECTION('',(0.,1.,0.));
#15874=DIRECTION('',(0.,0.,1.));
#15875=DIRECTION('',(1.,0.,0.));
#15876=DIRECTION('',(0.,0.,-1.));
#15877=DIRECTION('',(0.,-1.,0.));
#15878=DIRECTION('',(1.,0.,0.));
#15879=DIRECTION('',(0.,0.,-1.));
#15880=DIRECTION('',(0.,0.,1.));
#15881=DIRECTION('',(0.,-1.,0.));
#15882=DIRECTION('',(0.,0.,-1.));
#15883=DIRECTION('',(0.,-1.,0.));
#15884=DIRECTION('',(0.,0.,1.));
#15885=DIRECTION('',(0.,-1.,0.));
#15886=DIRECTION('',(0.,0.,-1.));
#15887=DIRECTION('',(0.,1.,0.));
#15888=DIRECTION('',(0.,0.,1.));
#15889=DIRECTION('',(1.,0.,0.));
#15890=DIRECTION('',(0.,0.,-1.));
#15891=DIRECTION('',(0.,-1.,0.));
#15892=DIRECTION('',(1.,0.,0.));
#15893=DIRECTION('',(0.,0.,-1.));
#15894=DIRECTION('',(0.,0.,1.));
#15895=DIRECTION('',(0.,-1.,0.));
#15896=DIRECTION('',(0.,0.,-1.));
#15897=DIRECTION('',(0.,-1.,0.));
#15898=DIRECTION('',(0.,0.,1.));
#15899=DIRECTION('',(0.,-1.,0.));
#15900=DIRECTION('',(0.,0.,-1.));
#15901=DIRECTION('',(0.,1.,0.));
#15902=DIRECTION('',(0.,0.,1.));
#15903=DIRECTION('',(1.,0.,0.));
#15904=DIRECTION('',(0.,0.,-1.));
#15905=DIRECTION('',(0.,-1.,0.));
#15906=DIRECTION('',(1.,0.,0.));
#15907=DIRECTION('',(0.,0.,-1.));
#15908=DIRECTION('',(0.,0.,1.));
#15909=DIRECTION('',(0.,-1.,0.));
#15910=DIRECTION('',(0.,0.,-1.));
#15911=DIRECTION('',(0.,-1.,0.));
#15912=DIRECTION('',(0.,0.,1.));
#15913=DIRECTION('',(0.,-1.,0.));
#15914=DIRECTION('',(0.,0.,-1.));
#15915=DIRECTION('',(0.,1.,0.));
#15916=DIRECTION('',(0.,0.,1.));
#15917=DIRECTION('',(1.,0.,0.));
#15918=DIRECTION('',(0.,0.,-1.));
#15919=DIRECTION('',(0.,-1.,0.));
#15920=DIRECTION('',(1.,0.,0.));
#15921=DIRECTION('',(0.,0.,-1.));
#15922=DIRECTION('',(0.,0.,1.));
#15923=DIRECTION('',(0.,-1.,0.));
#15924=DIRECTION('',(0.,0.,-1.));
#15925=DIRECTION('',(0.,-1.,0.));
#15926=DIRECTION('',(0.,0.,1.));
#15927=DIRECTION('',(0.,-1.,0.));
#15928=DIRECTION('',(0.,0.,-1.));
#15929=DIRECTION('',(0.,1.,0.));
#15930=DIRECTION('',(0.,0.,1.));
#15931=DIRECTION('',(1.,0.,0.));
#15932=DIRECTION('',(0.,0.,-1.));
#15933=DIRECTION('',(0.,-1.,0.));
#15934=DIRECTION('',(1.,0.,0.));
#15935=DIRECTION('',(0.,0.,-1.));
#15936=DIRECTION('',(0.,0.,1.));
#15937=DIRECTION('',(0.,-1.,0.));
#15938=DIRECTION('',(0.,0.,-1.));
#15939=DIRECTION('',(0.,-1.,0.));
#15940=DIRECTION('',(0.,0.,1.));
#15941=DIRECTION('',(0.,-1.,0.));
#15942=DIRECTION('',(0.,0.,-1.));
#15943=DIRECTION('',(0.,1.,0.));
#15944=DIRECTION('',(0.,0.,1.));
#15945=DIRECTION('',(1.,0.,0.));
#15946=DIRECTION('',(0.,0.,-1.));
#15947=DIRECTION('',(0.,-1.,0.));
#15948=DIRECTION('',(1.,0.,0.));
#15949=DIRECTION('',(0.,0.,-1.));
#15950=DIRECTION('',(0.,0.,1.));
#15951=DIRECTION('',(0.,-1.,0.));
#15952=DIRECTION('',(0.,0.,-1.));
#15953=DIRECTION('',(0.,-1.,0.));
#15954=DIRECTION('',(0.,0.,1.));
#15955=DIRECTION('',(0.,-1.,0.));
#15956=DIRECTION('',(0.,0.,-1.));
#15957=DIRECTION('',(0.,1.,0.));
#15958=DIRECTION('',(0.,0.,1.));
#15959=DIRECTION('',(1.,0.,0.));
#15960=DIRECTION('',(0.,0.,-1.));
#15961=DIRECTION('',(0.,-1.,0.));
#15962=DIRECTION('',(1.,0.,0.));
#15963=DIRECTION('',(0.,0.,-1.));
#15964=DIRECTION('',(0.,0.,1.));
#15965=DIRECTION('',(0.,-1.,0.));
#15966=DIRECTION('',(0.,0.,-1.));
#15967=DIRECTION('',(0.,-1.,0.));
#15968=DIRECTION('',(0.,0.,1.));
#15969=DIRECTION('',(0.,-1.,0.));
#15970=DIRECTION('',(0.,0.,-1.));
#15971=DIRECTION('',(0.,1.,0.));
#15972=DIRECTION('',(0.,0.,1.));
#15973=DIRECTION('',(1.,0.,0.));
#15974=DIRECTION('',(0.,0.,-1.));
#15975=DIRECTION('',(0.,-1.,0.));
#15976=DIRECTION('',(1.,0.,0.));
#15977=DIRECTION('',(0.,0.,-1.));
#15978=DIRECTION('',(0.,0.,1.));
#15979=DIRECTION('',(0.,-1.,0.));
#15980=DIRECTION('',(0.,0.,-1.));
#15981=DIRECTION('',(0.,-1.,0.));
#15982=DIRECTION('',(0.,0.,1.));
#15983=DIRECTION('',(0.,-1.,0.));
#15984=DIRECTION('',(0.,0.,-1.));
#15985=DIRECTION('',(0.,1.,0.));
#15986=DIRECTION('',(0.,0.,1.));
#15987=DIRECTION('',(1.,0.,0.));
#15988=DIRECTION('',(0.,0.,-1.));
#15989=DIRECTION('',(0.,-1.,0.));
#15990=DIRECTION('',(1.,0.,0.));
#15991=DIRECTION('',(0.,0.,-1.));
#15992=DIRECTION('',(0.,0.,1.));
#15993=DIRECTION('',(0.,-1.,0.));
#15994=DIRECTION('',(0.,0.,-1.));
#15995=DIRECTION('',(0.,-1.,0.));
#15996=DIRECTION('',(0.,0.,1.));
#15997=DIRECTION('',(0.,-1.,0.));
#15998=DIRECTION('',(0.,0.,-1.));
#15999=DIRECTION('',(0.,1.,0.));
#16000=DIRECTION('',(0.,0.,1.));
#16001=DIRECTION('',(1.,0.,0.));
#16002=DIRECTION('',(0.,0.,-1.));
#16003=DIRECTION('',(0.,-1.,0.));
#16004=DIRECTION('',(0.,-1.,0.));
#16005=DIRECTION('',(0.,0.,-1.));
#16006=DIRECTION('',(1.,0.,-4.59685960472352E-16));
#16007=DIRECTION('',(1.,0.,0.));
#16008=DIRECTION('',(0.,-1.,0.));
#16009=DIRECTION('',(0.,0.,-1.));
#16010=DIRECTION('',(1.,0.,-3.9401653754773E-16));
#16011=DIRECTION('',(1.,0.,0.));
#16012=DIRECTION('',(0.,-1.,0.));
#16013=DIRECTION('',(0.,0.,-1.));
#16014=DIRECTION('',(1.,0.,-3.9401653754773E-16));
#16015=DIRECTION('',(1.,0.,0.));
#16016=DIRECTION('',(0.,-1.,0.));
#16017=DIRECTION('',(0.,0.,-1.));
#16018=DIRECTION('',(1.,0.,-3.9401653754773E-16));
#16019=DIRECTION('',(1.,0.,0.));
#16020=DIRECTION('',(0.,-1.,0.));
#16021=DIRECTION('',(0.,0.,-1.));
#16022=DIRECTION('',(1.,0.,-3.9401653754773E-16));
#16023=DIRECTION('',(1.,0.,0.));
#16024=DIRECTION('',(0.,-1.,0.));
#16025=DIRECTION('',(0.,0.,-1.));
#16026=DIRECTION('',(1.,0.,-3.9401653754773E-16));
#16027=DIRECTION('',(1.,0.,0.));
#16028=DIRECTION('',(0.,-1.,0.));
#16029=DIRECTION('',(0.,0.,-1.));
#16030=DIRECTION('',(1.,0.,-3.9401653754773E-16));
#16031=DIRECTION('',(1.,0.,0.));
#16032=DIRECTION('',(0.,-1.,0.));
#16033=DIRECTION('',(0.,0.,-1.));
#16034=DIRECTION('',(1.,0.,-3.9401653754773E-16));
#16035=DIRECTION('',(1.,0.,0.));
#16036=DIRECTION('',(0.,-1.,0.));
#16037=DIRECTION('',(0.,0.,-1.));
#16038=DIRECTION('',(1.,0.,-3.9401653754773E-16));
#16039=DIRECTION('',(1.,0.,0.));
#16040=DIRECTION('',(0.,-1.,0.));
#16041=DIRECTION('',(0.,0.,-1.));
#16042=DIRECTION('',(1.,0.,-3.9401653754773E-16));
#16043=DIRECTION('',(1.,0.,0.));
#16044=DIRECTION('',(0.,0.,1.));
#16045=DIRECTION('',(1.,0.,0.));
#16046=DIRECTION('',(-1.,0.,0.));
#16047=DIRECTION('',(0.,-1.,0.));
#16048=DIRECTION('',(1.,0.,0.));
#16049=DIRECTION('',(0.,1.,0.));
#16050=DIRECTION('',(-1.,0.,0.));
#16051=DIRECTION('',(0.,1.,0.));
#16052=DIRECTION('',(-1.,0.,0.));
#16053=DIRECTION('',(0.,0.,1.));
#16054=DIRECTION('',(1.,0.,0.));
#16055=DIRECTION('',(-1.,0.,0.));
#16056=DIRECTION('',(-1.,0.,0.));
#16057=DIRECTION('',(-1.,0.,0.));
#16058=DIRECTION('',(0.,-1.,0.));
#16059=DIRECTION('',(1.,0.,0.));
#16060=DIRECTION('',(0.,1.,0.));
#16061=DIRECTION('',(-1.,0.,0.));
#16062=DIRECTION('',(0.,1.,0.));
#16063=DIRECTION('',(1.,0.,0.));
#16064=DIRECTION('',(0.,-1.,0.));
#16065=DIRECTION('',(0.,0.,1.));
#16066=DIRECTION('',(1.,0.,0.));
#16067=DIRECTION('',(-1.,0.,0.));
#16068=DIRECTION('',(-1.,0.,0.));
#16069=DIRECTION('',(-1.,0.,0.));
#16070=DIRECTION('',(0.,-1.,0.));
#16071=DIRECTION('',(1.,0.,0.));
#16072=DIRECTION('',(0.,1.,0.));
#16073=DIRECTION('',(-1.,0.,0.));
#16074=DIRECTION('',(0.,1.,0.));
#16075=DIRECTION('',(1.,0.,0.));
#16076=DIRECTION('',(0.,-1.,0.));
#16077=DIRECTION('',(0.,0.,1.));
#16078=DIRECTION('',(1.,0.,0.));
#16079=DIRECTION('',(-1.,0.,0.));
#16080=DIRECTION('',(-1.,0.,0.));
#16081=DIRECTION('',(-1.,0.,0.));
#16082=DIRECTION('',(0.,-1.,0.));
#16083=DIRECTION('',(1.,0.,0.));
#16084=DIRECTION('',(0.,1.,0.));
#16085=DIRECTION('',(-1.,0.,0.));
#16086=DIRECTION('',(0.,1.,0.));
#16087=DIRECTION('',(1.,0.,0.));
#16088=DIRECTION('',(0.,-1.,0.));
#16089=DIRECTION('',(0.,0.,1.));
#16090=DIRECTION('',(1.,0.,0.));
#16091=DIRECTION('',(-1.,0.,0.));
#16092=DIRECTION('',(-1.,0.,0.));
#16093=DIRECTION('',(-1.,0.,0.));
#16094=DIRECTION('',(0.,-1.,0.));
#16095=DIRECTION('',(1.,0.,0.));
#16096=DIRECTION('',(0.,1.,0.));
#16097=DIRECTION('',(-1.,0.,0.));
#16098=DIRECTION('',(0.,1.,0.));
#16099=DIRECTION('',(1.,0.,0.));
#16100=DIRECTION('',(0.,-1.,0.));
#16101=DIRECTION('',(0.,0.,1.));
#16102=DIRECTION('',(1.,0.,0.));
#16103=DIRECTION('',(-1.,0.,0.));
#16104=DIRECTION('',(-1.,0.,0.));
#16105=DIRECTION('',(-1.,0.,0.));
#16106=DIRECTION('',(0.,-1.,0.));
#16107=DIRECTION('',(1.,0.,0.));
#16108=DIRECTION('',(0.,1.,0.));
#16109=DIRECTION('',(-1.,0.,0.));
#16110=DIRECTION('',(0.,1.,0.));
#16111=DIRECTION('',(1.,0.,0.));
#16112=DIRECTION('',(0.,-1.,0.));
#16113=DIRECTION('',(0.,0.,1.));
#16114=DIRECTION('',(1.,0.,0.));
#16115=DIRECTION('',(-1.,0.,0.));
#16116=DIRECTION('',(-1.,0.,0.));
#16117=DIRECTION('',(-1.,0.,0.));
#16118=DIRECTION('',(0.,-1.,0.));
#16119=DIRECTION('',(1.,0.,0.));
#16120=DIRECTION('',(0.,1.,0.));
#16121=DIRECTION('',(-1.,0.,0.));
#16122=DIRECTION('',(0.,1.,0.));
#16123=DIRECTION('',(1.,0.,0.));
#16124=DIRECTION('',(0.,-1.,0.));
#16125=DIRECTION('',(0.,0.,1.));
#16126=DIRECTION('',(1.,0.,0.));
#16127=DIRECTION('',(-1.,0.,0.));
#16128=DIRECTION('',(-1.,0.,0.));
#16129=DIRECTION('',(-1.,0.,0.));
#16130=DIRECTION('',(0.,-1.,0.));
#16131=DIRECTION('',(1.,0.,0.));
#16132=DIRECTION('',(0.,1.,0.));
#16133=DIRECTION('',(-1.,0.,0.));
#16134=DIRECTION('',(0.,1.,0.));
#16135=DIRECTION('',(1.,0.,0.));
#16136=DIRECTION('',(0.,-1.,0.));
#16137=DIRECTION('',(0.,0.,1.));
#16138=DIRECTION('',(1.,0.,0.));
#16139=DIRECTION('',(-1.,0.,0.));
#16140=DIRECTION('',(-1.,0.,0.));
#16141=DIRECTION('',(-1.,0.,0.));
#16142=DIRECTION('',(0.,-1.,0.));
#16143=DIRECTION('',(1.,0.,0.));
#16144=DIRECTION('',(0.,1.,0.));
#16145=DIRECTION('',(-1.,0.,0.));
#16146=DIRECTION('',(0.,1.,0.));
#16147=DIRECTION('',(1.,0.,0.));
#16148=DIRECTION('',(0.,-1.,0.));
#16149=DIRECTION('',(0.,0.,1.));
#16150=DIRECTION('',(1.,0.,0.));
#16151=DIRECTION('',(-1.,0.,0.));
#16152=DIRECTION('',(-1.,0.,0.));
#16153=DIRECTION('',(-1.,0.,0.));
#16154=DIRECTION('',(0.,-1.,0.));
#16155=DIRECTION('',(1.,0.,0.));
#16156=DIRECTION('',(0.,1.,0.));
#16157=DIRECTION('',(-1.,0.,0.));
#16158=DIRECTION('',(0.,1.,0.));
#16159=DIRECTION('',(1.,0.,0.));
#16160=DIRECTION('',(0.,-1.,0.));
#16161=DIRECTION('',(-1.,0.,0.));
#16162=DIRECTION('',(0.,0.,1.));
#16163=DIRECTION('',(-1.,0.,0.));
#16164=DIRECTION('',(1.,0.,0.));
#16165=DIRECTION('',(0.,0.,-1.));
#16166=DIRECTION('',(-1.,0.,0.));
#16167=DIRECTION('',(0.,0.,1.));
#16168=DIRECTION('',(-1.,0.,0.));
#16169=DIRECTION('',(-1.,0.,0.));
#16170=DIRECTION('',(0.,0.,1.));
#16171=DIRECTION('',(-1.,0.,0.));
#16172=DIRECTION('',(-1.,0.,0.));
#16173=DIRECTION('',(0.,0.,1.));
#16174=DIRECTION('',(-1.,0.,0.));
#16175=DIRECTION('',(-1.,0.,0.));
#16176=DIRECTION('',(0.,0.,1.));
#16177=DIRECTION('',(-1.,0.,0.));
#16178=DIRECTION('',(-1.,0.,0.));
#16179=DIRECTION('',(0.,0.,1.));
#16180=DIRECTION('',(-1.,0.,0.));
#16181=DIRECTION('',(-1.,0.,0.));
#16182=DIRECTION('',(0.,0.,1.));
#16183=DIRECTION('',(-1.,0.,0.));
#16184=DIRECTION('',(-1.,0.,0.));
#16185=DIRECTION('',(0.,0.,1.));
#16186=DIRECTION('',(-1.,0.,0.));
#16187=DIRECTION('',(-1.,0.,0.));
#16188=DIRECTION('',(0.,0.,1.));
#16189=DIRECTION('',(-1.,0.,0.));
#16190=DIRECTION('',(-1.,0.,0.));
#16191=DIRECTION('',(0.,0.,1.));
#16192=DIRECTION('',(-1.,0.,0.));
#16193=DIRECTION('',(0.,-1.,0.));
#16194=DIRECTION('',(0.,0.,-1.));
#16195=DIRECTION('',(1.,0.,0.));
#16196=DIRECTION('',(-0.496988253422633,0.,0.867757267880783));
#16197=DIRECTION('',(-0.49698825342263,0.,-0.867757267880785));
#16198=DIRECTION('',(0.,0.,1.));
#16199=DIRECTION('',(0.,1.,0.));
#16200=DIRECTION('',(1.,0.,0.));
#16201=DIRECTION('',(0.,0.,-1.));
#16202=DIRECTION('',(0.,1.,0.));
#16203=DIRECTION('',(1.,0.,0.));
#16204=DIRECTION('',(0.,-1.,0.));
#16205=DIRECTION('',(0.,0.,-1.));
#16206=DIRECTION('',(-1.,0.,0.));
#16207=DIRECTION('',(0.,0.,-1.));
#16208=DIRECTION('',(-1.,0.,0.));
#16209=DIRECTION('',(0.,0.,-1.));
#16210=DIRECTION('',(-1.,0.,0.));
#16211=DIRECTION('',(-1.,0.,0.));
#16212=DIRECTION('',(-1.,0.,0.));
#16213=DIRECTION('',(-1.,0.,0.));
#16214=DIRECTION('',(-1.,0.,0.));
#16215=DIRECTION('',(-1.,0.,0.));
#16216=DIRECTION('',(-1.,0.,0.));
#16217=DIRECTION('',(-1.,0.,0.));
#16218=DIRECTION('',(-1.,0.,0.));
#16219=DIRECTION('',(-1.,0.,0.));
#16220=DIRECTION('',(1.,0.,0.));
#16221=DIRECTION('',(0.,0.,-1.));
#16222=DIRECTION('',(0.,-1.,0.));
#16223=DIRECTION('',(1.,0.,0.));
#16224=DIRECTION('',(0.,0.,-1.));
#16225=DIRECTION('',(0.,-1.,0.));
#16226=DIRECTION('',(0.,0.,-1.));
#16227=DIRECTION('',(0.,-1.,-2.84567499340027E-15));
#16228=DIRECTION('',(0.,0.,-1.));
#16229=DIRECTION('',(0.,1.,0.));
#16230=DIRECTION('',(0.,0.,1.));
#16231=DIRECTION('',(0.,0.,-1.));
#16232=DIRECTION('',(-1.,0.,0.));
#16233=DIRECTION('',(1.,0.,0.));
#16234=DIRECTION('',(0.,1.,0.));
#16235=DIRECTION('',(0.,0.,1.));
#16236=DIRECTION('',(0.,0.,-1.));
#16237=DIRECTION('',(-1.,0.,0.));
#16238=DIRECTION('',(1.,0.,0.));
#16239=DIRECTION('',(-1.,0.,0.));
#16240=DIRECTION('',(0.,0.,1.));
#16241=DIRECTION('',(0.,0.,1.));
#16242=DIRECTION('',(-1.,0.,0.));
#16243=DIRECTION('',(0.,0.,-1.));
#16244=DIRECTION('',(0.,1.,0.));
#16245=DIRECTION('',(0.,0.,1.));
#16246=DIRECTION('',(0.,0.,-1.));
#16247=DIRECTION('',(-1.,0.,0.));
#16248=DIRECTION('',(1.,0.,0.));
#16249=DIRECTION('',(-1.,0.,0.));
#16250=DIRECTION('',(0.,0.,1.));
#16251=DIRECTION('',(0.,0.,1.));
#16252=DIRECTION('',(-1.,0.,0.));
#16253=DIRECTION('',(0.,0.,-1.));
#16254=DIRECTION('',(0.,1.,0.));
#16255=DIRECTION('',(0.,0.,1.));
#16256=DIRECTION('',(0.,0.,-1.));
#16257=DIRECTION('',(-1.,0.,0.));
#16258=DIRECTION('',(1.,0.,0.));
#16259=DIRECTION('',(-1.,0.,0.));
#16260=DIRECTION('',(0.,0.,1.));
#16261=DIRECTION('',(0.,0.,1.));
#16262=DIRECTION('',(-1.,0.,0.));
#16263=DIRECTION('',(0.,0.,-1.));
#16264=DIRECTION('',(0.,1.,0.));
#16265=DIRECTION('',(0.,0.,1.));
#16266=DIRECTION('',(0.,0.,-1.));
#16267=DIRECTION('',(-1.,0.,0.));
#16268=DIRECTION('',(1.,0.,0.));
#16269=DIRECTION('',(-1.,0.,0.));
#16270=DIRECTION('',(0.,0.,1.));
#16271=DIRECTION('',(0.,0.,1.));
#16272=DIRECTION('',(-1.,0.,0.));
#16273=DIRECTION('',(0.,0.,-1.));
#16274=DIRECTION('',(0.,1.,0.));
#16275=DIRECTION('',(0.,0.,1.));
#16276=DIRECTION('',(0.,0.,-1.));
#16277=DIRECTION('',(-1.,0.,0.));
#16278=DIRECTION('',(1.,0.,0.));
#16279=DIRECTION('',(-1.,0.,0.));
#16280=DIRECTION('',(0.,0.,1.));
#16281=DIRECTION('',(0.,0.,1.));
#16282=DIRECTION('',(-1.,0.,0.));
#16283=DIRECTION('',(0.,0.,-1.));
#16284=DIRECTION('',(0.,1.,0.));
#16285=DIRECTION('',(0.,0.,1.));
#16286=DIRECTION('',(0.,0.,-1.));
#16287=DIRECTION('',(-1.,0.,0.));
#16288=DIRECTION('',(1.,0.,0.));
#16289=DIRECTION('',(-1.,0.,0.));
#16290=DIRECTION('',(0.,0.,1.));
#16291=DIRECTION('',(0.,0.,1.));
#16292=DIRECTION('',(-1.,0.,0.));
#16293=DIRECTION('',(0.,0.,-1.));
#16294=DIRECTION('',(0.,1.,0.));
#16295=DIRECTION('',(0.,0.,1.));
#16296=DIRECTION('',(0.,0.,-1.));
#16297=DIRECTION('',(-1.,0.,0.));
#16298=DIRECTION('',(1.,0.,0.));
#16299=DIRECTION('',(-1.,0.,0.));
#16300=DIRECTION('',(0.,0.,1.));
#16301=DIRECTION('',(0.,0.,1.));
#16302=DIRECTION('',(-1.,0.,0.));
#16303=DIRECTION('',(0.,0.,-1.));
#16304=DIRECTION('',(0.,1.,0.));
#16305=DIRECTION('',(0.,0.,1.));
#16306=DIRECTION('',(0.,0.,-1.));
#16307=DIRECTION('',(-1.,0.,0.));
#16308=DIRECTION('',(1.,0.,0.));
#16309=DIRECTION('',(-1.,0.,0.));
#16310=DIRECTION('',(0.,0.,1.));
#16311=DIRECTION('',(0.,0.,1.));
#16312=DIRECTION('',(-1.,0.,0.));
#16313=DIRECTION('',(0.,0.,-1.));
#16314=DIRECTION('',(0.,1.,0.));
#16315=DIRECTION('',(0.,0.,1.));
#16316=DIRECTION('',(0.,0.,-1.));
#16317=DIRECTION('',(-1.,0.,0.));
#16318=DIRECTION('',(1.,0.,0.));
#16319=DIRECTION('',(-1.,0.,0.));
#16320=DIRECTION('',(0.,0.,1.));
#16321=DIRECTION('',(0.,0.,1.));
#16322=DIRECTION('',(-1.,0.,0.));
#16323=DIRECTION('',(0.,0.,-1.));
#16324=DIRECTION('',(0.,1.,0.));
#16325=DIRECTION('',(0.,0.,1.));
#16326=DIRECTION('',(0.,0.,-1.));
#16327=DIRECTION('',(-1.,0.,0.));
#16328=DIRECTION('',(1.,0.,0.));
#16329=DIRECTION('',(-1.,0.,0.));
#16330=DIRECTION('',(0.,0.,1.));
#16331=DIRECTION('',(1.,0.,0.));
#16332=DIRECTION('',(0.,0.,1.));
#16333=DIRECTION('',(-1.,0.,0.));
#16334=DIRECTION('',(0.,0.,-1.));
#16335=DIRECTION('',(-1.,0.,0.));
#16336=DIRECTION('',(0.,0.,1.));
#16337=DIRECTION('',(0.,0.,-1.));
#16338=DIRECTION('',(0.,-1.,-2.84567499340027E-15));
#16339=DIRECTION('',(0.,1.,0.));
#16340=DIRECTION('',(0.,0.,1.));
#16341=DIRECTION('',(1.,0.,0.));
#16342=DIRECTION('',(-1.,0.,0.));
#16343=DIRECTION('',(-1.,0.,0.));
#16344=DIRECTION('',(-1.,0.,0.));
#16345=DIRECTION('',(0.,1.,0.));
#16346=DIRECTION('',(0.,-1.,0.));
#16347=DIRECTION('',(0.,0.,1.));
#16348=DIRECTION('',(1.,0.,0.));
#16349=DIRECTION('',(-1.,0.,0.));
#16350=DIRECTION('',(-1.,0.,0.));
#16351=DIRECTION('',(-1.,0.,0.));
#16352=DIRECTION('',(-1.,0.,0.));
#16353=DIRECTION('',(-1.,0.,0.));
#16354=DIRECTION('',(-1.,0.,0.));
#16355=DIRECTION('',(-1.,0.,0.));
#16356=DIRECTION('',(-1.,0.,0.));
#16357=DIRECTION('',(-1.,0.,0.));
#16358=DIRECTION('',(-1.,0.,0.));
#16359=DIRECTION('',(0.,1.,0.));
#16360=DIRECTION('',(0.,0.,1.));
#16361=DIRECTION('',(0.,1.,0.));
#16362=DIRECTION('',(1.,0.,0.));
#16363=DIRECTION('',(0.,0.,1.));
#16364=DIRECTION('',(0.,1.,0.));
#16365=DIRECTION('',(1.,0.,0.));
#16366=DIRECTION('',(0.,0.,-1.));
#16367=DIRECTION('',(0.,1.,0.));
#16368=DIRECTION('',(1.,0.,0.));
#16369=DIRECTION('',(0.,0.,-1.));
#16370=DIRECTION('',(-1.,0.,0.));
#16371=DIRECTION('',(0.,0.,1.));
#16372=DIRECTION('',(0.,0.,-1.));
#16373=DIRECTION('',(-1.,0.,0.));
#16374=DIRECTION('',(0.,0.,1.));
#16375=DIRECTION('',(0.,0.,-1.));
#16376=DIRECTION('',(-1.,0.,0.));
#16377=DIRECTION('',(0.,0.,1.));
#16378=DIRECTION('',(0.,0.,-1.));
#16379=DIRECTION('',(-1.,0.,0.));
#16380=DIRECTION('',(0.,0.,1.));
#16381=DIRECTION('',(0.,0.,-1.));
#16382=DIRECTION('',(-1.,0.,0.));
#16383=DIRECTION('',(0.,0.,1.));
#16384=DIRECTION('',(0.,0.,-1.));
#16385=DIRECTION('',(-1.,0.,0.));
#16386=DIRECTION('',(0.,0.,1.));
#16387=DIRECTION('',(0.,0.,-1.));
#16388=DIRECTION('',(-1.,0.,0.));
#16389=DIRECTION('',(0.,0.,1.));
#16390=DIRECTION('',(0.,0.,-1.));
#16391=DIRECTION('',(-1.,0.,0.));
#16392=DIRECTION('',(0.,0.,1.));
#16393=DIRECTION('',(0.,0.,-1.));
#16394=DIRECTION('',(-1.,0.,0.));
#16395=DIRECTION('',(0.,0.,1.));
#16396=DIRECTION('',(0.,0.,-1.));
#16397=DIRECTION('',(-1.,0.,0.));
#16398=DIRECTION('',(0.,0.,1.));
#16399=DIRECTION('',(-1.,0.,0.));
#16400=DIRECTION('',(0.,2.84567499340027E-15,-1.));
#16401=DIRECTION('',(0.,1.,2.84567499340027E-15));
#16402=DIRECTION('',(-1.,0.,0.));
#16403=DIRECTION('',(0.,0.,1.));
#16404=DIRECTION('',(0.,0.,-1.));
#16405=DIRECTION('',(-1.,0.,0.));
#16406=DIRECTION('',(0.,0.,-1.));
#16407=DIRECTION('',(-1.,0.,0.));
#16408=DIRECTION('',(0.,0.,-1.));
#16409=DIRECTION('',(-1.,0.,0.));
#16410=DIRECTION('',(0.,0.,-1.));
#16411=DIRECTION('',(-1.,0.,0.));
#16412=DIRECTION('',(0.,0.,-1.));
#16413=DIRECTION('',(-1.,0.,0.));
#16414=DIRECTION('',(0.,0.,-1.));
#16415=DIRECTION('',(-1.,0.,0.));
#16416=DIRECTION('',(0.,0.,-1.));
#16417=DIRECTION('',(-1.,0.,0.));
#16418=DIRECTION('',(0.,0.,-1.));
#16419=DIRECTION('',(-1.,0.,0.));
#16420=DIRECTION('',(0.,0.,-1.));
#16421=DIRECTION('',(-1.,0.,0.));
#16422=DIRECTION('',(0.,0.,-1.));
#16423=DIRECTION('',(-1.,0.,0.));
#16424=DIRECTION('',(-1.,0.,0.));
#16425=DIRECTION('',(0.,0.,1.));
#16426=DIRECTION('',(0.,1.,0.));
#16427=DIRECTION('',(0.,0.,-1.));
#16428=DIRECTION('',(-1.,0.,0.));
#16429=DIRECTION('',(0.,1.,0.));
#16430=DIRECTION('',(1.,0.,0.));
#16431=DIRECTION('',(0.,0.,-1.));
#16432=DIRECTION('',(-1.,0.,0.));
#16433=DIRECTION('',(0.,0.,1.));
#16434=DIRECTION('',(0.,1.,0.));
#16435=DIRECTION('',(0.,0.,-1.));
#16436=DIRECTION('',(-1.,0.,0.));
#16437=DIRECTION('',(0.,1.,0.));
#16438=DIRECTION('',(1.,0.,0.));
#16439=DIRECTION('',(0.,0.,-1.));
#16440=DIRECTION('',(-1.,0.,0.));
#16441=DIRECTION('',(0.,0.,1.));
#16442=DIRECTION('',(0.,1.,0.));
#16443=DIRECTION('',(0.,0.,-1.));
#16444=DIRECTION('',(-1.,0.,0.));
#16445=DIRECTION('',(0.,1.,0.));
#16446=DIRECTION('',(1.,0.,0.));
#16447=DIRECTION('',(0.,0.,-1.));
#16448=DIRECTION('',(-1.,0.,0.));
#16449=DIRECTION('',(0.,0.,1.));
#16450=DIRECTION('',(0.,1.,0.));
#16451=DIRECTION('',(0.,0.,-1.));
#16452=DIRECTION('',(-1.,0.,0.));
#16453=DIRECTION('',(0.,1.,0.));
#16454=DIRECTION('',(1.,0.,0.));
#16455=DIRECTION('',(0.,0.,-1.));
#16456=DIRECTION('',(-1.,0.,0.));
#16457=DIRECTION('',(0.,0.,1.));
#16458=DIRECTION('',(0.,1.,0.));
#16459=DIRECTION('',(0.,0.,-1.));
#16460=DIRECTION('',(-1.,0.,0.));
#16461=DIRECTION('',(0.,1.,0.));
#16462=DIRECTION('',(1.,0.,0.));
#16463=DIRECTION('',(0.,0.,-1.));
#16464=DIRECTION('',(-1.,0.,0.));
#16465=DIRECTION('',(0.,0.,1.));
#16466=DIRECTION('',(0.,1.,0.));
#16467=DIRECTION('',(0.,0.,-1.));
#16468=DIRECTION('',(-1.,0.,0.));
#16469=DIRECTION('',(0.,1.,0.));
#16470=DIRECTION('',(1.,0.,0.));
#16471=DIRECTION('',(0.,0.,-1.));
#16472=DIRECTION('',(-1.,0.,0.));
#16473=DIRECTION('',(0.,0.,1.));
#16474=DIRECTION('',(0.,1.,0.));
#16475=DIRECTION('',(0.,0.,-1.));
#16476=DIRECTION('',(-1.,0.,0.));
#16477=DIRECTION('',(0.,1.,0.));
#16478=DIRECTION('',(1.,0.,0.));
#16479=DIRECTION('',(0.,0.,-1.));
#16480=DIRECTION('',(-1.,0.,0.));
#16481=DIRECTION('',(0.,0.,1.));
#16482=DIRECTION('',(0.,1.,0.));
#16483=DIRECTION('',(0.,0.,-1.));
#16484=DIRECTION('',(-1.,0.,0.));
#16485=DIRECTION('',(0.,1.,0.));
#16486=DIRECTION('',(1.,0.,0.));
#16487=DIRECTION('',(0.,0.,-1.));
#16488=DIRECTION('',(-1.,0.,0.));
#16489=DIRECTION('',(0.,0.,1.));
#16490=DIRECTION('',(0.,1.,0.));
#16491=DIRECTION('',(0.,0.,-1.));
#16492=DIRECTION('',(-1.,0.,0.));
#16493=DIRECTION('',(0.,1.,0.));
#16494=DIRECTION('',(1.,0.,0.));
#16495=DIRECTION('',(0.,0.,-1.));
#16496=DIRECTION('',(1.,0.,0.));
#16497=DIRECTION('',(0.,0.,-1.));
#16498=DIRECTION('',(0.,1.,0.));
#16499=DIRECTION('',(0.,0.,-1.));
#16500=DIRECTION('',(-1.,0.,0.));
#16501=DIRECTION('',(0.,1.,0.));
#16502=DIRECTION('',(-1.,0.,0.));
#16503=DIRECTION('',(0.,0.,1.));
#16504=DIRECTION('',(0.,1.,0.));
#16505=DIRECTION('',(0.,0.,1.));
#16506=DIRECTION('',(1.,0.,-3.9401653754773E-16));
#16507=DIRECTION('',(-3.9401653754773E-16,0.,-1.));
#16508=DIRECTION('',(-1.,0.,3.9401653754773E-16));
#16509=DIRECTION('',(0.,1.,0.));
#16510=DIRECTION('',(0.,0.,1.));
#16511=DIRECTION('',(1.,0.,-3.9401653754773E-16));
#16512=DIRECTION('',(-3.9401653754773E-16,0.,-1.));
#16513=DIRECTION('',(-1.,0.,3.9401653754773E-16));
#16514=DIRECTION('',(0.,1.,0.));
#16515=DIRECTION('',(0.,0.,1.));
#16516=DIRECTION('',(1.,0.,-3.9401653754773E-16));
#16517=DIRECTION('',(-3.9401653754773E-16,0.,-1.));
#16518=DIRECTION('',(-1.,0.,3.9401653754773E-16));
#16519=DIRECTION('',(0.,1.,0.));
#16520=DIRECTION('',(0.,0.,1.));
#16521=DIRECTION('',(1.,0.,-3.9401653754773E-16));
#16522=DIRECTION('',(-3.9401653754773E-16,0.,-1.));
#16523=DIRECTION('',(-1.,0.,3.9401653754773E-16));
#16524=DIRECTION('',(0.,1.,0.));
#16525=DIRECTION('',(0.,0.,1.));
#16526=DIRECTION('',(1.,0.,-3.9401653754773E-16));
#16527=DIRECTION('',(-3.9401653754773E-16,0.,-1.));
#16528=DIRECTION('',(-1.,0.,3.9401653754773E-16));
#16529=DIRECTION('',(0.,1.,0.));
#16530=DIRECTION('',(0.,0.,1.));
#16531=DIRECTION('',(1.,0.,-3.9401653754773E-16));
#16532=DIRECTION('',(-3.9401653754773E-16,0.,-1.));
#16533=DIRECTION('',(-1.,0.,3.9401653754773E-16));
#16534=DIRECTION('',(0.,1.,0.));
#16535=DIRECTION('',(0.,0.,1.));
#16536=DIRECTION('',(1.,0.,-3.9401653754773E-16));
#16537=DIRECTION('',(-3.9401653754773E-16,0.,-1.));
#16538=DIRECTION('',(-1.,0.,3.9401653754773E-16));
#16539=DIRECTION('',(0.,1.,0.));
#16540=DIRECTION('',(0.,0.,1.));
#16541=DIRECTION('',(1.,0.,-3.9401653754773E-16));
#16542=DIRECTION('',(-3.9401653754773E-16,0.,-1.));
#16543=DIRECTION('',(-1.,0.,3.9401653754773E-16));
#16544=DIRECTION('',(0.,1.,0.));
#16545=DIRECTION('',(0.,0.,1.));
#16546=DIRECTION('',(1.,0.,-3.9401653754773E-16));
#16547=DIRECTION('',(-3.9401653754773E-16,0.,-1.));
#16548=DIRECTION('',(-1.,0.,3.9401653754773E-16));
#16549=DIRECTION('',(0.,1.,0.));
#16550=DIRECTION('',(0.,0.,1.));
#16551=DIRECTION('',(1.,0.,-4.59685960472352E-16));
#16552=DIRECTION('',(-4.59685960472352E-16,0.,-1.));
#16553=DIRECTION('',(-1.,0.,4.59685960472352E-16));
#16554=DIRECTION('',(0.,-1.,0.));
#16555=DIRECTION('',(0.,0.,-1.));
#16556=DIRECTION('',(0.,1.,0.));
#16557=DIRECTION('',(1.,0.,0.));
#16558=DIRECTION('',(0.,1.,0.));
#16559=DIRECTION('',(0.,0.,1.));
#16560=DIRECTION('',(0.,1.,0.));
#16561=DIRECTION('',(0.,0.,1.));
#16562=DIRECTION('',(0.,1.,0.));
#16563=DIRECTION('',(1.,0.,0.));
#16564=DIRECTION('',(0.,1.,0.));
#16565=DIRECTION('',(0.,0.,1.));
#16566=DIRECTION('',(1.,0.,0.));
#16567=DIRECTION('',(0.,0.,-1.));
#16568=DIRECTION('',(0.,-1.,0.));
#16569=DIRECTION('',(0.,0.,1.));
#16570=DIRECTION('',(0.,-1.,0.));
#16571=DIRECTION('',(0.,-1.,0.));
#16572=DIRECTION('',(0.,0.,-1.));
#16573=DIRECTION('',(0.,-1.,0.));
#16574=DIRECTION('',(0.,1.,0.));
#16575=DIRECTION('',(1.,0.,0.));
#16576=DIRECTION('',(-1.,0.,0.));
#16577=DIRECTION('',(0.,0.,1.));
#16578=DIRECTION('',(0.,-1.,0.));
#16579=DIRECTION('',(0.,0.,-1.));
#16580=DIRECTION('',(0.,-1.,0.));
#16581=DIRECTION('',(0.,0.,-1.));
#16582=DIRECTION('',(0.,1.,0.));
#16583=DIRECTION('',(1.,0.,0.));
#16584=DIRECTION('',(0.,1.,0.));
#16585=DIRECTION('',(0.,0.,1.));
#16586=DIRECTION('',(-1.,0.,0.));
#16587=DIRECTION('',(0.,0.,1.));
#16588=DIRECTION('',(0.,1.,0.));
#16589=DIRECTION('',(0.,0.,1.));
#16590=DIRECTION('',(0.,1.,0.));
#16591=DIRECTION('',(0.,1.,0.));
#16592=DIRECTION('',(0.,0.,1.));
#16593=DIRECTION('',(0.,1.,0.));
#16594=DIRECTION('',(1.,0.,0.));
#16595=DIRECTION('',(0.,1.,0.));
#16596=DIRECTION('',(1.,0.,0.));
#16597=DIRECTION('',(0.,0.,-1.));
#16598=DIRECTION('',(0.,0.,-1.));
#16599=DIRECTION('',(0.,1.,0.));
#16600=DIRECTION('',(0.,1.,0.));
#16601=DIRECTION('',(0.,0.,1.));
#16602=DIRECTION('',(0.,1.,0.));
#16603=DIRECTION('',(1.,0.,0.));
#16604=DIRECTION('',(0.,1.,0.));
#16605=DIRECTION('',(0.,0.,1.));
#16606=DIRECTION('',(-0.867757267880783,0.,-0.496988253422633));
#16607=DIRECTION('',(-0.496988253422633,0.,0.867757267880783));
#16608=DIRECTION('',(0.,1.,0.));
#16609=DIRECTION('',(-0.496988253422633,0.,0.867757267880783));
#16610=DIRECTION('',(0.,1.,0.));
#16611=DIRECTION('',(0.,0.,1.));
#16612=DIRECTION('',(1.,0.,0.));
#16613=DIRECTION('',(0.,1.,0.));
#16614=DIRECTION('',(1.,0.,0.));
#16615=DIRECTION('',(0.867757267880785,0.,-0.49698825342263));
#16616=DIRECTION('',(-0.49698825342263,0.,-0.867757267880785));
#16617=DIRECTION('',(-0.49698825342263,0.,-0.867757267880785));
#16618=DIRECTION('',(0.,1.,0.));
#16619=DIRECTION('',(0.,0.,1.));
#16620=DIRECTION('',(0.,1.,0.));
#16621=DIRECTION('',(0.,0.,1.));
#16622=DIRECTION('',(0.,0.,1.));
#16623=DIRECTION('',(-1.,0.,0.));
#16624=DIRECTION('',(1.,0.,0.));
#16625=DIRECTION('',(0.,0.,-1.));
#16626=DIRECTION('',(0.,-1.,0.));
#16627=DIRECTION('',(0.,0.,1.));
#16628=DIRECTION('',(1.,0.,0.));
#16629=DIRECTION('',(0.,1.,0.));
#16630=DIRECTION('',(0.,0.,1.));
#16631=DIRECTION('',(0.,0.,1.));
#16632=DIRECTION('',(-1.,0.,0.));
#16633=DIRECTION('',(0.,0.,1.));
#16634=DIRECTION('',(1.,0.,0.));
#16635=DIRECTION('',(0.,-1.,0.));
#16636=DIRECTION('',(1.,0.,0.));
#16637=DIRECTION('',(0.,0.,-1.));
#16638=DIRECTION('',(0.,1.,0.));
#16639=DIRECTION('',(0.,0.,1.));
#16640=DIRECTION('',(0.,0.,1.));
#16641=DIRECTION('',(-1.,0.,0.));
#16642=DIRECTION('',(0.,0.,1.));
#16643=DIRECTION('',(1.,0.,0.));
#16644=DIRECTION('',(0.,-1.,0.));
#16645=DIRECTION('',(1.,0.,0.));
#16646=DIRECTION('',(0.,0.,-1.));
#16647=DIRECTION('',(0.,1.,0.));
#16648=DIRECTION('',(0.,0.,1.));
#16649=DIRECTION('',(0.,0.,1.));
#16650=DIRECTION('',(-1.,0.,0.));
#16651=DIRECTION('',(0.,0.,1.));
#16652=DIRECTION('',(1.,0.,0.));
#16653=DIRECTION('',(0.,-1.,0.));
#16654=DIRECTION('',(1.,0.,0.));
#16655=DIRECTION('',(0.,0.,-1.));
#16656=DIRECTION('',(0.,1.,0.));
#16657=DIRECTION('',(0.,0.,1.));
#16658=DIRECTION('',(0.,0.,1.));
#16659=DIRECTION('',(-1.,0.,0.));
#16660=DIRECTION('',(0.,0.,1.));
#16661=DIRECTION('',(1.,0.,0.));
#16662=DIRECTION('',(0.,-1.,0.));
#16663=DIRECTION('',(1.,0.,0.));
#16664=DIRECTION('',(0.,0.,-1.));
#16665=DIRECTION('',(0.,1.,0.));
#16666=DIRECTION('',(0.,0.,1.));
#16667=DIRECTION('',(0.,0.,1.));
#16668=DIRECTION('',(-1.,0.,0.));
#16669=DIRECTION('',(0.,0.,1.));
#16670=DIRECTION('',(1.,0.,0.));
#16671=DIRECTION('',(0.,-1.,0.));
#16672=DIRECTION('',(1.,0.,0.));
#16673=DIRECTION('',(0.,0.,-1.));
#16674=DIRECTION('',(0.,1.,0.));
#16675=DIRECTION('',(0.,0.,1.));
#16676=DIRECTION('',(0.,0.,1.));
#16677=DIRECTION('',(-1.,0.,0.));
#16678=DIRECTION('',(0.,0.,1.));
#16679=DIRECTION('',(1.,0.,0.));
#16680=DIRECTION('',(0.,-1.,0.));
#16681=DIRECTION('',(1.,0.,0.));
#16682=DIRECTION('',(0.,0.,-1.));
#16683=DIRECTION('',(0.,1.,0.));
#16684=DIRECTION('',(0.,0.,1.));
#16685=DIRECTION('',(0.,0.,1.));
#16686=DIRECTION('',(-1.,0.,0.));
#16687=DIRECTION('',(0.,0.,1.));
#16688=DIRECTION('',(1.,0.,0.));
#16689=DIRECTION('',(0.,-1.,0.));
#16690=DIRECTION('',(1.,0.,0.));
#16691=DIRECTION('',(0.,0.,-1.));
#16692=DIRECTION('',(0.,1.,0.));
#16693=DIRECTION('',(0.,0.,1.));
#16694=DIRECTION('',(0.,0.,1.));
#16695=DIRECTION('',(-1.,0.,0.));
#16696=DIRECTION('',(0.,0.,1.));
#16697=DIRECTION('',(1.,0.,0.));
#16698=DIRECTION('',(0.,-1.,0.));
#16699=DIRECTION('',(1.,0.,0.));
#16700=DIRECTION('',(0.,0.,-1.));
#16701=DIRECTION('',(0.,1.,0.));
#16702=DIRECTION('',(0.,0.,1.));
#16703=DIRECTION('',(0.,0.,1.));
#16704=DIRECTION('',(-1.,0.,0.));
#16705=DIRECTION('',(0.,0.,1.));
#16706=DIRECTION('',(1.,0.,0.));
#16707=DIRECTION('',(0.,-1.,0.));
#16708=DIRECTION('',(1.,0.,0.));
#16709=DIRECTION('',(0.,0.,-1.));
#16710=DIRECTION('',(0.,1.,0.));
#16711=DIRECTION('',(0.,0.,1.));
#16712=DIRECTION('',(-1.,0.,0.));
#16713=DIRECTION('',(0.,0.,-1.));
#16714=DIRECTION('',(0.,0.,1.));
#16715=DIRECTION('',(1.,0.,0.));
#16716=DIRECTION('',(0.,-1.,0.));
#16717=DIRECTION('',(-1.,0.,0.));
#16718=DIRECTION('',(0.,0.,1.));
#16719=DIRECTION('',(0.,1.,0.));
#16720=DIRECTION('',(0.,0.,1.));
#16721=DIRECTION('',(-1.,0.,0.));
#16722=DIRECTION('',(0.,0.,-1.));
#16723=DIRECTION('',(0.,0.,1.));
#16724=DIRECTION('',(1.,0.,0.));
#16725=DIRECTION('',(0.,-1.,0.));
#16726=DIRECTION('',(-1.,0.,0.));
#16727=DIRECTION('',(0.,0.,1.));
#16728=DIRECTION('',(0.,1.,0.));
#16729=DIRECTION('',(0.,0.,1.));
#16730=DIRECTION('',(-1.,0.,0.));
#16731=DIRECTION('',(0.,0.,-1.));
#16732=DIRECTION('',(0.,0.,1.));
#16733=DIRECTION('',(1.,0.,0.));
#16734=DIRECTION('',(0.,-1.,0.));
#16735=DIRECTION('',(-1.,0.,0.));
#16736=DIRECTION('',(0.,0.,1.));
#16737=DIRECTION('',(0.,1.,0.));
#16738=DIRECTION('',(0.,0.,1.));
#16739=DIRECTION('',(-1.,0.,0.));
#16740=DIRECTION('',(0.,0.,-1.));
#16741=DIRECTION('',(0.,0.,1.));
#16742=DIRECTION('',(1.,0.,0.));
#16743=DIRECTION('',(0.,-1.,0.));
#16744=DIRECTION('',(-1.,0.,0.));
#16745=DIRECTION('',(0.,0.,1.));
#16746=DIRECTION('',(0.,1.,0.));
#16747=DIRECTION('',(0.,0.,1.));
#16748=DIRECTION('',(-1.,0.,0.));
#16749=DIRECTION('',(0.,0.,-1.));
#16750=DIRECTION('',(0.,0.,1.));
#16751=DIRECTION('',(1.,0.,0.));
#16752=DIRECTION('',(0.,-1.,0.));
#16753=DIRECTION('',(-1.,0.,0.));
#16754=DIRECTION('',(0.,0.,1.));
#16755=DIRECTION('',(0.,1.,0.));
#16756=DIRECTION('',(0.,0.,1.));
#16757=DIRECTION('',(-1.,0.,0.));
#16758=DIRECTION('',(0.,0.,-1.));
#16759=DIRECTION('',(0.,0.,1.));
#16760=DIRECTION('',(1.,0.,0.));
#16761=DIRECTION('',(0.,-1.,0.));
#16762=DIRECTION('',(-1.,0.,0.));
#16763=DIRECTION('',(0.,0.,1.));
#16764=DIRECTION('',(0.,1.,0.));
#16765=DIRECTION('',(0.,0.,1.));
#16766=DIRECTION('',(-1.,0.,0.));
#16767=DIRECTION('',(0.,0.,-1.));
#16768=DIRECTION('',(0.,0.,1.));
#16769=DIRECTION('',(1.,0.,0.));
#16770=DIRECTION('',(0.,-1.,0.));
#16771=DIRECTION('',(-1.,0.,0.));
#16772=DIRECTION('',(0.,0.,1.));
#16773=DIRECTION('',(0.,1.,0.));
#16774=DIRECTION('',(0.,0.,1.));
#16775=DIRECTION('',(-1.,0.,0.));
#16776=DIRECTION('',(0.,0.,-1.));
#16777=DIRECTION('',(0.,0.,1.));
#16778=DIRECTION('',(1.,0.,0.));
#16779=DIRECTION('',(0.,-1.,0.));
#16780=DIRECTION('',(-1.,0.,0.));
#16781=DIRECTION('',(0.,0.,1.));
#16782=DIRECTION('',(0.,1.,0.));
#16783=DIRECTION('',(0.,0.,1.));
#16784=DIRECTION('',(-1.,0.,0.));
#16785=DIRECTION('',(0.,0.,-1.));
#16786=DIRECTION('',(0.,0.,1.));
#16787=DIRECTION('',(1.,0.,0.));
#16788=DIRECTION('',(0.,-1.,0.));
#16789=DIRECTION('',(-1.,0.,0.));
#16790=DIRECTION('',(0.,0.,1.));
#16791=DIRECTION('',(0.,0.,1.));
#16792=DIRECTION('',(1.,0.,0.));
#16793=DIRECTION('',(0.,-1.,0.));
#16794=DIRECTION('',(-1.,0.,0.));
#16795=DIRECTION('',(0.,1.,0.));
#16796=DIRECTION('',(0.,0.,1.));
#16797=DIRECTION('',(0.,0.,-1.));
#16798=DIRECTION('',(-1.,0.,0.));
#16799=DIRECTION('',(0.,0.,1.));
#16800=DIRECTION('',(0.,0.,1.));
#16801=DIRECTION('',(1.,0.,0.));
#16802=CARTESIAN_POINT('',(0.,0.,0.));
#16803=CARTESIAN_POINT('',(0.,-0.002,0.));
#16804=CARTESIAN_POINT('',(0.,0.,0.));
#16805=CARTESIAN_POINT('',(0.,0.,0.));
#16806=CARTESIAN_POINT('',(-0.01575,0.,0.0272798002192098));
#16807=CARTESIAN_POINT('',(0.,-0.002,0.));
#16808=CARTESIAN_POINT('',(0.,-0.002,0.));
#16809=CARTESIAN_POINT('',(0.,-0.002,0.));
#16810=CARTESIAN_POINT('',(-0.01575,-0.002,0.0272798002192098));
#16811=CARTESIAN_POINT('',(-0.01575,-0.002,0.0272798002192098));
#16812=CARTESIAN_POINT('',(-0.01575,-0.002,0.0272798002192098));
#16813=CARTESIAN_POINT('',(-0.01575,0.,0.0272798002192098));
#16814=CARTESIAN_POINT('',(0.01575,0.,0.0272798002192098));
#16815=CARTESIAN_POINT('',(-0.01575,-0.002,0.0272798002192098));
#16816=CARTESIAN_POINT('',(0.01575,-0.002,0.0272798002192098));
#16817=CARTESIAN_POINT('',(0.01575,-0.002,0.0272798002192098));
#16818=CARTESIAN_POINT('',(0.01575,-0.002,0.0272798002192098));
#16819=CARTESIAN_POINT('',(0.01575,0.,0.0272798002192098));
#16820=CARTESIAN_POINT('',(0.01575,-0.002,0.0272798002192098));
#16821=CARTESIAN_POINT('',(0.,-0.002,0.));
#16822=CARTESIAN_POINT('',(0.,0.,0.));
#16823=CARTESIAN_POINT('',(0.,0.,0.002));
#16824=CARTESIAN_POINT('',(0.,0.,0.002));
#16825=CARTESIAN_POINT('',(-0.0140179491924311,0.,0.0262798002192098));
#16826=CARTESIAN_POINT('',(0.0140179491924311,0.,0.0262798002192098));
#16827=CARTESIAN_POINT('',(0.0140179491924311,0.,0.0262798002192098));
#16828=CARTESIAN_POINT('',(-0.0140179491924311,0.,0.0262798002192098));
#16829=CARTESIAN_POINT('',(0.,-0.0015,0.002));
#16830=CARTESIAN_POINT('',(-0.0140179491924311,-0.0015,0.0262798002192098));
#16831=CARTESIAN_POINT('',(-0.0140179491924311,-0.0015,0.0262798002192098));
#16832=CARTESIAN_POINT('',(0.,-0.0015,0.002));
#16833=CARTESIAN_POINT('',(0.,-0.0015,0.002));
#16834=CARTESIAN_POINT('',(0.,-0.0015,0.002));
#16835=CARTESIAN_POINT('',(-0.0140179491924311,-0.0015,0.0262798002192098));
#16836=CARTESIAN_POINT('',(0.0140179491924311,-0.0015,0.0262798002192098));
#16837=CARTESIAN_POINT('',(0.0140179491924311,-0.0015,0.0262798002192098));
#16838=CARTESIAN_POINT('',(-0.0140179491924311,-0.0015,0.0262798002192098));
#16839=CARTESIAN_POINT('',(0.0140179491924311,-0.0015,0.0262798002192098));
#16840=CARTESIAN_POINT('',(0.0140179491924311,-0.0015,0.0262798002192098));
#16841=CARTESIAN_POINT('',(0.,-0.0015,0.));
#16842=CARTESIAN_POINT('',(-0.225,0.059,-0.0645));
#16843=CARTESIAN_POINT('',(0.244685039370079,0.,-0.07933886));
#16844=CARTESIAN_POINT('',(0.244685039370079,0.0393,-0.07933886));
#16845=CARTESIAN_POINT('',(0.188779527559055,0.0393,-0.07933886));
#16846=CARTESIAN_POINT('',(0.161220472440945,0.0393,-0.07933886));
#16847=CARTESIAN_POINT('',(0.188779527559055,0.,-0.07933886));
#16848=CARTESIAN_POINT('',(0.188779527559055,-0.0393,-0.07933886));
#16849=CARTESIAN_POINT('',(0.244685039370079,-0.0393,-0.07933886));
#16850=CARTESIAN_POINT('',(0.161220472440945,-0.0393,-0.07933886));
#16851=CARTESIAN_POINT('',(0.161220472440945,0.,-0.07933886));
#16852=CARTESIAN_POINT('',(0.244685039370079,0.,-0.07933886));
#16853=CARTESIAN_POINT('',(0.244685039370079,0.0393,-0.07933886));
#16854=CARTESIAN_POINT('',(0.138779527559055,0.0393,-0.07933886));
#16855=CARTESIAN_POINT('',(0.111220472440945,0.0393,-0.07933886));
#16856=CARTESIAN_POINT('',(0.138779527559055,0.,-0.07933886));
#16857=CARTESIAN_POINT('',(0.138779527559055,-0.0393,-0.07933886));
#16858=CARTESIAN_POINT('',(0.244685039370079,-0.0393,-0.07933886));
#16859=CARTESIAN_POINT('',(0.111220472440945,-0.0393,-0.07933886));
#16860=CARTESIAN_POINT('',(0.111220472440945,0.,-0.07933886));
#16861=CARTESIAN_POINT('',(0.244685039370079,0.,-0.07933886));
#16862=CARTESIAN_POINT('',(0.244685039370079,0.0393,-0.07933886));
#16863=CARTESIAN_POINT('',(0.0887795275590551,0.0393,-0.07933886));
#16864=CARTESIAN_POINT('',(0.0612204724409448,0.0393,-0.07933886));
#16865=CARTESIAN_POINT('',(0.0887795275590551,0.,-0.07933886));
#16866=CARTESIAN_POINT('',(0.0887795275590551,-0.0393,-0.07933886));
#16867=CARTESIAN_POINT('',(0.244685039370079,-0.0393,-0.07933886));
#16868=CARTESIAN_POINT('',(0.0612204724409448,-0.0393,-0.07933886));
#16869=CARTESIAN_POINT('',(0.0612204724409448,0.,-0.07933886));
#16870=CARTESIAN_POINT('',(0.244685039370079,0.,-0.07933886));
#16871=CARTESIAN_POINT('',(0.244685039370079,0.0393,-0.07933886));
#16872=CARTESIAN_POINT('',(0.0387795275590551,0.0393,-0.07933886));
#16873=CARTESIAN_POINT('',(0.0112204724409449,0.0393,-0.07933886));
#16874=CARTESIAN_POINT('',(0.0387795275590551,0.,-0.07933886));
#16875=CARTESIAN_POINT('',(0.0387795275590551,-0.0393,-0.07933886));
#16876=CARTESIAN_POINT('',(0.244685039370079,-0.0393,-0.07933886));
#16877=CARTESIAN_POINT('',(0.0112204724409449,-0.0393,-0.07933886));
#16878=CARTESIAN_POINT('',(0.0112204724409449,0.,-0.07933886));
#16879=CARTESIAN_POINT('',(0.244685039370079,0.,-0.07933886));
#16880=CARTESIAN_POINT('',(0.244685039370079,0.0393,-0.07933886));
#16881=CARTESIAN_POINT('',(-0.0112204724409449,0.0393,-0.07933886));
#16882=CARTESIAN_POINT('',(-0.0387795275590551,0.0393,-0.07933886));
#16883=CARTESIAN_POINT('',(-0.0112204724409449,0.,-0.07933886));
#16884=CARTESIAN_POINT('',(-0.0112204724409449,-0.0393,-0.07933886));
#16885=CARTESIAN_POINT('',(0.244685039370079,-0.0393,-0.07933886));
#16886=CARTESIAN_POINT('',(-0.0387795275590551,-0.0393,-0.07933886));
#16887=CARTESIAN_POINT('',(-0.0387795275590551,0.,-0.07933886));
#16888=CARTESIAN_POINT('',(0.244685039370079,0.,-0.07933886));
#16889=CARTESIAN_POINT('',(0.244685039370079,0.0393,-0.07933886));
#16890=CARTESIAN_POINT('',(-0.0612204724409449,0.0393,-0.07933886));
#16891=CARTESIAN_POINT('',(-0.0887795275590551,0.0393,-0.07933886));
#16892=CARTESIAN_POINT('',(-0.0612204724409449,0.,-0.07933886));
#16893=CARTESIAN_POINT('',(-0.0612204724409449,-0.0393,-0.07933886));
#16894=CARTESIAN_POINT('',(0.244685039370079,-0.0393,-0.07933886));
#16895=CARTESIAN_POINT('',(-0.0887795275590551,-0.0393,-0.07933886));
#16896=CARTESIAN_POINT('',(-0.0887795275590551,0.,-0.07933886));
#16897=CARTESIAN_POINT('',(0.244685039370079,0.,-0.07933886));
#16898=CARTESIAN_POINT('',(0.244685039370079,0.0393,-0.07933886));
#16899=CARTESIAN_POINT('',(-0.111220472440945,0.0393,-0.07933886));
#16900=CARTESIAN_POINT('',(-0.138779527559055,0.0393,-0.07933886));
#16901=CARTESIAN_POINT('',(-0.111220472440945,0.,-0.07933886));
#16902=CARTESIAN_POINT('',(-0.111220472440945,-0.0393,-0.07933886));
#16903=CARTESIAN_POINT('',(0.244685039370079,-0.0393,-0.07933886));
#16904=CARTESIAN_POINT('',(-0.138779527559055,-0.0393,-0.07933886));
#16905=CARTESIAN_POINT('',(-0.138779527559055,0.,-0.07933886));
#16906=CARTESIAN_POINT('',(0.244685039370079,0.,-0.07933886));
#16907=CARTESIAN_POINT('',(0.244685039370079,0.0393,-0.07933886));
#16908=CARTESIAN_POINT('',(-0.161220472440945,0.0393,-0.07933886));
#16909=CARTESIAN_POINT('',(-0.188779527559055,0.0393,-0.07933886));
#16910=CARTESIAN_POINT('',(-0.161220472440945,0.,-0.07933886));
#16911=CARTESIAN_POINT('',(-0.161220472440945,-0.0393,-0.07933886));
#16912=CARTESIAN_POINT('',(0.244685039370079,-0.0393,-0.07933886));
#16913=CARTESIAN_POINT('',(-0.188779527559055,-0.0393,-0.07933886));
#16914=CARTESIAN_POINT('',(-0.188779527559055,0.,-0.07933886));
#16915=CARTESIAN_POINT('',(0.244685039370079,0.,-0.07933886));
#16916=CARTESIAN_POINT('',(0.244685039370079,0.0393,-0.07933886));
#16917=CARTESIAN_POINT('',(-0.211220472440945,0.0393,-0.07933886));
#16918=CARTESIAN_POINT('',(-0.238779527559055,0.0393,-0.07933886));
#16919=CARTESIAN_POINT('',(-0.211220472440945,0.,-0.07933886));
#16920=CARTESIAN_POINT('',(-0.211220472440945,-0.0393,-0.07933886));
#16921=CARTESIAN_POINT('',(0.244685039370079,-0.0393,-0.07933886));
#16922=CARTESIAN_POINT('',(-0.238779527559055,-0.0393,-0.07933886));
#16923=CARTESIAN_POINT('',(-0.238779527559055,0.,-0.07933886));
#16924=CARTESIAN_POINT('',(0.244685039370079,2.13425624505021E-18,-0.07933886));
#16925=CARTESIAN_POINT('',(0.188779527559055,2.13425624505021E-18,-0.07933886));
#16926=CARTESIAN_POINT('',(0.188779527559055,-0.0333,-0.07933886));
#16927=CARTESIAN_POINT('',(0.188779527559055,0.0333,-0.07933886));
#16928=CARTESIAN_POINT('',(0.244685039370079,0.0333,-0.07933886));
#16929=CARTESIAN_POINT('',(0.161220472440945,0.0333,-0.07933886));
#16930=CARTESIAN_POINT('',(0.161220472440945,2.13425624505021E-18,-0.07933886));
#16931=CARTESIAN_POINT('',(0.161220472440945,-0.0333,-0.07933886));
#16932=CARTESIAN_POINT('',(0.244685039370079,-0.0333,-0.07933886));
#16933=CARTESIAN_POINT('',(0.244685039370079,2.13425624505021E-18,-0.07933886));
#16934=CARTESIAN_POINT('',(0.138779527559055,2.13425624505021E-18,-0.07933886));
#16935=CARTESIAN_POINT('',(0.138779527559055,-0.0333,-0.07933886));
#16936=CARTESIAN_POINT('',(0.138779527559055,0.0333,-0.07933886));
#16937=CARTESIAN_POINT('',(0.244685039370079,0.0333,-0.07933886));
#16938=CARTESIAN_POINT('',(0.111220472440945,0.0333,-0.07933886));
#16939=CARTESIAN_POINT('',(0.111220472440945,2.13425624505021E-18,-0.07933886));
#16940=CARTESIAN_POINT('',(0.111220472440945,-0.0333,-0.07933886));
#16941=CARTESIAN_POINT('',(0.244685039370079,-0.0333,-0.07933886));
#16942=CARTESIAN_POINT('',(0.244685039370079,2.13425624505021E-18,-0.07933886));
#16943=CARTESIAN_POINT('',(0.0887795275590551,2.13425624505021E-18,-0.07933886));
#16944=CARTESIAN_POINT('',(0.0887795275590551,-0.0333,-0.07933886));
#16945=CARTESIAN_POINT('',(0.0887795275590551,0.0333,-0.07933886));
#16946=CARTESIAN_POINT('',(0.244685039370079,0.0333,-0.07933886));
#16947=CARTESIAN_POINT('',(0.0612204724409448,0.0333,-0.07933886));
#16948=CARTESIAN_POINT('',(0.0612204724409448,2.13425624505021E-18,-0.07933886));
#16949=CARTESIAN_POINT('',(0.0612204724409448,-0.0333,-0.07933886));
#16950=CARTESIAN_POINT('',(0.244685039370079,-0.0333,-0.07933886));
#16951=CARTESIAN_POINT('',(0.244685039370079,2.13425624505021E-18,-0.07933886));
#16952=CARTESIAN_POINT('',(0.0387795275590551,2.13425624505021E-18,-0.07933886));
#16953=CARTESIAN_POINT('',(0.0387795275590551,-0.0333,-0.07933886));
#16954=CARTESIAN_POINT('',(0.0387795275590551,0.0333,-0.07933886));
#16955=CARTESIAN_POINT('',(0.244685039370079,0.0333,-0.07933886));
#16956=CARTESIAN_POINT('',(0.0112204724409449,0.0333,-0.07933886));
#16957=CARTESIAN_POINT('',(0.0112204724409449,2.13425624505021E-18,-0.07933886));
#16958=CARTESIAN_POINT('',(0.0112204724409449,-0.0333,-0.07933886));
#16959=CARTESIAN_POINT('',(0.244685039370079,-0.0333,-0.07933886));
#16960=CARTESIAN_POINT('',(0.244685039370079,2.13425624505021E-18,-0.07933886));
#16961=CARTESIAN_POINT('',(-0.0112204724409449,2.13425624505021E-18,-0.07933886));
#16962=CARTESIAN_POINT('',(-0.0112204724409449,-0.0333,-0.07933886));
#16963=CARTESIAN_POINT('',(-0.0112204724409449,0.0333,-0.07933886));
#16964=CARTESIAN_POINT('',(0.244685039370079,0.0333,-0.07933886));
#16965=CARTESIAN_POINT('',(-0.0387795275590551,0.0333,-0.07933886));
#16966=CARTESIAN_POINT('',(-0.0387795275590551,2.13425624505021E-18,-0.07933886));
#16967=CARTESIAN_POINT('',(-0.0387795275590551,-0.0333,-0.07933886));
#16968=CARTESIAN_POINT('',(0.244685039370079,-0.0333,-0.07933886));
#16969=CARTESIAN_POINT('',(0.244685039370079,2.13425624505021E-18,-0.07933886));
#16970=CARTESIAN_POINT('',(-0.0612204724409449,2.13425624505021E-18,-0.07933886));
#16971=CARTESIAN_POINT('',(-0.0612204724409449,-0.0333,-0.07933886));
#16972=CARTESIAN_POINT('',(-0.0612204724409449,0.0333,-0.07933886));
#16973=CARTESIAN_POINT('',(0.244685039370079,0.0333,-0.07933886));
#16974=CARTESIAN_POINT('',(-0.0887795275590551,0.0333,-0.07933886));
#16975=CARTESIAN_POINT('',(-0.0887795275590551,2.13425624505021E-18,-0.07933886));
#16976=CARTESIAN_POINT('',(-0.0887795275590551,-0.0333,-0.07933886));
#16977=CARTESIAN_POINT('',(0.244685039370079,-0.0333,-0.07933886));
#16978=CARTESIAN_POINT('',(0.244685039370079,2.13425624505021E-18,-0.07933886));
#16979=CARTESIAN_POINT('',(-0.111220472440945,2.13425624505021E-18,-0.07933886));
#16980=CARTESIAN_POINT('',(-0.111220472440945,-0.0333,-0.07933886));
#16981=CARTESIAN_POINT('',(-0.111220472440945,0.0333,-0.07933886));
#16982=CARTESIAN_POINT('',(0.244685039370079,0.0333,-0.07933886));
#16983=CARTESIAN_POINT('',(-0.138779527559055,0.0333,-0.07933886));
#16984=CARTESIAN_POINT('',(-0.138779527559055,2.13425624505021E-18,-0.07933886));
#16985=CARTESIAN_POINT('',(-0.138779527559055,-0.0333,-0.07933886));
#16986=CARTESIAN_POINT('',(0.244685039370079,-0.0333,-0.07933886));
#16987=CARTESIAN_POINT('',(0.244685039370079,2.13425624505021E-18,-0.07933886));
#16988=CARTESIAN_POINT('',(-0.161220472440945,2.13425624505021E-18,-0.07933886));
#16989=CARTESIAN_POINT('',(-0.161220472440945,-0.0333,-0.07933886));
#16990=CARTESIAN_POINT('',(-0.161220472440945,0.0333,-0.07933886));
#16991=CARTESIAN_POINT('',(0.244685039370079,0.0333,-0.07933886));
#16992=CARTESIAN_POINT('',(-0.188779527559055,0.0333,-0.07933886));
#16993=CARTESIAN_POINT('',(-0.188779527559055,2.13425624505021E-18,-0.07933886));
#16994=CARTESIAN_POINT('',(-0.188779527559055,-0.0333,-0.07933886));
#16995=CARTESIAN_POINT('',(0.244685039370079,-0.0333,-0.07933886));
#16996=CARTESIAN_POINT('',(0.244685039370079,2.13425624505021E-18,-0.07933886));
#16997=CARTESIAN_POINT('',(-0.211220472440945,2.13425624505021E-18,-0.07933886));
#16998=CARTESIAN_POINT('',(-0.211220472440945,-0.0333,-0.07933886));
#16999=CARTESIAN_POINT('',(-0.211220472440945,0.0333,-0.07933886));
#17000=CARTESIAN_POINT('',(0.244685039370079,0.0333,-0.07933886));
#17001=CARTESIAN_POINT('',(-0.238779527559055,0.0333,-0.07933886));
#17002=CARTESIAN_POINT('',(-0.238779527559055,2.13425624505021E-18,-0.07933886));
#17003=CARTESIAN_POINT('',(-0.238779527559055,-0.0333,-0.07933886));
#17004=CARTESIAN_POINT('',(0.244685039370079,-0.0333,-0.07933886));
#17005=CARTESIAN_POINT('',(0.244685039370079,0.0393,-0.07933886));
#17006=CARTESIAN_POINT('',(0.244685039370079,0.0393,0.024));
#17007=CARTESIAN_POINT('',(0.188779527559055,0.0393,0.024));
#17008=CARTESIAN_POINT('',(0.161220472440945,0.0393,0.024));
#17009=CARTESIAN_POINT('',(0.188779527559055,0.0393,-0.07933886));
#17010=CARTESIAN_POINT('',(0.161220472440945,0.0393,-0.07933886));
#17011=CARTESIAN_POINT('',(0.244685039370079,0.0393,-0.07933886));
#17012=CARTESIAN_POINT('',(0.244685039370079,0.0393,0.024));
#17013=CARTESIAN_POINT('',(0.138779527559055,0.0393,0.024));
#17014=CARTESIAN_POINT('',(0.111220472440945,0.0393,0.024));
#17015=CARTESIAN_POINT('',(0.138779527559055,0.0393,-0.07933886));
#17016=CARTESIAN_POINT('',(0.111220472440945,0.0393,-0.07933886));
#17017=CARTESIAN_POINT('',(0.244685039370079,0.0393,-0.07933886));
#17018=CARTESIAN_POINT('',(0.244685039370079,0.0393,0.024));
#17019=CARTESIAN_POINT('',(0.0887795275590551,0.0393,0.024));
#17020=CARTESIAN_POINT('',(0.0612204724409448,0.0393,0.024));
#17021=CARTESIAN_POINT('',(0.0887795275590551,0.0393,-0.07933886));
#17022=CARTESIAN_POINT('',(0.0612204724409448,0.0393,-0.07933886));
#17023=CARTESIAN_POINT('',(0.244685039370079,0.0393,-0.07933886));
#17024=CARTESIAN_POINT('',(0.244685039370079,0.0393,0.024));
#17025=CARTESIAN_POINT('',(0.0387795275590551,0.0393,0.024));
#17026=CARTESIAN_POINT('',(0.0112204724409449,0.0393,0.024));
#17027=CARTESIAN_POINT('',(0.0387795275590551,0.0393,-0.07933886));
#17028=CARTESIAN_POINT('',(0.0112204724409449,0.0393,-0.07933886));
#17029=CARTESIAN_POINT('',(0.244685039370079,0.0393,-0.07933886));
#17030=CARTESIAN_POINT('',(0.244685039370079,0.0393,0.024));
#17031=CARTESIAN_POINT('',(-0.0112204724409449,0.0393,0.024));
#17032=CARTESIAN_POINT('',(-0.0387795275590551,0.0393,0.024));
#17033=CARTESIAN_POINT('',(-0.0112204724409449,0.0393,-0.07933886));
#17034=CARTESIAN_POINT('',(-0.0387795275590551,0.0393,-0.07933886));
#17035=CARTESIAN_POINT('',(0.244685039370079,0.0393,-0.07933886));
#17036=CARTESIAN_POINT('',(0.244685039370079,0.0393,0.024));
#17037=CARTESIAN_POINT('',(-0.0612204724409449,0.0393,0.024));
#17038=CARTESIAN_POINT('',(-0.0887795275590551,0.0393,0.024));
#17039=CARTESIAN_POINT('',(-0.0612204724409449,0.0393,-0.07933886));
#17040=CARTESIAN_POINT('',(-0.0887795275590551,0.0393,-0.07933886));
#17041=CARTESIAN_POINT('',(0.244685039370079,0.0393,-0.07933886));
#17042=CARTESIAN_POINT('',(0.244685039370079,0.0393,0.024));
#17043=CARTESIAN_POINT('',(-0.111220472440945,0.0393,0.024));
#17044=CARTESIAN_POINT('',(-0.138779527559055,0.0393,0.024));
#17045=CARTESIAN_POINT('',(-0.111220472440945,0.0393,-0.07933886));
#17046=CARTESIAN_POINT('',(-0.138779527559055,0.0393,-0.07933886));
#17047=CARTESIAN_POINT('',(0.244685039370079,0.0393,-0.07933886));
#17048=CARTESIAN_POINT('',(0.244685039370079,0.0393,0.024));
#17049=CARTESIAN_POINT('',(-0.161220472440945,0.0393,0.024));
#17050=CARTESIAN_POINT('',(-0.188779527559055,0.0393,0.024));
#17051=CARTESIAN_POINT('',(-0.161220472440945,0.0393,-0.07933886));
#17052=CARTESIAN_POINT('',(-0.188779527559055,0.0393,-0.07933886));
#17053=CARTESIAN_POINT('',(0.244685039370079,0.0393,-0.07933886));
#17054=CARTESIAN_POINT('',(0.244685039370079,0.0393,0.024));
#17055=CARTESIAN_POINT('',(-0.211220472440945,0.0393,0.024));
#17056=CARTESIAN_POINT('',(-0.238779527559055,0.0393,0.024));
#17057=CARTESIAN_POINT('',(-0.211220472440945,0.0393,-0.07933886));
#17058=CARTESIAN_POINT('',(-0.238779527559055,0.0393,-0.07933886));
#17059=CARTESIAN_POINT('',(0.244685039370079,0.056,0.024));
#17060=CARTESIAN_POINT('',(0.188779527559055,0.056,0.024));
#17061=CARTESIAN_POINT('',(0.188779527559055,0.0478248288307985,0.0385621624889388));
#17062=CARTESIAN_POINT('',(0.161220472440945,0.056,0.024));
#17063=CARTESIAN_POINT('',(0.161220472440945,0.0478248288307985,0.0385621624889388));
#17064=CARTESIAN_POINT('',(0.244685039370079,0.0478248288307985,0.0385621624889388));
#17065=CARTESIAN_POINT('',(0.244685039370079,0.056,0.024));
#17066=CARTESIAN_POINT('',(0.138779527559055,0.056,0.024));
#17067=CARTESIAN_POINT('',(0.138779527559055,0.0478248288307985,0.0385621624889388));
#17068=CARTESIAN_POINT('',(0.111220472440945,0.056,0.024));
#17069=CARTESIAN_POINT('',(0.111220472440945,0.0478248288307985,0.0385621624889388));
#17070=CARTESIAN_POINT('',(0.244685039370079,0.0478248288307985,0.0385621624889388));
#17071=CARTESIAN_POINT('',(0.244685039370079,0.056,0.024));
#17072=CARTESIAN_POINT('',(0.0887795275590551,0.056,0.024));
#17073=CARTESIAN_POINT('',(0.0887795275590551,0.0478248288307985,0.0385621624889388));
#17074=CARTESIAN_POINT('',(0.0612204724409448,0.056,0.024));
#17075=CARTESIAN_POINT('',(0.0612204724409448,0.0478248288307985,0.0385621624889388));
#17076=CARTESIAN_POINT('',(0.244685039370079,0.0478248288307985,0.0385621624889388));
#17077=CARTESIAN_POINT('',(0.244685039370079,0.056,0.024));
#17078=CARTESIAN_POINT('',(0.0387795275590551,0.056,0.024));
#17079=CARTESIAN_POINT('',(0.0387795275590551,0.0478248288307985,0.0385621624889388));
#17080=CARTESIAN_POINT('',(0.0112204724409449,0.056,0.024));
#17081=CARTESIAN_POINT('',(0.0112204724409449,0.0478248288307985,0.0385621624889388));
#17082=CARTESIAN_POINT('',(0.244685039370079,0.0478248288307985,0.0385621624889388));
#17083=CARTESIAN_POINT('',(0.244685039370079,0.056,0.024));
#17084=CARTESIAN_POINT('',(-0.0112204724409449,0.056,0.024));
#17085=CARTESIAN_POINT('',(-0.0112204724409449,0.0478248288307985,0.0385621624889388));
#17086=CARTESIAN_POINT('',(-0.0387795275590551,0.056,0.024));
#17087=CARTESIAN_POINT('',(-0.0387795275590551,0.0478248288307985,0.0385621624889388));
#17088=CARTESIAN_POINT('',(0.244685039370079,0.0478248288307985,0.0385621624889388));
#17089=CARTESIAN_POINT('',(0.244685039370079,0.056,0.024));
#17090=CARTESIAN_POINT('',(-0.0612204724409449,0.056,0.024));
#17091=CARTESIAN_POINT('',(-0.0612204724409449,0.0478248288307985,0.0385621624889388));
#17092=CARTESIAN_POINT('',(-0.0887795275590551,0.056,0.024));
#17093=CARTESIAN_POINT('',(-0.0887795275590551,0.0478248288307985,0.0385621624889388));
#17094=CARTESIAN_POINT('',(0.244685039370079,0.0478248288307985,0.0385621624889388));
#17095=CARTESIAN_POINT('',(0.244685039370079,0.056,0.024));
#17096=CARTESIAN_POINT('',(-0.111220472440945,0.056,0.024));
#17097=CARTESIAN_POINT('',(-0.111220472440945,0.0478248288307985,0.0385621624889388));
#17098=CARTESIAN_POINT('',(-0.138779527559055,0.056,0.024));
#17099=CARTESIAN_POINT('',(-0.138779527559055,0.0478248288307985,0.0385621624889388));
#17100=CARTESIAN_POINT('',(0.244685039370079,0.0478248288307985,0.0385621624889388));
#17101=CARTESIAN_POINT('',(0.244685039370079,0.056,0.024));
#17102=CARTESIAN_POINT('',(-0.161220472440945,0.056,0.024));
#17103=CARTESIAN_POINT('',(-0.161220472440945,0.0478248288307985,0.0385621624889388));
#17104=CARTESIAN_POINT('',(-0.188779527559055,0.056,0.024));
#17105=CARTESIAN_POINT('',(-0.188779527559055,0.0478248288307985,0.0385621624889388));
#17106=CARTESIAN_POINT('',(0.244685039370079,0.0478248288307985,0.0385621624889388));
#17107=CARTESIAN_POINT('',(0.244685039370079,0.056,0.024));
#17108=CARTESIAN_POINT('',(-0.211220472440945,0.056,0.024));
#17109=CARTESIAN_POINT('',(-0.211220472440945,0.0478248288307985,0.0385621624889388));
#17110=CARTESIAN_POINT('',(-0.238779527559055,0.056,0.024));
#17111=CARTESIAN_POINT('',(-0.238779527559055,0.0478248288307985,0.0385621624889388));
#17112=CARTESIAN_POINT('',(0.244685039370079,0.0478248288307985,0.0385621624889388));
#17113=CARTESIAN_POINT('',(0.244685039370079,0.0478248288307985,0.0385621624889388));
#17114=CARTESIAN_POINT('',(0.244685039370079,0.0887906241547323,0.0615602844443847));
#17115=CARTESIAN_POINT('',(0.188779527559055,0.0887906241547323,0.0615602844443847));
#17116=CARTESIAN_POINT('',(0.161220472440945,0.0887906241547323,0.0615602844443847));
#17117=CARTESIAN_POINT('',(0.188779527559055,0.0478248288307985,0.0385621624889388));
#17118=CARTESIAN_POINT('',(0.161220472440945,0.0478248288307985,0.0385621624889388));
#17119=CARTESIAN_POINT('',(0.244685039370079,0.0478248288307985,0.0385621624889388));
#17120=CARTESIAN_POINT('',(0.244685039370079,0.0887906241547323,0.0615602844443847));
#17121=CARTESIAN_POINT('',(0.138779527559055,0.0887906241547323,0.0615602844443847));
#17122=CARTESIAN_POINT('',(0.111220472440945,0.0887906241547323,0.0615602844443847));
#17123=CARTESIAN_POINT('',(0.138779527559055,0.0478248288307985,0.0385621624889388));
#17124=CARTESIAN_POINT('',(0.111220472440945,0.0478248288307985,0.0385621624889388));
#17125=CARTESIAN_POINT('',(0.244685039370079,0.0478248288307985,0.0385621624889388));
#17126=CARTESIAN_POINT('',(0.244685039370079,0.0887906241547323,0.0615602844443847));
#17127=CARTESIAN_POINT('',(0.0887795275590551,0.0887906241547323,0.0615602844443847));
#17128=CARTESIAN_POINT('',(0.0612204724409448,0.0887906241547323,0.0615602844443847));
#17129=CARTESIAN_POINT('',(0.0887795275590551,0.0478248288307985,0.0385621624889388));
#17130=CARTESIAN_POINT('',(0.0612204724409448,0.0478248288307985,0.0385621624889388));
#17131=CARTESIAN_POINT('',(0.244685039370079,0.0478248288307985,0.0385621624889388));
#17132=CARTESIAN_POINT('',(0.244685039370079,0.0887906241547323,0.0615602844443847));
#17133=CARTESIAN_POINT('',(0.0387795275590551,0.0887906241547323,0.0615602844443847));
#17134=CARTESIAN_POINT('',(0.0112204724409449,0.0887906241547323,0.0615602844443847));
#17135=CARTESIAN_POINT('',(0.0387795275590551,0.0478248288307985,0.0385621624889388));
#17136=CARTESIAN_POINT('',(0.0112204724409449,0.0478248288307985,0.0385621624889388));
#17137=CARTESIAN_POINT('',(0.244685039370079,0.0478248288307985,0.0385621624889388));
#17138=CARTESIAN_POINT('',(0.244685039370079,0.0887906241547323,0.0615602844443847));
#17139=CARTESIAN_POINT('',(-0.0112204724409449,0.0887906241547323,0.0615602844443847));
#17140=CARTESIAN_POINT('',(-0.0387795275590551,0.0887906241547323,0.0615602844443847));
#17141=CARTESIAN_POINT('',(-0.0112204724409449,0.0478248288307985,0.0385621624889388));
#17142=CARTESIAN_POINT('',(-0.0387795275590551,0.0478248288307985,0.0385621624889388));
#17143=CARTESIAN_POINT('',(0.244685039370079,0.0478248288307985,0.0385621624889388));
#17144=CARTESIAN_POINT('',(0.244685039370079,0.0887906241547323,0.0615602844443847));
#17145=CARTESIAN_POINT('',(-0.0612204724409449,0.0887906241547323,0.0615602844443847));
#17146=CARTESIAN_POINT('',(-0.0887795275590551,0.0887906241547323,0.0615602844443847));
#17147=CARTESIAN_POINT('',(-0.0612204724409449,0.0478248288307985,0.0385621624889388));
#17148=CARTESIAN_POINT('',(-0.0887795275590551,0.0478248288307985,0.0385621624889388));
#17149=CARTESIAN_POINT('',(0.244685039370079,0.0478248288307985,0.0385621624889388));
#17150=CARTESIAN_POINT('',(0.244685039370079,0.0887906241547323,0.0615602844443847));
#17151=CARTESIAN_POINT('',(-0.111220472440945,0.0887906241547323,0.0615602844443847));
#17152=CARTESIAN_POINT('',(-0.138779527559055,0.0887906241547323,0.0615602844443847));
#17153=CARTESIAN_POINT('',(-0.111220472440945,0.0478248288307985,0.0385621624889388));
#17154=CARTESIAN_POINT('',(-0.138779527559055,0.0478248288307985,0.0385621624889388));
#17155=CARTESIAN_POINT('',(0.244685039370079,0.0478248288307985,0.0385621624889388));
#17156=CARTESIAN_POINT('',(0.244685039370079,0.0887906241547323,0.0615602844443847));
#17157=CARTESIAN_POINT('',(-0.161220472440945,0.0887906241547323,0.0615602844443847));
#17158=CARTESIAN_POINT('',(-0.188779527559055,0.0887906241547323,0.0615602844443847));
#17159=CARTESIAN_POINT('',(-0.161220472440945,0.0478248288307985,0.0385621624889388));
#17160=CARTESIAN_POINT('',(-0.188779527559055,0.0478248288307985,0.0385621624889388));
#17161=CARTESIAN_POINT('',(0.244685039370079,0.0478248288307985,0.0385621624889388));
#17162=CARTESIAN_POINT('',(0.244685039370079,0.0887906241547323,0.0615602844443847));
#17163=CARTESIAN_POINT('',(-0.211220472440945,0.0887906241547323,0.0615602844443847));
#17164=CARTESIAN_POINT('',(-0.238779527559055,0.0887906241547323,0.0615602844443847));
#17165=CARTESIAN_POINT('',(-0.211220472440945,0.0478248288307985,0.0385621624889388));
#17166=CARTESIAN_POINT('',(-0.238779527559055,0.0478248288307985,0.0385621624889388));
#17167=CARTESIAN_POINT('',(0.244685039370079,0.079,0.079));
#17168=CARTESIAN_POINT('',(0.238779527559055,0.079,0.079));
#17169=CARTESIAN_POINT('',(0.238779527559055,0.0854387691828366,0.0979352119452134));
#17170=CARTESIAN_POINT('',(0.238779527559055,0.0887906241547323,0.0615602844443847));
#17171=CARTESIAN_POINT('',(0.244685039370079,0.0887906241547323,0.0615602844443847));
#17172=CARTESIAN_POINT('',(0.211220472440945,0.0887906241547323,0.0615602844443847));
#17173=CARTESIAN_POINT('',(0.211220472440945,0.079,0.079));
#17174=CARTESIAN_POINT('',(0.211220472440945,0.0854387691828366,0.0979352119452134));
#17175=CARTESIAN_POINT('',(0.244685039370079,0.0854387691828366,0.0979352119452134));
#17176=CARTESIAN_POINT('',(0.244685039370079,0.079,0.079));
#17177=CARTESIAN_POINT('',(0.188779527559055,0.079,0.079));
#17178=CARTESIAN_POINT('',(0.188779527559055,0.0854387691828366,0.0979352119452134));
#17179=CARTESIAN_POINT('',(0.161220472440945,0.079,0.079));
#17180=CARTESIAN_POINT('',(0.161220472440945,0.0854387691828366,0.0979352119452134));
#17181=CARTESIAN_POINT('',(0.244685039370079,0.0854387691828366,0.0979352119452134));
#17182=CARTESIAN_POINT('',(0.244685039370079,0.079,0.079));
#17183=CARTESIAN_POINT('',(0.138779527559055,0.079,0.079));
#17184=CARTESIAN_POINT('',(0.138779527559055,0.0854387691828366,0.0979352119452134));
#17185=CARTESIAN_POINT('',(0.111220472440945,0.079,0.079));
#17186=CARTESIAN_POINT('',(0.111220472440945,0.0854387691828366,0.0979352119452134));
#17187=CARTESIAN_POINT('',(0.244685039370079,0.0854387691828366,0.0979352119452134));
#17188=CARTESIAN_POINT('',(0.244685039370079,0.079,0.079));
#17189=CARTESIAN_POINT('',(0.0887795275590551,0.079,0.079));
#17190=CARTESIAN_POINT('',(0.0887795275590551,0.0854387691828366,0.0979352119452134));
#17191=CARTESIAN_POINT('',(0.0612204724409448,0.079,0.079));
#17192=CARTESIAN_POINT('',(0.0612204724409448,0.0854387691828366,0.0979352119452134));
#17193=CARTESIAN_POINT('',(0.244685039370079,0.0854387691828366,0.0979352119452134));
#17194=CARTESIAN_POINT('',(0.244685039370079,0.079,0.079));
#17195=CARTESIAN_POINT('',(0.0387795275590551,0.079,0.079));
#17196=CARTESIAN_POINT('',(0.0387795275590551,0.0854387691828366,0.0979352119452134));
#17197=CARTESIAN_POINT('',(0.0112204724409449,0.079,0.079));
#17198=CARTESIAN_POINT('',(0.0112204724409449,0.0854387691828366,0.0979352119452134));
#17199=CARTESIAN_POINT('',(0.244685039370079,0.0854387691828366,0.0979352119452134));
#17200=CARTESIAN_POINT('',(0.244685039370079,0.079,0.079));
#17201=CARTESIAN_POINT('',(-0.0112204724409449,0.079,0.079));
#17202=CARTESIAN_POINT('',(-0.0112204724409449,0.0854387691828366,0.0979352119452134));
#17203=CARTESIAN_POINT('',(-0.0387795275590551,0.079,0.079));
#17204=CARTESIAN_POINT('',(-0.0387795275590551,0.0854387691828366,0.0979352119452134));
#17205=CARTESIAN_POINT('',(0.244685039370079,0.0854387691828366,0.0979352119452134));
#17206=CARTESIAN_POINT('',(0.244685039370079,0.079,0.079));
#17207=CARTESIAN_POINT('',(-0.0612204724409449,0.079,0.079));
#17208=CARTESIAN_POINT('',(-0.0612204724409449,0.0854387691828366,0.0979352119452134));
#17209=CARTESIAN_POINT('',(-0.0887795275590551,0.079,0.079));
#17210=CARTESIAN_POINT('',(-0.0887795275590551,0.0854387691828366,0.0979352119452134));
#17211=CARTESIAN_POINT('',(0.244685039370079,0.0854387691828366,0.0979352119452134));
#17212=CARTESIAN_POINT('',(0.244685039370079,0.079,0.079));
#17213=CARTESIAN_POINT('',(-0.111220472440945,0.079,0.079));
#17214=CARTESIAN_POINT('',(-0.111220472440945,0.0854387691828366,0.0979352119452134));
#17215=CARTESIAN_POINT('',(-0.138779527559055,0.079,0.079));
#17216=CARTESIAN_POINT('',(-0.138779527559055,0.0854387691828366,0.0979352119452134));
#17217=CARTESIAN_POINT('',(0.244685039370079,0.0854387691828366,0.0979352119452134));
#17218=CARTESIAN_POINT('',(0.244685039370079,0.079,0.079));
#17219=CARTESIAN_POINT('',(-0.161220472440945,0.079,0.079));
#17220=CARTESIAN_POINT('',(-0.161220472440945,0.0854387691828366,0.0979352119452134));
#17221=CARTESIAN_POINT('',(-0.188779527559055,0.079,0.079));
#17222=CARTESIAN_POINT('',(-0.188779527559055,0.0854387691828366,0.0979352119452134));
#17223=CARTESIAN_POINT('',(0.244685039370079,0.0854387691828366,0.0979352119452134));
#17224=CARTESIAN_POINT('',(0.244685039370079,0.0854387691828366,0.0979352119452134));
#17225=CARTESIAN_POINT('',(0.244685039370079,0.06628,0.10445));
#17226=CARTESIAN_POINT('',(0.188779527559055,0.06628,0.10445));
#17227=CARTESIAN_POINT('',(0.161220472440945,0.06628,0.10445));
#17228=CARTESIAN_POINT('',(0.188779527559055,0.0854387691828366,0.0979352119452134));
#17229=CARTESIAN_POINT('',(0.161220472440945,0.0854387691828366,0.0979352119452134));
#17230=CARTESIAN_POINT('',(0.244685039370079,0.0854387691828366,0.0979352119452134));
#17231=CARTESIAN_POINT('',(0.244685039370079,0.06628,0.10445));
#17232=CARTESIAN_POINT('',(0.138779527559055,0.06628,0.10445));
#17233=CARTESIAN_POINT('',(0.111220472440945,0.06628,0.10445));
#17234=CARTESIAN_POINT('',(0.138779527559055,0.0854387691828366,0.0979352119452134));
#17235=CARTESIAN_POINT('',(0.111220472440945,0.0854387691828366,0.0979352119452134));
#17236=CARTESIAN_POINT('',(0.244685039370079,0.0854387691828366,0.0979352119452134));
#17237=CARTESIAN_POINT('',(0.244685039370079,0.06628,0.10445));
#17238=CARTESIAN_POINT('',(0.0887795275590551,0.06628,0.10445));
#17239=CARTESIAN_POINT('',(0.0612204724409448,0.06628,0.10445));
#17240=CARTESIAN_POINT('',(0.0887795275590551,0.0854387691828366,0.0979352119452134));
#17241=CARTESIAN_POINT('',(0.0612204724409448,0.0854387691828366,0.0979352119452134));
#17242=CARTESIAN_POINT('',(0.244685039370079,0.0854387691828366,0.0979352119452134));
#17243=CARTESIAN_POINT('',(0.244685039370079,0.06628,0.10445));
#17244=CARTESIAN_POINT('',(0.0387795275590551,0.06628,0.10445));
#17245=CARTESIAN_POINT('',(0.0112204724409449,0.06628,0.10445));
#17246=CARTESIAN_POINT('',(0.0387795275590551,0.0854387691828366,0.0979352119452134));
#17247=CARTESIAN_POINT('',(0.0112204724409449,0.0854387691828366,0.0979352119452134));
#17248=CARTESIAN_POINT('',(0.244685039370079,0.0854387691828366,0.0979352119452134));
#17249=CARTESIAN_POINT('',(0.244685039370079,0.06628,0.10445));
#17250=CARTESIAN_POINT('',(-0.0112204724409449,0.06628,0.10445));
#17251=CARTESIAN_POINT('',(-0.0387795275590551,0.06628,0.10445));
#17252=CARTESIAN_POINT('',(-0.0112204724409449,0.0854387691828366,0.0979352119452134));
#17253=CARTESIAN_POINT('',(-0.0387795275590551,0.0854387691828366,0.0979352119452134));
#17254=CARTESIAN_POINT('',(0.244685039370079,0.0854387691828366,0.0979352119452134));
#17255=CARTESIAN_POINT('',(0.244685039370079,0.06628,0.10445));
#17256=CARTESIAN_POINT('',(-0.0612204724409449,0.06628,0.10445));
#17257=CARTESIAN_POINT('',(-0.0887795275590551,0.06628,0.10445));
#17258=CARTESIAN_POINT('',(-0.0612204724409449,0.0854387691828366,0.0979352119452134));
#17259=CARTESIAN_POINT('',(-0.0887795275590551,0.0854387691828366,0.0979352119452134));
#17260=CARTESIAN_POINT('',(0.244685039370079,0.0854387691828366,0.0979352119452134));
#17261=CARTESIAN_POINT('',(0.244685039370079,0.06628,0.10445));
#17262=CARTESIAN_POINT('',(-0.111220472440945,0.06628,0.10445));
#17263=CARTESIAN_POINT('',(-0.138779527559055,0.06628,0.10445));
#17264=CARTESIAN_POINT('',(-0.111220472440945,0.0854387691828366,0.0979352119452134));
#17265=CARTESIAN_POINT('',(-0.138779527559055,0.0854387691828366,0.0979352119452134));
#17266=CARTESIAN_POINT('',(0.244685039370079,0.0854387691828366,0.0979352119452134));
#17267=CARTESIAN_POINT('',(0.244685039370079,0.06628,0.10445));
#17268=CARTESIAN_POINT('',(-0.161220472440945,0.06628,0.10445));
#17269=CARTESIAN_POINT('',(-0.188779527559055,0.06628,0.10445));
#17270=CARTESIAN_POINT('',(-0.161220472440945,0.0854387691828366,0.0979352119452134));
#17271=CARTESIAN_POINT('',(-0.188779527559055,0.0854387691828366,0.0979352119452134));
#17272=CARTESIAN_POINT('',(0.244685039370079,0.0854387691828366,0.0979352119452134));
#17273=CARTESIAN_POINT('',(0.244685039370079,0.06628,0.10445));
#17274=CARTESIAN_POINT('',(-0.211220472440945,0.06628,0.10445));
#17275=CARTESIAN_POINT('',(-0.238779527559055,0.06628,0.10445));
#17276=CARTESIAN_POINT('',(-0.211220472440945,0.0854387691828366,0.0979352119452134));
#17277=CARTESIAN_POINT('',(-0.211220472440945,0.0854387691828366,0.0979352119452134));
#17278=CARTESIAN_POINT('',(0.244685039370079,0.0854387691828366,0.0979352119452134));
#17279=CARTESIAN_POINT('',(-0.238779527559055,0.0854387691828366,0.0979352119452134));
#17280=CARTESIAN_POINT('',(-0.238779527559055,0.0854387691828366,0.0979352119452134));
#17281=CARTESIAN_POINT('',(0.244685039370079,0.06628,0.10445));
#17282=CARTESIAN_POINT('',(0.244685039370079,0.064348369245149,0.098769436416436));
#17283=CARTESIAN_POINT('',(0.188779527559055,0.064348369245149,0.098769436416436));
#17284=CARTESIAN_POINT('',(0.161220472440945,0.064348369245149,0.098769436416436));
#17285=CARTESIAN_POINT('',(0.188779527559055,0.06628,0.10445));
#17286=CARTESIAN_POINT('',(0.161220472440945,0.06628,0.10445));
#17287=CARTESIAN_POINT('',(0.244685039370079,0.06628,0.10445));
#17288=CARTESIAN_POINT('',(0.244685039370079,0.064348369245149,0.098769436416436));
#17289=CARTESIAN_POINT('',(0.138779527559055,0.064348369245149,0.098769436416436));
#17290=CARTESIAN_POINT('',(0.111220472440945,0.064348369245149,0.098769436416436));
#17291=CARTESIAN_POINT('',(0.138779527559055,0.06628,0.10445));
#17292=CARTESIAN_POINT('',(0.111220472440945,0.06628,0.10445));
#17293=CARTESIAN_POINT('',(0.244685039370079,0.06628,0.10445));
#17294=CARTESIAN_POINT('',(0.244685039370079,0.064348369245149,0.098769436416436));
#17295=CARTESIAN_POINT('',(0.0887795275590551,0.064348369245149,0.098769436416436));
#17296=CARTESIAN_POINT('',(0.0612204724409448,0.064348369245149,0.098769436416436));
#17297=CARTESIAN_POINT('',(0.0887795275590551,0.06628,0.10445));
#17298=CARTESIAN_POINT('',(0.0612204724409448,0.06628,0.10445));
#17299=CARTESIAN_POINT('',(0.244685039370079,0.06628,0.10445));
#17300=CARTESIAN_POINT('',(0.244685039370079,0.064348369245149,0.098769436416436));
#17301=CARTESIAN_POINT('',(0.0387795275590551,0.064348369245149,0.098769436416436));
#17302=CARTESIAN_POINT('',(0.0112204724409449,0.064348369245149,0.098769436416436));
#17303=CARTESIAN_POINT('',(0.0387795275590551,0.06628,0.10445));
#17304=CARTESIAN_POINT('',(0.0112204724409449,0.06628,0.10445));
#17305=CARTESIAN_POINT('',(0.244685039370079,0.06628,0.10445));
#17306=CARTESIAN_POINT('',(0.244685039370079,0.064348369245149,0.098769436416436));
#17307=CARTESIAN_POINT('',(-0.0112204724409449,0.064348369245149,0.098769436416436));
#17308=CARTESIAN_POINT('',(-0.0387795275590551,0.064348369245149,0.098769436416436));
#17309=CARTESIAN_POINT('',(-0.0112204724409449,0.06628,0.10445));
#17310=CARTESIAN_POINT('',(-0.0387795275590551,0.06628,0.10445));
#17311=CARTESIAN_POINT('',(0.244685039370079,0.06628,0.10445));
#17312=CARTESIAN_POINT('',(0.244685039370079,0.064348369245149,0.098769436416436));
#17313=CARTESIAN_POINT('',(-0.0612204724409449,0.064348369245149,0.098769436416436));
#17314=CARTESIAN_POINT('',(-0.0887795275590551,0.064348369245149,0.098769436416436));
#17315=CARTESIAN_POINT('',(-0.0612204724409449,0.06628,0.10445));
#17316=CARTESIAN_POINT('',(-0.0887795275590551,0.06628,0.10445));
#17317=CARTESIAN_POINT('',(0.244685039370079,0.06628,0.10445));
#17318=CARTESIAN_POINT('',(0.244685039370079,0.064348369245149,0.098769436416436));
#17319=CARTESIAN_POINT('',(-0.111220472440945,0.064348369245149,0.098769436416436));
#17320=CARTESIAN_POINT('',(-0.138779527559055,0.064348369245149,0.098769436416436));
#17321=CARTESIAN_POINT('',(-0.111220472440945,0.06628,0.10445));
#17322=CARTESIAN_POINT('',(-0.138779527559055,0.06628,0.10445));
#17323=CARTESIAN_POINT('',(0.244685039370079,0.06628,0.10445));
#17324=CARTESIAN_POINT('',(0.244685039370079,0.064348369245149,0.098769436416436));
#17325=CARTESIAN_POINT('',(-0.161220472440945,0.064348369245149,0.098769436416436));
#17326=CARTESIAN_POINT('',(-0.188779527559055,0.064348369245149,0.098769436416436));
#17327=CARTESIAN_POINT('',(-0.161220472440945,0.06628,0.10445));
#17328=CARTESIAN_POINT('',(-0.188779527559055,0.06628,0.10445));
#17329=CARTESIAN_POINT('',(0.244685039370079,0.06628,0.10445));
#17330=CARTESIAN_POINT('',(0.244685039370079,0.064348369245149,0.098769436416436));
#17331=CARTESIAN_POINT('',(-0.211220472440945,0.064348369245149,0.098769436416436));
#17332=CARTESIAN_POINT('',(-0.238779527559055,0.064348369245149,0.098769436416436));
#17333=CARTESIAN_POINT('',(-0.211220472440945,0.06628,0.10445));
#17334=CARTESIAN_POINT('',(-0.238779527559055,0.06628,0.10445));
#17335=CARTESIAN_POINT('',(0.244685039370079,0.064348369245149,0.098769436416436));
#17336=CARTESIAN_POINT('',(0.244685039370079,0.0835071384279856,0.0922546483616494));
#17337=CARTESIAN_POINT('',(0.188779527559055,0.0835071384279856,0.0922546483616494));
#17338=CARTESIAN_POINT('',(0.161220472440945,0.0835071384279856,0.0922546483616494));
#17339=CARTESIAN_POINT('',(0.188779527559055,0.064348369245149,0.098769436416436));
#17340=CARTESIAN_POINT('',(0.161220472440945,0.064348369245149,0.098769436416436));
#17341=CARTESIAN_POINT('',(0.244685039370079,0.064348369245149,0.098769436416436));
#17342=CARTESIAN_POINT('',(0.244685039370079,0.0835071384279856,0.0922546483616494));
#17343=CARTESIAN_POINT('',(0.138779527559055,0.0835071384279856,0.0922546483616494));
#17344=CARTESIAN_POINT('',(0.111220472440945,0.0835071384279856,0.0922546483616494));
#17345=CARTESIAN_POINT('',(0.138779527559055,0.064348369245149,0.098769436416436));
#17346=CARTESIAN_POINT('',(0.111220472440945,0.064348369245149,0.098769436416436));
#17347=CARTESIAN_POINT('',(0.244685039370079,0.064348369245149,0.098769436416436));
#17348=CARTESIAN_POINT('',(0.244685039370079,0.0835071384279856,0.0922546483616494));
#17349=CARTESIAN_POINT('',(0.0887795275590551,0.0835071384279856,0.0922546483616494));
#17350=CARTESIAN_POINT('',(0.0612204724409448,0.0835071384279856,0.0922546483616494));
#17351=CARTESIAN_POINT('',(0.0887795275590551,0.064348369245149,0.098769436416436));
#17352=CARTESIAN_POINT('',(0.0612204724409448,0.064348369245149,0.098769436416436));
#17353=CARTESIAN_POINT('',(0.244685039370079,0.064348369245149,0.098769436416436));
#17354=CARTESIAN_POINT('',(0.244685039370079,0.0835071384279856,0.0922546483616494));
#17355=CARTESIAN_POINT('',(0.0387795275590551,0.0835071384279856,0.0922546483616494));
#17356=CARTESIAN_POINT('',(0.0112204724409449,0.0835071384279856,0.0922546483616494));
#17357=CARTESIAN_POINT('',(0.0387795275590551,0.064348369245149,0.098769436416436));
#17358=CARTESIAN_POINT('',(0.0112204724409449,0.064348369245149,0.098769436416436));
#17359=CARTESIAN_POINT('',(0.244685039370079,0.064348369245149,0.098769436416436));
#17360=CARTESIAN_POINT('',(0.244685039370079,0.0835071384279856,0.0922546483616494));
#17361=CARTESIAN_POINT('',(-0.0112204724409449,0.0835071384279856,0.0922546483616494));
#17362=CARTESIAN_POINT('',(-0.0387795275590551,0.0835071384279856,0.0922546483616494));
#17363=CARTESIAN_POINT('',(-0.0112204724409449,0.064348369245149,0.098769436416436));
#17364=CARTESIAN_POINT('',(-0.0387795275590551,0.064348369245149,0.098769436416436));
#17365=CARTESIAN_POINT('',(0.244685039370079,0.064348369245149,0.098769436416436));
#17366=CARTESIAN_POINT('',(0.244685039370079,0.0835071384279856,0.0922546483616494));
#17367=CARTESIAN_POINT('',(-0.0612204724409449,0.0835071384279856,0.0922546483616494));
#17368=CARTESIAN_POINT('',(-0.0887795275590551,0.0835071384279856,0.0922546483616494));
#17369=CARTESIAN_POINT('',(-0.0612204724409449,0.064348369245149,0.098769436416436));
#17370=CARTESIAN_POINT('',(-0.0887795275590551,0.064348369245149,0.098769436416436));
#17371=CARTESIAN_POINT('',(0.244685039370079,0.064348369245149,0.098769436416436));
#17372=CARTESIAN_POINT('',(0.244685039370079,0.0835071384279856,0.0922546483616494));
#17373=CARTESIAN_POINT('',(-0.111220472440945,0.0835071384279856,0.0922546483616494));
#17374=CARTESIAN_POINT('',(-0.138779527559055,0.0835071384279856,0.0922546483616494));
#17375=CARTESIAN_POINT('',(-0.111220472440945,0.064348369245149,0.098769436416436));
#17376=CARTESIAN_POINT('',(-0.138779527559055,0.064348369245149,0.098769436416436));
#17377=CARTESIAN_POINT('',(0.244685039370079,0.064348369245149,0.098769436416436));
#17378=CARTESIAN_POINT('',(0.244685039370079,0.0835071384279856,0.0922546483616494));
#17379=CARTESIAN_POINT('',(-0.161220472440945,0.0835071384279856,0.0922546483616494));
#17380=CARTESIAN_POINT('',(-0.188779527559055,0.0835071384279856,0.0922546483616494));
#17381=CARTESIAN_POINT('',(-0.161220472440945,0.064348369245149,0.098769436416436));
#17382=CARTESIAN_POINT('',(-0.188779527559055,0.064348369245149,0.098769436416436));
#17383=CARTESIAN_POINT('',(0.244685039370079,0.064348369245149,0.098769436416436));
#17384=CARTESIAN_POINT('',(0.244685039370079,0.0835071384279856,0.0922546483616494));
#17385=CARTESIAN_POINT('',(-0.211220472440945,0.0835071384279856,0.0922546483616494));
#17386=CARTESIAN_POINT('',(-0.238779527559055,0.0835071384279856,0.0922546483616494));
#17387=CARTESIAN_POINT('',(-0.211220472440945,0.064348369245149,0.098769436416436));
#17388=CARTESIAN_POINT('',(-0.238779527559055,0.064348369245149,0.098769436416436));
#17389=CARTESIAN_POINT('',(0.244685039370079,0.079,0.079));
#17390=CARTESIAN_POINT('',(0.188779527559055,0.079,0.079));
#17391=CARTESIAN_POINT('',(0.188779527559055,0.0858534369083126,0.0667921991110693));
#17392=CARTESIAN_POINT('',(0.161220472440945,0.079,0.079));
#17393=CARTESIAN_POINT('',(0.161220472440945,0.0858534369083126,0.0667921991110693));
#17394=CARTESIAN_POINT('',(0.244685039370079,0.0858534369083126,0.0667921991110693));
#17395=CARTESIAN_POINT('',(0.244685039370079,0.079,0.079));
#17396=CARTESIAN_POINT('',(0.138779527559055,0.079,0.079));
#17397=CARTESIAN_POINT('',(0.138779527559055,0.0858534369083126,0.0667921991110693));
#17398=CARTESIAN_POINT('',(0.111220472440945,0.079,0.079));
#17399=CARTESIAN_POINT('',(0.111220472440945,0.0858534369083126,0.0667921991110693));
#17400=CARTESIAN_POINT('',(0.244685039370079,0.0858534369083126,0.0667921991110693));
#17401=CARTESIAN_POINT('',(0.244685039370079,0.079,0.079));
#17402=CARTESIAN_POINT('',(0.0887795275590551,0.079,0.079));
#17403=CARTESIAN_POINT('',(0.0887795275590551,0.0858534369083126,0.0667921991110693));
#17404=CARTESIAN_POINT('',(0.0612204724409448,0.079,0.079));
#17405=CARTESIAN_POINT('',(0.0612204724409448,0.0858534369083126,0.0667921991110693));
#17406=CARTESIAN_POINT('',(0.244685039370079,0.0858534369083126,0.0667921991110693));
#17407=CARTESIAN_POINT('',(0.244685039370079,0.079,0.079));
#17408=CARTESIAN_POINT('',(0.0387795275590551,0.079,0.079));
#17409=CARTESIAN_POINT('',(0.0387795275590551,0.0858534369083126,0.0667921991110693));
#17410=CARTESIAN_POINT('',(0.0112204724409449,0.079,0.079));
#17411=CARTESIAN_POINT('',(0.0112204724409449,0.0858534369083126,0.0667921991110693));
#17412=CARTESIAN_POINT('',(0.244685039370079,0.0858534369083126,0.0667921991110693));
#17413=CARTESIAN_POINT('',(0.244685039370079,0.079,0.079));
#17414=CARTESIAN_POINT('',(-0.0112204724409449,0.079,0.079));
#17415=CARTESIAN_POINT('',(-0.0112204724409449,0.0858534369083126,0.0667921991110693));
#17416=CARTESIAN_POINT('',(-0.0387795275590551,0.079,0.079));
#17417=CARTESIAN_POINT('',(-0.0387795275590551,0.0858534369083126,0.0667921991110693));
#17418=CARTESIAN_POINT('',(0.244685039370079,0.0858534369083126,0.0667921991110693));
#17419=CARTESIAN_POINT('',(0.244685039370079,0.079,0.079));
#17420=CARTESIAN_POINT('',(-0.0612204724409449,0.079,0.079));
#17421=CARTESIAN_POINT('',(-0.0612204724409449,0.0858534369083126,0.0667921991110693));
#17422=CARTESIAN_POINT('',(-0.0887795275590551,0.079,0.079));
#17423=CARTESIAN_POINT('',(-0.0887795275590551,0.0858534369083126,0.0667921991110693));
#17424=CARTESIAN_POINT('',(0.244685039370079,0.0858534369083126,0.0667921991110693));
#17425=CARTESIAN_POINT('',(0.244685039370079,0.079,0.079));
#17426=CARTESIAN_POINT('',(-0.111220472440945,0.079,0.079));
#17427=CARTESIAN_POINT('',(-0.111220472440945,0.0858534369083126,0.0667921991110693));
#17428=CARTESIAN_POINT('',(-0.138779527559055,0.079,0.079));
#17429=CARTESIAN_POINT('',(-0.138779527559055,0.0858534369083126,0.0667921991110693));
#17430=CARTESIAN_POINT('',(0.244685039370079,0.0858534369083126,0.0667921991110693));
#17431=CARTESIAN_POINT('',(0.244685039370079,0.079,0.079));
#17432=CARTESIAN_POINT('',(-0.161220472440945,0.079,0.079));
#17433=CARTESIAN_POINT('',(-0.161220472440945,0.0858534369083126,0.0667921991110693));
#17434=CARTESIAN_POINT('',(-0.188779527559055,0.079,0.079));
#17435=CARTESIAN_POINT('',(-0.188779527559055,0.0858534369083126,0.0667921991110693));
#17436=CARTESIAN_POINT('',(0.244685039370079,0.0858534369083126,0.0667921991110693));
#17437=CARTESIAN_POINT('',(0.244685039370079,0.079,0.079));
#17438=CARTESIAN_POINT('',(-0.211220472440945,0.079,0.079));
#17439=CARTESIAN_POINT('',(-0.211220472440945,0.0858534369083126,0.0667921991110693));
#17440=CARTESIAN_POINT('',(-0.238779527559055,0.079,0.079));
#17441=CARTESIAN_POINT('',(-0.238779527559055,0.0858534369083126,0.0667921991110693));
#17442=CARTESIAN_POINT('',(0.244685039370079,0.0858534369083126,0.0667921991110693));
#17443=CARTESIAN_POINT('',(0.244685039370079,0.0858534369083126,0.0667921991110693));
#17444=CARTESIAN_POINT('',(0.244685039370079,0.0448876415843788,0.0437940771556234));
#17445=CARTESIAN_POINT('',(0.188779527559055,0.0448876415843788,0.0437940771556234));
#17446=CARTESIAN_POINT('',(0.161220472440945,0.0448876415843788,0.0437940771556234));
#17447=CARTESIAN_POINT('',(0.188779527559055,0.0858534369083126,0.0667921991110693));
#17448=CARTESIAN_POINT('',(0.161220472440945,0.0858534369083126,0.0667921991110693));
#17449=CARTESIAN_POINT('',(0.244685039370079,0.0858534369083126,0.0667921991110693));
#17450=CARTESIAN_POINT('',(0.244685039370079,0.0448876415843788,0.0437940771556234));
#17451=CARTESIAN_POINT('',(0.138779527559055,0.0448876415843788,0.0437940771556234));
#17452=CARTESIAN_POINT('',(0.111220472440945,0.0448876415843788,0.0437940771556234));
#17453=CARTESIAN_POINT('',(0.138779527559055,0.0858534369083126,0.0667921991110693));
#17454=CARTESIAN_POINT('',(0.111220472440945,0.0858534369083126,0.0667921991110693));
#17455=CARTESIAN_POINT('',(0.244685039370079,0.0858534369083126,0.0667921991110693));
#17456=CARTESIAN_POINT('',(0.244685039370079,0.0448876415843788,0.0437940771556234));
#17457=CARTESIAN_POINT('',(0.0887795275590551,0.0448876415843788,0.0437940771556234));
#17458=CARTESIAN_POINT('',(0.0612204724409448,0.0448876415843788,0.0437940771556234));
#17459=CARTESIAN_POINT('',(0.0887795275590551,0.0858534369083126,0.0667921991110693));
#17460=CARTESIAN_POINT('',(0.0612204724409448,0.0858534369083126,0.0667921991110693));
#17461=CARTESIAN_POINT('',(0.244685039370079,0.0858534369083126,0.0667921991110693));
#17462=CARTESIAN_POINT('',(0.244685039370079,0.0448876415843788,0.0437940771556234));
#17463=CARTESIAN_POINT('',(0.0387795275590551,0.0448876415843788,0.0437940771556234));
#17464=CARTESIAN_POINT('',(0.0112204724409449,0.0448876415843788,0.0437940771556234));
#17465=CARTESIAN_POINT('',(0.0387795275590551,0.0858534369083126,0.0667921991110693));
#17466=CARTESIAN_POINT('',(0.0112204724409449,0.0858534369083126,0.0667921991110693));
#17467=CARTESIAN_POINT('',(0.244685039370079,0.0858534369083126,0.0667921991110693));
#17468=CARTESIAN_POINT('',(0.244685039370079,0.0448876415843788,0.0437940771556234));
#17469=CARTESIAN_POINT('',(-0.0112204724409449,0.0448876415843788,0.0437940771556234));
#17470=CARTESIAN_POINT('',(-0.0387795275590551,0.0448876415843788,0.0437940771556234));
#17471=CARTESIAN_POINT('',(-0.0112204724409449,0.0858534369083126,0.0667921991110693));
#17472=CARTESIAN_POINT('',(-0.0387795275590551,0.0858534369083126,0.0667921991110693));
#17473=CARTESIAN_POINT('',(0.244685039370079,0.0858534369083126,0.0667921991110693));
#17474=CARTESIAN_POINT('',(0.244685039370079,0.0448876415843788,0.0437940771556234));
#17475=CARTESIAN_POINT('',(-0.0612204724409449,0.0448876415843788,0.0437940771556234));
#17476=CARTESIAN_POINT('',(-0.0887795275590551,0.0448876415843788,0.0437940771556234));
#17477=CARTESIAN_POINT('',(-0.0612204724409449,0.0858534369083126,0.0667921991110693));
#17478=CARTESIAN_POINT('',(-0.0887795275590551,0.0858534369083126,0.0667921991110693));
#17479=CARTESIAN_POINT('',(0.244685039370079,0.0858534369083126,0.0667921991110693));
#17480=CARTESIAN_POINT('',(0.244685039370079,0.0448876415843788,0.0437940771556234));
#17481=CARTESIAN_POINT('',(-0.111220472440945,0.0448876415843788,0.0437940771556234));
#17482=CARTESIAN_POINT('',(-0.138779527559055,0.0448876415843788,0.0437940771556234));
#17483=CARTESIAN_POINT('',(-0.111220472440945,0.0858534369083126,0.0667921991110693));
#17484=CARTESIAN_POINT('',(-0.138779527559055,0.0858534369083126,0.0667921991110693));
#17485=CARTESIAN_POINT('',(0.244685039370079,0.0858534369083126,0.0667921991110693));
#17486=CARTESIAN_POINT('',(0.244685039370079,0.0448876415843788,0.0437940771556234));
#17487=CARTESIAN_POINT('',(-0.161220472440945,0.0448876415843788,0.0437940771556234));
#17488=CARTESIAN_POINT('',(-0.188779527559055,0.0448876415843788,0.0437940771556234));
#17489=CARTESIAN_POINT('',(-0.161220472440945,0.0858534369083126,0.0667921991110693));
#17490=CARTESIAN_POINT('',(-0.188779527559055,0.0858534369083126,0.0667921991110693));
#17491=CARTESIAN_POINT('',(0.244685039370079,0.0858534369083126,0.0667921991110693));
#17492=CARTESIAN_POINT('',(0.244685039370079,0.0448876415843788,0.0437940771556234));
#17493=CARTESIAN_POINT('',(-0.211220472440945,0.0448876415843788,0.0437940771556234));
#17494=CARTESIAN_POINT('',(-0.238779527559055,0.0448876415843788,0.0437940771556234));
#17495=CARTESIAN_POINT('',(-0.211220472440945,0.0858534369083126,0.0667921991110693));
#17496=CARTESIAN_POINT('',(-0.238779527559055,0.0858534369083126,0.0667921991110693));
#17497=CARTESIAN_POINT('',(0.244685039370079,0.056,0.024));
#17498=CARTESIAN_POINT('',(0.244685039370079,0.0333,0.024));
#17499=CARTESIAN_POINT('',(0.188779527559055,0.0333,0.024));
#17500=CARTESIAN_POINT('',(0.161220472440945,0.0333,0.024));
#17501=CARTESIAN_POINT('',(0.188779527559055,0.056,0.024));
#17502=CARTESIAN_POINT('',(0.161220472440945,0.056,0.024));
#17503=CARTESIAN_POINT('',(0.244685039370079,0.056,0.024));
#17504=CARTESIAN_POINT('',(0.244685039370079,0.0333,0.024));
#17505=CARTESIAN_POINT('',(0.138779527559055,0.0333,0.024));
#17506=CARTESIAN_POINT('',(0.111220472440945,0.0333,0.024));
#17507=CARTESIAN_POINT('',(0.138779527559055,0.056,0.024));
#17508=CARTESIAN_POINT('',(0.111220472440945,0.056,0.024));
#17509=CARTESIAN_POINT('',(0.244685039370079,0.056,0.024));
#17510=CARTESIAN_POINT('',(0.244685039370079,0.0333,0.024));
#17511=CARTESIAN_POINT('',(0.0887795275590551,0.0333,0.024));
#17512=CARTESIAN_POINT('',(0.0612204724409448,0.0333,0.024));
#17513=CARTESIAN_POINT('',(0.0887795275590551,0.056,0.024));
#17514=CARTESIAN_POINT('',(0.0612204724409448,0.056,0.024));
#17515=CARTESIAN_POINT('',(0.244685039370079,0.056,0.024));
#17516=CARTESIAN_POINT('',(0.244685039370079,0.0333,0.024));
#17517=CARTESIAN_POINT('',(0.0387795275590551,0.0333,0.024));
#17518=CARTESIAN_POINT('',(0.0112204724409449,0.0333,0.024));
#17519=CARTESIAN_POINT('',(0.0387795275590551,0.056,0.024));
#17520=CARTESIAN_POINT('',(0.0112204724409449,0.056,0.024));
#17521=CARTESIAN_POINT('',(0.244685039370079,0.056,0.024));
#17522=CARTESIAN_POINT('',(0.244685039370079,0.0333,0.024));
#17523=CARTESIAN_POINT('',(-0.0112204724409449,0.0333,0.024));
#17524=CARTESIAN_POINT('',(-0.0387795275590551,0.0333,0.024));
#17525=CARTESIAN_POINT('',(-0.0112204724409449,0.056,0.024));
#17526=CARTESIAN_POINT('',(-0.0387795275590551,0.056,0.024));
#17527=CARTESIAN_POINT('',(0.244685039370079,0.056,0.024));
#17528=CARTESIAN_POINT('',(0.244685039370079,0.0333,0.024));
#17529=CARTESIAN_POINT('',(-0.0612204724409449,0.0333,0.024));
#17530=CARTESIAN_POINT('',(-0.0887795275590551,0.0333,0.024));
#17531=CARTESIAN_POINT('',(-0.0612204724409449,0.056,0.024));
#17532=CARTESIAN_POINT('',(-0.0887795275590551,0.056,0.024));
#17533=CARTESIAN_POINT('',(0.244685039370079,0.056,0.024));
#17534=CARTESIAN_POINT('',(0.244685039370079,0.0333,0.024));
#17535=CARTESIAN_POINT('',(-0.111220472440945,0.0333,0.024));
#17536=CARTESIAN_POINT('',(-0.138779527559055,0.0333,0.024));
#17537=CARTESIAN_POINT('',(-0.111220472440945,0.056,0.024));
#17538=CARTESIAN_POINT('',(-0.138779527559055,0.056,0.024));
#17539=CARTESIAN_POINT('',(0.244685039370079,0.056,0.024));
#17540=CARTESIAN_POINT('',(0.244685039370079,0.0333,0.024));
#17541=CARTESIAN_POINT('',(-0.161220472440945,0.0333,0.024));
#17542=CARTESIAN_POINT('',(-0.188779527559055,0.0333,0.024));
#17543=CARTESIAN_POINT('',(-0.161220472440945,0.056,0.024));
#17544=CARTESIAN_POINT('',(-0.188779527559055,0.056,0.024));
#17545=CARTESIAN_POINT('',(0.244685039370079,0.056,0.024));
#17546=CARTESIAN_POINT('',(0.244685039370079,0.0333,0.024));
#17547=CARTESIAN_POINT('',(-0.211220472440945,0.0333,0.024));
#17548=CARTESIAN_POINT('',(-0.238779527559055,0.0333,0.024));
#17549=CARTESIAN_POINT('',(-0.211220472440945,0.056,0.024));
#17550=CARTESIAN_POINT('',(-0.238779527559055,0.056,0.024));
#17551=CARTESIAN_POINT('',(0.244685039370079,0.0333,0.024));
#17552=CARTESIAN_POINT('',(0.188779527559055,0.0333,0.024));
#17553=CARTESIAN_POINT('',(0.161220472440945,0.0333,0.024));
#17554=CARTESIAN_POINT('',(0.244685039370079,0.0333,0.024));
#17555=CARTESIAN_POINT('',(0.138779527559055,0.0333,0.024));
#17556=CARTESIAN_POINT('',(0.111220472440945,0.0333,0.024));
#17557=CARTESIAN_POINT('',(0.244685039370079,0.0333,0.024));
#17558=CARTESIAN_POINT('',(0.0887795275590551,0.0333,0.024));
#17559=CARTESIAN_POINT('',(0.0612204724409448,0.0333,0.024));
#17560=CARTESIAN_POINT('',(0.244685039370079,0.0333,0.024));
#17561=CARTESIAN_POINT('',(0.0387795275590551,0.0333,0.024));
#17562=CARTESIAN_POINT('',(0.0112204724409449,0.0333,0.024));
#17563=CARTESIAN_POINT('',(0.244685039370079,0.0333,0.024));
#17564=CARTESIAN_POINT('',(-0.0112204724409449,0.0333,0.024));
#17565=CARTESIAN_POINT('',(-0.0387795275590551,0.0333,0.024));
#17566=CARTESIAN_POINT('',(0.244685039370079,0.0333,0.024));
#17567=CARTESIAN_POINT('',(-0.0612204724409449,0.0333,0.024));
#17568=CARTESIAN_POINT('',(-0.0887795275590551,0.0333,0.024));
#17569=CARTESIAN_POINT('',(0.244685039370079,0.0333,0.024));
#17570=CARTESIAN_POINT('',(-0.111220472440945,0.0333,0.024));
#17571=CARTESIAN_POINT('',(-0.138779527559055,0.0333,0.024));
#17572=CARTESIAN_POINT('',(0.244685039370079,0.0333,0.024));
#17573=CARTESIAN_POINT('',(-0.161220472440945,0.0333,0.024));
#17574=CARTESIAN_POINT('',(-0.188779527559055,0.0333,0.024));
#17575=CARTESIAN_POINT('',(0.244685039370079,0.0333,0.024));
#17576=CARTESIAN_POINT('',(-0.211220472440945,0.0333,0.024));
#17577=CARTESIAN_POINT('',(-0.238779527559055,0.0333,0.024));
#17578=CARTESIAN_POINT('',(-0.234842519685039,-0.059,0.1093));
#17579=CARTESIAN_POINT('',(-0.234842519685039,-0.0493,0.1093));
#17580=CARTESIAN_POINT('',(-0.234842519685039,-0.0410244046229929,0.122993594165012));
#17581=CARTESIAN_POINT('',(-0.234842519685039,-0.0393,0.121789995996797));
#17582=CARTESIAN_POINT('',(-0.234842519685039,-0.0393,0.123));
#17583=CARTESIAN_POINT('',(-0.234842519685039,-0.0393,0.1093));
#17584=CARTESIAN_POINT('',(-0.234842519685039,-0.0493000000000001,0.1093));
#17585=CARTESIAN_POINT('',(-0.234842519685039,-0.0441277528893706,0.117858496353133));
#17586=CARTESIAN_POINT('',(-0.234842519685039,-0.0503100447991329,0.121594706564361));
#17587=CARTESIAN_POINT('',(-0.234842519685039,-0.0503100447991329,0.121594706564361));
#17588=CARTESIAN_POINT('',(-0.234842519685039,-0.041,0.137));
#17589=CARTESIAN_POINT('',(-0.234842519685039,-0.059,0.137));
#17590=CARTESIAN_POINT('',(-0.234842519685039,-0.059,0.1093));
#17591=CARTESIAN_POINT('',(-0.234842519685039,-0.059,0.164125984251968));
#17592=CARTESIAN_POINT('',(-0.234842519685039,-0.059,0.164125984251968));
#17593=CARTESIAN_POINT('',(-0.234842519685039,-0.053,0.164125984251968));
#17594=CARTESIAN_POINT('',(-0.234842519685039,-0.053,0.137));
#17595=CARTESIAN_POINT('',(-0.234842519685039,-0.053,0.137));
#17596=CARTESIAN_POINT('',(-0.234842519685039,-0.0410000000000001,0.137));
#17597=CARTESIAN_POINT('',(-0.234842519685039,-0.0472066965327553,0.126729804376241));
#17598=CARTESIAN_POINT('',(-0.234842519685039,-0.041024404622993,0.122993594165012));
#17599=CARTESIAN_POINT('',(0.234842519685039,-0.059,0.164125984251968));
#17600=CARTESIAN_POINT('',(0.234842519685039,-0.0493000000000001,0.1093));
#17601=CARTESIAN_POINT('',(0.234842519685039,-0.0393,0.1093));
#17602=CARTESIAN_POINT('',(0.234842519685039,-0.0441277528893706,0.117858496353133));
#17603=CARTESIAN_POINT('',(0.234842519685039,-0.0393,0.1075));
#17604=CARTESIAN_POINT('',(0.234842519685039,-0.0393,0.121789995996797));
#17605=CARTESIAN_POINT('',(0.234842519685039,-0.0493,0.1093));
#17606=CARTESIAN_POINT('',(0.234842519685039,-0.0410244046229929,0.122993594165012));
#17607=CARTESIAN_POINT('',(0.234842519685039,-0.041024404622993,0.122993594165012));
#17608=CARTESIAN_POINT('',(0.234842519685039,-0.0472066965327553,0.126729804376241));
#17609=CARTESIAN_POINT('',(0.234842519685039,-0.0410000000000001,0.137));
#17610=CARTESIAN_POINT('',(0.234842519685039,-0.053,0.137));
#17611=CARTESIAN_POINT('',(0.234842519685039,-0.053,0.137));
#17612=CARTESIAN_POINT('',(0.234842519685039,-0.053,0.164125984251968));
#17613=CARTESIAN_POINT('',(0.234842519685039,-0.059,0.164125984251968));
#17614=CARTESIAN_POINT('',(0.234842519685039,-0.059,0.164125984251968));
#17615=CARTESIAN_POINT('',(0.234842519685039,-0.059,0.164125984251968));
#17616=CARTESIAN_POINT('',(0.234842519685039,-0.059,0.137));
#17617=CARTESIAN_POINT('',(0.234842519685039,-0.041,0.137));
#17618=CARTESIAN_POINT('',(0.234842519685039,-0.0503100447991329,0.121594706564361));
#17619=CARTESIAN_POINT('',(0.234842519685039,-0.0503100447991329,0.121594706564361));
#17620=CARTESIAN_POINT('',(-0.215157480314961,-0.059,0.164125984251968));
#17621=CARTESIAN_POINT('',(-0.215157480314961,-0.0493000000000001,0.1093));
#17622=CARTESIAN_POINT('',(-0.215157480314961,-0.0393,0.1093));
#17623=CARTESIAN_POINT('',(-0.215157480314961,-0.0441277528893706,0.117858496353133));
#17624=CARTESIAN_POINT('',(-0.215157480314961,-0.0393,0.1075));
#17625=CARTESIAN_POINT('',(-0.215157480314961,-0.0393,0.121789995996797));
#17626=CARTESIAN_POINT('',(-0.215157480314961,-0.0493,0.1093));
#17627=CARTESIAN_POINT('',(-0.215157480314961,-0.0410244046229929,0.122993594165012));
#17628=CARTESIAN_POINT('',(-0.215157480314961,-0.041024404622993,0.122993594165012));
#17629=CARTESIAN_POINT('',(-0.215157480314961,-0.0472066965327553,0.126729804376241));
#17630=CARTESIAN_POINT('',(-0.215157480314961,-0.0410000000000001,0.137));
#17631=CARTESIAN_POINT('',(-0.215157480314961,-0.053,0.137));
#17632=CARTESIAN_POINT('',(-0.215157480314961,-0.053,0.137));
#17633=CARTESIAN_POINT('',(-0.215157480314961,-0.053,0.164125984251968));
#17634=CARTESIAN_POINT('',(-0.215157480314961,-0.059,0.164125984251968));
#17635=CARTESIAN_POINT('',(-0.215157480314961,-0.059,0.164125984251968));
#17636=CARTESIAN_POINT('',(-0.215157480314961,-0.059,0.164125984251968));
#17637=CARTESIAN_POINT('',(-0.215157480314961,-0.059,0.137));
#17638=CARTESIAN_POINT('',(-0.215157480314961,-0.041,0.137));
#17639=CARTESIAN_POINT('',(-0.215157480314961,-0.0503100447991329,0.121594706564361));
#17640=CARTESIAN_POINT('',(-0.215157480314961,-0.0503100447991329,0.121594706564361));
#17641=CARTESIAN_POINT('',(-0.184842519685039,-0.059,0.1093));
#17642=CARTESIAN_POINT('',(-0.184842519685039,-0.0493,0.1093));
#17643=CARTESIAN_POINT('',(-0.184842519685039,-0.0410244046229929,0.122993594165012));
#17644=CARTESIAN_POINT('',(-0.184842519685039,-0.0393,0.121789995996797));
#17645=CARTESIAN_POINT('',(-0.184842519685039,-0.0393,0.123));
#17646=CARTESIAN_POINT('',(-0.184842519685039,-0.0393,0.1093));
#17647=CARTESIAN_POINT('',(-0.184842519685039,-0.0493000000000001,0.1093));
#17648=CARTESIAN_POINT('',(-0.184842519685039,-0.0441277528893706,0.117858496353133));
#17649=CARTESIAN_POINT('',(-0.184842519685039,-0.0503100447991329,0.121594706564361));
#17650=CARTESIAN_POINT('',(-0.184842519685039,-0.0503100447991329,0.121594706564361));
#17651=CARTESIAN_POINT('',(-0.184842519685039,-0.041,0.137));
#17652=CARTESIAN_POINT('',(-0.184842519685039,-0.059,0.137));
#17653=CARTESIAN_POINT('',(-0.184842519685039,-0.059,0.1093));
#17654=CARTESIAN_POINT('',(-0.184842519685039,-0.059,0.164125984251968));
#17655=CARTESIAN_POINT('',(-0.184842519685039,-0.059,0.164125984251968));
#17656=CARTESIAN_POINT('',(-0.184842519685039,-0.053,0.164125984251968));
#17657=CARTESIAN_POINT('',(-0.184842519685039,-0.053,0.137));
#17658=CARTESIAN_POINT('',(-0.184842519685039,-0.053,0.137));
#17659=CARTESIAN_POINT('',(-0.184842519685039,-0.0410000000000001,0.137));
#17660=CARTESIAN_POINT('',(-0.184842519685039,-0.0472066965327553,0.126729804376241));
#17661=CARTESIAN_POINT('',(-0.184842519685039,-0.041024404622993,0.122993594165012));
#17662=CARTESIAN_POINT('',(-0.165157480314961,-0.059,0.164125984251968));
#17663=CARTESIAN_POINT('',(-0.165157480314961,-0.0493000000000001,0.1093));
#17664=CARTESIAN_POINT('',(-0.165157480314961,-0.0393,0.1093));
#17665=CARTESIAN_POINT('',(-0.165157480314961,-0.0441277528893706,0.117858496353133));
#17666=CARTESIAN_POINT('',(-0.165157480314961,-0.0393,0.1075));
#17667=CARTESIAN_POINT('',(-0.165157480314961,-0.0393,0.121789995996797));
#17668=CARTESIAN_POINT('',(-0.165157480314961,-0.0493,0.1093));
#17669=CARTESIAN_POINT('',(-0.165157480314961,-0.0410244046229929,0.122993594165012));
#17670=CARTESIAN_POINT('',(-0.165157480314961,-0.041024404622993,0.122993594165012));
#17671=CARTESIAN_POINT('',(-0.165157480314961,-0.0472066965327553,0.126729804376241));
#17672=CARTESIAN_POINT('',(-0.165157480314961,-0.0410000000000001,0.137));
#17673=CARTESIAN_POINT('',(-0.165157480314961,-0.053,0.137));
#17674=CARTESIAN_POINT('',(-0.165157480314961,-0.053,0.137));
#17675=CARTESIAN_POINT('',(-0.165157480314961,-0.053,0.164125984251968));
#17676=CARTESIAN_POINT('',(-0.165157480314961,-0.059,0.164125984251968));
#17677=CARTESIAN_POINT('',(-0.165157480314961,-0.059,0.164125984251968));
#17678=CARTESIAN_POINT('',(-0.165157480314961,-0.059,0.164125984251968));
#17679=CARTESIAN_POINT('',(-0.165157480314961,-0.059,0.137));
#17680=CARTESIAN_POINT('',(-0.165157480314961,-0.041,0.137));
#17681=CARTESIAN_POINT('',(-0.165157480314961,-0.0503100447991329,0.121594706564361));
#17682=CARTESIAN_POINT('',(-0.165157480314961,-0.0503100447991329,0.121594706564361));
#17683=CARTESIAN_POINT('',(-0.134842519685039,-0.059,0.1093));
#17684=CARTESIAN_POINT('',(-0.134842519685039,-0.0493,0.1093));
#17685=CARTESIAN_POINT('',(-0.134842519685039,-0.0410244046229929,0.122993594165012));
#17686=CARTESIAN_POINT('',(-0.134842519685039,-0.0393,0.121789995996797));
#17687=CARTESIAN_POINT('',(-0.134842519685039,-0.0393,0.123));
#17688=CARTESIAN_POINT('',(-0.134842519685039,-0.0393,0.1093));
#17689=CARTESIAN_POINT('',(-0.134842519685039,-0.0493000000000001,0.1093));
#17690=CARTESIAN_POINT('',(-0.134842519685039,-0.0441277528893706,0.117858496353133));
#17691=CARTESIAN_POINT('',(-0.134842519685039,-0.0503100447991329,0.121594706564361));
#17692=CARTESIAN_POINT('',(-0.134842519685039,-0.0503100447991329,0.121594706564361));
#17693=CARTESIAN_POINT('',(-0.134842519685039,-0.041,0.137));
#17694=CARTESIAN_POINT('',(-0.134842519685039,-0.059,0.137));
#17695=CARTESIAN_POINT('',(-0.134842519685039,-0.059,0.1093));
#17696=CARTESIAN_POINT('',(-0.134842519685039,-0.059,0.164125984251968));
#17697=CARTESIAN_POINT('',(-0.134842519685039,-0.059,0.164125984251968));
#17698=CARTESIAN_POINT('',(-0.134842519685039,-0.053,0.164125984251968));
#17699=CARTESIAN_POINT('',(-0.134842519685039,-0.053,0.137));
#17700=CARTESIAN_POINT('',(-0.134842519685039,-0.053,0.137));
#17701=CARTESIAN_POINT('',(-0.134842519685039,-0.0410000000000001,0.137));
#17702=CARTESIAN_POINT('',(-0.134842519685039,-0.0472066965327553,0.126729804376241));
#17703=CARTESIAN_POINT('',(-0.134842519685039,-0.041024404622993,0.122993594165012));
#17704=CARTESIAN_POINT('',(-0.115157480314961,-0.059,0.164125984251968));
#17705=CARTESIAN_POINT('',(-0.115157480314961,-0.0493000000000001,0.1093));
#17706=CARTESIAN_POINT('',(-0.115157480314961,-0.0393,0.1093));
#17707=CARTESIAN_POINT('',(-0.115157480314961,-0.0441277528893706,0.117858496353133));
#17708=CARTESIAN_POINT('',(-0.115157480314961,-0.0393,0.1075));
#17709=CARTESIAN_POINT('',(-0.115157480314961,-0.0393,0.121789995996797));
#17710=CARTESIAN_POINT('',(-0.115157480314961,-0.0493,0.1093));
#17711=CARTESIAN_POINT('',(-0.115157480314961,-0.0410244046229929,0.122993594165012));
#17712=CARTESIAN_POINT('',(-0.115157480314961,-0.041024404622993,0.122993594165012));
#17713=CARTESIAN_POINT('',(-0.115157480314961,-0.0472066965327553,0.126729804376241));
#17714=CARTESIAN_POINT('',(-0.115157480314961,-0.0410000000000001,0.137));
#17715=CARTESIAN_POINT('',(-0.115157480314961,-0.053,0.137));
#17716=CARTESIAN_POINT('',(-0.115157480314961,-0.053,0.137));
#17717=CARTESIAN_POINT('',(-0.115157480314961,-0.053,0.164125984251968));
#17718=CARTESIAN_POINT('',(-0.115157480314961,-0.059,0.164125984251968));
#17719=CARTESIAN_POINT('',(-0.115157480314961,-0.059,0.164125984251968));
#17720=CARTESIAN_POINT('',(-0.115157480314961,-0.059,0.164125984251968));
#17721=CARTESIAN_POINT('',(-0.115157480314961,-0.059,0.137));
#17722=CARTESIAN_POINT('',(-0.115157480314961,-0.041,0.137));
#17723=CARTESIAN_POINT('',(-0.115157480314961,-0.0503100447991329,0.121594706564361));
#17724=CARTESIAN_POINT('',(-0.115157480314961,-0.0503100447991329,0.121594706564361));
#17725=CARTESIAN_POINT('',(-0.0848425196850394,-0.059,0.1093));
#17726=CARTESIAN_POINT('',(-0.0848425196850394,-0.0493,0.1093));
#17727=CARTESIAN_POINT('',(-0.0848425196850394,-0.0410244046229929,0.122993594165012));
#17728=CARTESIAN_POINT('',(-0.0848425196850394,-0.0393,0.121789995996797));
#17729=CARTESIAN_POINT('',(-0.0848425196850394,-0.0393,0.123));
#17730=CARTESIAN_POINT('',(-0.0848425196850394,-0.0393,0.1093));
#17731=CARTESIAN_POINT('',(-0.0848425196850394,-0.0493000000000001,0.1093));
#17732=CARTESIAN_POINT('',(-0.0848425196850394,-0.0441277528893706,0.117858496353133));
#17733=CARTESIAN_POINT('',(-0.0848425196850394,-0.0503100447991329,0.121594706564361));
#17734=CARTESIAN_POINT('',(-0.0848425196850394,-0.0503100447991329,0.121594706564361));
#17735=CARTESIAN_POINT('',(-0.0848425196850394,-0.041,0.137));
#17736=CARTESIAN_POINT('',(-0.0848425196850394,-0.059,0.137));
#17737=CARTESIAN_POINT('',(-0.0848425196850394,-0.059,0.1093));
#17738=CARTESIAN_POINT('',(-0.0848425196850394,-0.059,0.164125984251968));
#17739=CARTESIAN_POINT('',(-0.0848425196850394,-0.059,0.164125984251968));
#17740=CARTESIAN_POINT('',(-0.0848425196850394,-0.053,0.164125984251968));
#17741=CARTESIAN_POINT('',(-0.0848425196850394,-0.053,0.137));
#17742=CARTESIAN_POINT('',(-0.0848425196850394,-0.053,0.137));
#17743=CARTESIAN_POINT('',(-0.0848425196850394,-0.0410000000000001,0.137));
#17744=CARTESIAN_POINT('',(-0.0848425196850394,-0.0472066965327553,0.126729804376241));
#17745=CARTESIAN_POINT('',(-0.0848425196850394,-0.041024404622993,0.122993594165012));
#17746=CARTESIAN_POINT('',(-0.0651574803149606,-0.059,0.164125984251968));
#17747=CARTESIAN_POINT('',(-0.0651574803149606,-0.0493000000000001,0.1093));
#17748=CARTESIAN_POINT('',(-0.0651574803149606,-0.0393,0.1093));
#17749=CARTESIAN_POINT('',(-0.0651574803149606,-0.0441277528893706,0.117858496353133));
#17750=CARTESIAN_POINT('',(-0.0651574803149607,-0.0393,0.1075));
#17751=CARTESIAN_POINT('',(-0.0651574803149606,-0.0393,0.121789995996797));
#17752=CARTESIAN_POINT('',(-0.0651574803149606,-0.0493,0.1093));
#17753=CARTESIAN_POINT('',(-0.0651574803149606,-0.0410244046229929,0.122993594165012));
#17754=CARTESIAN_POINT('',(-0.0651574803149606,-0.041024404622993,0.122993594165012));
#17755=CARTESIAN_POINT('',(-0.0651574803149606,-0.0472066965327553,0.126729804376241));
#17756=CARTESIAN_POINT('',(-0.0651574803149606,-0.0410000000000001,0.137));
#17757=CARTESIAN_POINT('',(-0.0651574803149606,-0.053,0.137));
#17758=CARTESIAN_POINT('',(-0.0651574803149606,-0.053,0.137));
#17759=CARTESIAN_POINT('',(-0.0651574803149606,-0.053,0.164125984251968));
#17760=CARTESIAN_POINT('',(-0.0651574803149606,-0.059,0.164125984251968));
#17761=CARTESIAN_POINT('',(-0.0651574803149606,-0.059,0.164125984251968));
#17762=CARTESIAN_POINT('',(-0.0651574803149606,-0.059,0.164125984251968));
#17763=CARTESIAN_POINT('',(-0.0651574803149606,-0.059,0.137));
#17764=CARTESIAN_POINT('',(-0.0651574803149606,-0.041,0.137));
#17765=CARTESIAN_POINT('',(-0.0651574803149606,-0.0503100447991329,0.121594706564361));
#17766=CARTESIAN_POINT('',(-0.0651574803149606,-0.0503100447991329,0.121594706564361));
#17767=CARTESIAN_POINT('',(-0.0348425196850394,-0.059,0.1093));
#17768=CARTESIAN_POINT('',(-0.0348425196850394,-0.0493,0.1093));
#17769=CARTESIAN_POINT('',(-0.0348425196850394,-0.0410244046229929,0.122993594165012));
#17770=CARTESIAN_POINT('',(-0.0348425196850394,-0.0393,0.121789995996797));
#17771=CARTESIAN_POINT('',(-0.0348425196850394,-0.0393,0.123));
#17772=CARTESIAN_POINT('',(-0.0348425196850394,-0.0393,0.1093));
#17773=CARTESIAN_POINT('',(-0.0348425196850394,-0.0493000000000001,0.1093));
#17774=CARTESIAN_POINT('',(-0.0348425196850394,-0.0441277528893706,0.117858496353133));
#17775=CARTESIAN_POINT('',(-0.0348425196850394,-0.0503100447991329,0.121594706564361));
#17776=CARTESIAN_POINT('',(-0.0348425196850394,-0.0503100447991329,0.121594706564361));
#17777=CARTESIAN_POINT('',(-0.0348425196850394,-0.041,0.137));
#17778=CARTESIAN_POINT('',(-0.0348425196850394,-0.059,0.137));
#17779=CARTESIAN_POINT('',(-0.0348425196850394,-0.059,0.1093));
#17780=CARTESIAN_POINT('',(-0.0348425196850394,-0.059,0.164125984251968));
#17781=CARTESIAN_POINT('',(-0.0348425196850394,-0.059,0.164125984251968));
#17782=CARTESIAN_POINT('',(-0.0348425196850394,-0.053,0.164125984251968));
#17783=CARTESIAN_POINT('',(-0.0348425196850394,-0.053,0.137));
#17784=CARTESIAN_POINT('',(-0.0348425196850394,-0.053,0.137));
#17785=CARTESIAN_POINT('',(-0.0348425196850394,-0.0410000000000001,0.137));
#17786=CARTESIAN_POINT('',(-0.0348425196850394,-0.0472066965327553,0.126729804376241));
#17787=CARTESIAN_POINT('',(-0.0348425196850394,-0.041024404622993,0.122993594165012));
#17788=CARTESIAN_POINT('',(-0.0151574803149606,-0.059,0.164125984251968));
#17789=CARTESIAN_POINT('',(-0.0151574803149606,-0.0493000000000001,0.1093));
#17790=CARTESIAN_POINT('',(-0.0151574803149606,-0.0393,0.1093));
#17791=CARTESIAN_POINT('',(-0.0151574803149606,-0.0441277528893706,0.117858496353133));
#17792=CARTESIAN_POINT('',(-0.0151574803149607,-0.0393,0.1075));
#17793=CARTESIAN_POINT('',(-0.0151574803149606,-0.0393,0.121789995996797));
#17794=CARTESIAN_POINT('',(-0.0151574803149606,-0.0493,0.1093));
#17795=CARTESIAN_POINT('',(-0.0151574803149606,-0.0410244046229929,0.122993594165012));
#17796=CARTESIAN_POINT('',(-0.0151574803149606,-0.041024404622993,0.122993594165012));
#17797=CARTESIAN_POINT('',(-0.0151574803149606,-0.0472066965327553,0.126729804376241));
#17798=CARTESIAN_POINT('',(-0.0151574803149606,-0.0410000000000001,0.137));
#17799=CARTESIAN_POINT('',(-0.0151574803149606,-0.053,0.137));
#17800=CARTESIAN_POINT('',(-0.0151574803149606,-0.053,0.137));
#17801=CARTESIAN_POINT('',(-0.0151574803149606,-0.053,0.164125984251968));
#17802=CARTESIAN_POINT('',(-0.0151574803149606,-0.059,0.164125984251968));
#17803=CARTESIAN_POINT('',(-0.0151574803149606,-0.059,0.164125984251968));
#17804=CARTESIAN_POINT('',(-0.0151574803149606,-0.059,0.164125984251968));
#17805=CARTESIAN_POINT('',(-0.0151574803149606,-0.059,0.137));
#17806=CARTESIAN_POINT('',(-0.0151574803149606,-0.041,0.137));
#17807=CARTESIAN_POINT('',(-0.0151574803149606,-0.0503100447991329,0.121594706564361));
#17808=CARTESIAN_POINT('',(-0.0151574803149606,-0.0503100447991329,0.121594706564361));
#17809=CARTESIAN_POINT('',(0.0151574803149606,-0.059,0.1093));
#17810=CARTESIAN_POINT('',(0.0151574803149606,-0.0493,0.1093));
#17811=CARTESIAN_POINT('',(0.0151574803149606,-0.0410244046229929,0.122993594165012));
#17812=CARTESIAN_POINT('',(0.0151574803149606,-0.0393,0.121789995996797));
#17813=CARTESIAN_POINT('',(0.0151574803149606,-0.0393,0.123));
#17814=CARTESIAN_POINT('',(0.0151574803149606,-0.0393,0.1093));
#17815=CARTESIAN_POINT('',(0.0151574803149606,-0.0493000000000001,0.1093));
#17816=CARTESIAN_POINT('',(0.0151574803149606,-0.0441277528893706,0.117858496353133));
#17817=CARTESIAN_POINT('',(0.0151574803149606,-0.0503100447991329,0.121594706564361));
#17818=CARTESIAN_POINT('',(0.0151574803149606,-0.0503100447991329,0.121594706564361));
#17819=CARTESIAN_POINT('',(0.0151574803149606,-0.041,0.137));
#17820=CARTESIAN_POINT('',(0.0151574803149606,-0.059,0.137));
#17821=CARTESIAN_POINT('',(0.0151574803149606,-0.059,0.1093));
#17822=CARTESIAN_POINT('',(0.0151574803149606,-0.059,0.164125984251968));
#17823=CARTESIAN_POINT('',(0.0151574803149606,-0.059,0.164125984251968));
#17824=CARTESIAN_POINT('',(0.0151574803149606,-0.053,0.164125984251968));
#17825=CARTESIAN_POINT('',(0.0151574803149606,-0.053,0.137));
#17826=CARTESIAN_POINT('',(0.0151574803149606,-0.053,0.137));
#17827=CARTESIAN_POINT('',(0.0151574803149606,-0.0410000000000001,0.137));
#17828=CARTESIAN_POINT('',(0.0151574803149606,-0.0472066965327553,0.126729804376241));
#17829=CARTESIAN_POINT('',(0.0151574803149606,-0.041024404622993,0.122993594165012));
#17830=CARTESIAN_POINT('',(0.0348425196850394,-0.059,0.164125984251968));
#17831=CARTESIAN_POINT('',(0.0348425196850394,-0.0493000000000001,0.1093));
#17832=CARTESIAN_POINT('',(0.0348425196850394,-0.0393,0.1093));
#17833=CARTESIAN_POINT('',(0.0348425196850394,-0.0441277528893706,0.117858496353133));
#17834=CARTESIAN_POINT('',(0.0348425196850393,-0.0393,0.1075));
#17835=CARTESIAN_POINT('',(0.0348425196850394,-0.0393,0.121789995996797));
#17836=CARTESIAN_POINT('',(0.0348425196850394,-0.0493,0.1093));
#17837=CARTESIAN_POINT('',(0.0348425196850394,-0.0410244046229929,0.122993594165012));
#17838=CARTESIAN_POINT('',(0.0348425196850394,-0.041024404622993,0.122993594165012));
#17839=CARTESIAN_POINT('',(0.0348425196850394,-0.0472066965327553,0.126729804376241));
#17840=CARTESIAN_POINT('',(0.0348425196850394,-0.0410000000000001,0.137));
#17841=CARTESIAN_POINT('',(0.0348425196850394,-0.053,0.137));
#17842=CARTESIAN_POINT('',(0.0348425196850394,-0.053,0.137));
#17843=CARTESIAN_POINT('',(0.0348425196850394,-0.053,0.164125984251968));
#17844=CARTESIAN_POINT('',(0.0348425196850394,-0.059,0.164125984251968));
#17845=CARTESIAN_POINT('',(0.0348425196850394,-0.059,0.164125984251968));
#17846=CARTESIAN_POINT('',(0.0348425196850394,-0.059,0.164125984251968));
#17847=CARTESIAN_POINT('',(0.0348425196850394,-0.059,0.137));
#17848=CARTESIAN_POINT('',(0.0348425196850394,-0.041,0.137));
#17849=CARTESIAN_POINT('',(0.0348425196850394,-0.0503100447991329,0.121594706564361));
#17850=CARTESIAN_POINT('',(0.0348425196850394,-0.0503100447991329,0.121594706564361));
#17851=CARTESIAN_POINT('',(0.0651574803149606,-0.059,0.1093));
#17852=CARTESIAN_POINT('',(0.0651574803149606,-0.0493,0.1093));
#17853=CARTESIAN_POINT('',(0.0651574803149606,-0.0410244046229929,0.122993594165012));
#17854=CARTESIAN_POINT('',(0.0651574803149606,-0.0393,0.121789995996797));
#17855=CARTESIAN_POINT('',(0.0651574803149605,-0.0393,0.123));
#17856=CARTESIAN_POINT('',(0.0651574803149605,-0.0393,0.1093));
#17857=CARTESIAN_POINT('',(0.0651574803149606,-0.0493000000000001,0.1093));
#17858=CARTESIAN_POINT('',(0.0651574803149606,-0.0441277528893706,0.117858496353133));
#17859=CARTESIAN_POINT('',(0.0651574803149606,-0.0503100447991329,0.121594706564361));
#17860=CARTESIAN_POINT('',(0.0651574803149606,-0.0503100447991329,0.121594706564361));
#17861=CARTESIAN_POINT('',(0.0651574803149606,-0.041,0.137));
#17862=CARTESIAN_POINT('',(0.0651574803149606,-0.059,0.137));
#17863=CARTESIAN_POINT('',(0.0651574803149606,-0.059,0.1093));
#17864=CARTESIAN_POINT('',(0.0651574803149606,-0.059,0.164125984251968));
#17865=CARTESIAN_POINT('',(0.0651574803149606,-0.059,0.164125984251968));
#17866=CARTESIAN_POINT('',(0.0651574803149606,-0.053,0.164125984251968));
#17867=CARTESIAN_POINT('',(0.0651574803149606,-0.053,0.137));
#17868=CARTESIAN_POINT('',(0.0651574803149606,-0.053,0.137));
#17869=CARTESIAN_POINT('',(0.0651574803149606,-0.0410000000000001,0.137));
#17870=CARTESIAN_POINT('',(0.0651574803149606,-0.0472066965327553,0.126729804376241));
#17871=CARTESIAN_POINT('',(0.0651574803149606,-0.041024404622993,0.122993594165012));
#17872=CARTESIAN_POINT('',(0.0848425196850394,-0.059,0.164125984251968));
#17873=CARTESIAN_POINT('',(0.0848425196850394,-0.0493000000000001,0.1093));
#17874=CARTESIAN_POINT('',(0.0848425196850394,-0.0393,0.1093));
#17875=CARTESIAN_POINT('',(0.0848425196850394,-0.0441277528893706,0.117858496353133));
#17876=CARTESIAN_POINT('',(0.0848425196850393,-0.0393,0.1075));
#17877=CARTESIAN_POINT('',(0.0848425196850394,-0.0393,0.121789995996797));
#17878=CARTESIAN_POINT('',(0.0848425196850394,-0.0493,0.1093));
#17879=CARTESIAN_POINT('',(0.0848425196850394,-0.0410244046229929,0.122993594165012));
#17880=CARTESIAN_POINT('',(0.0848425196850394,-0.041024404622993,0.122993594165012));
#17881=CARTESIAN_POINT('',(0.0848425196850394,-0.0472066965327553,0.126729804376241));
#17882=CARTESIAN_POINT('',(0.0848425196850394,-0.0410000000000001,0.137));
#17883=CARTESIAN_POINT('',(0.0848425196850394,-0.053,0.137));
#17884=CARTESIAN_POINT('',(0.0848425196850394,-0.053,0.137));
#17885=CARTESIAN_POINT('',(0.0848425196850394,-0.053,0.164125984251968));
#17886=CARTESIAN_POINT('',(0.0848425196850394,-0.059,0.164125984251968));
#17887=CARTESIAN_POINT('',(0.0848425196850394,-0.059,0.164125984251968));
#17888=CARTESIAN_POINT('',(0.0848425196850394,-0.059,0.164125984251968));
#17889=CARTESIAN_POINT('',(0.0848425196850394,-0.059,0.137));
#17890=CARTESIAN_POINT('',(0.0848425196850394,-0.041,0.137));
#17891=CARTESIAN_POINT('',(0.0848425196850394,-0.0503100447991329,0.121594706564361));
#17892=CARTESIAN_POINT('',(0.0848425196850394,-0.0503100447991329,0.121594706564361));
#17893=CARTESIAN_POINT('',(0.115157480314961,-0.059,0.1093));
#17894=CARTESIAN_POINT('',(0.115157480314961,-0.0493,0.1093));
#17895=CARTESIAN_POINT('',(0.115157480314961,-0.0410244046229929,0.122993594165012));
#17896=CARTESIAN_POINT('',(0.115157480314961,-0.0393,0.121789995996797));
#17897=CARTESIAN_POINT('',(0.115157480314961,-0.0393,0.123));
#17898=CARTESIAN_POINT('',(0.115157480314961,-0.0393,0.1093));
#17899=CARTESIAN_POINT('',(0.115157480314961,-0.0493000000000001,0.1093));
#17900=CARTESIAN_POINT('',(0.115157480314961,-0.0441277528893706,0.117858496353133));
#17901=CARTESIAN_POINT('',(0.115157480314961,-0.0503100447991329,0.121594706564361));
#17902=CARTESIAN_POINT('',(0.115157480314961,-0.0503100447991329,0.121594706564361));
#17903=CARTESIAN_POINT('',(0.115157480314961,-0.041,0.137));
#17904=CARTESIAN_POINT('',(0.115157480314961,-0.059,0.137));
#17905=CARTESIAN_POINT('',(0.115157480314961,-0.059,0.1093));
#17906=CARTESIAN_POINT('',(0.115157480314961,-0.059,0.164125984251968));
#17907=CARTESIAN_POINT('',(0.115157480314961,-0.059,0.164125984251968));
#17908=CARTESIAN_POINT('',(0.115157480314961,-0.053,0.164125984251968));
#17909=CARTESIAN_POINT('',(0.115157480314961,-0.053,0.137));
#17910=CARTESIAN_POINT('',(0.115157480314961,-0.053,0.137));
#17911=CARTESIAN_POINT('',(0.115157480314961,-0.0410000000000001,0.137));
#17912=CARTESIAN_POINT('',(0.115157480314961,-0.0472066965327553,0.126729804376241));
#17913=CARTESIAN_POINT('',(0.115157480314961,-0.041024404622993,0.122993594165012));
#17914=CARTESIAN_POINT('',(0.134842519685039,-0.059,0.164125984251968));
#17915=CARTESIAN_POINT('',(0.134842519685039,-0.0493000000000001,0.1093));
#17916=CARTESIAN_POINT('',(0.134842519685039,-0.0393,0.1093));
#17917=CARTESIAN_POINT('',(0.134842519685039,-0.0441277528893706,0.117858496353133));
#17918=CARTESIAN_POINT('',(0.134842519685039,-0.0393,0.1075));
#17919=CARTESIAN_POINT('',(0.134842519685039,-0.0393,0.121789995996797));
#17920=CARTESIAN_POINT('',(0.134842519685039,-0.0493,0.1093));
#17921=CARTESIAN_POINT('',(0.134842519685039,-0.0410244046229929,0.122993594165012));
#17922=CARTESIAN_POINT('',(0.134842519685039,-0.041024404622993,0.122993594165012));
#17923=CARTESIAN_POINT('',(0.134842519685039,-0.0472066965327553,0.126729804376241));
#17924=CARTESIAN_POINT('',(0.134842519685039,-0.0410000000000001,0.137));
#17925=CARTESIAN_POINT('',(0.134842519685039,-0.053,0.137));
#17926=CARTESIAN_POINT('',(0.134842519685039,-0.053,0.137));
#17927=CARTESIAN_POINT('',(0.134842519685039,-0.053,0.164125984251968));
#17928=CARTESIAN_POINT('',(0.134842519685039,-0.059,0.164125984251968));
#17929=CARTESIAN_POINT('',(0.134842519685039,-0.059,0.164125984251968));
#17930=CARTESIAN_POINT('',(0.134842519685039,-0.059,0.164125984251968));
#17931=CARTESIAN_POINT('',(0.134842519685039,-0.059,0.137));
#17932=CARTESIAN_POINT('',(0.134842519685039,-0.041,0.137));
#17933=CARTESIAN_POINT('',(0.134842519685039,-0.0503100447991329,0.121594706564361));
#17934=CARTESIAN_POINT('',(0.134842519685039,-0.0503100447991329,0.121594706564361));
#17935=CARTESIAN_POINT('',(0.165157480314961,-0.059,0.1093));
#17936=CARTESIAN_POINT('',(0.165157480314961,-0.0493,0.1093));
#17937=CARTESIAN_POINT('',(0.165157480314961,-0.0410244046229929,0.122993594165012));
#17938=CARTESIAN_POINT('',(0.165157480314961,-0.0393,0.121789995996797));
#17939=CARTESIAN_POINT('',(0.165157480314961,-0.0393,0.123000000000001));
#17940=CARTESIAN_POINT('',(0.165157480314961,-0.0393,0.1093));
#17941=CARTESIAN_POINT('',(0.165157480314961,-0.0493000000000001,0.1093));
#17942=CARTESIAN_POINT('',(0.165157480314961,-0.0441277528893706,0.117858496353133));
#17943=CARTESIAN_POINT('',(0.165157480314961,-0.0503100447991329,0.121594706564361));
#17944=CARTESIAN_POINT('',(0.165157480314961,-0.0503100447991329,0.121594706564361));
#17945=CARTESIAN_POINT('',(0.165157480314961,-0.041,0.137));
#17946=CARTESIAN_POINT('',(0.165157480314961,-0.059,0.137));
#17947=CARTESIAN_POINT('',(0.165157480314961,-0.059,0.1093));
#17948=CARTESIAN_POINT('',(0.165157480314961,-0.059,0.164125984251968));
#17949=CARTESIAN_POINT('',(0.165157480314961,-0.059,0.164125984251968));
#17950=CARTESIAN_POINT('',(0.165157480314961,-0.053,0.164125984251968));
#17951=CARTESIAN_POINT('',(0.165157480314961,-0.053,0.137));
#17952=CARTESIAN_POINT('',(0.165157480314961,-0.053,0.137));
#17953=CARTESIAN_POINT('',(0.165157480314961,-0.0410000000000001,0.137));
#17954=CARTESIAN_POINT('',(0.165157480314961,-0.0472066965327553,0.126729804376241));
#17955=CARTESIAN_POINT('',(0.165157480314961,-0.041024404622993,0.122993594165012));
#17956=CARTESIAN_POINT('',(0.215157480314961,-0.059,0.1093));
#17957=CARTESIAN_POINT('',(0.215157480314961,-0.0493,0.1093));
#17958=CARTESIAN_POINT('',(0.215157480314961,-0.0410244046229929,0.122993594165012));
#17959=CARTESIAN_POINT('',(0.215157480314961,-0.0393,0.121789995996797));
#17960=CARTESIAN_POINT('',(0.215157480314961,-0.0393,0.123));
#17961=CARTESIAN_POINT('',(0.215157480314961,-0.0393,0.1093));
#17962=CARTESIAN_POINT('',(0.215157480314961,-0.0493000000000001,0.1093));
#17963=CARTESIAN_POINT('',(0.215157480314961,-0.0441277528893706,0.117858496353133));
#17964=CARTESIAN_POINT('',(0.215157480314961,-0.0503100447991329,0.121594706564361));
#17965=CARTESIAN_POINT('',(0.215157480314961,-0.0503100447991329,0.121594706564361));
#17966=CARTESIAN_POINT('',(0.215157480314961,-0.041,0.137));
#17967=CARTESIAN_POINT('',(0.215157480314961,-0.059,0.137));
#17968=CARTESIAN_POINT('',(0.215157480314961,-0.059,0.1093));
#17969=CARTESIAN_POINT('',(0.215157480314961,-0.059,0.164125984251968));
#17970=CARTESIAN_POINT('',(0.215157480314961,-0.059,0.164125984251968));
#17971=CARTESIAN_POINT('',(0.215157480314961,-0.053,0.164125984251968));
#17972=CARTESIAN_POINT('',(0.215157480314961,-0.053,0.137));
#17973=CARTESIAN_POINT('',(0.215157480314961,-0.053,0.137));
#17974=CARTESIAN_POINT('',(0.215157480314961,-0.0410000000000001,0.137));
#17975=CARTESIAN_POINT('',(0.215157480314961,-0.0472066965327553,0.126729804376241));
#17976=CARTESIAN_POINT('',(0.215157480314961,-0.041024404622993,0.122993594165012));
#17977=CARTESIAN_POINT('',(0.184842519685039,-0.059,0.164125984251968));
#17978=CARTESIAN_POINT('',(0.184842519685039,-0.0493000000000001,0.1093));
#17979=CARTESIAN_POINT('',(0.184842519685039,-0.0393,0.1093));
#17980=CARTESIAN_POINT('',(0.184842519685039,-0.0441277528893706,0.117858496353133));
#17981=CARTESIAN_POINT('',(0.184842519685039,-0.0393,0.164125984251968));
#17982=CARTESIAN_POINT('',(0.184842519685039,-0.0393,0.121789995996797));
#17983=CARTESIAN_POINT('',(0.184842519685039,-0.0493,0.1093));
#17984=CARTESIAN_POINT('',(0.184842519685039,-0.0410244046229929,0.122993594165012));
#17985=CARTESIAN_POINT('',(0.184842519685039,-0.041024404622993,0.122993594165012));
#17986=CARTESIAN_POINT('',(0.184842519685039,-0.0472066965327553,0.126729804376241));
#17987=CARTESIAN_POINT('',(0.184842519685039,-0.0410000000000001,0.137));
#17988=CARTESIAN_POINT('',(0.184842519685039,-0.053,0.137));
#17989=CARTESIAN_POINT('',(0.184842519685039,-0.053,0.137));
#17990=CARTESIAN_POINT('',(0.184842519685039,-0.053,0.164125984251968));
#17991=CARTESIAN_POINT('',(0.184842519685039,-0.059,0.164125984251968));
#17992=CARTESIAN_POINT('',(0.184842519685039,-0.059,0.164125984251968));
#17993=CARTESIAN_POINT('',(0.184842519685039,-0.059,0.164125984251968));
#17994=CARTESIAN_POINT('',(0.184842519685039,-0.059,0.137));
#17995=CARTESIAN_POINT('',(0.184842519685039,-0.041,0.137));
#17996=CARTESIAN_POINT('',(0.184842519685039,-0.0503100447991329,0.121594706564361));
#17997=CARTESIAN_POINT('',(0.184842519685039,-0.0503100447991329,0.121594706564361));
#17998=CARTESIAN_POINT('',(0.244685039370079,-0.053,0.137));
#17999=CARTESIAN_POINT('',(0.244685039370079,-0.053,0.137));
#18000=CARTESIAN_POINT('',(0.223031496062992,-0.053,0.164125984251968));
#18001=CARTESIAN_POINT('',(0.223031496062992,-0.053,0.172));
#18002=CARTESIAN_POINT('',(0.244685039370079,-0.053,0.172));
#18003=CARTESIAN_POINT('',(0.226968503937008,-0.053,0.172));
#18004=CARTESIAN_POINT('',(0.226968503937008,-0.053,0.164125984251968));
#18005=CARTESIAN_POINT('',(0.244685039370079,-0.053,0.137));
#18006=CARTESIAN_POINT('',(0.244685039370079,-0.053,0.137));
#18007=CARTESIAN_POINT('',(0.173031496062992,-0.053,0.164125984251968));
#18008=CARTESIAN_POINT('',(0.173031496062992,-0.053,0.172));
#18009=CARTESIAN_POINT('',(0.244685039370079,-0.053,0.172));
#18010=CARTESIAN_POINT('',(0.176968503937008,-0.053,0.172));
#18011=CARTESIAN_POINT('',(0.176968503937008,-0.053,0.164125984251968));
#18012=CARTESIAN_POINT('',(0.244685039370079,-0.053,0.137));
#18013=CARTESIAN_POINT('',(0.244685039370079,-0.053,0.137));
#18014=CARTESIAN_POINT('',(0.123031496062992,-0.053,0.164125984251969));
#18015=CARTESIAN_POINT('',(0.123031496062992,-0.053,0.172));
#18016=CARTESIAN_POINT('',(0.244685039370079,-0.053,0.172));
#18017=CARTESIAN_POINT('',(0.126968503937008,-0.053,0.172));
#18018=CARTESIAN_POINT('',(0.126968503937008,-0.053,0.164125984251968));
#18019=CARTESIAN_POINT('',(0.244685039370079,-0.053,0.137));
#18020=CARTESIAN_POINT('',(0.244685039370079,-0.053,0.137));
#18021=CARTESIAN_POINT('',(0.0730314960629921,-0.053,0.164125984251969));
#18022=CARTESIAN_POINT('',(0.0730314960629921,-0.053,0.172));
#18023=CARTESIAN_POINT('',(0.244685039370079,-0.053,0.172));
#18024=CARTESIAN_POINT('',(0.0769685039370078,-0.053,0.172));
#18025=CARTESIAN_POINT('',(0.0769685039370078,-0.053,0.164125984251968));
#18026=CARTESIAN_POINT('',(0.244685039370079,-0.053,0.137));
#18027=CARTESIAN_POINT('',(0.244685039370079,-0.053,0.137));
#18028=CARTESIAN_POINT('',(0.0230314960629921,-0.053,0.164125984251969));
#18029=CARTESIAN_POINT('',(0.0230314960629921,-0.053,0.172));
#18030=CARTESIAN_POINT('',(0.244685039370079,-0.053,0.172));
#18031=CARTESIAN_POINT('',(0.0269685039370078,-0.053,0.172));
#18032=CARTESIAN_POINT('',(0.0269685039370078,-0.053,0.164125984251968));
#18033=CARTESIAN_POINT('',(0.244685039370079,-0.053,0.137));
#18034=CARTESIAN_POINT('',(0.244685039370079,-0.053,0.137));
#18035=CARTESIAN_POINT('',(-0.0269685039370079,-0.053,0.164125984251969));
#18036=CARTESIAN_POINT('',(-0.0269685039370079,-0.053,0.172));
#18037=CARTESIAN_POINT('',(0.244685039370079,-0.053,0.172));
#18038=CARTESIAN_POINT('',(-0.0230314960629922,-0.053,0.172));
#18039=CARTESIAN_POINT('',(-0.0230314960629922,-0.053,0.164125984251968));
#18040=CARTESIAN_POINT('',(0.244685039370079,-0.053,0.137));
#18041=CARTESIAN_POINT('',(0.244685039370079,-0.053,0.137));
#18042=CARTESIAN_POINT('',(-0.076968503937008,-0.053,0.164125984251969));
#18043=CARTESIAN_POINT('',(-0.0769685039370079,-0.053,0.172));
#18044=CARTESIAN_POINT('',(0.244685039370079,-0.053,0.172));
#18045=CARTESIAN_POINT('',(-0.0730314960629922,-0.053,0.172));
#18046=CARTESIAN_POINT('',(-0.0730314960629922,-0.053,0.164125984251968));
#18047=CARTESIAN_POINT('',(0.244685039370079,-0.053,0.137));
#18048=CARTESIAN_POINT('',(0.244685039370079,-0.053,0.137));
#18049=CARTESIAN_POINT('',(-0.126968503937008,-0.053,0.164125984251969));
#18050=CARTESIAN_POINT('',(-0.126968503937008,-0.053,0.172));
#18051=CARTESIAN_POINT('',(0.244685039370079,-0.053,0.172));
#18052=CARTESIAN_POINT('',(-0.123031496062992,-0.053,0.172));
#18053=CARTESIAN_POINT('',(-0.123031496062992,-0.053,0.164125984251968));
#18054=CARTESIAN_POINT('',(0.244685039370079,-0.053,0.137));
#18055=CARTESIAN_POINT('',(0.244685039370079,-0.053,0.137));
#18056=CARTESIAN_POINT('',(-0.176968503937008,-0.053,0.164125984251969));
#18057=CARTESIAN_POINT('',(-0.176968503937008,-0.053,0.172));
#18058=CARTESIAN_POINT('',(0.244685039370079,-0.053,0.172));
#18059=CARTESIAN_POINT('',(-0.173031496062992,-0.053,0.172));
#18060=CARTESIAN_POINT('',(-0.173031496062992,-0.053,0.164125984251968));
#18061=CARTESIAN_POINT('',(0.244685039370079,-0.053,0.137));
#18062=CARTESIAN_POINT('',(0.244685039370079,-0.053,0.137));
#18063=CARTESIAN_POINT('',(-0.226968503937008,-0.053,0.164125984251969));
#18064=CARTESIAN_POINT('',(-0.226968503937008,-0.053,0.172));
#18065=CARTESIAN_POINT('',(0.244685039370079,-0.053,0.172));
#18066=CARTESIAN_POINT('',(-0.223031496062992,-0.053,0.172));
#18067=CARTESIAN_POINT('',(-0.223031496062992,-0.053,0.164125984251968));
#18068=CARTESIAN_POINT('',(0.244685039370079,-0.053,0.172));
#18069=CARTESIAN_POINT('',(0.244685039370079,-0.059,0.172));
#18070=CARTESIAN_POINT('',(0.226968503937008,-0.059,0.172));
#18071=CARTESIAN_POINT('',(0.223031496062992,-0.059,0.172));
#18072=CARTESIAN_POINT('',(0.226968503937008,-0.059,0.172));
#18073=CARTESIAN_POINT('',(0.223031496062992,-0.059,0.172));
#18074=CARTESIAN_POINT('',(0.244685039370079,-0.053,0.172));
#18075=CARTESIAN_POINT('',(0.244685039370079,-0.059,0.172));
#18076=CARTESIAN_POINT('',(0.176968503937008,-0.059,0.172));
#18077=CARTESIAN_POINT('',(0.173031496062992,-0.059,0.172));
#18078=CARTESIAN_POINT('',(0.176968503937008,-0.059,0.172));
#18079=CARTESIAN_POINT('',(0.173031496062992,-0.059,0.172));
#18080=CARTESIAN_POINT('',(0.244685039370079,-0.053,0.172));
#18081=CARTESIAN_POINT('',(0.244685039370079,-0.059,0.172));
#18082=CARTESIAN_POINT('',(0.126968503937008,-0.059,0.172));
#18083=CARTESIAN_POINT('',(0.123031496062992,-0.059,0.172));
#18084=CARTESIAN_POINT('',(0.126968503937008,-0.059,0.172));
#18085=CARTESIAN_POINT('',(0.123031496062992,-0.059,0.172));
#18086=CARTESIAN_POINT('',(0.244685039370079,-0.053,0.172));
#18087=CARTESIAN_POINT('',(0.244685039370079,-0.059,0.172));
#18088=CARTESIAN_POINT('',(0.0769685039370078,-0.059,0.172));
#18089=CARTESIAN_POINT('',(0.0730314960629921,-0.059,0.172));
#18090=CARTESIAN_POINT('',(0.0769685039370078,-0.059,0.172));
#18091=CARTESIAN_POINT('',(0.0730314960629921,-0.059,0.172));
#18092=CARTESIAN_POINT('',(0.244685039370079,-0.053,0.172));
#18093=CARTESIAN_POINT('',(0.244685039370079,-0.059,0.172));
#18094=CARTESIAN_POINT('',(0.0269685039370078,-0.059,0.172));
#18095=CARTESIAN_POINT('',(0.0230314960629921,-0.059,0.172));
#18096=CARTESIAN_POINT('',(0.0269685039370078,-0.059,0.172));
#18097=CARTESIAN_POINT('',(0.0230314960629921,-0.059,0.172));
#18098=CARTESIAN_POINT('',(0.244685039370079,-0.053,0.172));
#18099=CARTESIAN_POINT('',(0.244685039370079,-0.059,0.172));
#18100=CARTESIAN_POINT('',(-0.0230314960629922,-0.059,0.172));
#18101=CARTESIAN_POINT('',(-0.0269685039370079,-0.059,0.172));
#18102=CARTESIAN_POINT('',(-0.0230314960629922,-0.059,0.172));
#18103=CARTESIAN_POINT('',(-0.0269685039370079,-0.059,0.172));
#18104=CARTESIAN_POINT('',(0.244685039370079,-0.053,0.172));
#18105=CARTESIAN_POINT('',(0.244685039370079,-0.059,0.172));
#18106=CARTESIAN_POINT('',(-0.0730314960629922,-0.059,0.172));
#18107=CARTESIAN_POINT('',(-0.0769685039370079,-0.059,0.172));
#18108=CARTESIAN_POINT('',(-0.0730314960629922,-0.059,0.172));
#18109=CARTESIAN_POINT('',(-0.0769685039370079,-0.059,0.172));
#18110=CARTESIAN_POINT('',(0.244685039370079,-0.053,0.172));
#18111=CARTESIAN_POINT('',(0.244685039370079,-0.059,0.172));
#18112=CARTESIAN_POINT('',(-0.123031496062992,-0.059,0.172));
#18113=CARTESIAN_POINT('',(-0.126968503937008,-0.059,0.172));
#18114=CARTESIAN_POINT('',(-0.123031496062992,-0.059,0.172));
#18115=CARTESIAN_POINT('',(-0.126968503937008,-0.059,0.172));
#18116=CARTESIAN_POINT('',(0.244685039370079,-0.053,0.172));
#18117=CARTESIAN_POINT('',(0.244685039370079,-0.059,0.172));
#18118=CARTESIAN_POINT('',(-0.173031496062992,-0.059,0.172));
#18119=CARTESIAN_POINT('',(-0.176968503937008,-0.059,0.172));
#18120=CARTESIAN_POINT('',(-0.173031496062992,-0.059,0.172));
#18121=CARTESIAN_POINT('',(-0.176968503937008,-0.059,0.172));
#18122=CARTESIAN_POINT('',(0.244685039370079,-0.053,0.172));
#18123=CARTESIAN_POINT('',(0.244685039370079,-0.059,0.172));
#18124=CARTESIAN_POINT('',(-0.223031496062992,-0.059,0.172));
#18125=CARTESIAN_POINT('',(-0.226968503937008,-0.059,0.172));
#18126=CARTESIAN_POINT('',(-0.223031496062992,-0.059,0.172));
#18127=CARTESIAN_POINT('',(-0.226968503937008,-0.059,0.172));
#18128=CARTESIAN_POINT('',(0.244685039370079,-0.059,0.172));
#18129=CARTESIAN_POINT('',(0.226968503937008,-0.059,0.164125984251968));
#18130=CARTESIAN_POINT('',(0.223031496062992,-0.059,0.164125984251968));
#18131=CARTESIAN_POINT('',(0.244685039370079,-0.059,0.137));
#18132=CARTESIAN_POINT('',(0.244685039370079,-0.059,0.172));
#18133=CARTESIAN_POINT('',(0.176968503937008,-0.059,0.164125984251968));
#18134=CARTESIAN_POINT('',(0.173031496062992,-0.059,0.164125984251968));
#18135=CARTESIAN_POINT('',(0.244685039370079,-0.059,0.137));
#18136=CARTESIAN_POINT('',(0.244685039370079,-0.059,0.172));
#18137=CARTESIAN_POINT('',(0.126968503937008,-0.059,0.164125984251968));
#18138=CARTESIAN_POINT('',(0.123031496062992,-0.059,0.164125984251969));
#18139=CARTESIAN_POINT('',(0.244685039370079,-0.059,0.137));
#18140=CARTESIAN_POINT('',(0.244685039370079,-0.059,0.172));
#18141=CARTESIAN_POINT('',(0.0769685039370078,-0.059,0.164125984251968));
#18142=CARTESIAN_POINT('',(0.0730314960629921,-0.059,0.164125984251969));
#18143=CARTESIAN_POINT('',(0.244685039370079,-0.059,0.137));
#18144=CARTESIAN_POINT('',(0.244685039370079,-0.059,0.172));
#18145=CARTESIAN_POINT('',(0.0269685039370078,-0.059,0.164125984251968));
#18146=CARTESIAN_POINT('',(0.0230314960629921,-0.059,0.164125984251969));
#18147=CARTESIAN_POINT('',(0.244685039370079,-0.059,0.137));
#18148=CARTESIAN_POINT('',(0.244685039370079,-0.059,0.172));
#18149=CARTESIAN_POINT('',(-0.0230314960629922,-0.059,0.164125984251968));
#18150=CARTESIAN_POINT('',(-0.0269685039370079,-0.059,0.164125984251969));
#18151=CARTESIAN_POINT('',(0.244685039370079,-0.059,0.137));
#18152=CARTESIAN_POINT('',(0.244685039370079,-0.059,0.172));
#18153=CARTESIAN_POINT('',(-0.0730314960629922,-0.059,0.164125984251968));
#18154=CARTESIAN_POINT('',(-0.076968503937008,-0.059,0.164125984251969));
#18155=CARTESIAN_POINT('',(0.244685039370079,-0.059,0.137));
#18156=CARTESIAN_POINT('',(0.244685039370079,-0.059,0.172));
#18157=CARTESIAN_POINT('',(-0.123031496062992,-0.059,0.164125984251968));
#18158=CARTESIAN_POINT('',(-0.126968503937008,-0.059,0.164125984251969));
#18159=CARTESIAN_POINT('',(0.244685039370079,-0.059,0.137));
#18160=CARTESIAN_POINT('',(0.244685039370079,-0.059,0.172));
#18161=CARTESIAN_POINT('',(-0.173031496062992,-0.059,0.164125984251968));
#18162=CARTESIAN_POINT('',(-0.176968503937008,-0.059,0.164125984251969));
#18163=CARTESIAN_POINT('',(0.244685039370079,-0.059,0.137));
#18164=CARTESIAN_POINT('',(0.244685039370079,-0.059,0.172));
#18165=CARTESIAN_POINT('',(-0.223031496062992,-0.059,0.164125984251968));
#18166=CARTESIAN_POINT('',(-0.226968503937008,-0.059,0.164125984251969));
#18167=CARTESIAN_POINT('',(0.244685039370079,-0.059,0.137));
#18168=CARTESIAN_POINT('',(0.244685039370079,-0.041,0.137));
#18169=CARTESIAN_POINT('',(0.244685039370079,-0.0503100447991329,0.121594706564361));
#18170=CARTESIAN_POINT('',(0.244685039370079,-0.041,0.137));
#18171=CARTESIAN_POINT('',(0.244685039370079,-0.0503100447991329,0.121594706564361));
#18172=CARTESIAN_POINT('',(0.244685039370079,-0.041,0.137));
#18173=CARTESIAN_POINT('',(0.244685039370079,-0.0503100447991329,0.121594706564361));
#18174=CARTESIAN_POINT('',(0.244685039370079,-0.041,0.137));
#18175=CARTESIAN_POINT('',(0.244685039370079,-0.0503100447991329,0.121594706564361));
#18176=CARTESIAN_POINT('',(0.244685039370079,-0.041,0.137));
#18177=CARTESIAN_POINT('',(0.244685039370079,-0.0503100447991329,0.121594706564361));
#18178=CARTESIAN_POINT('',(0.244685039370079,-0.041,0.137));
#18179=CARTESIAN_POINT('',(0.244685039370079,-0.0503100447991329,0.121594706564361));
#18180=CARTESIAN_POINT('',(0.244685039370079,-0.041,0.137));
#18181=CARTESIAN_POINT('',(0.244685039370079,-0.0503100447991329,0.121594706564361));
#18182=CARTESIAN_POINT('',(0.244685039370079,-0.041,0.137));
#18183=CARTESIAN_POINT('',(0.244685039370079,-0.0503100447991329,0.121594706564361));
#18184=CARTESIAN_POINT('',(0.244685039370079,-0.041,0.137));
#18185=CARTESIAN_POINT('',(0.244685039370079,-0.0503100447991329,0.121594706564361));
#18186=CARTESIAN_POINT('',(0.244685039370079,-0.041,0.137));
#18187=CARTESIAN_POINT('',(0.244685039370079,-0.0503100447991329,0.121594706564361));
#18188=CARTESIAN_POINT('',(0.244685039370079,-0.0503100447991329,0.121594706564361));
#18189=CARTESIAN_POINT('',(0.244685039370079,-0.0441277528893706,0.117858496353133));
#18190=CARTESIAN_POINT('',(0.244685039370079,-0.0503100447991329,0.121594706564361));
#18191=CARTESIAN_POINT('',(0.244685039370079,-0.0441277528893706,0.117858496353133));
#18192=CARTESIAN_POINT('',(0.244685039370079,-0.0503100447991329,0.121594706564361));
#18193=CARTESIAN_POINT('',(0.244685039370079,-0.0441277528893706,0.117858496353133));
#18194=CARTESIAN_POINT('',(0.244685039370079,-0.0503100447991329,0.121594706564361));
#18195=CARTESIAN_POINT('',(0.244685039370079,-0.0441277528893706,0.117858496353133));
#18196=CARTESIAN_POINT('',(0.244685039370079,-0.0503100447991329,0.121594706564361));
#18197=CARTESIAN_POINT('',(0.244685039370079,-0.0441277528893706,0.117858496353133));
#18198=CARTESIAN_POINT('',(0.244685039370079,-0.0503100447991329,0.121594706564361));
#18199=CARTESIAN_POINT('',(0.244685039370079,-0.0441277528893706,0.117858496353133));
#18200=CARTESIAN_POINT('',(0.244685039370079,-0.0503100447991329,0.121594706564361));
#18201=CARTESIAN_POINT('',(0.244685039370079,-0.0441277528893706,0.117858496353133));
#18202=CARTESIAN_POINT('',(0.244685039370079,-0.0503100447991329,0.121594706564361));
#18203=CARTESIAN_POINT('',(0.244685039370079,-0.0441277528893706,0.117858496353133));
#18204=CARTESIAN_POINT('',(0.244685039370079,-0.0503100447991329,0.121594706564361));
#18205=CARTESIAN_POINT('',(0.244685039370079,-0.0441277528893706,0.117858496353133));
#18206=CARTESIAN_POINT('',(0.244685039370079,-0.0503100447991329,0.121594706564361));
#18207=CARTESIAN_POINT('',(0.244685039370079,-0.0441277528893706,0.117858496353133));
#18208=CARTESIAN_POINT('',(0.244685039370079,-0.0493000000000001,0.1093));
#18209=CARTESIAN_POINT('',(0.244685039370079,-0.0393,0.1093));
#18210=CARTESIAN_POINT('',(0.244685039370079,-0.0493000000000001,0.1093));
#18211=CARTESIAN_POINT('',(0.244685039370079,-0.0393,0.1093));
#18212=CARTESIAN_POINT('',(0.244685039370079,-0.0493000000000001,0.1093));
#18213=CARTESIAN_POINT('',(0.244685039370079,-0.0393,0.1093));
#18214=CARTESIAN_POINT('',(0.244685039370079,-0.0493000000000001,0.1093));
#18215=CARTESIAN_POINT('',(0.244685039370079,-0.0393,0.1093));
#18216=CARTESIAN_POINT('',(0.244685039370079,-0.0493000000000001,0.1093));
#18217=CARTESIAN_POINT('',(0.244685039370079,-0.0393,0.1093));
#18218=CARTESIAN_POINT('',(0.244685039370079,-0.0493000000000001,0.1093));
#18219=CARTESIAN_POINT('',(0.244685039370079,-0.0393,0.1093));
#18220=CARTESIAN_POINT('',(0.244685039370079,-0.0493000000000001,0.1093));
#18221=CARTESIAN_POINT('',(0.244685039370079,-0.0393,0.1093));
#18222=CARTESIAN_POINT('',(0.244685039370079,-0.0493000000000001,0.1093));
#18223=CARTESIAN_POINT('',(0.244685039370079,-0.0393,0.1093));
#18224=CARTESIAN_POINT('',(0.244685039370079,-0.0493000000000001,0.1093));
#18225=CARTESIAN_POINT('',(0.244685039370079,-0.0393,0.1093));
#18226=CARTESIAN_POINT('',(0.244685039370079,-0.0493000000000001,0.1093));
#18227=CARTESIAN_POINT('',(0.244685039370079,-0.0393,0.1093));
#18228=CARTESIAN_POINT('',(0.244685039370079,-0.0393,0.1093));
#18229=CARTESIAN_POINT('',(0.215157480314961,-0.0393,0.123));
#18230=CARTESIAN_POINT('',(0.215157480314961,-0.0393,0.123));
#18231=CARTESIAN_POINT('',(0.205314960629921,-0.0393,0.123));
#18232=CARTESIAN_POINT('',(0.205314960629921,-0.0393,0.123));
#18233=CARTESIAN_POINT('',(0.205314960629921,-0.0393,0.118000000000001));
#18234=CARTESIAN_POINT('',(0.205314960629921,-0.0393,0.118000000000001));
#18235=CARTESIAN_POINT('',(0.194685039370079,-0.0393,0.118000000000001));
#18236=CARTESIAN_POINT('',(0.194685039370079,-0.0393,0.118000000000001));
#18237=CARTESIAN_POINT('',(0.194685039370079,-0.0393,0.123000000000001));
#18238=CARTESIAN_POINT('',(0.194685039370079,-0.0393,0.123000000000001));
#18239=CARTESIAN_POINT('',(0.184842519685039,-0.0393,0.123000000000001));
#18240=CARTESIAN_POINT('',(0.184842519685039,-0.0393,0.123000000000001));
#18241=CARTESIAN_POINT('',(0.184842519685039,-0.0393,0.107500000000001));
#18242=CARTESIAN_POINT('',(0.165157480314961,-0.0393,0.123000000000001));
#18243=CARTESIAN_POINT('',(0.165157480314961,-0.0393,0.123000000000001));
#18244=CARTESIAN_POINT('',(0.155314960629921,-0.0393,0.123000000000001));
#18245=CARTESIAN_POINT('',(0.155314960629921,-0.0393,0.123000000000001));
#18246=CARTESIAN_POINT('',(0.155314960629921,-0.0393,0.118000000000001));
#18247=CARTESIAN_POINT('',(0.155314960629921,-0.0393,0.118000000000001));
#18248=CARTESIAN_POINT('',(0.144685039370079,-0.0393,0.118));
#18249=CARTESIAN_POINT('',(0.144685039370079,-0.0393,0.118));
#18250=CARTESIAN_POINT('',(0.144685039370079,-0.0393,0.123));
#18251=CARTESIAN_POINT('',(0.144685039370079,-0.0393,0.123));
#18252=CARTESIAN_POINT('',(0.134842519685039,-0.0393,0.123));
#18253=CARTESIAN_POINT('',(0.134842519685039,-0.0393,0.123));
#18254=CARTESIAN_POINT('',(0.134842519685039,-0.0393,0.1075));
#18255=CARTESIAN_POINT('',(0.115157480314961,-0.0393,0.123));
#18256=CARTESIAN_POINT('',(0.115157480314961,-0.0393,0.123));
#18257=CARTESIAN_POINT('',(0.105314960629921,-0.0393,0.123));
#18258=CARTESIAN_POINT('',(0.105314960629921,-0.0393,0.123));
#18259=CARTESIAN_POINT('',(0.105314960629921,-0.0393,0.118));
#18260=CARTESIAN_POINT('',(0.105314960629921,-0.0393,0.118));
#18261=CARTESIAN_POINT('',(0.0946850393700787,-0.0393,0.118));
#18262=CARTESIAN_POINT('',(0.0946850393700787,-0.0393,0.118));
#18263=CARTESIAN_POINT('',(0.0946850393700787,-0.0393,0.123));
#18264=CARTESIAN_POINT('',(0.0946850393700787,-0.0393,0.123));
#18265=CARTESIAN_POINT('',(0.0848425196850393,-0.0393,0.123));
#18266=CARTESIAN_POINT('',(0.0848425196850393,-0.0393,0.123));
#18267=CARTESIAN_POINT('',(0.0848425196850393,-0.0393,0.1075));
#18268=CARTESIAN_POINT('',(0.0651574803149605,-0.0393,0.123));
#18269=CARTESIAN_POINT('',(0.0651574803149605,-0.0393,0.123));
#18270=CARTESIAN_POINT('',(0.0553149606299212,-0.0393,0.123));
#18271=CARTESIAN_POINT('',(0.0553149606299212,-0.0393,0.123));
#18272=CARTESIAN_POINT('',(0.0553149606299212,-0.0393,0.118));
#18273=CARTESIAN_POINT('',(0.0553149606299212,-0.0393,0.118));
#18274=CARTESIAN_POINT('',(0.0446850393700787,-0.0393,0.118));
#18275=CARTESIAN_POINT('',(0.0446850393700787,-0.0393,0.118));
#18276=CARTESIAN_POINT('',(0.0446850393700787,-0.0393,0.123));
#18277=CARTESIAN_POINT('',(0.0446850393700787,-0.0393,0.123));
#18278=CARTESIAN_POINT('',(0.0348425196850393,-0.0393,0.123));
#18279=CARTESIAN_POINT('',(0.0348425196850393,-0.0393,0.123));
#18280=CARTESIAN_POINT('',(0.0348425196850393,-0.0393,0.1075));
#18281=CARTESIAN_POINT('',(0.0151574803149606,-0.0393,0.123));
#18282=CARTESIAN_POINT('',(0.0151574803149606,-0.0393,0.123));
#18283=CARTESIAN_POINT('',(0.00531496062992121,-0.0393,0.123));
#18284=CARTESIAN_POINT('',(0.00531496062992121,-0.0393,0.123));
#18285=CARTESIAN_POINT('',(0.00531496062992121,-0.0393,0.118));
#18286=CARTESIAN_POINT('',(0.00531496062992121,-0.0393,0.118));
#18287=CARTESIAN_POINT('',(-0.00531496062992132,-0.0393,0.118));
#18288=CARTESIAN_POINT('',(-0.00531496062992132,-0.0393,0.118));
#18289=CARTESIAN_POINT('',(-0.00531496062992132,-0.0393,0.123));
#18290=CARTESIAN_POINT('',(-0.00531496062992132,-0.0393,0.123));
#18291=CARTESIAN_POINT('',(-0.0151574803149607,-0.0393,0.123));
#18292=CARTESIAN_POINT('',(-0.0151574803149607,-0.0393,0.123));
#18293=CARTESIAN_POINT('',(-0.0151574803149607,-0.0393,0.1075));
#18294=CARTESIAN_POINT('',(-0.0348425196850394,-0.0393,0.123));
#18295=CARTESIAN_POINT('',(-0.0348425196850394,-0.0393,0.123));
#18296=CARTESIAN_POINT('',(-0.0446850393700788,-0.0393,0.123));
#18297=CARTESIAN_POINT('',(-0.0446850393700788,-0.0393,0.123));
#18298=CARTESIAN_POINT('',(-0.0446850393700788,-0.0393,0.118));
#18299=CARTESIAN_POINT('',(-0.0446850393700788,-0.0393,0.118));
#18300=CARTESIAN_POINT('',(-0.0553149606299213,-0.0393,0.118));
#18301=CARTESIAN_POINT('',(-0.0553149606299213,-0.0393,0.118));
#18302=CARTESIAN_POINT('',(-0.0553149606299213,-0.0393,0.123));
#18303=CARTESIAN_POINT('',(-0.0553149606299213,-0.0393,0.123));
#18304=CARTESIAN_POINT('',(-0.0651574803149607,-0.0393,0.123));
#18305=CARTESIAN_POINT('',(-0.0651574803149607,-0.0393,0.123));
#18306=CARTESIAN_POINT('',(-0.0651574803149607,-0.0393,0.1075));
#18307=CARTESIAN_POINT('',(-0.0848425196850394,-0.0393,0.123));
#18308=CARTESIAN_POINT('',(-0.0848425196850394,-0.0393,0.123));
#18309=CARTESIAN_POINT('',(-0.0946850393700788,-0.0393,0.123));
#18310=CARTESIAN_POINT('',(-0.0946850393700788,-0.0393,0.123));
#18311=CARTESIAN_POINT('',(-0.0946850393700788,-0.0393,0.118));
#18312=CARTESIAN_POINT('',(-0.0946850393700788,-0.0393,0.118));
#18313=CARTESIAN_POINT('',(-0.105314960629921,-0.0393,0.118));
#18314=CARTESIAN_POINT('',(-0.105314960629921,-0.0393,0.118));
#18315=CARTESIAN_POINT('',(-0.105314960629921,-0.0393,0.123));
#18316=CARTESIAN_POINT('',(-0.105314960629921,-0.0393,0.123));
#18317=CARTESIAN_POINT('',(-0.115157480314961,-0.0393,0.123));
#18318=CARTESIAN_POINT('',(-0.115157480314961,-0.0393,0.123));
#18319=CARTESIAN_POINT('',(-0.115157480314961,-0.0393,0.1075));
#18320=CARTESIAN_POINT('',(-0.134842519685039,-0.0393,0.123));
#18321=CARTESIAN_POINT('',(-0.134842519685039,-0.0393,0.123));
#18322=CARTESIAN_POINT('',(-0.144685039370079,-0.0393,0.123));
#18323=CARTESIAN_POINT('',(-0.144685039370079,-0.0393,0.123));
#18324=CARTESIAN_POINT('',(-0.144685039370079,-0.0393,0.118));
#18325=CARTESIAN_POINT('',(-0.144685039370079,-0.0393,0.118));
#18326=CARTESIAN_POINT('',(-0.155314960629921,-0.0393,0.118));
#18327=CARTESIAN_POINT('',(-0.155314960629921,-0.0393,0.118));
#18328=CARTESIAN_POINT('',(-0.155314960629921,-0.0393,0.123));
#18329=CARTESIAN_POINT('',(-0.155314960629921,-0.0393,0.123));
#18330=CARTESIAN_POINT('',(-0.165157480314961,-0.0393,0.123));
#18331=CARTESIAN_POINT('',(-0.165157480314961,-0.0393,0.123));
#18332=CARTESIAN_POINT('',(-0.165157480314961,-0.0393,0.1075));
#18333=CARTESIAN_POINT('',(-0.184842519685039,-0.0393,0.123));
#18334=CARTESIAN_POINT('',(-0.184842519685039,-0.0393,0.123));
#18335=CARTESIAN_POINT('',(-0.194685039370079,-0.0393,0.123));
#18336=CARTESIAN_POINT('',(-0.194685039370079,-0.0393,0.123));
#18337=CARTESIAN_POINT('',(-0.194685039370079,-0.0393,0.118));
#18338=CARTESIAN_POINT('',(-0.194685039370079,-0.0393,0.118));
#18339=CARTESIAN_POINT('',(-0.205314960629921,-0.0393,0.118));
#18340=CARTESIAN_POINT('',(-0.205314960629921,-0.0393,0.118));
#18341=CARTESIAN_POINT('',(-0.205314960629921,-0.0393,0.123));
#18342=CARTESIAN_POINT('',(-0.205314960629921,-0.0393,0.123));
#18343=CARTESIAN_POINT('',(-0.215157480314961,-0.0393,0.123));
#18344=CARTESIAN_POINT('',(-0.215157480314961,-0.0393,0.123));
#18345=CARTESIAN_POINT('',(-0.215157480314961,-0.0393,0.1075));
#18346=CARTESIAN_POINT('',(-0.234842519685039,-0.0393,0.123));
#18347=CARTESIAN_POINT('',(-0.234842519685039,-0.0393,0.123));
#18348=CARTESIAN_POINT('',(-0.244685039370079,-0.0393,0.123));
#18349=CARTESIAN_POINT('',(-0.244685039370079,-0.0393,0.123));
#18350=CARTESIAN_POINT('',(-0.244685039370079,-0.0393,0.11));
#18351=CARTESIAN_POINT('',(-0.244685039370079,-0.0393,0.11));
#18352=CARTESIAN_POINT('',(-0.238779527559055,-0.0393,0.11));
#18353=CARTESIAN_POINT('',(-0.238779527559055,-0.0393,0.11));
#18354=CARTESIAN_POINT('',(-0.238779527559055,-0.0393,0.1093));
#18355=CARTESIAN_POINT('',(-0.211220472440945,-0.0393,0.1093));
#18356=CARTESIAN_POINT('',(-0.211220472440945,-0.0393,0.11));
#18357=CARTESIAN_POINT('',(-0.205314960629921,-0.0393,0.11));
#18358=CARTESIAN_POINT('',(-0.205314960629921,-0.0393,0.11));
#18359=CARTESIAN_POINT('',(-0.205314960629921,-0.0393,0.116));
#18360=CARTESIAN_POINT('',(-0.205314960629921,-0.0393,0.116));
#18361=CARTESIAN_POINT('',(-0.194685039370079,-0.0393,0.116));
#18362=CARTESIAN_POINT('',(-0.194685039370079,-0.0393,0.116));
#18363=CARTESIAN_POINT('',(-0.194685039370079,-0.0393,0.11));
#18364=CARTESIAN_POINT('',(-0.194685039370079,-0.0393,0.11));
#18365=CARTESIAN_POINT('',(-0.188779527559055,-0.0393,0.11));
#18366=CARTESIAN_POINT('',(-0.188779527559055,-0.0393,0.11));
#18367=CARTESIAN_POINT('',(-0.188779527559055,-0.0393,0.1093));
#18368=CARTESIAN_POINT('',(-0.161220472440945,-0.0393,0.1093));
#18369=CARTESIAN_POINT('',(-0.161220472440945,-0.0393,0.11));
#18370=CARTESIAN_POINT('',(-0.155314960629921,-0.0393,0.11));
#18371=CARTESIAN_POINT('',(-0.155314960629921,-0.0393,0.11));
#18372=CARTESIAN_POINT('',(-0.155314960629921,-0.0393,0.116));
#18373=CARTESIAN_POINT('',(-0.155314960629921,-0.0393,0.116));
#18374=CARTESIAN_POINT('',(-0.144685039370079,-0.0393,0.116));
#18375=CARTESIAN_POINT('',(-0.144685039370079,-0.0393,0.116));
#18376=CARTESIAN_POINT('',(-0.144685039370079,-0.0393,0.11));
#18377=CARTESIAN_POINT('',(-0.144685039370079,-0.0393,0.11));
#18378=CARTESIAN_POINT('',(-0.138779527559055,-0.0393,0.11));
#18379=CARTESIAN_POINT('',(-0.138779527559055,-0.0393,0.11));
#18380=CARTESIAN_POINT('',(-0.138779527559055,-0.0393,0.1093));
#18381=CARTESIAN_POINT('',(-0.111220472440945,-0.0393,0.1093));
#18382=CARTESIAN_POINT('',(-0.111220472440945,-0.0393,0.11));
#18383=CARTESIAN_POINT('',(-0.105314960629921,-0.0393,0.11));
#18384=CARTESIAN_POINT('',(-0.105314960629921,-0.0393,0.11));
#18385=CARTESIAN_POINT('',(-0.105314960629921,-0.0393,0.116));
#18386=CARTESIAN_POINT('',(-0.105314960629921,-0.0393,0.116));
#18387=CARTESIAN_POINT('',(-0.0946850393700788,-0.0393,0.116));
#18388=CARTESIAN_POINT('',(-0.0946850393700788,-0.0393,0.116));
#18389=CARTESIAN_POINT('',(-0.0946850393700788,-0.0393,0.11));
#18390=CARTESIAN_POINT('',(-0.0946850393700788,-0.0393,0.11));
#18391=CARTESIAN_POINT('',(-0.0887795275590552,-0.0393,0.11));
#18392=CARTESIAN_POINT('',(-0.0887795275590552,-0.0393,0.11));
#18393=CARTESIAN_POINT('',(-0.0887795275590551,-0.0393,0.1093));
#18394=CARTESIAN_POINT('',(-0.0612204724409449,-0.0393,0.1093));
#18395=CARTESIAN_POINT('',(-0.0612204724409449,-0.0393,0.11));
#18396=CARTESIAN_POINT('',(-0.0553149606299213,-0.0393,0.11));
#18397=CARTESIAN_POINT('',(-0.0553149606299213,-0.0393,0.11));
#18398=CARTESIAN_POINT('',(-0.0553149606299213,-0.0393,0.116));
#18399=CARTESIAN_POINT('',(-0.0553149606299213,-0.0393,0.116));
#18400=CARTESIAN_POINT('',(-0.0446850393700788,-0.0393,0.116));
#18401=CARTESIAN_POINT('',(-0.0446850393700788,-0.0393,0.116));
#18402=CARTESIAN_POINT('',(-0.0446850393700788,-0.0393,0.11));
#18403=CARTESIAN_POINT('',(-0.0446850393700788,-0.0393,0.11));
#18404=CARTESIAN_POINT('',(-0.0387795275590552,-0.0393,0.11));
#18405=CARTESIAN_POINT('',(-0.0387795275590552,-0.0393,0.11));
#18406=CARTESIAN_POINT('',(-0.0387795275590551,-0.0393,0.1093));
#18407=CARTESIAN_POINT('',(-0.0112204724409449,-0.0393,0.1093));
#18408=CARTESIAN_POINT('',(-0.0112204724409449,-0.0393,0.11));
#18409=CARTESIAN_POINT('',(-0.00531496062992132,-0.0393,0.11));
#18410=CARTESIAN_POINT('',(-0.00531496062992132,-0.0393,0.11));
#18411=CARTESIAN_POINT('',(-0.00531496062992132,-0.0393,0.116));
#18412=CARTESIAN_POINT('',(-0.00531496062992132,-0.0393,0.116));
#18413=CARTESIAN_POINT('',(0.00531496062992121,-0.0393,0.116));
#18414=CARTESIAN_POINT('',(0.00531496062992121,-0.0393,0.116));
#18415=CARTESIAN_POINT('',(0.00531496062992121,-0.0393,0.11));
#18416=CARTESIAN_POINT('',(0.00531496062992121,-0.0393,0.11));
#18417=CARTESIAN_POINT('',(0.0112204724409448,-0.0393,0.11));
#18418=CARTESIAN_POINT('',(0.0112204724409448,-0.0393,0.11));
#18419=CARTESIAN_POINT('',(0.0112204724409449,-0.0393,0.1093));
#18420=CARTESIAN_POINT('',(0.0387795275590551,-0.0393,0.1093));
#18421=CARTESIAN_POINT('',(0.0387795275590551,-0.0393,0.11));
#18422=CARTESIAN_POINT('',(0.0446850393700787,-0.0393,0.11));
#18423=CARTESIAN_POINT('',(0.0446850393700787,-0.0393,0.11));
#18424=CARTESIAN_POINT('',(0.0446850393700787,-0.0393,0.116));
#18425=CARTESIAN_POINT('',(0.0446850393700787,-0.0393,0.116));
#18426=CARTESIAN_POINT('',(0.0553149606299212,-0.0393,0.116));
#18427=CARTESIAN_POINT('',(0.0553149606299212,-0.0393,0.116));
#18428=CARTESIAN_POINT('',(0.0553149606299212,-0.0393,0.11));
#18429=CARTESIAN_POINT('',(0.0553149606299212,-0.0393,0.11));
#18430=CARTESIAN_POINT('',(0.0612204724409448,-0.0393,0.11));
#18431=CARTESIAN_POINT('',(0.0612204724409448,-0.0393,0.11));
#18432=CARTESIAN_POINT('',(0.0612204724409448,-0.0393,0.1093));
#18433=CARTESIAN_POINT('',(0.0887795275590551,-0.0393,0.1093));
#18434=CARTESIAN_POINT('',(0.088779527559055,-0.0393,0.11));
#18435=CARTESIAN_POINT('',(0.0946850393700787,-0.0393,0.11));
#18436=CARTESIAN_POINT('',(0.0946850393700787,-0.0393,0.11));
#18437=CARTESIAN_POINT('',(0.0946850393700787,-0.0393,0.116));
#18438=CARTESIAN_POINT('',(0.0946850393700787,-0.0393,0.116));
#18439=CARTESIAN_POINT('',(0.105314960629921,-0.0393,0.116));
#18440=CARTESIAN_POINT('',(0.105314960629921,-0.0393,0.116));
#18441=CARTESIAN_POINT('',(0.105314960629921,-0.0393,0.11));
#18442=CARTESIAN_POINT('',(0.105314960629921,-0.0393,0.11));
#18443=CARTESIAN_POINT('',(0.111220472440945,-0.0393,0.11));
#18444=CARTESIAN_POINT('',(0.111220472440945,-0.0393,0.11));
#18445=CARTESIAN_POINT('',(0.111220472440945,-0.0393,0.1093));
#18446=CARTESIAN_POINT('',(0.138779527559055,-0.0393,0.1093));
#18447=CARTESIAN_POINT('',(0.138779527559055,-0.0393,0.11));
#18448=CARTESIAN_POINT('',(0.144685039370079,-0.0393,0.11));
#18449=CARTESIAN_POINT('',(0.144685039370079,-0.0393,0.11));
#18450=CARTESIAN_POINT('',(0.144685039370079,-0.0393,0.116));
#18451=CARTESIAN_POINT('',(0.144685039370079,-0.0393,0.116));
#18452=CARTESIAN_POINT('',(0.155314960629921,-0.0393,0.116));
#18453=CARTESIAN_POINT('',(0.155314960629921,-0.0393,0.116));
#18454=CARTESIAN_POINT('',(0.155314960629921,-0.0393,0.110000000000001));
#18455=CARTESIAN_POINT('',(0.155314960629921,-0.0393,0.110000000000001));
#18456=CARTESIAN_POINT('',(0.161220472440945,-0.0393,0.110000000000001));
#18457=CARTESIAN_POINT('',(0.161220472440945,-0.0393,0.110000000000001));
#18458=CARTESIAN_POINT('',(0.161220472440945,-0.0393,0.1093));
#18459=CARTESIAN_POINT('',(0.188779527559055,-0.0393,0.1093));
#18460=CARTESIAN_POINT('',(0.188779527559055,-0.0393,0.110000000000001));
#18461=CARTESIAN_POINT('',(0.194685039370079,-0.0393,0.110000000000001));
#18462=CARTESIAN_POINT('',(0.194685039370079,-0.0393,0.110000000000001));
#18463=CARTESIAN_POINT('',(0.194685039370079,-0.0393,0.116000000000001));
#18464=CARTESIAN_POINT('',(0.194685039370079,-0.0393,0.116000000000001));
#18465=CARTESIAN_POINT('',(0.205314960629921,-0.0393,0.116000000000001));
#18466=CARTESIAN_POINT('',(0.205314960629921,-0.0393,0.116000000000001));
#18467=CARTESIAN_POINT('',(0.205314960629921,-0.0393,0.11));
#18468=CARTESIAN_POINT('',(0.205314960629921,-0.0393,0.11));
#18469=CARTESIAN_POINT('',(0.211220472440945,-0.0393,0.11));
#18470=CARTESIAN_POINT('',(0.211220472440945,-0.0393,0.11));
#18471=CARTESIAN_POINT('',(0.211220472440945,-0.0393,0.1093));
#18472=CARTESIAN_POINT('',(0.211220472440945,-0.0393,-0.07933886));
#18473=CARTESIAN_POINT('',(0.244685039370079,-0.0393,-0.07933886));
#18474=CARTESIAN_POINT('',(0.238779527559055,-0.0393,-0.07933886));
#18475=CARTESIAN_POINT('',(0.238779527559055,-0.0393,0.1093));
#18476=CARTESIAN_POINT('',(0.238779527559055,-0.0393,0.11));
#18477=CARTESIAN_POINT('',(0.244685039370079,-0.0393,0.11));
#18478=CARTESIAN_POINT('',(0.244685039370079,-0.0393,0.11));
#18479=CARTESIAN_POINT('',(0.244685039370079,-0.0393,0.123));
#18480=CARTESIAN_POINT('',(0.244685039370079,-0.0393,0.123));
#18481=CARTESIAN_POINT('',(0.234842519685039,-0.0393,0.123));
#18482=CARTESIAN_POINT('',(0.234842519685039,-0.0393,0.123));
#18483=CARTESIAN_POINT('',(0.234842519685039,-0.0393,0.1075));
#18484=CARTESIAN_POINT('',(0.244685039370079,0.,-0.07933886));
#18485=CARTESIAN_POINT('',(0.244685039370079,0.0393,-0.07933886));
#18486=CARTESIAN_POINT('',(0.238779527559055,0.0393,-0.07933886));
#18487=CARTESIAN_POINT('',(0.211220472440945,0.0393,-0.07933886));
#18488=CARTESIAN_POINT('',(0.238779527559055,0.,-0.07933886));
#18489=CARTESIAN_POINT('',(0.211220472440945,0.,-0.07933886));
#18490=CARTESIAN_POINT('',(0.244685039370079,2.13425624505021E-18,-0.07933886));
#18491=CARTESIAN_POINT('',(0.238779527559055,2.13425624505021E-18,-0.07933886));
#18492=CARTESIAN_POINT('',(0.238779527559055,-0.0333,-0.07933886));
#18493=CARTESIAN_POINT('',(0.238779527559055,0.0333,-0.07933886));
#18494=CARTESIAN_POINT('',(0.244685039370079,0.0333,-0.07933886));
#18495=CARTESIAN_POINT('',(0.211220472440945,0.0333,-0.07933886));
#18496=CARTESIAN_POINT('',(0.211220472440945,2.13425624505021E-18,-0.07933886));
#18497=CARTESIAN_POINT('',(0.211220472440945,-0.0333,-0.07933886));
#18498=CARTESIAN_POINT('',(0.244685039370079,-0.0333,-0.07933886));
#18499=CARTESIAN_POINT('',(0.244685039370079,-0.0333,-0.07933886));
#18500=CARTESIAN_POINT('',(-0.238779527559055,-0.0333,-0.07933886));
#18501=CARTESIAN_POINT('',(-0.238779527559055,-0.0333,0.11));
#18502=CARTESIAN_POINT('',(-0.238779527559055,-0.0333,0.11));
#18503=CARTESIAN_POINT('',(-0.244685039370079,-0.0333,0.11));
#18504=CARTESIAN_POINT('',(-0.244685039370079,-0.0333,0.11));
#18505=CARTESIAN_POINT('',(-0.244685039370079,-0.0333,0.123));
#18506=CARTESIAN_POINT('',(-0.244685039370079,-0.0333,0.123));
#18507=CARTESIAN_POINT('',(-0.234842519685039,-0.0333,0.123));
#18508=CARTESIAN_POINT('',(-0.234842519685039,-0.0333,0.123));
#18509=CARTESIAN_POINT('',(-0.234842519685039,-0.0333,0.1093));
#18510=CARTESIAN_POINT('',(0.244685039370079,-0.0333,0.1093));
#18511=CARTESIAN_POINT('',(-0.215157480314961,-0.0333,0.1093));
#18512=CARTESIAN_POINT('',(-0.215157480314961,-0.0333,0.1075));
#18513=CARTESIAN_POINT('',(-0.215157480314961,-0.0333,0.123));
#18514=CARTESIAN_POINT('',(-0.215157480314961,-0.0333,0.123));
#18515=CARTESIAN_POINT('',(-0.205314960629921,-0.0333,0.123));
#18516=CARTESIAN_POINT('',(-0.205314960629921,-0.0333,0.123));
#18517=CARTESIAN_POINT('',(-0.205314960629921,-0.0333,0.118));
#18518=CARTESIAN_POINT('',(-0.205314960629921,-0.0333,0.118));
#18519=CARTESIAN_POINT('',(-0.194685039370079,-0.0333,0.118));
#18520=CARTESIAN_POINT('',(-0.194685039370079,-0.0333,0.118));
#18521=CARTESIAN_POINT('',(-0.194685039370079,-0.0333,0.123));
#18522=CARTESIAN_POINT('',(-0.194685039370079,-0.0333,0.123));
#18523=CARTESIAN_POINT('',(-0.184842519685039,-0.0333,0.123));
#18524=CARTESIAN_POINT('',(-0.184842519685039,-0.0333,0.123));
#18525=CARTESIAN_POINT('',(-0.184842519685039,-0.0333,0.1093));
#18526=CARTESIAN_POINT('',(0.244685039370079,-0.0333,0.1093));
#18527=CARTESIAN_POINT('',(-0.165157480314961,-0.0333,0.1093));
#18528=CARTESIAN_POINT('',(-0.165157480314961,-0.0333,0.1075));
#18529=CARTESIAN_POINT('',(-0.165157480314961,-0.0333,0.123));
#18530=CARTESIAN_POINT('',(-0.165157480314961,-0.0333,0.123));
#18531=CARTESIAN_POINT('',(-0.155314960629921,-0.0333,0.123));
#18532=CARTESIAN_POINT('',(-0.155314960629921,-0.0333,0.123));
#18533=CARTESIAN_POINT('',(-0.155314960629921,-0.0333,0.118));
#18534=CARTESIAN_POINT('',(-0.155314960629921,-0.0333,0.118));
#18535=CARTESIAN_POINT('',(-0.144685039370079,-0.0333,0.118));
#18536=CARTESIAN_POINT('',(-0.144685039370079,-0.0333,0.118));
#18537=CARTESIAN_POINT('',(-0.144685039370079,-0.0333,0.123));
#18538=CARTESIAN_POINT('',(-0.144685039370079,-0.0333,0.123));
#18539=CARTESIAN_POINT('',(-0.134842519685039,-0.0333,0.123));
#18540=CARTESIAN_POINT('',(-0.134842519685039,-0.0333,0.123));
#18541=CARTESIAN_POINT('',(-0.134842519685039,-0.0333,0.1093));
#18542=CARTESIAN_POINT('',(0.244685039370079,-0.0333,0.1093));
#18543=CARTESIAN_POINT('',(-0.115157480314961,-0.0333,0.1093));
#18544=CARTESIAN_POINT('',(-0.115157480314961,-0.0333,0.1075));
#18545=CARTESIAN_POINT('',(-0.115157480314961,-0.0333,0.123));
#18546=CARTESIAN_POINT('',(-0.115157480314961,-0.0333,0.123));
#18547=CARTESIAN_POINT('',(-0.105314960629921,-0.0333,0.123));
#18548=CARTESIAN_POINT('',(-0.105314960629921,-0.0333,0.123));
#18549=CARTESIAN_POINT('',(-0.105314960629921,-0.0333,0.118));
#18550=CARTESIAN_POINT('',(-0.105314960629921,-0.0333,0.118));
#18551=CARTESIAN_POINT('',(-0.0946850393700788,-0.0333,0.118));
#18552=CARTESIAN_POINT('',(-0.0946850393700788,-0.0333,0.118));
#18553=CARTESIAN_POINT('',(-0.0946850393700788,-0.0333,0.123));
#18554=CARTESIAN_POINT('',(-0.0946850393700788,-0.0333,0.123));
#18555=CARTESIAN_POINT('',(-0.0848425196850394,-0.0333,0.123));
#18556=CARTESIAN_POINT('',(-0.0848425196850394,-0.0333,0.123));
#18557=CARTESIAN_POINT('',(-0.0848425196850394,-0.0333,0.1093));
#18558=CARTESIAN_POINT('',(0.244685039370079,-0.0333,0.1093));
#18559=CARTESIAN_POINT('',(-0.0651574803149606,-0.0333,0.1093));
#18560=CARTESIAN_POINT('',(-0.0651574803149607,-0.0333,0.1075));
#18561=CARTESIAN_POINT('',(-0.0651574803149607,-0.0333,0.123));
#18562=CARTESIAN_POINT('',(-0.0651574803149607,-0.0333,0.123));
#18563=CARTESIAN_POINT('',(-0.0553149606299213,-0.0333,0.123));
#18564=CARTESIAN_POINT('',(-0.0553149606299213,-0.0333,0.123));
#18565=CARTESIAN_POINT('',(-0.0553149606299213,-0.0333,0.118));
#18566=CARTESIAN_POINT('',(-0.0553149606299213,-0.0333,0.118));
#18567=CARTESIAN_POINT('',(-0.0446850393700788,-0.0333,0.118));
#18568=CARTESIAN_POINT('',(-0.0446850393700788,-0.0333,0.118));
#18569=CARTESIAN_POINT('',(-0.0446850393700788,-0.0333,0.123));
#18570=CARTESIAN_POINT('',(-0.0446850393700788,-0.0333,0.123));
#18571=CARTESIAN_POINT('',(-0.0348425196850394,-0.0333,0.123));
#18572=CARTESIAN_POINT('',(-0.0348425196850394,-0.0333,0.123));
#18573=CARTESIAN_POINT('',(-0.0348425196850394,-0.0333,0.1093));
#18574=CARTESIAN_POINT('',(0.244685039370079,-0.0333,0.1093));
#18575=CARTESIAN_POINT('',(-0.0151574803149606,-0.0333,0.1093));
#18576=CARTESIAN_POINT('',(-0.0151574803149607,-0.0333,0.1075));
#18577=CARTESIAN_POINT('',(-0.0151574803149607,-0.0333,0.123));
#18578=CARTESIAN_POINT('',(-0.0151574803149607,-0.0333,0.123));
#18579=CARTESIAN_POINT('',(-0.00531496062992132,-0.0333,0.123));
#18580=CARTESIAN_POINT('',(-0.00531496062992132,-0.0333,0.123));
#18581=CARTESIAN_POINT('',(-0.00531496062992132,-0.0333,0.118));
#18582=CARTESIAN_POINT('',(-0.00531496062992132,-0.0333,0.118));
#18583=CARTESIAN_POINT('',(0.00531496062992121,-0.0333,0.118));
#18584=CARTESIAN_POINT('',(0.00531496062992121,-0.0333,0.118));
#18585=CARTESIAN_POINT('',(0.00531496062992121,-0.0333,0.123));
#18586=CARTESIAN_POINT('',(0.00531496062992121,-0.0333,0.123));
#18587=CARTESIAN_POINT('',(0.0151574803149606,-0.0333,0.123));
#18588=CARTESIAN_POINT('',(0.0151574803149606,-0.0333,0.123));
#18589=CARTESIAN_POINT('',(0.0151574803149606,-0.0333,0.1093));
#18590=CARTESIAN_POINT('',(0.244685039370079,-0.0333,0.1093));
#18591=CARTESIAN_POINT('',(0.0348425196850394,-0.0333,0.1093));
#18592=CARTESIAN_POINT('',(0.0348425196850393,-0.0333,0.1075));
#18593=CARTESIAN_POINT('',(0.0348425196850393,-0.0333,0.123));
#18594=CARTESIAN_POINT('',(0.0348425196850393,-0.0333,0.123));
#18595=CARTESIAN_POINT('',(0.0446850393700787,-0.0333,0.123));
#18596=CARTESIAN_POINT('',(0.0446850393700787,-0.0333,0.123));
#18597=CARTESIAN_POINT('',(0.0446850393700787,-0.0333,0.118));
#18598=CARTESIAN_POINT('',(0.0446850393700787,-0.0333,0.118));
#18599=CARTESIAN_POINT('',(0.0553149606299212,-0.0333,0.118));
#18600=CARTESIAN_POINT('',(0.0553149606299212,-0.0333,0.118));
#18601=CARTESIAN_POINT('',(0.0553149606299212,-0.0333,0.123));
#18602=CARTESIAN_POINT('',(0.0553149606299212,-0.0333,0.123));
#18603=CARTESIAN_POINT('',(0.0651574803149605,-0.0333,0.123));
#18604=CARTESIAN_POINT('',(0.0651574803149605,-0.0333,0.123));
#18605=CARTESIAN_POINT('',(0.0651574803149606,-0.0333,0.1093));
#18606=CARTESIAN_POINT('',(0.244685039370079,-0.0333,0.1093));
#18607=CARTESIAN_POINT('',(0.0848425196850394,-0.0333,0.1093));
#18608=CARTESIAN_POINT('',(0.0848425196850393,-0.0333,0.1075));
#18609=CARTESIAN_POINT('',(0.0848425196850393,-0.0333,0.123));
#18610=CARTESIAN_POINT('',(0.0848425196850393,-0.0333,0.123));
#18611=CARTESIAN_POINT('',(0.0946850393700787,-0.0333,0.123));
#18612=CARTESIAN_POINT('',(0.0946850393700787,-0.0333,0.123));
#18613=CARTESIAN_POINT('',(0.0946850393700787,-0.0333,0.118));
#18614=CARTESIAN_POINT('',(0.0946850393700787,-0.0333,0.118));
#18615=CARTESIAN_POINT('',(0.105314960629921,-0.0333,0.118));
#18616=CARTESIAN_POINT('',(0.105314960629921,-0.0333,0.118));
#18617=CARTESIAN_POINT('',(0.105314960629921,-0.0333,0.123));
#18618=CARTESIAN_POINT('',(0.105314960629921,-0.0333,0.123));
#18619=CARTESIAN_POINT('',(0.115157480314961,-0.0333,0.123));
#18620=CARTESIAN_POINT('',(0.115157480314961,-0.0333,0.123));
#18621=CARTESIAN_POINT('',(0.115157480314961,-0.0333,0.1093));
#18622=CARTESIAN_POINT('',(0.244685039370079,-0.0333,0.1093));
#18623=CARTESIAN_POINT('',(0.134842519685039,-0.0333,0.1093));
#18624=CARTESIAN_POINT('',(0.134842519685039,-0.0333,0.1075));
#18625=CARTESIAN_POINT('',(0.134842519685039,-0.0333,0.123));
#18626=CARTESIAN_POINT('',(0.134842519685039,-0.0333,0.123));
#18627=CARTESIAN_POINT('',(0.144685039370079,-0.0333,0.123));
#18628=CARTESIAN_POINT('',(0.144685039370079,-0.0333,0.123));
#18629=CARTESIAN_POINT('',(0.144685039370079,-0.0333,0.118));
#18630=CARTESIAN_POINT('',(0.144685039370079,-0.0333,0.118));
#18631=CARTESIAN_POINT('',(0.155314960629921,-0.0333,0.118000000000001));
#18632=CARTESIAN_POINT('',(0.155314960629921,-0.0333,0.118000000000001));
#18633=CARTESIAN_POINT('',(0.155314960629921,-0.0333,0.123000000000001));
#18634=CARTESIAN_POINT('',(0.155314960629921,-0.0333,0.123000000000001));
#18635=CARTESIAN_POINT('',(0.165157480314961,-0.0333,0.123000000000001));
#18636=CARTESIAN_POINT('',(0.165157480314961,-0.0333,0.123000000000001));
#18637=CARTESIAN_POINT('',(0.165157480314961,-0.0333,0.1093));
#18638=CARTESIAN_POINT('',(0.244685039370079,-0.0333,0.1093));
#18639=CARTESIAN_POINT('',(0.184842519685039,-0.0333,0.1093));
#18640=CARTESIAN_POINT('',(0.184842519685039,-0.0333,0.107500000000001));
#18641=CARTESIAN_POINT('',(0.184842519685039,-0.0333,0.123000000000001));
#18642=CARTESIAN_POINT('',(0.184842519685039,-0.0333,0.123000000000001));
#18643=CARTESIAN_POINT('',(0.194685039370079,-0.0333,0.123000000000001));
#18644=CARTESIAN_POINT('',(0.194685039370079,-0.0333,0.123000000000001));
#18645=CARTESIAN_POINT('',(0.194685039370079,-0.0333,0.118000000000001));
#18646=CARTESIAN_POINT('',(0.194685039370079,-0.0333,0.118000000000001));
#18647=CARTESIAN_POINT('',(0.205314960629921,-0.0333,0.118000000000001));
#18648=CARTESIAN_POINT('',(0.205314960629921,-0.0333,0.118000000000001));
#18649=CARTESIAN_POINT('',(0.205314960629921,-0.0333,0.123));
#18650=CARTESIAN_POINT('',(0.205314960629921,-0.0333,0.123));
#18651=CARTESIAN_POINT('',(0.215157480314961,-0.0333,0.123));
#18652=CARTESIAN_POINT('',(0.215157480314961,-0.0333,0.123));
#18653=CARTESIAN_POINT('',(0.215157480314961,-0.0333,0.1093));
#18654=CARTESIAN_POINT('',(0.244685039370079,-0.0333,0.1093));
#18655=CARTESIAN_POINT('',(0.234842519685039,-0.0333,0.1093));
#18656=CARTESIAN_POINT('',(0.234842519685039,-0.0333,0.1075));
#18657=CARTESIAN_POINT('',(0.234842519685039,-0.0333,0.123));
#18658=CARTESIAN_POINT('',(0.234842519685039,-0.0333,0.123));
#18659=CARTESIAN_POINT('',(0.244685039370079,-0.0333,0.123));
#18660=CARTESIAN_POINT('',(0.244685039370079,-0.0333,0.123));
#18661=CARTESIAN_POINT('',(0.244685039370079,-0.0333,0.11));
#18662=CARTESIAN_POINT('',(0.244685039370079,-0.0333,0.11));
#18663=CARTESIAN_POINT('',(0.238779527559055,-0.0333,0.11));
#18664=CARTESIAN_POINT('',(0.238779527559055,-0.0333,-0.07933886));
#18665=CARTESIAN_POINT('',(0.211220472440945,-0.0333,-0.07933886));
#18666=CARTESIAN_POINT('',(0.211220472440945,-0.0333,0.11));
#18667=CARTESIAN_POINT('',(0.211220472440945,-0.0333,0.11));
#18668=CARTESIAN_POINT('',(0.205314960629921,-0.0333,0.11));
#18669=CARTESIAN_POINT('',(0.205314960629921,-0.0333,0.11));
#18670=CARTESIAN_POINT('',(0.205314960629921,-0.0333,0.116000000000001));
#18671=CARTESIAN_POINT('',(0.205314960629921,-0.0333,0.116000000000001));
#18672=CARTESIAN_POINT('',(0.194685039370079,-0.0333,0.116000000000001));
#18673=CARTESIAN_POINT('',(0.194685039370079,-0.0333,0.116000000000001));
#18674=CARTESIAN_POINT('',(0.194685039370079,-0.0333,0.110000000000001));
#18675=CARTESIAN_POINT('',(0.194685039370079,-0.0333,0.110000000000001));
#18676=CARTESIAN_POINT('',(0.188779527559055,-0.0333,0.110000000000001));
#18677=CARTESIAN_POINT('',(0.188779527559055,-0.0333,-0.07933886));
#18678=CARTESIAN_POINT('',(0.161220472440945,-0.0333,-0.07933886));
#18679=CARTESIAN_POINT('',(0.161220472440945,-0.0333,0.110000000000001));
#18680=CARTESIAN_POINT('',(0.161220472440945,-0.0333,0.110000000000001));
#18681=CARTESIAN_POINT('',(0.155314960629921,-0.0333,0.110000000000001));
#18682=CARTESIAN_POINT('',(0.155314960629921,-0.0333,0.110000000000001));
#18683=CARTESIAN_POINT('',(0.155314960629921,-0.0333,0.116));
#18684=CARTESIAN_POINT('',(0.155314960629921,-0.0333,0.116));
#18685=CARTESIAN_POINT('',(0.144685039370079,-0.0333,0.116));
#18686=CARTESIAN_POINT('',(0.144685039370079,-0.0333,0.116));
#18687=CARTESIAN_POINT('',(0.144685039370079,-0.0333,0.11));
#18688=CARTESIAN_POINT('',(0.144685039370079,-0.0333,0.11));
#18689=CARTESIAN_POINT('',(0.138779527559055,-0.0333,0.11));
#18690=CARTESIAN_POINT('',(0.138779527559055,-0.0333,-0.07933886));
#18691=CARTESIAN_POINT('',(0.111220472440945,-0.0333,-0.07933886));
#18692=CARTESIAN_POINT('',(0.111220472440945,-0.0333,0.11));
#18693=CARTESIAN_POINT('',(0.111220472440945,-0.0333,0.11));
#18694=CARTESIAN_POINT('',(0.105314960629921,-0.0333,0.11));
#18695=CARTESIAN_POINT('',(0.105314960629921,-0.0333,0.11));
#18696=CARTESIAN_POINT('',(0.105314960629921,-0.0333,0.116));
#18697=CARTESIAN_POINT('',(0.105314960629921,-0.0333,0.116));
#18698=CARTESIAN_POINT('',(0.0946850393700787,-0.0333,0.116));
#18699=CARTESIAN_POINT('',(0.0946850393700787,-0.0333,0.116));
#18700=CARTESIAN_POINT('',(0.0946850393700787,-0.0333,0.11));
#18701=CARTESIAN_POINT('',(0.0946850393700787,-0.0333,0.11));
#18702=CARTESIAN_POINT('',(0.088779527559055,-0.0333,0.11));
#18703=CARTESIAN_POINT('',(0.0887795275590551,-0.0333,-0.07933886));
#18704=CARTESIAN_POINT('',(0.0612204724409448,-0.0333,-0.07933886));
#18705=CARTESIAN_POINT('',(0.0612204724409448,-0.0333,0.11));
#18706=CARTESIAN_POINT('',(0.0612204724409448,-0.0333,0.11));
#18707=CARTESIAN_POINT('',(0.0553149606299212,-0.0333,0.11));
#18708=CARTESIAN_POINT('',(0.0553149606299212,-0.0333,0.11));
#18709=CARTESIAN_POINT('',(0.0553149606299212,-0.0333,0.116));
#18710=CARTESIAN_POINT('',(0.0553149606299212,-0.0333,0.116));
#18711=CARTESIAN_POINT('',(0.0446850393700787,-0.0333,0.116));
#18712=CARTESIAN_POINT('',(0.0446850393700787,-0.0333,0.116));
#18713=CARTESIAN_POINT('',(0.0446850393700787,-0.0333,0.11));
#18714=CARTESIAN_POINT('',(0.0446850393700787,-0.0333,0.11));
#18715=CARTESIAN_POINT('',(0.0387795275590551,-0.0333,0.11));
#18716=CARTESIAN_POINT('',(0.0387795275590551,-0.0333,-0.07933886));
#18717=CARTESIAN_POINT('',(0.0112204724409449,-0.0333,-0.07933886));
#18718=CARTESIAN_POINT('',(0.0112204724409448,-0.0333,0.11));
#18719=CARTESIAN_POINT('',(0.0112204724409448,-0.0333,0.11));
#18720=CARTESIAN_POINT('',(0.00531496062992121,-0.0333,0.11));
#18721=CARTESIAN_POINT('',(0.00531496062992121,-0.0333,0.11));
#18722=CARTESIAN_POINT('',(0.00531496062992121,-0.0333,0.116));
#18723=CARTESIAN_POINT('',(0.00531496062992121,-0.0333,0.116));
#18724=CARTESIAN_POINT('',(-0.00531496062992132,-0.0333,0.116));
#18725=CARTESIAN_POINT('',(-0.00531496062992132,-0.0333,0.116));
#18726=CARTESIAN_POINT('',(-0.00531496062992132,-0.0333,0.11));
#18727=CARTESIAN_POINT('',(-0.00531496062992132,-0.0333,0.11));
#18728=CARTESIAN_POINT('',(-0.0112204724409449,-0.0333,0.11));
#18729=CARTESIAN_POINT('',(-0.0112204724409449,-0.0333,-0.07933886));
#18730=CARTESIAN_POINT('',(-0.0387795275590551,-0.0333,-0.07933886));
#18731=CARTESIAN_POINT('',(-0.0387795275590552,-0.0333,0.11));
#18732=CARTESIAN_POINT('',(-0.0387795275590552,-0.0333,0.11));
#18733=CARTESIAN_POINT('',(-0.0446850393700788,-0.0333,0.11));
#18734=CARTESIAN_POINT('',(-0.0446850393700788,-0.0333,0.11));
#18735=CARTESIAN_POINT('',(-0.0446850393700788,-0.0333,0.116));
#18736=CARTESIAN_POINT('',(-0.0446850393700788,-0.0333,0.116));
#18737=CARTESIAN_POINT('',(-0.0553149606299213,-0.0333,0.116));
#18738=CARTESIAN_POINT('',(-0.0553149606299213,-0.0333,0.116));
#18739=CARTESIAN_POINT('',(-0.0553149606299213,-0.0333,0.11));
#18740=CARTESIAN_POINT('',(-0.0553149606299213,-0.0333,0.11));
#18741=CARTESIAN_POINT('',(-0.0612204724409449,-0.0333,0.11));
#18742=CARTESIAN_POINT('',(-0.0612204724409449,-0.0333,-0.07933886));
#18743=CARTESIAN_POINT('',(-0.0887795275590551,-0.0333,-0.07933886));
#18744=CARTESIAN_POINT('',(-0.0887795275590552,-0.0333,0.11));
#18745=CARTESIAN_POINT('',(-0.0887795275590552,-0.0333,0.11));
#18746=CARTESIAN_POINT('',(-0.0946850393700788,-0.0333,0.11));
#18747=CARTESIAN_POINT('',(-0.0946850393700788,-0.0333,0.11));
#18748=CARTESIAN_POINT('',(-0.0946850393700788,-0.0333,0.116));
#18749=CARTESIAN_POINT('',(-0.0946850393700788,-0.0333,0.116));
#18750=CARTESIAN_POINT('',(-0.105314960629921,-0.0333,0.116));
#18751=CARTESIAN_POINT('',(-0.105314960629921,-0.0333,0.116));
#18752=CARTESIAN_POINT('',(-0.105314960629921,-0.0333,0.11));
#18753=CARTESIAN_POINT('',(-0.105314960629921,-0.0333,0.11));
#18754=CARTESIAN_POINT('',(-0.111220472440945,-0.0333,0.11));
#18755=CARTESIAN_POINT('',(-0.111220472440945,-0.0333,-0.07933886));
#18756=CARTESIAN_POINT('',(-0.138779527559055,-0.0333,-0.07933886));
#18757=CARTESIAN_POINT('',(-0.138779527559055,-0.0333,0.11));
#18758=CARTESIAN_POINT('',(-0.138779527559055,-0.0333,0.11));
#18759=CARTESIAN_POINT('',(-0.144685039370079,-0.0333,0.11));
#18760=CARTESIAN_POINT('',(-0.144685039370079,-0.0333,0.11));
#18761=CARTESIAN_POINT('',(-0.144685039370079,-0.0333,0.116));
#18762=CARTESIAN_POINT('',(-0.144685039370079,-0.0333,0.116));
#18763=CARTESIAN_POINT('',(-0.155314960629921,-0.0333,0.116));
#18764=CARTESIAN_POINT('',(-0.155314960629921,-0.0333,0.116));
#18765=CARTESIAN_POINT('',(-0.155314960629921,-0.0333,0.11));
#18766=CARTESIAN_POINT('',(-0.155314960629921,-0.0333,0.11));
#18767=CARTESIAN_POINT('',(-0.161220472440945,-0.0333,0.11));
#18768=CARTESIAN_POINT('',(-0.161220472440945,-0.0333,-0.07933886));
#18769=CARTESIAN_POINT('',(-0.188779527559055,-0.0333,-0.07933886));
#18770=CARTESIAN_POINT('',(-0.188779527559055,-0.0333,0.11));
#18771=CARTESIAN_POINT('',(-0.188779527559055,-0.0333,0.11));
#18772=CARTESIAN_POINT('',(-0.194685039370079,-0.0333,0.11));
#18773=CARTESIAN_POINT('',(-0.194685039370079,-0.0333,0.11));
#18774=CARTESIAN_POINT('',(-0.194685039370079,-0.0333,0.116));
#18775=CARTESIAN_POINT('',(-0.194685039370079,-0.0333,0.116));
#18776=CARTESIAN_POINT('',(-0.205314960629921,-0.0333,0.116));
#18777=CARTESIAN_POINT('',(-0.205314960629921,-0.0333,0.116));
#18778=CARTESIAN_POINT('',(-0.205314960629921,-0.0333,0.11));
#18779=CARTESIAN_POINT('',(-0.205314960629921,-0.0333,0.11));
#18780=CARTESIAN_POINT('',(-0.211220472440945,-0.0333,0.11));
#18781=CARTESIAN_POINT('',(-0.211220472440945,-0.0333,-0.07933886));
#18782=CARTESIAN_POINT('',(0.244685039370079,-0.0493,0.1093));
#18783=CARTESIAN_POINT('',(0.234842519685039,-0.0493,0.1093));
#18784=CARTESIAN_POINT('',(0.215157480314961,-0.0493,0.1093));
#18785=CARTESIAN_POINT('',(0.244685039370079,-0.0410244046229929,0.122993594165012));
#18786=CARTESIAN_POINT('',(0.244685039370079,-0.0493,0.1093));
#18787=CARTESIAN_POINT('',(0.184842519685039,-0.0493,0.1093));
#18788=CARTESIAN_POINT('',(0.165157480314961,-0.0493,0.1093));
#18789=CARTESIAN_POINT('',(0.244685039370079,-0.0410244046229929,0.122993594165012));
#18790=CARTESIAN_POINT('',(0.244685039370079,-0.0493,0.1093));
#18791=CARTESIAN_POINT('',(0.134842519685039,-0.0493,0.1093));
#18792=CARTESIAN_POINT('',(0.115157480314961,-0.0493,0.1093));
#18793=CARTESIAN_POINT('',(0.244685039370079,-0.0410244046229929,0.122993594165012));
#18794=CARTESIAN_POINT('',(0.244685039370079,-0.0493,0.1093));
#18795=CARTESIAN_POINT('',(0.0848425196850394,-0.0493,0.1093));
#18796=CARTESIAN_POINT('',(0.0651574803149605,-0.0493,0.1093));
#18797=CARTESIAN_POINT('',(0.244685039370079,-0.0410244046229929,0.122993594165012));
#18798=CARTESIAN_POINT('',(0.244685039370079,-0.0493,0.1093));
#18799=CARTESIAN_POINT('',(0.0348425196850394,-0.0493,0.1093));
#18800=CARTESIAN_POINT('',(0.0151574803149606,-0.0493,0.1093));
#18801=CARTESIAN_POINT('',(0.244685039370079,-0.0410244046229929,0.122993594165012));
#18802=CARTESIAN_POINT('',(0.244685039370079,-0.0493,0.1093));
#18803=CARTESIAN_POINT('',(-0.0151574803149606,-0.0493,0.1093));
#18804=CARTESIAN_POINT('',(-0.0348425196850394,-0.0493,0.1093));
#18805=CARTESIAN_POINT('',(0.244685039370079,-0.0410244046229929,0.122993594165012));
#18806=CARTESIAN_POINT('',(0.244685039370079,-0.0493,0.1093));
#18807=CARTESIAN_POINT('',(-0.0651574803149606,-0.0493,0.1093));
#18808=CARTESIAN_POINT('',(-0.0848425196850394,-0.0493,0.1093));
#18809=CARTESIAN_POINT('',(0.244685039370079,-0.0410244046229929,0.122993594165012));
#18810=CARTESIAN_POINT('',(0.244685039370079,-0.0493,0.1093));
#18811=CARTESIAN_POINT('',(-0.115157480314961,-0.0493,0.1093));
#18812=CARTESIAN_POINT('',(-0.134842519685039,-0.0493,0.1093));
#18813=CARTESIAN_POINT('',(0.244685039370079,-0.0410244046229929,0.122993594165012));
#18814=CARTESIAN_POINT('',(0.244685039370079,-0.0493,0.1093));
#18815=CARTESIAN_POINT('',(-0.165157480314961,-0.0493,0.1093));
#18816=CARTESIAN_POINT('',(-0.184842519685039,-0.0493,0.1093));
#18817=CARTESIAN_POINT('',(0.244685039370079,-0.0410244046229929,0.122993594165012));
#18818=CARTESIAN_POINT('',(0.244685039370079,-0.0493,0.1093));
#18819=CARTESIAN_POINT('',(-0.215157480314961,-0.0493,0.1093));
#18820=CARTESIAN_POINT('',(-0.234842519685039,-0.0493,0.1093));
#18821=CARTESIAN_POINT('',(0.244685039370079,-0.0410244046229929,0.122993594165012));
#18822=CARTESIAN_POINT('',(0.244685039370079,-0.041024404622993,0.122993594165012));
#18823=CARTESIAN_POINT('',(0.244685039370079,-0.0472066965327553,0.126729804376241));
#18824=CARTESIAN_POINT('',(0.244685039370079,-0.041024404622993,0.122993594165012));
#18825=CARTESIAN_POINT('',(0.244685039370079,-0.0472066965327553,0.126729804376241));
#18826=CARTESIAN_POINT('',(0.244685039370079,-0.041024404622993,0.122993594165012));
#18827=CARTESIAN_POINT('',(0.244685039370079,-0.0472066965327553,0.126729804376241));
#18828=CARTESIAN_POINT('',(0.244685039370079,-0.041024404622993,0.122993594165012));
#18829=CARTESIAN_POINT('',(0.244685039370079,-0.0472066965327553,0.126729804376241));
#18830=CARTESIAN_POINT('',(0.244685039370079,-0.041024404622993,0.122993594165012));
#18831=CARTESIAN_POINT('',(0.244685039370079,-0.0472066965327553,0.126729804376241));
#18832=CARTESIAN_POINT('',(0.244685039370079,-0.041024404622993,0.122993594165012));
#18833=CARTESIAN_POINT('',(0.244685039370079,-0.0472066965327553,0.126729804376241));
#18834=CARTESIAN_POINT('',(0.244685039370079,-0.041024404622993,0.122993594165012));
#18835=CARTESIAN_POINT('',(0.244685039370079,-0.0472066965327553,0.126729804376241));
#18836=CARTESIAN_POINT('',(0.244685039370079,-0.041024404622993,0.122993594165012));
#18837=CARTESIAN_POINT('',(0.244685039370079,-0.0472066965327553,0.126729804376241));
#18838=CARTESIAN_POINT('',(0.244685039370079,-0.041024404622993,0.122993594165012));
#18839=CARTESIAN_POINT('',(0.244685039370079,-0.0472066965327553,0.126729804376241));
#18840=CARTESIAN_POINT('',(0.244685039370079,-0.041024404622993,0.122993594165012));
#18841=CARTESIAN_POINT('',(0.244685039370079,-0.0472066965327553,0.126729804376241));
#18842=CARTESIAN_POINT('',(0.244685039370079,-0.0410000000000001,0.137));
#18843=CARTESIAN_POINT('',(0.244685039370079,-0.0410000000000001,0.137));
#18844=CARTESIAN_POINT('',(0.244685039370079,-0.0410000000000001,0.137));
#18845=CARTESIAN_POINT('',(0.244685039370079,-0.0410000000000001,0.137));
#18846=CARTESIAN_POINT('',(0.244685039370079,-0.0410000000000001,0.137));
#18847=CARTESIAN_POINT('',(0.244685039370079,-0.0410000000000001,0.137));
#18848=CARTESIAN_POINT('',(0.244685039370079,-0.0410000000000001,0.137));
#18849=CARTESIAN_POINT('',(0.244685039370079,-0.0410000000000001,0.137));
#18850=CARTESIAN_POINT('',(0.244685039370079,-0.0410000000000001,0.137));
#18851=CARTESIAN_POINT('',(0.244685039370079,-0.0410000000000001,0.137));
#18852=CARTESIAN_POINT('',(0.244685039370079,0.0393,-0.07933886));
#18853=CARTESIAN_POINT('',(0.244685039370079,0.0393,0.024));
#18854=CARTESIAN_POINT('',(0.238779527559055,0.0393,0.024));
#18855=CARTESIAN_POINT('',(0.211220472440945,0.0393,0.024));
#18856=CARTESIAN_POINT('',(0.238779527559055,0.0393,-0.07933886));
#18857=CARTESIAN_POINT('',(0.211220472440945,0.0393,-0.07933886));
#18858=CARTESIAN_POINT('',(0.244685039370079,0.056,0.024));
#18859=CARTESIAN_POINT('',(0.238779527559055,0.056,0.024));
#18860=CARTESIAN_POINT('',(0.238779527559055,0.0478248288307985,0.0385621624889388));
#18861=CARTESIAN_POINT('',(0.211220472440945,0.056,0.024));
#18862=CARTESIAN_POINT('',(0.211220472440945,0.0478248288307985,0.0385621624889388));
#18863=CARTESIAN_POINT('',(0.244685039370079,0.0478248288307985,0.0385621624889388));
#18864=CARTESIAN_POINT('',(0.244685039370079,0.0478248288307985,0.0385621624889388));
#18865=CARTESIAN_POINT('',(0.238779527559055,0.0478248288307985,0.0385621624889388));
#18866=CARTESIAN_POINT('',(0.211220472440945,0.0478248288307985,0.0385621624889388));
#18867=CARTESIAN_POINT('',(0.244685039370079,0.079,0.079));
#18868=CARTESIAN_POINT('',(-0.211220472440945,0.079,0.079));
#18869=CARTESIAN_POINT('',(-0.238779527559055,0.079,0.079));
#18870=CARTESIAN_POINT('',(0.244685039370079,0.0854387691828366,0.0979352119452134));
#18871=CARTESIAN_POINT('',(0.244685039370079,0.06628,0.10445));
#18872=CARTESIAN_POINT('',(0.238779527559055,0.06628,0.10445));
#18873=CARTESIAN_POINT('',(0.211220472440945,0.06628,0.10445));
#18874=CARTESIAN_POINT('',(0.238779527559055,0.0854387691828366,0.0979352119452134));
#18875=CARTESIAN_POINT('',(0.211220472440945,0.0854387691828366,0.0979352119452134));
#18876=CARTESIAN_POINT('',(0.244685039370079,0.06628,0.10445));
#18877=CARTESIAN_POINT('',(0.244685039370079,0.064348369245149,0.098769436416436));
#18878=CARTESIAN_POINT('',(0.238779527559055,0.064348369245149,0.098769436416436));
#18879=CARTESIAN_POINT('',(0.211220472440945,0.064348369245149,0.098769436416436));
#18880=CARTESIAN_POINT('',(0.238779527559055,0.06628,0.10445));
#18881=CARTESIAN_POINT('',(0.211220472440945,0.06628,0.10445));
#18882=CARTESIAN_POINT('',(0.244685039370079,0.064348369245149,0.098769436416436));
#18883=CARTESIAN_POINT('',(0.244685039370079,0.0835071384279856,0.0922546483616494));
#18884=CARTESIAN_POINT('',(0.238779527559055,0.0835071384279856,0.0922546483616494));
#18885=CARTESIAN_POINT('',(0.211220472440945,0.0835071384279856,0.0922546483616494));
#18886=CARTESIAN_POINT('',(0.238779527559055,0.064348369245149,0.098769436416436));
#18887=CARTESIAN_POINT('',(0.211220472440945,0.064348369245149,0.098769436416436));
#18888=CARTESIAN_POINT('',(0.244685039370079,0.079,0.079));
#18889=CARTESIAN_POINT('',(0.238779527559055,0.079,0.079));
#18890=CARTESIAN_POINT('',(0.238779527559055,0.0858534369083126,0.0667921991110693));
#18891=CARTESIAN_POINT('',(0.211220472440945,0.079,0.079));
#18892=CARTESIAN_POINT('',(0.211220472440945,0.0858534369083126,0.0667921991110693));
#18893=CARTESIAN_POINT('',(0.244685039370079,0.0858534369083126,0.0667921991110693));
#18894=CARTESIAN_POINT('',(0.244685039370079,0.0858534369083126,0.0667921991110693));
#18895=CARTESIAN_POINT('',(0.244685039370079,0.0448876415843788,0.0437940771556234));
#18896=CARTESIAN_POINT('',(0.238779527559055,0.0448876415843788,0.0437940771556234));
#18897=CARTESIAN_POINT('',(0.211220472440945,0.0448876415843788,0.0437940771556234));
#18898=CARTESIAN_POINT('',(0.238779527559055,0.0858534369083126,0.0667921991110693));
#18899=CARTESIAN_POINT('',(0.211220472440945,0.0858534369083126,0.0667921991110693));
#18900=CARTESIAN_POINT('',(0.244685039370079,0.056,0.024));
#18901=CARTESIAN_POINT('',(0.244685039370079,0.0333,0.024));
#18902=CARTESIAN_POINT('',(0.238779527559055,0.0333,0.024));
#18903=CARTESIAN_POINT('',(0.211220472440945,0.0333,0.024));
#18904=CARTESIAN_POINT('',(0.238779527559055,0.056,0.024));
#18905=CARTESIAN_POINT('',(0.211220472440945,0.056,0.024));
#18906=CARTESIAN_POINT('',(0.244685039370079,0.0333,0.024));
#18907=CARTESIAN_POINT('',(0.238779527559055,0.0333,0.024));
#18908=CARTESIAN_POINT('',(0.211220472440945,0.0333,0.024));
#18909=CARTESIAN_POINT('',(-0.238779527559055,-0.059,-0.123));
#18910=CARTESIAN_POINT('',(-0.238779527559055,-0.0333,0.11));
#18911=CARTESIAN_POINT('',(-0.226968503937008,-0.059,0.164125984251969));
#18912=CARTESIAN_POINT('',(0.238779527559055,-0.059,0.1093));
#18913=CARTESIAN_POINT('',(0.238779527559055,-0.0333,0.11));
#18914=CARTESIAN_POINT('',(0.226968503937008,-0.059,0.164125984251968));
#18915=CARTESIAN_POINT('',(-0.211220472440945,-0.059,0.1093));
#18916=CARTESIAN_POINT('',(-0.211220472440945,-0.0333,0.11));
#18917=CARTESIAN_POINT('',(-0.188779527559055,-0.059,-0.123));
#18918=CARTESIAN_POINT('',(-0.188779527559055,-0.0333,0.11));
#18919=CARTESIAN_POINT('',(-0.223031496062992,-0.059,0.164125984251968));
#18920=CARTESIAN_POINT('',(-0.176968503937008,-0.059,0.164125984251969));
#18921=CARTESIAN_POINT('',(-0.161220472440945,-0.059,0.1093));
#18922=CARTESIAN_POINT('',(-0.161220472440945,-0.0333,0.11));
#18923=CARTESIAN_POINT('',(-0.138779527559055,-0.059,-0.123));
#18924=CARTESIAN_POINT('',(-0.138779527559055,-0.0333,0.11));
#18925=CARTESIAN_POINT('',(-0.173031496062992,-0.059,0.164125984251968));
#18926=CARTESIAN_POINT('',(-0.126968503937008,-0.059,0.164125984251969));
#18927=CARTESIAN_POINT('',(-0.111220472440945,-0.059,0.1093));
#18928=CARTESIAN_POINT('',(-0.111220472440945,-0.0333,0.11));
#18929=CARTESIAN_POINT('',(-0.0887795275590551,-0.059,-0.123));
#18930=CARTESIAN_POINT('',(-0.0887795275590552,-0.0333,0.11));
#18931=CARTESIAN_POINT('',(-0.123031496062992,-0.059,0.164125984251968));
#18932=CARTESIAN_POINT('',(-0.076968503937008,-0.059,0.164125984251969));
#18933=CARTESIAN_POINT('',(-0.0612204724409449,-0.059,0.1093));
#18934=CARTESIAN_POINT('',(-0.0612204724409449,-0.0333,0.11));
#18935=CARTESIAN_POINT('',(-0.0387795275590551,-0.059,-0.123));
#18936=CARTESIAN_POINT('',(-0.0387795275590552,-0.0333,0.11));
#18937=CARTESIAN_POINT('',(-0.0730314960629922,-0.059,0.164125984251968));
#18938=CARTESIAN_POINT('',(-0.0269685039370079,-0.059,0.164125984251969));
#18939=CARTESIAN_POINT('',(-0.0112204724409449,-0.059,0.1093));
#18940=CARTESIAN_POINT('',(-0.0112204724409449,-0.0333,0.11));
#18941=CARTESIAN_POINT('',(0.0112204724409449,-0.059,-0.123));
#18942=CARTESIAN_POINT('',(0.0112204724409448,-0.0333,0.11));
#18943=CARTESIAN_POINT('',(-0.0230314960629922,-0.059,0.164125984251968));
#18944=CARTESIAN_POINT('',(0.0230314960629921,-0.059,0.164125984251969));
#18945=CARTESIAN_POINT('',(0.0387795275590551,-0.059,0.1093));
#18946=CARTESIAN_POINT('',(0.0387795275590551,-0.0333,0.11));
#18947=CARTESIAN_POINT('',(0.0612204724409449,-0.059,-0.123));
#18948=CARTESIAN_POINT('',(0.0612204724409448,-0.0333,0.11));
#18949=CARTESIAN_POINT('',(0.0269685039370078,-0.059,0.164125984251968));
#18950=CARTESIAN_POINT('',(0.0730314960629921,-0.059,0.164125984251969));
#18951=CARTESIAN_POINT('',(0.0887795275590551,-0.059,0.1093));
#18952=CARTESIAN_POINT('',(0.088779527559055,-0.0333,0.11));
#18953=CARTESIAN_POINT('',(0.111220472440945,-0.059,-0.123));
#18954=CARTESIAN_POINT('',(0.111220472440945,-0.0333,0.11));
#18955=CARTESIAN_POINT('',(0.0769685039370078,-0.059,0.164125984251968));
#18956=CARTESIAN_POINT('',(0.123031496062992,-0.059,0.164125984251969));
#18957=CARTESIAN_POINT('',(0.138779527559055,-0.059,0.1093));
#18958=CARTESIAN_POINT('',(0.138779527559055,-0.0333,0.11));
#18959=CARTESIAN_POINT('',(0.161220472440945,-0.059,-0.123));
#18960=CARTESIAN_POINT('',(0.161220472440945,-0.0333,0.110000000000001));
#18961=CARTESIAN_POINT('',(0.126968503937008,-0.059,0.164125984251968));
#18962=CARTESIAN_POINT('',(0.173031496062992,-0.059,0.164125984251968));
#18963=CARTESIAN_POINT('',(0.223031496062992,-0.059,0.164125984251968));
#18964=CARTESIAN_POINT('',(0.176968503937008,-0.059,0.164125984251968));
#18965=CARTESIAN_POINT('',(0.211220472440945,-0.059,-0.123));
#18966=CARTESIAN_POINT('',(0.211220472440945,-0.0333,0.11));
#18967=CARTESIAN_POINT('',(0.188779527559055,-0.059,0.1093));
#18968=CARTESIAN_POINT('',(0.188779527559055,-0.0333,0.110000000000001));
#18969=CARTESIAN_POINT('',(0.184842519685039,-0.0333,0.123000000000001));
#18970=CARTESIAN_POINT('',(0.194685039370079,-0.0333,0.123000000000001));
#18971=CARTESIAN_POINT('',(0.184842519685039,-0.0333,0.123000000000001));
#18972=CARTESIAN_POINT('',(0.194685039370079,-0.0333,0.123000000000001));
#18973=CARTESIAN_POINT('',(0.194685039370079,-0.0333,0.118000000000001));
#18974=CARTESIAN_POINT('',(0.194685039370079,-0.0333,0.118000000000001));
#18975=CARTESIAN_POINT('',(0.205314960629921,-0.0333,0.118000000000001));
#18976=CARTESIAN_POINT('',(0.205314960629921,-0.0333,0.118000000000001));
#18977=CARTESIAN_POINT('',(0.205314960629921,-0.0333,0.123));
#18978=CARTESIAN_POINT('',(0.205314960629921,-0.0333,0.123));
#18979=CARTESIAN_POINT('',(0.215157480314961,-0.0333,0.123));
#18980=CARTESIAN_POINT('',(0.211220472440945,-0.0333,0.11));
#18981=CARTESIAN_POINT('',(0.205314960629921,-0.0333,0.11));
#18982=CARTESIAN_POINT('',(0.205314960629921,-0.0333,0.11));
#18983=CARTESIAN_POINT('',(0.205314960629921,-0.0333,0.116000000000001));
#18984=CARTESIAN_POINT('',(0.205314960629921,-0.0333,0.116000000000001));
#18985=CARTESIAN_POINT('',(0.194685039370079,-0.0333,0.116000000000001));
#18986=CARTESIAN_POINT('',(0.194685039370079,-0.0333,0.116000000000001));
#18987=CARTESIAN_POINT('',(0.194685039370079,-0.0333,0.110000000000001));
#18988=CARTESIAN_POINT('',(0.194685039370079,-0.0333,0.110000000000001));
#18989=CARTESIAN_POINT('',(0.184842519685039,-0.0333,0.107500000000001));
#18990=CARTESIAN_POINT('',(0.215157480314961,-0.0333,0.123));
#18991=CARTESIAN_POINT('',(0.134842519685039,-0.0333,0.123));
#18992=CARTESIAN_POINT('',(0.144685039370079,-0.0333,0.123));
#18993=CARTESIAN_POINT('',(0.134842519685039,-0.0333,0.123));
#18994=CARTESIAN_POINT('',(0.144685039370079,-0.0333,0.123));
#18995=CARTESIAN_POINT('',(0.144685039370079,-0.0333,0.118));
#18996=CARTESIAN_POINT('',(0.144685039370079,-0.0333,0.118));
#18997=CARTESIAN_POINT('',(0.155314960629921,-0.0333,0.118000000000001));
#18998=CARTESIAN_POINT('',(0.155314960629921,-0.0333,0.118000000000001));
#18999=CARTESIAN_POINT('',(0.155314960629921,-0.0333,0.123000000000001));
#19000=CARTESIAN_POINT('',(0.155314960629921,-0.0333,0.123000000000001));
#19001=CARTESIAN_POINT('',(0.165157480314961,-0.0333,0.123000000000001));
#19002=CARTESIAN_POINT('',(0.161220472440945,-0.0333,0.110000000000001));
#19003=CARTESIAN_POINT('',(0.155314960629921,-0.0333,0.110000000000001));
#19004=CARTESIAN_POINT('',(0.155314960629921,-0.0333,0.110000000000001));
#19005=CARTESIAN_POINT('',(0.155314960629921,-0.0333,0.116));
#19006=CARTESIAN_POINT('',(0.155314960629921,-0.0333,0.116));
#19007=CARTESIAN_POINT('',(0.144685039370079,-0.0333,0.116));
#19008=CARTESIAN_POINT('',(0.144685039370079,-0.0333,0.116));
#19009=CARTESIAN_POINT('',(0.144685039370079,-0.0333,0.11));
#19010=CARTESIAN_POINT('',(0.144685039370079,-0.0333,0.11));
#19011=CARTESIAN_POINT('',(0.134842519685039,-0.0333,0.1075));
#19012=CARTESIAN_POINT('',(0.165157480314961,-0.0333,0.123000000000001));
#19013=CARTESIAN_POINT('',(0.0848425196850393,-0.0333,0.123));
#19014=CARTESIAN_POINT('',(0.0946850393700787,-0.0333,0.123));
#19015=CARTESIAN_POINT('',(0.0848425196850393,-0.0333,0.123));
#19016=CARTESIAN_POINT('',(0.0946850393700787,-0.0333,0.123));
#19017=CARTESIAN_POINT('',(0.0946850393700787,-0.0333,0.118));
#19018=CARTESIAN_POINT('',(0.0946850393700787,-0.0333,0.118));
#19019=CARTESIAN_POINT('',(0.105314960629921,-0.0333,0.118));
#19020=CARTESIAN_POINT('',(0.105314960629921,-0.0333,0.118));
#19021=CARTESIAN_POINT('',(0.105314960629921,-0.0333,0.123));
#19022=CARTESIAN_POINT('',(0.105314960629921,-0.0333,0.123));
#19023=CARTESIAN_POINT('',(0.115157480314961,-0.0333,0.123));
#19024=CARTESIAN_POINT('',(0.111220472440945,-0.0333,0.11));
#19025=CARTESIAN_POINT('',(0.105314960629921,-0.0333,0.11));
#19026=CARTESIAN_POINT('',(0.105314960629921,-0.0333,0.11));
#19027=CARTESIAN_POINT('',(0.105314960629921,-0.0333,0.116));
#19028=CARTESIAN_POINT('',(0.105314960629921,-0.0333,0.116));
#19029=CARTESIAN_POINT('',(0.0946850393700787,-0.0333,0.116));
#19030=CARTESIAN_POINT('',(0.0946850393700787,-0.0333,0.116));
#19031=CARTESIAN_POINT('',(0.0946850393700787,-0.0333,0.11));
#19032=CARTESIAN_POINT('',(0.0946850393700787,-0.0333,0.11));
#19033=CARTESIAN_POINT('',(0.0848425196850393,-0.0333,0.1075));
#19034=CARTESIAN_POINT('',(0.115157480314961,-0.0333,0.123));
#19035=CARTESIAN_POINT('',(0.0348425196850393,-0.0333,0.123));
#19036=CARTESIAN_POINT('',(0.0446850393700787,-0.0333,0.123));
#19037=CARTESIAN_POINT('',(0.0348425196850393,-0.0333,0.123));
#19038=CARTESIAN_POINT('',(0.0446850393700787,-0.0333,0.123));
#19039=CARTESIAN_POINT('',(0.0446850393700787,-0.0333,0.118));
#19040=CARTESIAN_POINT('',(0.0446850393700787,-0.0333,0.118));
#19041=CARTESIAN_POINT('',(0.0553149606299212,-0.0333,0.118));
#19042=CARTESIAN_POINT('',(0.0553149606299212,-0.0333,0.118));
#19043=CARTESIAN_POINT('',(0.0553149606299212,-0.0333,0.123));
#19044=CARTESIAN_POINT('',(0.0553149606299212,-0.0333,0.123));
#19045=CARTESIAN_POINT('',(0.0651574803149605,-0.0333,0.123));
#19046=CARTESIAN_POINT('',(0.0612204724409448,-0.0333,0.11));
#19047=CARTESIAN_POINT('',(0.0553149606299212,-0.0333,0.11));
#19048=CARTESIAN_POINT('',(0.0553149606299212,-0.0333,0.11));
#19049=CARTESIAN_POINT('',(0.0553149606299212,-0.0333,0.116));
#19050=CARTESIAN_POINT('',(0.0553149606299212,-0.0333,0.116));
#19051=CARTESIAN_POINT('',(0.0446850393700787,-0.0333,0.116));
#19052=CARTESIAN_POINT('',(0.0446850393700787,-0.0333,0.116));
#19053=CARTESIAN_POINT('',(0.0446850393700787,-0.0333,0.11));
#19054=CARTESIAN_POINT('',(0.0446850393700787,-0.0333,0.11));
#19055=CARTESIAN_POINT('',(0.0348425196850393,-0.0333,0.1075));
#19056=CARTESIAN_POINT('',(0.0651574803149605,-0.0333,0.123));
#19057=CARTESIAN_POINT('',(-0.0151574803149607,-0.0333,0.123));
#19058=CARTESIAN_POINT('',(-0.00531496062992132,-0.0333,0.123));
#19059=CARTESIAN_POINT('',(-0.0151574803149607,-0.0333,0.123));
#19060=CARTESIAN_POINT('',(-0.00531496062992132,-0.0333,0.123));
#19061=CARTESIAN_POINT('',(-0.00531496062992132,-0.0333,0.118));
#19062=CARTESIAN_POINT('',(-0.00531496062992132,-0.0333,0.118));
#19063=CARTESIAN_POINT('',(0.00531496062992121,-0.0333,0.118));
#19064=CARTESIAN_POINT('',(0.00531496062992121,-0.0333,0.118));
#19065=CARTESIAN_POINT('',(0.00531496062992121,-0.0333,0.123));
#19066=CARTESIAN_POINT('',(0.00531496062992121,-0.0333,0.123));
#19067=CARTESIAN_POINT('',(0.0151574803149606,-0.0333,0.123));
#19068=CARTESIAN_POINT('',(0.0112204724409448,-0.0333,0.11));
#19069=CARTESIAN_POINT('',(0.00531496062992121,-0.0333,0.11));
#19070=CARTESIAN_POINT('',(0.00531496062992121,-0.0333,0.11));
#19071=CARTESIAN_POINT('',(0.00531496062992121,-0.0333,0.116));
#19072=CARTESIAN_POINT('',(0.00531496062992121,-0.0333,0.116));
#19073=CARTESIAN_POINT('',(-0.00531496062992132,-0.0333,0.116));
#19074=CARTESIAN_POINT('',(-0.00531496062992132,-0.0333,0.116));
#19075=CARTESIAN_POINT('',(-0.00531496062992132,-0.0333,0.11));
#19076=CARTESIAN_POINT('',(-0.00531496062992132,-0.0333,0.11));
#19077=CARTESIAN_POINT('',(-0.0151574803149607,-0.0333,0.1075));
#19078=CARTESIAN_POINT('',(0.0151574803149606,-0.0333,0.123));
#19079=CARTESIAN_POINT('',(-0.0651574803149607,-0.0333,0.123));
#19080=CARTESIAN_POINT('',(-0.0553149606299213,-0.0333,0.123));
#19081=CARTESIAN_POINT('',(-0.0651574803149607,-0.0333,0.123));
#19082=CARTESIAN_POINT('',(-0.0553149606299213,-0.0333,0.123));
#19083=CARTESIAN_POINT('',(-0.0553149606299213,-0.0333,0.118));
#19084=CARTESIAN_POINT('',(-0.0553149606299213,-0.0333,0.118));
#19085=CARTESIAN_POINT('',(-0.0446850393700788,-0.0333,0.118));
#19086=CARTESIAN_POINT('',(-0.0446850393700788,-0.0333,0.118));
#19087=CARTESIAN_POINT('',(-0.0446850393700788,-0.0333,0.123));
#19088=CARTESIAN_POINT('',(-0.0446850393700788,-0.0333,0.123));
#19089=CARTESIAN_POINT('',(-0.0348425196850394,-0.0333,0.123));
#19090=CARTESIAN_POINT('',(-0.0387795275590552,-0.0333,0.11));
#19091=CARTESIAN_POINT('',(-0.0446850393700788,-0.0333,0.11));
#19092=CARTESIAN_POINT('',(-0.0446850393700788,-0.0333,0.11));
#19093=CARTESIAN_POINT('',(-0.0446850393700788,-0.0333,0.116));
#19094=CARTESIAN_POINT('',(-0.0446850393700788,-0.0333,0.116));
#19095=CARTESIAN_POINT('',(-0.0553149606299213,-0.0333,0.116));
#19096=CARTESIAN_POINT('',(-0.0553149606299213,-0.0333,0.116));
#19097=CARTESIAN_POINT('',(-0.0553149606299213,-0.0333,0.11));
#19098=CARTESIAN_POINT('',(-0.0553149606299213,-0.0333,0.11));
#19099=CARTESIAN_POINT('',(-0.0651574803149607,-0.0333,0.1075));
#19100=CARTESIAN_POINT('',(-0.0348425196850394,-0.0333,0.123));
#19101=CARTESIAN_POINT('',(-0.115157480314961,-0.0333,0.123));
#19102=CARTESIAN_POINT('',(-0.105314960629921,-0.0333,0.123));
#19103=CARTESIAN_POINT('',(-0.115157480314961,-0.0333,0.123));
#19104=CARTESIAN_POINT('',(-0.105314960629921,-0.0333,0.123));
#19105=CARTESIAN_POINT('',(-0.105314960629921,-0.0333,0.118));
#19106=CARTESIAN_POINT('',(-0.105314960629921,-0.0333,0.118));
#19107=CARTESIAN_POINT('',(-0.0946850393700788,-0.0333,0.118));
#19108=CARTESIAN_POINT('',(-0.0946850393700788,-0.0333,0.118));
#19109=CARTESIAN_POINT('',(-0.0946850393700788,-0.0333,0.123));
#19110=CARTESIAN_POINT('',(-0.0946850393700788,-0.0333,0.123));
#19111=CARTESIAN_POINT('',(-0.0848425196850394,-0.0333,0.123));
#19112=CARTESIAN_POINT('',(-0.0887795275590552,-0.0333,0.11));
#19113=CARTESIAN_POINT('',(-0.0946850393700788,-0.0333,0.11));
#19114=CARTESIAN_POINT('',(-0.0946850393700788,-0.0333,0.11));
#19115=CARTESIAN_POINT('',(-0.0946850393700788,-0.0333,0.116));
#19116=CARTESIAN_POINT('',(-0.0946850393700788,-0.0333,0.116));
#19117=CARTESIAN_POINT('',(-0.105314960629921,-0.0333,0.116));
#19118=CARTESIAN_POINT('',(-0.105314960629921,-0.0333,0.116));
#19119=CARTESIAN_POINT('',(-0.105314960629921,-0.0333,0.11));
#19120=CARTESIAN_POINT('',(-0.105314960629921,-0.0333,0.11));
#19121=CARTESIAN_POINT('',(-0.115157480314961,-0.0333,0.1075));
#19122=CARTESIAN_POINT('',(-0.0848425196850394,-0.0333,0.123));
#19123=CARTESIAN_POINT('',(-0.165157480314961,-0.0333,0.123));
#19124=CARTESIAN_POINT('',(-0.155314960629921,-0.0333,0.123));
#19125=CARTESIAN_POINT('',(-0.165157480314961,-0.0333,0.123));
#19126=CARTESIAN_POINT('',(-0.155314960629921,-0.0333,0.123));
#19127=CARTESIAN_POINT('',(-0.155314960629921,-0.0333,0.118));
#19128=CARTESIAN_POINT('',(-0.155314960629921,-0.0333,0.118));
#19129=CARTESIAN_POINT('',(-0.144685039370079,-0.0333,0.118));
#19130=CARTESIAN_POINT('',(-0.144685039370079,-0.0333,0.118));
#19131=CARTESIAN_POINT('',(-0.144685039370079,-0.0333,0.123));
#19132=CARTESIAN_POINT('',(-0.144685039370079,-0.0333,0.123));
#19133=CARTESIAN_POINT('',(-0.134842519685039,-0.0333,0.123));
#19134=CARTESIAN_POINT('',(-0.138779527559055,-0.0333,0.11));
#19135=CARTESIAN_POINT('',(-0.144685039370079,-0.0333,0.11));
#19136=CARTESIAN_POINT('',(-0.144685039370079,-0.0333,0.11));
#19137=CARTESIAN_POINT('',(-0.144685039370079,-0.0333,0.116));
#19138=CARTESIAN_POINT('',(-0.144685039370079,-0.0333,0.116));
#19139=CARTESIAN_POINT('',(-0.155314960629921,-0.0333,0.116));
#19140=CARTESIAN_POINT('',(-0.155314960629921,-0.0333,0.116));
#19141=CARTESIAN_POINT('',(-0.155314960629921,-0.0333,0.11));
#19142=CARTESIAN_POINT('',(-0.155314960629921,-0.0333,0.11));
#19143=CARTESIAN_POINT('',(-0.165157480314961,-0.0333,0.1075));
#19144=CARTESIAN_POINT('',(-0.134842519685039,-0.0333,0.123));
#19145=CARTESIAN_POINT('',(-0.215157480314961,-0.0333,0.123));
#19146=CARTESIAN_POINT('',(-0.205314960629921,-0.0333,0.123));
#19147=CARTESIAN_POINT('',(-0.215157480314961,-0.0333,0.123));
#19148=CARTESIAN_POINT('',(-0.205314960629921,-0.0333,0.123));
#19149=CARTESIAN_POINT('',(-0.205314960629921,-0.0333,0.118));
#19150=CARTESIAN_POINT('',(-0.205314960629921,-0.0333,0.118));
#19151=CARTESIAN_POINT('',(-0.194685039370079,-0.0333,0.118));
#19152=CARTESIAN_POINT('',(-0.194685039370079,-0.0333,0.118));
#19153=CARTESIAN_POINT('',(-0.194685039370079,-0.0333,0.123));
#19154=CARTESIAN_POINT('',(-0.194685039370079,-0.0333,0.123));
#19155=CARTESIAN_POINT('',(-0.184842519685039,-0.0333,0.123));
#19156=CARTESIAN_POINT('',(-0.188779527559055,-0.0333,0.11));
#19157=CARTESIAN_POINT('',(-0.194685039370079,-0.0333,0.11));
#19158=CARTESIAN_POINT('',(-0.194685039370079,-0.0333,0.11));
#19159=CARTESIAN_POINT('',(-0.194685039370079,-0.0333,0.116));
#19160=CARTESIAN_POINT('',(-0.194685039370079,-0.0333,0.116));
#19161=CARTESIAN_POINT('',(-0.205314960629921,-0.0333,0.116));
#19162=CARTESIAN_POINT('',(-0.205314960629921,-0.0333,0.116));
#19163=CARTESIAN_POINT('',(-0.205314960629921,-0.0333,0.11));
#19164=CARTESIAN_POINT('',(-0.205314960629921,-0.0333,0.11));
#19165=CARTESIAN_POINT('',(-0.215157480314961,-0.0333,0.1075));
#19166=CARTESIAN_POINT('',(-0.184842519685039,-0.0333,0.123));
#19167=CARTESIAN_POINT('',(0.234842519685039,-0.0333,0.123));
#19168=CARTESIAN_POINT('',(0.244685039370079,-0.0333,0.123));
#19169=CARTESIAN_POINT('',(0.234842519685039,-0.0333,0.123));
#19170=CARTESIAN_POINT('',(0.244685039370079,-0.0333,0.123));
#19171=CARTESIAN_POINT('',(0.244685039370079,-0.0333,0.11));
#19172=CARTESIAN_POINT('',(0.244685039370079,-0.0333,0.11));
#19173=CARTESIAN_POINT('',(0.234842519685039,-0.0333,0.1075));
#19174=CARTESIAN_POINT('',(-0.234842519685039,-0.0333,0.123));
#19175=CARTESIAN_POINT('',(-0.234842519685039,-0.0333,0.123));
#19176=CARTESIAN_POINT('',(-0.238779527559055,-0.0333,0.11));
#19177=CARTESIAN_POINT('',(-0.244685039370079,-0.0333,0.11));
#19178=CARTESIAN_POINT('',(-0.244685039370079,-0.0333,0.11));
#19179=CARTESIAN_POINT('',(-0.244685039370079,-0.0333,0.123));
#19180=CARTESIAN_POINT('',(-0.244685039370079,-0.0333,0.123));
#19181=CARTESIAN_POINT('',(0.,0.,0.));
#19182=CARTESIAN_POINT('',(0.24125,-0.0393,0.123));
#19183=CARTESIAN_POINT('',(0.24125,-0.0393,0.123));
#19184=CARTESIAN_POINT('',(0.24125,-0.0393,0.11));
#19185=CARTESIAN_POINT('',(0.24125,-0.0393,-0.123));
#19186=CARTESIAN_POINT('',(0.24125,-0.0393,0.11));
#19187=CARTESIAN_POINT('',(0.24125,-0.0333,0.11));
#19188=CARTESIAN_POINT('',(0.24125,-0.0333,0.123));
#19189=CARTESIAN_POINT('',(0.24125,-0.0333,0.123));
#19190=CARTESIAN_POINT('',(0.24125,-0.0393,0.123));
#19191=CARTESIAN_POINT('',(0.24125,0.0353779,0.123));
#19192=CARTESIAN_POINT('',(0.24125,0.0353779,0.0993778999999999));
#19193=CARTESIAN_POINT('',(0.24125,0.059,0.0993778999999999));
#19194=CARTESIAN_POINT('',(0.24125,0.059,0.123));
#19195=CARTESIAN_POINT('',(0.24125,0.059,0.0220000000000001));
#19196=CARTESIAN_POINT('',(0.24125,-0.0393,0.0220000000000001));
#19197=CARTESIAN_POINT('',(0.24125,0.04,0.0220000000000001));
#19198=CARTESIAN_POINT('',(0.24125,0.04,0.123));
#19199=CARTESIAN_POINT('',(0.24125,0.04,-0.01));
#19200=CARTESIAN_POINT('',(0.24125,0.046,-0.01));
#19201=CARTESIAN_POINT('',(0.24125,0.046,-0.01));
#19202=CARTESIAN_POINT('',(0.24125,0.046,-0.01));
#19203=CARTESIAN_POINT('',(0.24125,0.046,-0.123));
#19204=CARTESIAN_POINT('',(0.24125,-0.0393,-0.123));
#19205=CARTESIAN_POINT('',(0.19125,-0.0393,0.123));
#19206=CARTESIAN_POINT('',(0.19125,-0.0393,0.123));
#19207=CARTESIAN_POINT('',(0.19125,-0.0393,0.11));
#19208=CARTESIAN_POINT('',(0.19125,-0.0393,-0.123));
#19209=CARTESIAN_POINT('',(0.19125,-0.0393,0.11));
#19210=CARTESIAN_POINT('',(0.19125,-0.0333,0.11));
#19211=CARTESIAN_POINT('',(0.19125,-0.0333,0.123));
#19212=CARTESIAN_POINT('',(0.19125,-0.0333,0.123));
#19213=CARTESIAN_POINT('',(0.19125,-0.0393,0.123));
#19214=CARTESIAN_POINT('',(0.19125,0.0353779,0.123));
#19215=CARTESIAN_POINT('',(0.19125,0.0353779,0.0993778999999999));
#19216=CARTESIAN_POINT('',(0.19125,0.059,0.0993778999999999));
#19217=CARTESIAN_POINT('',(0.19125,0.059,0.123));
#19218=CARTESIAN_POINT('',(0.19125,0.059,0.022));
#19219=CARTESIAN_POINT('',(0.19125,-0.0393,0.022));
#19220=CARTESIAN_POINT('',(0.19125,0.04,0.022));
#19221=CARTESIAN_POINT('',(0.19125,0.04,0.123));
#19222=CARTESIAN_POINT('',(0.19125,0.04,-0.01));
#19223=CARTESIAN_POINT('',(0.19125,0.046,-0.01));
#19224=CARTESIAN_POINT('',(0.19125,0.046,-0.01));
#19225=CARTESIAN_POINT('',(0.19125,0.046,-0.01));
#19226=CARTESIAN_POINT('',(0.19125,0.046,-0.123));
#19227=CARTESIAN_POINT('',(0.19125,-0.0393,-0.123));
#19228=CARTESIAN_POINT('',(0.14125,-0.0393,0.123));
#19229=CARTESIAN_POINT('',(0.14125,-0.0393,0.123));
#19230=CARTESIAN_POINT('',(0.14125,-0.0393,0.11));
#19231=CARTESIAN_POINT('',(0.14125,-0.0393,-0.123));
#19232=CARTESIAN_POINT('',(0.14125,-0.0393,0.11));
#19233=CARTESIAN_POINT('',(0.14125,-0.0333,0.11));
#19234=CARTESIAN_POINT('',(0.14125,-0.0333,0.123));
#19235=CARTESIAN_POINT('',(0.14125,-0.0333,0.123));
#19236=CARTESIAN_POINT('',(0.14125,-0.0393,0.123));
#19237=CARTESIAN_POINT('',(0.14125,0.0353779,0.123));
#19238=CARTESIAN_POINT('',(0.14125,0.0353779,0.0993778999999999));
#19239=CARTESIAN_POINT('',(0.14125,0.059,0.0993778999999999));
#19240=CARTESIAN_POINT('',(0.14125,0.059,0.123));
#19241=CARTESIAN_POINT('',(0.14125,0.059,0.022));
#19242=CARTESIAN_POINT('',(0.14125,-0.0393,0.022));
#19243=CARTESIAN_POINT('',(0.14125,0.04,0.022));
#19244=CARTESIAN_POINT('',(0.14125,0.04,0.123));
#19245=CARTESIAN_POINT('',(0.14125,0.04,-0.01));
#19246=CARTESIAN_POINT('',(0.14125,0.046,-0.01));
#19247=CARTESIAN_POINT('',(0.14125,0.046,-0.01));
#19248=CARTESIAN_POINT('',(0.14125,0.046,-0.01));
#19249=CARTESIAN_POINT('',(0.14125,0.046,-0.123));
#19250=CARTESIAN_POINT('',(0.14125,-0.0393,-0.123));
#19251=CARTESIAN_POINT('',(0.09125,-0.0393,0.123));
#19252=CARTESIAN_POINT('',(0.09125,-0.0393,0.123));
#19253=CARTESIAN_POINT('',(0.09125,-0.0393,0.11));
#19254=CARTESIAN_POINT('',(0.09125,-0.0393,-0.123));
#19255=CARTESIAN_POINT('',(0.09125,-0.0393,0.11));
#19256=CARTESIAN_POINT('',(0.09125,-0.0333,0.11));
#19257=CARTESIAN_POINT('',(0.09125,-0.0333,0.123));
#19258=CARTESIAN_POINT('',(0.09125,-0.0333,0.123));
#19259=CARTESIAN_POINT('',(0.09125,-0.0393,0.123));
#19260=CARTESIAN_POINT('',(0.09125,0.0353779,0.123));
#19261=CARTESIAN_POINT('',(0.0912499999999999,0.0353779,0.0993778999999999));
#19262=CARTESIAN_POINT('',(0.0912499999999999,0.059,0.0993778999999999));
#19263=CARTESIAN_POINT('',(0.0912499999999999,0.059,0.123));
#19264=CARTESIAN_POINT('',(0.0912499999999999,0.059,0.022));
#19265=CARTESIAN_POINT('',(0.0912499999999999,-0.0393,0.022));
#19266=CARTESIAN_POINT('',(0.0912499999999999,0.04,0.022));
#19267=CARTESIAN_POINT('',(0.0912499999999999,0.04,0.123));
#19268=CARTESIAN_POINT('',(0.0912499999999999,0.04,-0.01));
#19269=CARTESIAN_POINT('',(0.0912499999999999,0.046,-0.01));
#19270=CARTESIAN_POINT('',(0.0912499999999999,0.046,-0.01));
#19271=CARTESIAN_POINT('',(0.0912499999999999,0.046,-0.01));
#19272=CARTESIAN_POINT('',(0.0912499999999999,0.046,-0.123));
#19273=CARTESIAN_POINT('',(0.09125,-0.0393,-0.123));
#19274=CARTESIAN_POINT('',(0.04125,-0.0393,0.123));
#19275=CARTESIAN_POINT('',(0.04125,-0.0393,0.123));
#19276=CARTESIAN_POINT('',(0.04125,-0.0393,0.11));
#19277=CARTESIAN_POINT('',(0.04125,-0.0393,-0.123));
#19278=CARTESIAN_POINT('',(0.04125,-0.0393,0.11));
#19279=CARTESIAN_POINT('',(0.04125,-0.0333,0.11));
#19280=CARTESIAN_POINT('',(0.04125,-0.0333,0.123));
#19281=CARTESIAN_POINT('',(0.04125,-0.0333,0.123));
#19282=CARTESIAN_POINT('',(0.04125,-0.0393,0.123));
#19283=CARTESIAN_POINT('',(0.04125,0.0353779,0.123));
#19284=CARTESIAN_POINT('',(0.0412499999999999,0.0353779,0.0993778999999999));
#19285=CARTESIAN_POINT('',(0.0412499999999999,0.059,0.0993778999999999));
#19286=CARTESIAN_POINT('',(0.0412499999999999,0.059,0.123));
#19287=CARTESIAN_POINT('',(0.0412499999999999,0.059,0.022));
#19288=CARTESIAN_POINT('',(0.0412499999999999,-0.0393,0.022));
#19289=CARTESIAN_POINT('',(0.0412499999999999,0.04,0.022));
#19290=CARTESIAN_POINT('',(0.04125,0.04,0.123));
#19291=CARTESIAN_POINT('',(0.0412499999999999,0.04,-0.01));
#19292=CARTESIAN_POINT('',(0.0412499999999999,0.046,-0.01));
#19293=CARTESIAN_POINT('',(0.0412499999999999,0.046,-0.01));
#19294=CARTESIAN_POINT('',(0.0412499999999999,0.046,-0.01));
#19295=CARTESIAN_POINT('',(0.0412499999999999,0.046,-0.123));
#19296=CARTESIAN_POINT('',(0.04125,-0.0393,-0.123));
#19297=CARTESIAN_POINT('',(-0.00874999999999999,-0.0393,0.123));
#19298=CARTESIAN_POINT('',(-0.00874999999999999,-0.0393,0.123));
#19299=CARTESIAN_POINT('',(-0.00874999999999999,-0.0393,0.11));
#19300=CARTESIAN_POINT('',(-0.00874999999999999,-0.0393,-0.123));
#19301=CARTESIAN_POINT('',(-0.00874999999999999,-0.0393,0.11));
#19302=CARTESIAN_POINT('',(-0.00875,-0.0333,0.11));
#19303=CARTESIAN_POINT('',(-0.00875,-0.0333,0.123));
#19304=CARTESIAN_POINT('',(-0.00875,-0.0333,0.123));
#19305=CARTESIAN_POINT('',(-0.00874999999999999,-0.0393,0.123));
#19306=CARTESIAN_POINT('',(-0.00875000000000001,0.0353779,0.123));
#19307=CARTESIAN_POINT('',(-0.00875000000000008,0.0353779,0.0993778999999999));
#19308=CARTESIAN_POINT('',(-0.00875000000000006,0.059,0.0993778999999999));
#19309=CARTESIAN_POINT('',(-0.00875000000000006,0.059,0.123));
#19310=CARTESIAN_POINT('',(-0.00875000000000006,0.059,0.022));
#19311=CARTESIAN_POINT('',(-0.00875000000000006,-0.0393,0.022));
#19312=CARTESIAN_POINT('',(-0.00875000000000006,0.04,0.022));
#19313=CARTESIAN_POINT('',(-0.00875000000000005,0.04,0.123));
#19314=CARTESIAN_POINT('',(-0.00875000000000007,0.04,-0.01));
#19315=CARTESIAN_POINT('',(-0.00875000000000007,0.046,-0.01));
#19316=CARTESIAN_POINT('',(-0.00875000000000007,0.046,-0.01));
#19317=CARTESIAN_POINT('',(-0.00875000000000006,0.046,-0.01));
#19318=CARTESIAN_POINT('',(-0.00875000000000006,0.046,-0.123));
#19319=CARTESIAN_POINT('',(-0.00874999999999999,-0.0393,-0.123));
#19320=CARTESIAN_POINT('',(-0.05875,-0.0393,0.123));
#19321=CARTESIAN_POINT('',(-0.05875,-0.0393,0.123));
#19322=CARTESIAN_POINT('',(-0.05875,-0.0393,0.11));
#19323=CARTESIAN_POINT('',(-0.05875,-0.0393,-0.123));
#19324=CARTESIAN_POINT('',(-0.05875,-0.0393,0.11));
#19325=CARTESIAN_POINT('',(-0.05875,-0.0333,0.11));
#19326=CARTESIAN_POINT('',(-0.05875,-0.0333,0.123));
#19327=CARTESIAN_POINT('',(-0.05875,-0.0333,0.123));
#19328=CARTESIAN_POINT('',(-0.05875,-0.0393,0.123));
#19329=CARTESIAN_POINT('',(-0.05875,0.0353779,0.123));
#19330=CARTESIAN_POINT('',(-0.0587500000000001,0.0353779,0.0993778999999999));
#19331=CARTESIAN_POINT('',(-0.05875,0.059,0.0993778999999999));
#19332=CARTESIAN_POINT('',(-0.05875,0.059,0.123));
#19333=CARTESIAN_POINT('',(-0.05875,0.059,0.022));
#19334=CARTESIAN_POINT('',(-0.05875,-0.0393,0.022));
#19335=CARTESIAN_POINT('',(-0.05875,0.04,0.022));
#19336=CARTESIAN_POINT('',(-0.05875,0.04,0.123));
#19337=CARTESIAN_POINT('',(-0.05875,0.04,-0.01));
#19338=CARTESIAN_POINT('',(-0.05875,0.046,-0.01));
#19339=CARTESIAN_POINT('',(-0.05875,0.046,-0.01));
#19340=CARTESIAN_POINT('',(-0.05875,0.046,-0.01));
#19341=CARTESIAN_POINT('',(-0.05875,0.046,-0.123));
#19342=CARTESIAN_POINT('',(-0.05875,-0.0393,-0.123));
#19343=CARTESIAN_POINT('',(-0.10875,-0.0393,0.123));
#19344=CARTESIAN_POINT('',(-0.10875,-0.0393,0.123));
#19345=CARTESIAN_POINT('',(-0.10875,-0.0393,0.11));
#19346=CARTESIAN_POINT('',(-0.10875,-0.0393,-0.123));
#19347=CARTESIAN_POINT('',(-0.10875,-0.0393,0.11));
#19348=CARTESIAN_POINT('',(-0.10875,-0.0333,0.11));
#19349=CARTESIAN_POINT('',(-0.10875,-0.0333,0.123));
#19350=CARTESIAN_POINT('',(-0.10875,-0.0333,0.123));
#19351=CARTESIAN_POINT('',(-0.10875,-0.0393,0.123));
#19352=CARTESIAN_POINT('',(-0.10875,0.0353779,0.123));
#19353=CARTESIAN_POINT('',(-0.10875,0.0353779,0.0993778999999999));
#19354=CARTESIAN_POINT('',(-0.10875,0.059,0.0993778999999999));
#19355=CARTESIAN_POINT('',(-0.10875,0.059,0.123));
#19356=CARTESIAN_POINT('',(-0.10875,0.059,0.022));
#19357=CARTESIAN_POINT('',(-0.10875,-0.0393,0.022));
#19358=CARTESIAN_POINT('',(-0.10875,0.04,0.022));
#19359=CARTESIAN_POINT('',(-0.10875,0.04,0.123));
#19360=CARTESIAN_POINT('',(-0.10875,0.04,-0.01));
#19361=CARTESIAN_POINT('',(-0.10875,0.046,-0.01));
#19362=CARTESIAN_POINT('',(-0.10875,0.046,-0.01));
#19363=CARTESIAN_POINT('',(-0.10875,0.046,-0.01));
#19364=CARTESIAN_POINT('',(-0.10875,0.046,-0.123));
#19365=CARTESIAN_POINT('',(-0.10875,-0.0393,-0.123));
#19366=CARTESIAN_POINT('',(-0.15875,-0.0393,0.123));
#19367=CARTESIAN_POINT('',(-0.15875,-0.0393,0.123));
#19368=CARTESIAN_POINT('',(-0.15875,-0.0393,0.11));
#19369=CARTESIAN_POINT('',(-0.15875,-0.0393,-0.123));
#19370=CARTESIAN_POINT('',(-0.15875,-0.0393,0.11));
#19371=CARTESIAN_POINT('',(-0.15875,-0.0333,0.11));
#19372=CARTESIAN_POINT('',(-0.15875,-0.0333,0.123));
#19373=CARTESIAN_POINT('',(-0.15875,-0.0333,0.123));
#19374=CARTESIAN_POINT('',(-0.15875,-0.0393,0.123));
#19375=CARTESIAN_POINT('',(-0.15875,0.0353779,0.123));
#19376=CARTESIAN_POINT('',(-0.15875,0.0353779,0.0993778999999999));
#19377=CARTESIAN_POINT('',(-0.15875,0.059,0.0993778999999999));
#19378=CARTESIAN_POINT('',(-0.15875,0.059,0.123));
#19379=CARTESIAN_POINT('',(-0.15875,0.059,0.022));
#19380=CARTESIAN_POINT('',(-0.15875,-0.0393,0.022));
#19381=CARTESIAN_POINT('',(-0.15875,0.04,0.022));
#19382=CARTESIAN_POINT('',(-0.15875,0.04,0.123));
#19383=CARTESIAN_POINT('',(-0.15875,0.04,-0.01));
#19384=CARTESIAN_POINT('',(-0.15875,0.046,-0.01));
#19385=CARTESIAN_POINT('',(-0.15875,0.046,-0.01));
#19386=CARTESIAN_POINT('',(-0.15875,0.046,-0.01));
#19387=CARTESIAN_POINT('',(-0.15875,0.046,-0.123));
#19388=CARTESIAN_POINT('',(-0.15875,-0.0393,-0.123));
#19389=CARTESIAN_POINT('',(-0.20875,-0.0393,0.123));
#19390=CARTESIAN_POINT('',(-0.20875,-0.0393,0.123));
#19391=CARTESIAN_POINT('',(-0.20875,-0.0393,0.11));
#19392=CARTESIAN_POINT('',(-0.20875,-0.0393,-0.123));
#19393=CARTESIAN_POINT('',(-0.20875,-0.0393,0.11));
#19394=CARTESIAN_POINT('',(-0.20875,-0.0333,0.11));
#19395=CARTESIAN_POINT('',(-0.20875,-0.0333,0.123));
#19396=CARTESIAN_POINT('',(-0.20875,-0.0333,0.123));
#19397=CARTESIAN_POINT('',(-0.20875,-0.0393,0.123));
#19398=CARTESIAN_POINT('',(-0.20875,0.0353779,0.123));
#19399=CARTESIAN_POINT('',(-0.20875,0.0353779,0.0993778999999999));
#19400=CARTESIAN_POINT('',(-0.20875,0.059,0.0993778999999999));
#19401=CARTESIAN_POINT('',(-0.20875,0.059,0.123));
#19402=CARTESIAN_POINT('',(-0.20875,0.059,0.022));
#19403=CARTESIAN_POINT('',(-0.20875,-0.0393,0.022));
#19404=CARTESIAN_POINT('',(-0.20875,0.04,0.022));
#19405=CARTESIAN_POINT('',(-0.20875,0.04,0.123));
#19406=CARTESIAN_POINT('',(-0.20875,0.04,-0.01));
#19407=CARTESIAN_POINT('',(-0.20875,0.046,-0.01));
#19408=CARTESIAN_POINT('',(-0.20875,0.046,-0.01));
#19409=CARTESIAN_POINT('',(-0.20875,0.046,-0.01));
#19410=CARTESIAN_POINT('',(-0.20875,0.046,-0.123));
#19411=CARTESIAN_POINT('',(-0.20875,-0.0393,-0.123));
#19412=CARTESIAN_POINT('',(0.20875,0.04,0.123));
#19413=CARTESIAN_POINT('',(0.20875,-0.0333,0.123));
#19414=CARTESIAN_POINT('',(0.20875,-0.0333,0.11));
#19415=CARTESIAN_POINT('',(0.20875,-0.0333,0.123));
#19416=CARTESIAN_POINT('',(0.20875,0.04,0.11));
#19417=CARTESIAN_POINT('',(0.20875,-0.0393,0.11));
#19418=CARTESIAN_POINT('',(0.20875,-0.0393,0.123));
#19419=CARTESIAN_POINT('',(0.20875,-0.0393,-0.123));
#19420=CARTESIAN_POINT('',(0.20875,0.04,-0.123));
#19421=CARTESIAN_POINT('',(0.20875,0.046,-0.123));
#19422=CARTESIAN_POINT('',(0.20875,0.046,-0.123));
#19423=CARTESIAN_POINT('',(0.20875,0.046,-0.01));
#19424=CARTESIAN_POINT('',(0.20875,0.046,-0.01));
#19425=CARTESIAN_POINT('',(0.20875,0.04,-0.01));
#19426=CARTESIAN_POINT('',(0.20875,0.04,0.123));
#19427=CARTESIAN_POINT('',(0.20875,0.04,0.0220000000000001));
#19428=CARTESIAN_POINT('',(0.20875,-0.0393,0.0220000000000001));
#19429=CARTESIAN_POINT('',(0.20875,0.059,0.0220000000000001));
#19430=CARTESIAN_POINT('',(0.20875,0.059,0.0220000000000001));
#19431=CARTESIAN_POINT('',(0.20875,0.059,0.0993779));
#19432=CARTESIAN_POINT('',(0.20875,0.0353779,0.0993778999999999));
#19433=CARTESIAN_POINT('',(0.20875,0.0353779,0.123));
#19434=CARTESIAN_POINT('',(0.20875,0.04,0.123));
#19435=CARTESIAN_POINT('',(0.15875,0.04,0.123));
#19436=CARTESIAN_POINT('',(0.15875,-0.0333,0.123));
#19437=CARTESIAN_POINT('',(0.15875,-0.0333,0.11));
#19438=CARTESIAN_POINT('',(0.15875,-0.0333,0.123));
#19439=CARTESIAN_POINT('',(0.15875,0.04,0.11));
#19440=CARTESIAN_POINT('',(0.15875,-0.0393,0.11));
#19441=CARTESIAN_POINT('',(0.15875,-0.0393,0.123));
#19442=CARTESIAN_POINT('',(0.15875,-0.0393,-0.123));
#19443=CARTESIAN_POINT('',(0.15875,0.04,-0.123));
#19444=CARTESIAN_POINT('',(0.15875,0.046,-0.123));
#19445=CARTESIAN_POINT('',(0.15875,0.046,-0.123));
#19446=CARTESIAN_POINT('',(0.15875,0.046,-0.01));
#19447=CARTESIAN_POINT('',(0.15875,0.046,-0.01));
#19448=CARTESIAN_POINT('',(0.15875,0.04,-0.01));
#19449=CARTESIAN_POINT('',(0.15875,0.04,0.123));
#19450=CARTESIAN_POINT('',(0.15875,0.04,0.022));
#19451=CARTESIAN_POINT('',(0.15875,-0.0393,0.022));
#19452=CARTESIAN_POINT('',(0.15875,0.059,0.022));
#19453=CARTESIAN_POINT('',(0.15875,0.059,0.022));
#19454=CARTESIAN_POINT('',(0.15875,0.059,0.0993779));
#19455=CARTESIAN_POINT('',(0.15875,0.0353779,0.0993778999999999));
#19456=CARTESIAN_POINT('',(0.15875,0.0353779,0.123));
#19457=CARTESIAN_POINT('',(0.15875,0.04,0.123));
#19458=CARTESIAN_POINT('',(0.10875,0.04,0.123));
#19459=CARTESIAN_POINT('',(0.10875,-0.0333,0.123));
#19460=CARTESIAN_POINT('',(0.10875,-0.0333,0.11));
#19461=CARTESIAN_POINT('',(0.10875,-0.0333,0.123));
#19462=CARTESIAN_POINT('',(0.10875,0.04,0.11));
#19463=CARTESIAN_POINT('',(0.10875,-0.0393,0.11));
#19464=CARTESIAN_POINT('',(0.10875,-0.0393,0.123));
#19465=CARTESIAN_POINT('',(0.10875,-0.0393,-0.123));
#19466=CARTESIAN_POINT('',(0.10875,0.04,-0.123));
#19467=CARTESIAN_POINT('',(0.10875,0.046,-0.123));
#19468=CARTESIAN_POINT('',(0.10875,0.046,-0.123));
#19469=CARTESIAN_POINT('',(0.10875,0.046,-0.01));
#19470=CARTESIAN_POINT('',(0.10875,0.046,-0.01));
#19471=CARTESIAN_POINT('',(0.10875,0.04,-0.01));
#19472=CARTESIAN_POINT('',(0.10875,0.04,0.123));
#19473=CARTESIAN_POINT('',(0.10875,0.04,0.022));
#19474=CARTESIAN_POINT('',(0.10875,-0.0393,0.022));
#19475=CARTESIAN_POINT('',(0.10875,0.059,0.022));
#19476=CARTESIAN_POINT('',(0.10875,0.059,0.022));
#19477=CARTESIAN_POINT('',(0.10875,0.059,0.0993779));
#19478=CARTESIAN_POINT('',(0.10875,0.0353779,0.0993778999999999));
#19479=CARTESIAN_POINT('',(0.10875,0.0353779,0.123));
#19480=CARTESIAN_POINT('',(0.10875,0.04,0.123));
#19481=CARTESIAN_POINT('',(0.05875,0.04,0.123));
#19482=CARTESIAN_POINT('',(0.05875,-0.0333,0.123));
#19483=CARTESIAN_POINT('',(0.05875,-0.0333,0.11));
#19484=CARTESIAN_POINT('',(0.05875,-0.0333,0.123));
#19485=CARTESIAN_POINT('',(0.05875,0.04,0.11));
#19486=CARTESIAN_POINT('',(0.05875,-0.0393,0.11));
#19487=CARTESIAN_POINT('',(0.05875,-0.0393,0.123));
#19488=CARTESIAN_POINT('',(0.05875,-0.0393,-0.123));
#19489=CARTESIAN_POINT('',(0.05875,0.04,-0.123));
#19490=CARTESIAN_POINT('',(0.0587499999999999,0.046,-0.123));
#19491=CARTESIAN_POINT('',(0.0587499999999999,0.046,-0.123));
#19492=CARTESIAN_POINT('',(0.0587499999999999,0.046,-0.01));
#19493=CARTESIAN_POINT('',(0.0587499999999999,0.046,-0.01));
#19494=CARTESIAN_POINT('',(0.0587499999999999,0.04,-0.01));
#19495=CARTESIAN_POINT('',(0.05875,0.04,0.123));
#19496=CARTESIAN_POINT('',(0.0587499999999999,0.04,0.022));
#19497=CARTESIAN_POINT('',(0.0587499999999999,-0.0393,0.022));
#19498=CARTESIAN_POINT('',(0.0587499999999999,0.059,0.022));
#19499=CARTESIAN_POINT('',(0.0587499999999999,0.059,0.022));
#19500=CARTESIAN_POINT('',(0.0587499999999999,0.059,0.0993779));
#19501=CARTESIAN_POINT('',(0.05875,0.0353779,0.0993778999999999));
#19502=CARTESIAN_POINT('',(0.05875,0.0353779,0.123));
#19503=CARTESIAN_POINT('',(0.05875,0.04,0.123));
#19504=CARTESIAN_POINT('',(0.00874999999999997,0.04,0.123));
#19505=CARTESIAN_POINT('',(0.00874999999999997,-0.0333,0.123));
#19506=CARTESIAN_POINT('',(0.00874999999999997,-0.0333,0.11));
#19507=CARTESIAN_POINT('',(0.00874999999999997,-0.0333,0.123));
#19508=CARTESIAN_POINT('',(0.00874999999999997,0.04,0.11));
#19509=CARTESIAN_POINT('',(0.00874999999999997,-0.0393,0.11));
#19510=CARTESIAN_POINT('',(0.00874999999999997,-0.0393,0.123));
#19511=CARTESIAN_POINT('',(0.00874999999999997,-0.0393,-0.123));
#19512=CARTESIAN_POINT('',(0.00874999999999997,0.04,-0.123));
#19513=CARTESIAN_POINT('',(0.00874999999999992,0.046,-0.123));
#19514=CARTESIAN_POINT('',(0.00874999999999992,0.046,-0.123));
#19515=CARTESIAN_POINT('',(0.00874999999999992,0.046,-0.01));
#19516=CARTESIAN_POINT('',(0.00874999999999992,0.046,-0.01));
#19517=CARTESIAN_POINT('',(0.00874999999999992,0.04,-0.01));
#19518=CARTESIAN_POINT('',(0.00874999999999997,0.04,0.123));
#19519=CARTESIAN_POINT('',(0.00874999999999992,0.04,0.022));
#19520=CARTESIAN_POINT('',(0.00874999999999992,-0.0393,0.022));
#19521=CARTESIAN_POINT('',(0.00874999999999992,0.059,0.022));
#19522=CARTESIAN_POINT('',(0.00874999999999992,0.059,0.022));
#19523=CARTESIAN_POINT('',(0.00874999999999994,0.059,0.0993779));
#19524=CARTESIAN_POINT('',(0.00874999999999997,0.0353779,0.0993778999999999));
#19525=CARTESIAN_POINT('',(0.00874999999999997,0.0353779,0.123));
#19526=CARTESIAN_POINT('',(0.00874999999999997,0.04,0.123));
#19527=CARTESIAN_POINT('',(-0.04125,0.04,0.123));
#19528=CARTESIAN_POINT('',(-0.04125,-0.0333,0.123));
#19529=CARTESIAN_POINT('',(-0.04125,-0.0333,0.11));
#19530=CARTESIAN_POINT('',(-0.04125,-0.0333,0.123));
#19531=CARTESIAN_POINT('',(-0.04125,0.04,0.11));
#19532=CARTESIAN_POINT('',(-0.04125,-0.0393,0.11));
#19533=CARTESIAN_POINT('',(-0.04125,-0.0393,0.123));
#19534=CARTESIAN_POINT('',(-0.04125,-0.0393,-0.123));
#19535=CARTESIAN_POINT('',(-0.04125,0.04,-0.123));
#19536=CARTESIAN_POINT('',(-0.0412500000000001,0.046,-0.123));
#19537=CARTESIAN_POINT('',(-0.0412500000000001,0.046,-0.123));
#19538=CARTESIAN_POINT('',(-0.0412500000000001,0.046,-0.01));
#19539=CARTESIAN_POINT('',(-0.0412500000000001,0.046,-0.01));
#19540=CARTESIAN_POINT('',(-0.0412500000000001,0.04,-0.01));
#19541=CARTESIAN_POINT('',(-0.04125,0.04,0.123));
#19542=CARTESIAN_POINT('',(-0.0412500000000001,0.04,0.022));
#19543=CARTESIAN_POINT('',(-0.0412500000000001,-0.0393,0.022));
#19544=CARTESIAN_POINT('',(-0.0412500000000001,0.059,0.022));
#19545=CARTESIAN_POINT('',(-0.0412500000000001,0.059,0.022));
#19546=CARTESIAN_POINT('',(-0.0412500000000001,0.059,0.0993779));
#19547=CARTESIAN_POINT('',(-0.04125,0.0353779,0.0993778999999999));
#19548=CARTESIAN_POINT('',(-0.04125,0.0353779,0.123));
#19549=CARTESIAN_POINT('',(-0.04125,0.04,0.123));
#19550=CARTESIAN_POINT('',(-0.09125,0.04,0.123));
#19551=CARTESIAN_POINT('',(-0.09125,-0.0333,0.123));
#19552=CARTESIAN_POINT('',(-0.09125,-0.0333,0.11));
#19553=CARTESIAN_POINT('',(-0.09125,-0.0333,0.123));
#19554=CARTESIAN_POINT('',(-0.09125,0.04,0.11));
#19555=CARTESIAN_POINT('',(-0.09125,-0.0393,0.11));
#19556=CARTESIAN_POINT('',(-0.09125,-0.0393,0.123));
#19557=CARTESIAN_POINT('',(-0.09125,-0.0393,-0.123));
#19558=CARTESIAN_POINT('',(-0.09125,0.04,-0.123));
#19559=CARTESIAN_POINT('',(-0.0912500000000001,0.046,-0.123));
#19560=CARTESIAN_POINT('',(-0.0912500000000001,0.046,-0.123));
#19561=CARTESIAN_POINT('',(-0.0912500000000001,0.046,-0.01));
#19562=CARTESIAN_POINT('',(-0.0912500000000001,0.046,-0.01));
#19563=CARTESIAN_POINT('',(-0.0912500000000001,0.04,-0.01));
#19564=CARTESIAN_POINT('',(-0.09125,0.04,0.123));
#19565=CARTESIAN_POINT('',(-0.0912500000000001,0.04,0.022));
#19566=CARTESIAN_POINT('',(-0.0912500000000001,-0.0393,0.022));
#19567=CARTESIAN_POINT('',(-0.0912500000000001,0.059,0.022));
#19568=CARTESIAN_POINT('',(-0.0912500000000001,0.059,0.022));
#19569=CARTESIAN_POINT('',(-0.09125,0.059,0.0993779));
#19570=CARTESIAN_POINT('',(-0.09125,0.0353779,0.0993778999999999));
#19571=CARTESIAN_POINT('',(-0.09125,0.0353779,0.123));
#19572=CARTESIAN_POINT('',(-0.09125,0.04,0.123));
#19573=CARTESIAN_POINT('',(-0.14125,0.04,0.123));
#19574=CARTESIAN_POINT('',(-0.14125,-0.0333,0.123));
#19575=CARTESIAN_POINT('',(-0.14125,-0.0333,0.11));
#19576=CARTESIAN_POINT('',(-0.14125,-0.0333,0.123));
#19577=CARTESIAN_POINT('',(-0.14125,0.04,0.11));
#19578=CARTESIAN_POINT('',(-0.14125,-0.0393,0.11));
#19579=CARTESIAN_POINT('',(-0.14125,-0.0393,0.123));
#19580=CARTESIAN_POINT('',(-0.14125,-0.0393,-0.123));
#19581=CARTESIAN_POINT('',(-0.14125,0.04,-0.123));
#19582=CARTESIAN_POINT('',(-0.14125,0.046,-0.123));
#19583=CARTESIAN_POINT('',(-0.14125,0.046,-0.123));
#19584=CARTESIAN_POINT('',(-0.14125,0.046,-0.01));
#19585=CARTESIAN_POINT('',(-0.14125,0.046,-0.01));
#19586=CARTESIAN_POINT('',(-0.14125,0.04,-0.01));
#19587=CARTESIAN_POINT('',(-0.14125,0.04,0.123));
#19588=CARTESIAN_POINT('',(-0.14125,0.04,0.022));
#19589=CARTESIAN_POINT('',(-0.14125,-0.0393,0.022));
#19590=CARTESIAN_POINT('',(-0.14125,0.059,0.022));
#19591=CARTESIAN_POINT('',(-0.14125,0.059,0.022));
#19592=CARTESIAN_POINT('',(-0.14125,0.059,0.0993779));
#19593=CARTESIAN_POINT('',(-0.14125,0.0353779,0.0993778999999999));
#19594=CARTESIAN_POINT('',(-0.14125,0.0353779,0.123));
#19595=CARTESIAN_POINT('',(-0.14125,0.04,0.123));
#19596=CARTESIAN_POINT('',(-0.19125,0.04,0.123));
#19597=CARTESIAN_POINT('',(-0.19125,-0.0333,0.123));
#19598=CARTESIAN_POINT('',(-0.19125,-0.0333,0.11));
#19599=CARTESIAN_POINT('',(-0.19125,-0.0333,0.123));
#19600=CARTESIAN_POINT('',(-0.19125,0.04,0.11));
#19601=CARTESIAN_POINT('',(-0.19125,-0.0393,0.11));
#19602=CARTESIAN_POINT('',(-0.19125,-0.0393,0.123));
#19603=CARTESIAN_POINT('',(-0.19125,-0.0393,-0.123));
#19604=CARTESIAN_POINT('',(-0.19125,0.04,-0.123));
#19605=CARTESIAN_POINT('',(-0.19125,0.046,-0.123));
#19606=CARTESIAN_POINT('',(-0.19125,0.046,-0.123));
#19607=CARTESIAN_POINT('',(-0.19125,0.046,-0.01));
#19608=CARTESIAN_POINT('',(-0.19125,0.046,-0.01));
#19609=CARTESIAN_POINT('',(-0.19125,0.04,-0.01));
#19610=CARTESIAN_POINT('',(-0.19125,0.04,0.123));
#19611=CARTESIAN_POINT('',(-0.19125,0.04,0.022));
#19612=CARTESIAN_POINT('',(-0.19125,-0.0393,0.022));
#19613=CARTESIAN_POINT('',(-0.19125,0.059,0.022));
#19614=CARTESIAN_POINT('',(-0.19125,0.059,0.022));
#19615=CARTESIAN_POINT('',(-0.19125,0.059,0.0993779));
#19616=CARTESIAN_POINT('',(-0.19125,0.0353779,0.0993778999999999));
#19617=CARTESIAN_POINT('',(-0.19125,0.0353779,0.123));
#19618=CARTESIAN_POINT('',(-0.19125,0.04,0.123));
#19619=CARTESIAN_POINT('',(-0.24125,0.04,0.123));
#19620=CARTESIAN_POINT('',(-0.24125,-0.0333,0.123));
#19621=CARTESIAN_POINT('',(-0.24125,-0.0333,0.11));
#19622=CARTESIAN_POINT('',(-0.24125,-0.0333,0.123));
#19623=CARTESIAN_POINT('',(-0.24125,0.04,0.11));
#19624=CARTESIAN_POINT('',(-0.24125,-0.0393,0.11));
#19625=CARTESIAN_POINT('',(-0.24125,-0.0393,0.123));
#19626=CARTESIAN_POINT('',(-0.24125,-0.0393,-0.123));
#19627=CARTESIAN_POINT('',(-0.24125,0.04,-0.123));
#19628=CARTESIAN_POINT('',(-0.24125,0.046,-0.123));
#19629=CARTESIAN_POINT('',(-0.24125,0.046,-0.123));
#19630=CARTESIAN_POINT('',(-0.24125,0.046,-0.01));
#19631=CARTESIAN_POINT('',(-0.24125,0.046,-0.01));
#19632=CARTESIAN_POINT('',(-0.24125,0.04,-0.01));
#19633=CARTESIAN_POINT('',(-0.24125,0.04,0.123));
#19634=CARTESIAN_POINT('',(-0.24125,0.04,0.022));
#19635=CARTESIAN_POINT('',(-0.24125,-0.0393,0.022));
#19636=CARTESIAN_POINT('',(-0.24125,0.059,0.022));
#19637=CARTESIAN_POINT('',(-0.24125,0.059,0.022));
#19638=CARTESIAN_POINT('',(-0.24125,0.059,0.0993779));
#19639=CARTESIAN_POINT('',(-0.24125,0.0353779,0.0993778999999999));
#19640=CARTESIAN_POINT('',(-0.24125,0.0353779,0.123));
#19641=CARTESIAN_POINT('',(-0.24125,0.04,0.123));
#19642=CARTESIAN_POINT('',(0.24125,0.04,0.123));
#19643=CARTESIAN_POINT('',(0.24125,0.04,-0.01));
#19644=CARTESIAN_POINT('',(0.24125,0.04,0.0220000000000001));
#19645=CARTESIAN_POINT('',(0.19125,0.04,0.123));
#19646=CARTESIAN_POINT('',(0.19125,0.04,-0.01));
#19647=CARTESIAN_POINT('',(0.19125,0.04,0.022));
#19648=CARTESIAN_POINT('',(0.14125,0.04,0.123));
#19649=CARTESIAN_POINT('',(0.14125,0.04,-0.01));
#19650=CARTESIAN_POINT('',(0.14125,0.04,0.022));
#19651=CARTESIAN_POINT('',(0.0912499999999999,0.04,0.123));
#19652=CARTESIAN_POINT('',(0.0912499999999999,0.04,-0.01));
#19653=CARTESIAN_POINT('',(0.0912499999999999,0.04,0.022));
#19654=CARTESIAN_POINT('',(0.04125,0.04,0.123));
#19655=CARTESIAN_POINT('',(0.0412499999999999,0.04,-0.01));
#19656=CARTESIAN_POINT('',(0.04125,0.04,0.022));
#19657=CARTESIAN_POINT('',(-0.00875000000000005,0.04,0.123));
#19658=CARTESIAN_POINT('',(-0.0087500000000001,0.04,-0.01));
#19659=CARTESIAN_POINT('',(-0.00875000000000005,0.04,0.022));
#19660=CARTESIAN_POINT('',(-0.05875,0.04,0.123));
#19661=CARTESIAN_POINT('',(-0.0587500000000001,0.04,-0.01));
#19662=CARTESIAN_POINT('',(-0.05875,0.04,0.022));
#19663=CARTESIAN_POINT('',(-0.10875,0.04,0.123));
#19664=CARTESIAN_POINT('',(-0.10875,0.04,-0.01));
#19665=CARTESIAN_POINT('',(-0.10875,0.04,0.022));
#19666=CARTESIAN_POINT('',(-0.15875,0.04,0.123));
#19667=CARTESIAN_POINT('',(-0.15875,0.04,-0.01));
#19668=CARTESIAN_POINT('',(-0.15875,0.04,0.022));
#19669=CARTESIAN_POINT('',(-0.20875,0.04,0.123));
#19670=CARTESIAN_POINT('',(-0.20875,0.04,-0.01));
#19671=CARTESIAN_POINT('',(-0.20875,0.04,0.022));
#19672=CARTESIAN_POINT('',(0.,0.,0.123));
#19673=CARTESIAN_POINT('',(0.,-0.0333,0.123));
#19674=CARTESIAN_POINT('',(0.244685039370079,-0.0333,0.123));
#19675=CARTESIAN_POINT('',(0.244685039370079,-0.0333,0.123));
#19676=CARTESIAN_POINT('',(0.244685039370079,-0.0393,0.123));
#19677=CARTESIAN_POINT('',(0.20875,-0.0393,0.123));
#19678=CARTESIAN_POINT('',(0.2378,-0.0393,0.123));
#19679=CARTESIAN_POINT('',(0.2378,-0.059,0.123));
#19680=CARTESIAN_POINT('',(0.2378,-0.053,0.123));
#19681=CARTESIAN_POINT('',(0.2585,-0.053,0.123));
#19682=CARTESIAN_POINT('',(0.2585,-0.053,0.123));
#19683=CARTESIAN_POINT('',(0.2585,-0.059,0.123));
#19684=CARTESIAN_POINT('',(0.2585,0.0353779,0.123));
#19685=CARTESIAN_POINT('',(0.2585,0.0353779,0.123));
#19686=CARTESIAN_POINT('',(0.,0.,0.123));
#19687=CARTESIAN_POINT('',(0.,-0.0333,0.123));
#19688=CARTESIAN_POINT('',(0.205314960629921,-0.0333,0.123));
#19689=CARTESIAN_POINT('',(0.2585,0.0353779,0.123));
#19690=CARTESIAN_POINT('',(0.,-0.0333,0.123));
#19691=CARTESIAN_POINT('',(0.194685039370079,-0.0333,0.123));
#19692=CARTESIAN_POINT('',(0.194685039370079,-0.0333,0.123));
#19693=CARTESIAN_POINT('',(0.194685039370079,-0.0393,0.123));
#19694=CARTESIAN_POINT('',(0.15875,-0.0393,0.123));
#19695=CARTESIAN_POINT('',(0.1878,-0.0393,0.123));
#19696=CARTESIAN_POINT('',(0.1878,-0.059,0.123));
#19697=CARTESIAN_POINT('',(0.1878,-0.053,0.123));
#19698=CARTESIAN_POINT('',(0.2585,-0.053,0.123));
#19699=CARTESIAN_POINT('',(0.2122,-0.053,0.123));
#19700=CARTESIAN_POINT('',(0.2122,-0.059,0.123));
#19701=CARTESIAN_POINT('',(0.2122,-0.0393,0.123));
#19702=CARTESIAN_POINT('',(0.20875,-0.0393,0.123));
#19703=CARTESIAN_POINT('',(0.205314960629921,-0.0393,0.123));
#19704=CARTESIAN_POINT('',(0.205314960629921,-0.0333,0.123));
#19705=CARTESIAN_POINT('',(0.,0.,0.123));
#19706=CARTESIAN_POINT('',(0.,-0.0333,0.123));
#19707=CARTESIAN_POINT('',(0.155314960629921,-0.0333,0.123));
#19708=CARTESIAN_POINT('',(0.2585,0.0353779,0.123));
#19709=CARTESIAN_POINT('',(0.,-0.0333,0.123));
#19710=CARTESIAN_POINT('',(0.144685039370079,-0.0333,0.123));
#19711=CARTESIAN_POINT('',(0.144685039370079,-0.0333,0.123));
#19712=CARTESIAN_POINT('',(0.144685039370079,-0.0393,0.123));
#19713=CARTESIAN_POINT('',(0.10875,-0.0393,0.123));
#19714=CARTESIAN_POINT('',(0.1378,-0.0393,0.123));
#19715=CARTESIAN_POINT('',(0.1378,-0.059,0.123));
#19716=CARTESIAN_POINT('',(0.1378,-0.053,0.123));
#19717=CARTESIAN_POINT('',(0.2585,-0.053,0.123));
#19718=CARTESIAN_POINT('',(0.1622,-0.053,0.123));
#19719=CARTESIAN_POINT('',(0.1622,-0.059,0.123));
#19720=CARTESIAN_POINT('',(0.1622,-0.0393,0.123));
#19721=CARTESIAN_POINT('',(0.15875,-0.0393,0.123));
#19722=CARTESIAN_POINT('',(0.155314960629921,-0.0393,0.123));
#19723=CARTESIAN_POINT('',(0.155314960629921,-0.0333,0.123));
#19724=CARTESIAN_POINT('',(0.,0.,0.123));
#19725=CARTESIAN_POINT('',(0.,-0.0333,0.123));
#19726=CARTESIAN_POINT('',(0.105314960629921,-0.0333,0.123));
#19727=CARTESIAN_POINT('',(0.2585,0.0353779,0.123));
#19728=CARTESIAN_POINT('',(0.,-0.0333,0.123));
#19729=CARTESIAN_POINT('',(0.0946850393700787,-0.0333,0.123));
#19730=CARTESIAN_POINT('',(0.0946850393700787,-0.0333,0.123));
#19731=CARTESIAN_POINT('',(0.0946850393700787,-0.0393,0.123));
#19732=CARTESIAN_POINT('',(0.05875,-0.0393,0.123));
#19733=CARTESIAN_POINT('',(0.0877999999999999,-0.0393,0.123));
#19734=CARTESIAN_POINT('',(0.0877999999999999,-0.059,0.123));
#19735=CARTESIAN_POINT('',(0.0877999999999999,-0.053,0.123));
#19736=CARTESIAN_POINT('',(0.2585,-0.053,0.123));
#19737=CARTESIAN_POINT('',(0.1122,-0.053,0.123));
#19738=CARTESIAN_POINT('',(0.1122,-0.059,0.123));
#19739=CARTESIAN_POINT('',(0.1122,-0.0393,0.123));
#19740=CARTESIAN_POINT('',(0.10875,-0.0393,0.123));
#19741=CARTESIAN_POINT('',(0.105314960629921,-0.0393,0.123));
#19742=CARTESIAN_POINT('',(0.105314960629921,-0.0333,0.123));
#19743=CARTESIAN_POINT('',(0.,0.,0.123));
#19744=CARTESIAN_POINT('',(0.,-0.0333,0.123));
#19745=CARTESIAN_POINT('',(0.0553149606299212,-0.0333,0.123));
#19746=CARTESIAN_POINT('',(0.2585,0.0353779,0.123));
#19747=CARTESIAN_POINT('',(0.,-0.0333,0.123));
#19748=CARTESIAN_POINT('',(0.0446850393700787,-0.0333,0.123));
#19749=CARTESIAN_POINT('',(0.0446850393700787,-0.0333,0.123));
#19750=CARTESIAN_POINT('',(0.0446850393700787,-0.0393,0.123));
#19751=CARTESIAN_POINT('',(0.00874999999999997,-0.0393,0.123));
#19752=CARTESIAN_POINT('',(0.0377999999999999,-0.0393,0.123));
#19753=CARTESIAN_POINT('',(0.0377999999999999,-0.059,0.123));
#19754=CARTESIAN_POINT('',(0.0377999999999999,-0.053,0.123));
#19755=CARTESIAN_POINT('',(0.2585,-0.053,0.123));
#19756=CARTESIAN_POINT('',(0.0621999999999999,-0.053,0.123));
#19757=CARTESIAN_POINT('',(0.0621999999999999,-0.059,0.123));
#19758=CARTESIAN_POINT('',(0.0621999999999999,-0.0393,0.123));
#19759=CARTESIAN_POINT('',(0.05875,-0.0393,0.123));
#19760=CARTESIAN_POINT('',(0.0553149606299212,-0.0393,0.123));
#19761=CARTESIAN_POINT('',(0.0553149606299212,-0.0333,0.123));
#19762=CARTESIAN_POINT('',(0.,0.,0.123));
#19763=CARTESIAN_POINT('',(0.,-0.0333,0.123));
#19764=CARTESIAN_POINT('',(0.00531496062992121,-0.0333,0.123));
#19765=CARTESIAN_POINT('',(0.2585,0.0353779,0.123));
#19766=CARTESIAN_POINT('',(0.,-0.0333,0.123));
#19767=CARTESIAN_POINT('',(-0.00531496062992132,-0.0333,0.123));
#19768=CARTESIAN_POINT('',(-0.00531496062992132,-0.0333,0.123));
#19769=CARTESIAN_POINT('',(-0.00531496062992132,-0.0393,0.123));
#19770=CARTESIAN_POINT('',(-0.04125,-0.0393,0.123));
#19771=CARTESIAN_POINT('',(-0.0122,-0.0393,0.123));
#19772=CARTESIAN_POINT('',(-0.0122,-0.059,0.123));
#19773=CARTESIAN_POINT('',(-0.0122,-0.053,0.123));
#19774=CARTESIAN_POINT('',(0.2585,-0.053,0.123));
#19775=CARTESIAN_POINT('',(0.0121999999999999,-0.053,0.123));
#19776=CARTESIAN_POINT('',(0.0121999999999999,-0.059,0.123));
#19777=CARTESIAN_POINT('',(0.0121999999999999,-0.0393,0.123));
#19778=CARTESIAN_POINT('',(0.00874999999999997,-0.0393,0.123));
#19779=CARTESIAN_POINT('',(0.00531496062992121,-0.0393,0.123));
#19780=CARTESIAN_POINT('',(0.00531496062992121,-0.0333,0.123));
#19781=CARTESIAN_POINT('',(0.,0.,0.123));
#19782=CARTESIAN_POINT('',(0.,-0.0333,0.123));
#19783=CARTESIAN_POINT('',(-0.0446850393700788,-0.0333,0.123));
#19784=CARTESIAN_POINT('',(0.2585,0.0353779,0.123));
#19785=CARTESIAN_POINT('',(0.,-0.0333,0.123));
#19786=CARTESIAN_POINT('',(-0.0553149606299213,-0.0333,0.123));
#19787=CARTESIAN_POINT('',(-0.0553149606299213,-0.0333,0.123));
#19788=CARTESIAN_POINT('',(-0.0553149606299213,-0.0393,0.123));
#19789=CARTESIAN_POINT('',(-0.09125,-0.0393,0.123));
#19790=CARTESIAN_POINT('',(-0.0622,-0.0393,0.123));
#19791=CARTESIAN_POINT('',(-0.0622,-0.059,0.123));
#19792=CARTESIAN_POINT('',(-0.0622,-0.053,0.123));
#19793=CARTESIAN_POINT('',(0.2585,-0.053,0.123));
#19794=CARTESIAN_POINT('',(-0.0378,-0.053,0.123));
#19795=CARTESIAN_POINT('',(-0.0378000000000001,-0.059,0.123));
#19796=CARTESIAN_POINT('',(-0.0378000000000001,-0.0393,0.123));
#19797=CARTESIAN_POINT('',(-0.04125,-0.0393,0.123));
#19798=CARTESIAN_POINT('',(-0.0446850393700788,-0.0393,0.123));
#19799=CARTESIAN_POINT('',(-0.0446850393700788,-0.0333,0.123));
#19800=CARTESIAN_POINT('',(0.,0.,0.123));
#19801=CARTESIAN_POINT('',(0.,-0.0333,0.123));
#19802=CARTESIAN_POINT('',(-0.0946850393700788,-0.0333,0.123));
#19803=CARTESIAN_POINT('',(0.2585,0.0353779,0.123));
#19804=CARTESIAN_POINT('',(0.,-0.0333,0.123));
#19805=CARTESIAN_POINT('',(-0.105314960629921,-0.0333,0.123));
#19806=CARTESIAN_POINT('',(-0.105314960629921,-0.0333,0.123));
#19807=CARTESIAN_POINT('',(-0.105314960629921,-0.0393,0.123));
#19808=CARTESIAN_POINT('',(-0.14125,-0.0393,0.123));
#19809=CARTESIAN_POINT('',(-0.1122,-0.0393,0.123));
#19810=CARTESIAN_POINT('',(-0.1122,-0.059,0.123));
#19811=CARTESIAN_POINT('',(-0.1122,-0.053,0.123));
#19812=CARTESIAN_POINT('',(0.2585,-0.053,0.123));
#19813=CARTESIAN_POINT('',(-0.0878,-0.053,0.123));
#19814=CARTESIAN_POINT('',(-0.0878,-0.059,0.123));
#19815=CARTESIAN_POINT('',(-0.0878,-0.0393,0.123));
#19816=CARTESIAN_POINT('',(-0.09125,-0.0393,0.123));
#19817=CARTESIAN_POINT('',(-0.0946850393700788,-0.0393,0.123));
#19818=CARTESIAN_POINT('',(-0.0946850393700788,-0.0333,0.123));
#19819=CARTESIAN_POINT('',(0.,0.,0.123));
#19820=CARTESIAN_POINT('',(0.,-0.0333,0.123));
#19821=CARTESIAN_POINT('',(-0.144685039370079,-0.0333,0.123));
#19822=CARTESIAN_POINT('',(0.2585,0.0353779,0.123));
#19823=CARTESIAN_POINT('',(0.,-0.0333,0.123));
#19824=CARTESIAN_POINT('',(-0.155314960629921,-0.0333,0.123));
#19825=CARTESIAN_POINT('',(-0.155314960629921,-0.0333,0.123));
#19826=CARTESIAN_POINT('',(-0.155314960629921,-0.0393,0.123));
#19827=CARTESIAN_POINT('',(-0.19125,-0.0393,0.123));
#19828=CARTESIAN_POINT('',(-0.1622,-0.0393,0.123));
#19829=CARTESIAN_POINT('',(-0.1622,-0.059,0.123));
#19830=CARTESIAN_POINT('',(-0.1622,-0.053,0.123));
#19831=CARTESIAN_POINT('',(0.2585,-0.053,0.123));
#19832=CARTESIAN_POINT('',(-0.1378,-0.053,0.123));
#19833=CARTESIAN_POINT('',(-0.1378,-0.059,0.123));
#19834=CARTESIAN_POINT('',(-0.1378,-0.0393,0.123));
#19835=CARTESIAN_POINT('',(-0.14125,-0.0393,0.123));
#19836=CARTESIAN_POINT('',(-0.144685039370079,-0.0393,0.123));
#19837=CARTESIAN_POINT('',(-0.144685039370079,-0.0333,0.123));
#19838=CARTESIAN_POINT('',(0.,0.,0.123));
#19839=CARTESIAN_POINT('',(0.,-0.0333,0.123));
#19840=CARTESIAN_POINT('',(-0.194685039370079,-0.0333,0.123));
#19841=CARTESIAN_POINT('',(0.2585,0.0353779,0.123));
#19842=CARTESIAN_POINT('',(0.,-0.0333,0.123));
#19843=CARTESIAN_POINT('',(-0.205314960629921,-0.0333,0.123));
#19844=CARTESIAN_POINT('',(-0.205314960629921,-0.0333,0.123));
#19845=CARTESIAN_POINT('',(-0.205314960629921,-0.0393,0.123));
#19846=CARTESIAN_POINT('',(-0.24125,-0.0393,0.123));
#19847=CARTESIAN_POINT('',(-0.2122,-0.0393,0.123));
#19848=CARTESIAN_POINT('',(-0.2122,-0.059,0.123));
#19849=CARTESIAN_POINT('',(-0.2122,-0.053,0.123));
#19850=CARTESIAN_POINT('',(0.2585,-0.053,0.123));
#19851=CARTESIAN_POINT('',(-0.1878,-0.053,0.123));
#19852=CARTESIAN_POINT('',(-0.1878,-0.059,0.123));
#19853=CARTESIAN_POINT('',(-0.1878,-0.0393,0.123));
#19854=CARTESIAN_POINT('',(-0.19125,-0.0393,0.123));
#19855=CARTESIAN_POINT('',(-0.194685039370079,-0.0393,0.123));
#19856=CARTESIAN_POINT('',(-0.194685039370079,-0.0333,0.123));
#19857=CARTESIAN_POINT('',(0.2585,0.0353779,0.0993778999999999));
#19858=CARTESIAN_POINT('',(0.2585,0.059,0.0993779));
#19859=CARTESIAN_POINT('',(0.2585,0.059,0.0993779));
#19860=CARTESIAN_POINT('',(0.2585,0.0353779,0.0993778999999999));
#19861=CARTESIAN_POINT('',(0.2585,0.0353779,0.0993778999999999));
#19862=CARTESIAN_POINT('',(0.2585,0.059,0.0993779));
#19863=CARTESIAN_POINT('',(0.2585,0.0353779,0.0993778999999999));
#19864=CARTESIAN_POINT('',(0.2585,0.059,0.0993779));
#19865=CARTESIAN_POINT('',(0.2585,0.0353779,0.0993778999999999));
#19866=CARTESIAN_POINT('',(0.2585,0.059,0.0993779));
#19867=CARTESIAN_POINT('',(0.2585,0.0353779,0.0993778999999999));
#19868=CARTESIAN_POINT('',(0.2585,0.059,0.0993779));
#19869=CARTESIAN_POINT('',(0.2585,0.0353779,0.0993778999999999));
#19870=CARTESIAN_POINT('',(0.2585,0.059,0.0993779));
#19871=CARTESIAN_POINT('',(0.2585,0.0353779,0.0993778999999999));
#19872=CARTESIAN_POINT('',(0.2585,0.059,0.0993779));
#19873=CARTESIAN_POINT('',(0.2585,0.0353779,0.0993778999999999));
#19874=CARTESIAN_POINT('',(0.2585,0.059,0.0993779));
#19875=CARTESIAN_POINT('',(0.2585,0.0353779,0.0993778999999999));
#19876=CARTESIAN_POINT('',(0.2585,0.059,0.0993779));
#19877=CARTESIAN_POINT('',(0.2585,0.0353779,0.0993778999999999));
#19878=CARTESIAN_POINT('',(0.2585,0.059,0.0993779));
#19879=CARTESIAN_POINT('',(0.2585,0.059,0.123));
#19880=CARTESIAN_POINT('',(-0.24075,0.059,-0.037));
#19881=CARTESIAN_POINT('',(-0.24075,0.059,-0.037));
#19882=CARTESIAN_POINT('',(-0.20925,0.059,-0.037));
#19883=CARTESIAN_POINT('',(-0.225,0.059,-0.0645));
#19884=CARTESIAN_POINT('',(-0.225,0.059,-0.0645));
#19885=CARTESIAN_POINT('',(-0.20925,0.059,-0.037));
#19886=CARTESIAN_POINT('',(0.1535,0.059,-0.0805));
#19887=CARTESIAN_POINT('',(0.1535,0.059,-0.0805));
#19888=CARTESIAN_POINT('',(0.1535,0.059,-0.0715));
#19889=CARTESIAN_POINT('',(0.175,0.059,-0.0805));
#19890=CARTESIAN_POINT('',(0.1965,0.059,-0.0805));
#19891=CARTESIAN_POINT('',(0.1965,0.059,-0.0715));
#19892=CARTESIAN_POINT('',(0.1965,0.059,-0.0715));
#19893=CARTESIAN_POINT('',(0.175,0.059,-0.0715));
#19894=CARTESIAN_POINT('',(-0.175,0.059,-0.076));
#19895=CARTESIAN_POINT('',(-0.175,0.059,-0.102));
#19896=CARTESIAN_POINT('',(0.24125,0.059,0.0220000000000001));
#19897=CARTESIAN_POINT('',(0.2585,0.059,0.123));
#19898=CARTESIAN_POINT('',(0.2585,0.059,-0.123));
#19899=CARTESIAN_POINT('',(0.2585,0.059,-0.123));
#19900=CARTESIAN_POINT('',(-0.2585,0.059,-0.123));
#19901=CARTESIAN_POINT('',(-0.2585,0.059,0.123));
#19902=CARTESIAN_POINT('',(-0.2585,0.059,0.0993779));
#19903=CARTESIAN_POINT('',(0.2585,0.059,0.0993779));
#19904=CARTESIAN_POINT('',(-0.20875,0.059,0.022));
#19905=CARTESIAN_POINT('',(-0.15875,0.059,0.022));
#19906=CARTESIAN_POINT('',(-0.10875,0.059,0.022));
#19907=CARTESIAN_POINT('',(-0.05875,0.059,0.022));
#19908=CARTESIAN_POINT('',(-0.00875000000000006,0.059,0.022));
#19909=CARTESIAN_POINT('',(0.0412499999999999,0.059,0.022));
#19910=CARTESIAN_POINT('',(0.0912499999999999,0.059,0.022));
#19911=CARTESIAN_POINT('',(0.14125,0.059,0.022));
#19912=CARTESIAN_POINT('',(0.19125,0.059,0.022));
#19913=CARTESIAN_POINT('',(-0.2585,0.059,0.123));
#19914=CARTESIAN_POINT('',(-0.2585,0.059,0.123));
#19915=CARTESIAN_POINT('',(-0.2585,0.0353779,0.123));
#19916=CARTESIAN_POINT('',(-0.2585,-0.053,0.123));
#19917=CARTESIAN_POINT('',(-0.2585,0.0353779,0.0993778999999999));
#19918=CARTESIAN_POINT('',(-0.2585,0.059,-0.123));
#19919=CARTESIAN_POINT('',(-0.2585,-0.059,-0.123));
#19920=CARTESIAN_POINT('',(-0.2585,-0.059,0.123));
#19921=CARTESIAN_POINT('',(-0.2585,-0.059,-0.111));
#19922=CARTESIAN_POINT('',(-0.2585,-0.053,-0.111));
#19923=CARTESIAN_POINT('',(-0.2585,-0.053,-0.111));
#19924=CARTESIAN_POINT('',(-0.2585,-0.053,0.123));
#19925=CARTESIAN_POINT('',(-0.2585,-0.059,0.123));
#19926=CARTESIAN_POINT('',(0.2585,-0.059,0.123));
#19927=CARTESIAN_POINT('',(0.2585,-0.059,-0.111));
#19928=CARTESIAN_POINT('',(0.2585,-0.059,-0.123));
#19929=CARTESIAN_POINT('',(0.2585,-0.059,-0.111));
#19930=CARTESIAN_POINT('',(-0.2585,-0.059,-0.123));
#19931=CARTESIAN_POINT('',(0.20875,-0.0393,0.123));
#19932=CARTESIAN_POINT('',(0.244685039370079,-0.0393,0.123));
#19933=CARTESIAN_POINT('',(0.244685039370079,-0.0393,0.11));
#19934=CARTESIAN_POINT('',(0.244685039370079,-0.0393,0.11));
#19935=CARTESIAN_POINT('',(0.20875,-0.0393,-0.123));
#19936=CARTESIAN_POINT('',(0.244685039370079,-0.0393,0.11));
#19937=CARTESIAN_POINT('',(0.205314960629921,-0.0393,0.11));
#19938=CARTESIAN_POINT('',(0.205314960629921,-0.0393,0.11));
#19939=CARTESIAN_POINT('',(0.2122,-0.0393,0.123));
#19940=CARTESIAN_POINT('',(0.2122,-0.0393,0.113));
#19941=CARTESIAN_POINT('',(0.20875,-0.0393,0.113));
#19942=CARTESIAN_POINT('',(0.2378,-0.0393,0.113));
#19943=CARTESIAN_POINT('',(0.2378,-0.0393,0.123));
#19944=CARTESIAN_POINT('',(0.15875,-0.0393,0.123));
#19945=CARTESIAN_POINT('',(0.194685039370079,-0.0393,0.123));
#19946=CARTESIAN_POINT('',(0.194685039370079,-0.0393,0.11));
#19947=CARTESIAN_POINT('',(0.194685039370079,-0.0393,0.11));
#19948=CARTESIAN_POINT('',(0.15875,-0.0393,-0.123));
#19949=CARTESIAN_POINT('',(0.194685039370079,-0.0393,0.11));
#19950=CARTESIAN_POINT('',(0.155314960629921,-0.0393,0.11));
#19951=CARTESIAN_POINT('',(0.155314960629921,-0.0393,0.11));
#19952=CARTESIAN_POINT('',(0.1622,-0.0393,0.123));
#19953=CARTESIAN_POINT('',(0.1622,-0.0393,0.113));
#19954=CARTESIAN_POINT('',(0.15875,-0.0393,0.113));
#19955=CARTESIAN_POINT('',(0.1878,-0.0393,0.113));
#19956=CARTESIAN_POINT('',(0.1878,-0.0393,0.123));
#19957=CARTESIAN_POINT('',(0.10875,-0.0393,0.123));
#19958=CARTESIAN_POINT('',(0.144685039370079,-0.0393,0.123));
#19959=CARTESIAN_POINT('',(0.144685039370079,-0.0393,0.11));
#19960=CARTESIAN_POINT('',(0.144685039370079,-0.0393,0.11));
#19961=CARTESIAN_POINT('',(0.10875,-0.0393,-0.123));
#19962=CARTESIAN_POINT('',(0.144685039370079,-0.0393,0.11));
#19963=CARTESIAN_POINT('',(0.105314960629921,-0.0393,0.11));
#19964=CARTESIAN_POINT('',(0.105314960629921,-0.0393,0.11));
#19965=CARTESIAN_POINT('',(0.1122,-0.0393,0.123));
#19966=CARTESIAN_POINT('',(0.1122,-0.0393,0.113));
#19967=CARTESIAN_POINT('',(0.10875,-0.0393,0.113));
#19968=CARTESIAN_POINT('',(0.1378,-0.0393,0.113));
#19969=CARTESIAN_POINT('',(0.1378,-0.0393,0.123));
#19970=CARTESIAN_POINT('',(0.05875,-0.0393,0.123));
#19971=CARTESIAN_POINT('',(0.0946850393700787,-0.0393,0.123));
#19972=CARTESIAN_POINT('',(0.0946850393700787,-0.0393,0.11));
#19973=CARTESIAN_POINT('',(0.0946850393700787,-0.0393,0.11));
#19974=CARTESIAN_POINT('',(0.05875,-0.0393,-0.123));
#19975=CARTESIAN_POINT('',(0.0946850393700787,-0.0393,0.11));
#19976=CARTESIAN_POINT('',(0.0553149606299212,-0.0393,0.11));
#19977=CARTESIAN_POINT('',(0.0553149606299212,-0.0393,0.11));
#19978=CARTESIAN_POINT('',(0.0621999999999999,-0.0393,0.123));
#19979=CARTESIAN_POINT('',(0.0621999999999999,-0.0393,0.113));
#19980=CARTESIAN_POINT('',(0.05875,-0.0393,0.113));
#19981=CARTESIAN_POINT('',(0.0877999999999999,-0.0393,0.113));
#19982=CARTESIAN_POINT('',(0.0877999999999999,-0.0393,0.123));
#19983=CARTESIAN_POINT('',(0.00874999999999997,-0.0393,0.123));
#19984=CARTESIAN_POINT('',(0.0446850393700787,-0.0393,0.123));
#19985=CARTESIAN_POINT('',(0.0446850393700787,-0.0393,0.11));
#19986=CARTESIAN_POINT('',(0.0446850393700787,-0.0393,0.11));
#19987=CARTESIAN_POINT('',(0.00874999999999997,-0.0393,-0.123));
#19988=CARTESIAN_POINT('',(0.0446850393700787,-0.0393,0.11));
#19989=CARTESIAN_POINT('',(0.00531496062992121,-0.0393,0.11));
#19990=CARTESIAN_POINT('',(0.00531496062992121,-0.0393,0.11));
#19991=CARTESIAN_POINT('',(0.0121999999999999,-0.0393,0.123));
#19992=CARTESIAN_POINT('',(0.0121999999999999,-0.0393,0.113));
#19993=CARTESIAN_POINT('',(0.00874999999999997,-0.0393,0.113));
#19994=CARTESIAN_POINT('',(0.0377999999999999,-0.0393,0.113));
#19995=CARTESIAN_POINT('',(0.0377999999999999,-0.0393,0.123));
#19996=CARTESIAN_POINT('',(-0.04125,-0.0393,0.123));
#19997=CARTESIAN_POINT('',(-0.00531496062992132,-0.0393,0.123));
#19998=CARTESIAN_POINT('',(-0.00531496062992132,-0.0393,0.11));
#19999=CARTESIAN_POINT('',(-0.00531496062992132,-0.0393,0.11));
#20000=CARTESIAN_POINT('',(-0.04125,-0.0393,-0.123));
#20001=CARTESIAN_POINT('',(-0.00531496062992132,-0.0393,0.11));
#20002=CARTESIAN_POINT('',(-0.0446850393700788,-0.0393,0.11));
#20003=CARTESIAN_POINT('',(-0.0446850393700788,-0.0393,0.11));
#20004=CARTESIAN_POINT('',(-0.0378000000000001,-0.0393,0.123));
#20005=CARTESIAN_POINT('',(-0.0378,-0.0393,0.113));
#20006=CARTESIAN_POINT('',(-0.04125,-0.0393,0.113));
#20007=CARTESIAN_POINT('',(-0.0122,-0.0393,0.113));
#20008=CARTESIAN_POINT('',(-0.0122,-0.0393,0.123));
#20009=CARTESIAN_POINT('',(-0.09125,-0.0393,0.123));
#20010=CARTESIAN_POINT('',(-0.0553149606299213,-0.0393,0.123));
#20011=CARTESIAN_POINT('',(-0.0553149606299213,-0.0393,0.11));
#20012=CARTESIAN_POINT('',(-0.0553149606299213,-0.0393,0.11));
#20013=CARTESIAN_POINT('',(-0.09125,-0.0393,-0.123));
#20014=CARTESIAN_POINT('',(-0.0553149606299213,-0.0393,0.11));
#20015=CARTESIAN_POINT('',(-0.0946850393700788,-0.0393,0.11));
#20016=CARTESIAN_POINT('',(-0.0946850393700788,-0.0393,0.11));
#20017=CARTESIAN_POINT('',(-0.0878,-0.0393,0.123));
#20018=CARTESIAN_POINT('',(-0.0878,-0.0393,0.113));
#20019=CARTESIAN_POINT('',(-0.09125,-0.0393,0.113));
#20020=CARTESIAN_POINT('',(-0.0622,-0.0393,0.113));
#20021=CARTESIAN_POINT('',(-0.0622,-0.0393,0.123));
#20022=CARTESIAN_POINT('',(-0.14125,-0.0393,0.123));
#20023=CARTESIAN_POINT('',(-0.105314960629921,-0.0393,0.123));
#20024=CARTESIAN_POINT('',(-0.105314960629921,-0.0393,0.11));
#20025=CARTESIAN_POINT('',(-0.105314960629921,-0.0393,0.11));
#20026=CARTESIAN_POINT('',(-0.14125,-0.0393,-0.123));
#20027=CARTESIAN_POINT('',(-0.105314960629921,-0.0393,0.11));
#20028=CARTESIAN_POINT('',(-0.144685039370079,-0.0393,0.11));
#20029=CARTESIAN_POINT('',(-0.144685039370079,-0.0393,0.11));
#20030=CARTESIAN_POINT('',(-0.1378,-0.0393,0.123));
#20031=CARTESIAN_POINT('',(-0.1378,-0.0393,0.113));
#20032=CARTESIAN_POINT('',(-0.14125,-0.0393,0.113));
#20033=CARTESIAN_POINT('',(-0.1122,-0.0393,0.113));
#20034=CARTESIAN_POINT('',(-0.1122,-0.0393,0.123));
#20035=CARTESIAN_POINT('',(-0.19125,-0.0393,0.123));
#20036=CARTESIAN_POINT('',(-0.155314960629921,-0.0393,0.123));
#20037=CARTESIAN_POINT('',(-0.155314960629921,-0.0393,0.11));
#20038=CARTESIAN_POINT('',(-0.155314960629921,-0.0393,0.11));
#20039=CARTESIAN_POINT('',(-0.19125,-0.0393,-0.123));
#20040=CARTESIAN_POINT('',(-0.155314960629921,-0.0393,0.11));
#20041=CARTESIAN_POINT('',(-0.194685039370079,-0.0393,0.11));
#20042=CARTESIAN_POINT('',(-0.194685039370079,-0.0393,0.11));
#20043=CARTESIAN_POINT('',(-0.1878,-0.0393,0.123));
#20044=CARTESIAN_POINT('',(-0.1878,-0.0393,0.113));
#20045=CARTESIAN_POINT('',(-0.19125,-0.0393,0.113));
#20046=CARTESIAN_POINT('',(-0.1622,-0.0393,0.113));
#20047=CARTESIAN_POINT('',(-0.1622,-0.0393,0.123));
#20048=CARTESIAN_POINT('',(-0.24125,-0.0393,0.123));
#20049=CARTESIAN_POINT('',(-0.205314960629921,-0.0393,0.123));
#20050=CARTESIAN_POINT('',(-0.205314960629921,-0.0393,0.11));
#20051=CARTESIAN_POINT('',(-0.205314960629921,-0.0393,0.11));
#20052=CARTESIAN_POINT('',(-0.24125,-0.0393,-0.123));
#20053=CARTESIAN_POINT('',(-0.205314960629921,-0.0393,0.11));
#20054=CARTESIAN_POINT('',(-0.244685039370079,-0.0393,0.11));
#20055=CARTESIAN_POINT('',(-0.244685039370079,-0.0393,0.11));
#20056=CARTESIAN_POINT('',(-0.244685039370079,-0.0393,0.123));
#20057=CARTESIAN_POINT('',(-0.24125,-0.0393,0.123));
#20058=CARTESIAN_POINT('',(-0.2378,-0.0393,0.123));
#20059=CARTESIAN_POINT('',(-0.2378,-0.0393,0.123));
#20060=CARTESIAN_POINT('',(-0.2378,-0.0393,0.113));
#20061=CARTESIAN_POINT('',(-0.24125,-0.0393,0.113));
#20062=CARTESIAN_POINT('',(-0.2122,-0.0393,0.113));
#20063=CARTESIAN_POINT('',(-0.2122,-0.0393,0.123));
#20064=CARTESIAN_POINT('',(0.2585,-0.059,0.123));
#20065=CARTESIAN_POINT('',(0.2585,-0.053,0.123));
#20066=CARTESIAN_POINT('',(0.2585,-0.053,-0.111));
#20067=CARTESIAN_POINT('',(0.2585,-0.053,-0.111));
#20068=CARTESIAN_POINT('',(0.2585,-0.059,-0.123));
#20069=CARTESIAN_POINT('',(0.,0.,0.123));
#20070=CARTESIAN_POINT('',(0.,-0.0333,0.123));
#20071=CARTESIAN_POINT('',(-0.244685039370079,-0.0333,0.123));
#20072=CARTESIAN_POINT('',(0.2585,0.0353779,0.123));
#20073=CARTESIAN_POINT('',(0.2585,-0.053,0.123));
#20074=CARTESIAN_POINT('',(-0.2378,-0.053,0.123));
#20075=CARTESIAN_POINT('',(-0.2378,-0.059,0.123));
#20076=CARTESIAN_POINT('',(-0.244685039370079,-0.0333,0.123));
#20077=CARTESIAN_POINT('',(0.,0.,-0.123));
#20078=CARTESIAN_POINT('',(0.,0.046,-0.123));
#20079=CARTESIAN_POINT('',(0.,0.046,-0.123));
#20080=CARTESIAN_POINT('',(0.,0.046,-0.123));
#20081=CARTESIAN_POINT('',(0.,0.046,-0.123));
#20082=CARTESIAN_POINT('',(0.,0.046,-0.123));
#20083=CARTESIAN_POINT('',(0.,0.046,-0.123));
#20084=CARTESIAN_POINT('',(0.,0.046,-0.123));
#20085=CARTESIAN_POINT('',(0.,0.046,-0.123));
#20086=CARTESIAN_POINT('',(0.,0.046,-0.123));
#20087=CARTESIAN_POINT('',(0.,0.046,-0.123));
#20088=CARTESIAN_POINT('',(0.2585,-0.053,0.123));
#20089=CARTESIAN_POINT('',(0.175,-0.053,-0.0805));
#20090=CARTESIAN_POINT('',(0.1965,-0.053,-0.0805));
#20091=CARTESIAN_POINT('',(0.1535,-0.053,-0.0805));
#20092=CARTESIAN_POINT('',(0.1535,-0.053,-0.0805));
#20093=CARTESIAN_POINT('',(0.1535,-0.053,-0.0715));
#20094=CARTESIAN_POINT('',(0.175,-0.053,-0.0715));
#20095=CARTESIAN_POINT('',(0.1965,-0.053,-0.0715));
#20096=CARTESIAN_POINT('',(0.1965,-0.053,-0.0715));
#20097=CARTESIAN_POINT('',(-0.175,-0.053,-0.076));
#20098=CARTESIAN_POINT('',(-0.149,-0.053,-0.076));
#20099=CARTESIAN_POINT('',(0.2378,-0.053,0.123));
#20100=CARTESIAN_POINT('',(0.2378,-0.053,0.113));
#20101=CARTESIAN_POINT('',(0.2585,-0.053,0.113));
#20102=CARTESIAN_POINT('',(0.2122,-0.053,0.113));
#20103=CARTESIAN_POINT('',(0.2122,-0.053,0.123));
#20104=CARTESIAN_POINT('',(0.1878,-0.053,0.123));
#20105=CARTESIAN_POINT('',(0.1878,-0.053,0.113));
#20106=CARTESIAN_POINT('',(0.2585,-0.053,0.113));
#20107=CARTESIAN_POINT('',(0.1622,-0.053,0.113));
#20108=CARTESIAN_POINT('',(0.1622,-0.053,0.123));
#20109=CARTESIAN_POINT('',(0.1378,-0.053,0.123));
#20110=CARTESIAN_POINT('',(0.1378,-0.053,0.113));
#20111=CARTESIAN_POINT('',(0.2585,-0.053,0.113));
#20112=CARTESIAN_POINT('',(0.1122,-0.053,0.113));
#20113=CARTESIAN_POINT('',(0.1122,-0.053,0.123));
#20114=CARTESIAN_POINT('',(0.0877999999999999,-0.053,0.123));
#20115=CARTESIAN_POINT('',(0.0877999999999999,-0.053,0.113));
#20116=CARTESIAN_POINT('',(0.2585,-0.053,0.113));
#20117=CARTESIAN_POINT('',(0.0621999999999999,-0.053,0.113));
#20118=CARTESIAN_POINT('',(0.0621999999999999,-0.053,0.123));
#20119=CARTESIAN_POINT('',(0.0377999999999999,-0.053,0.123));
#20120=CARTESIAN_POINT('',(0.0377999999999999,-0.053,0.113));
#20121=CARTESIAN_POINT('',(0.2585,-0.053,0.113));
#20122=CARTESIAN_POINT('',(0.0121999999999999,-0.053,0.113));
#20123=CARTESIAN_POINT('',(0.0121999999999999,-0.053,0.123));
#20124=CARTESIAN_POINT('',(-0.0122,-0.053,0.123));
#20125=CARTESIAN_POINT('',(-0.0122,-0.053,0.113));
#20126=CARTESIAN_POINT('',(0.2585,-0.053,0.113));
#20127=CARTESIAN_POINT('',(-0.0378,-0.053,0.113));
#20128=CARTESIAN_POINT('',(-0.0378000000000001,-0.053,0.123));
#20129=CARTESIAN_POINT('',(-0.0622,-0.053,0.123));
#20130=CARTESIAN_POINT('',(-0.0622,-0.053,0.113));
#20131=CARTESIAN_POINT('',(0.2585,-0.053,0.113));
#20132=CARTESIAN_POINT('',(-0.0878,-0.053,0.113));
#20133=CARTESIAN_POINT('',(-0.0878000000000001,-0.053,0.123));
#20134=CARTESIAN_POINT('',(-0.1122,-0.053,0.123));
#20135=CARTESIAN_POINT('',(-0.1122,-0.053,0.113));
#20136=CARTESIAN_POINT('',(0.2585,-0.053,0.113));
#20137=CARTESIAN_POINT('',(-0.1378,-0.053,0.113));
#20138=CARTESIAN_POINT('',(-0.1378,-0.053,0.123));
#20139=CARTESIAN_POINT('',(-0.1622,-0.053,0.123));
#20140=CARTESIAN_POINT('',(-0.1622,-0.053,0.113));
#20141=CARTESIAN_POINT('',(0.2585,-0.053,0.113));
#20142=CARTESIAN_POINT('',(-0.1878,-0.053,0.113));
#20143=CARTESIAN_POINT('',(-0.1878,-0.053,0.123));
#20144=CARTESIAN_POINT('',(-0.2122,-0.053,0.123));
#20145=CARTESIAN_POINT('',(-0.2122,-0.053,0.113));
#20146=CARTESIAN_POINT('',(0.2585,-0.053,0.113));
#20147=CARTESIAN_POINT('',(-0.2378,-0.053,0.113));
#20148=CARTESIAN_POINT('',(-0.2378,-0.053,0.123));
#20149=CARTESIAN_POINT('',(0.2585,-0.053,-0.111));
#20150=CARTESIAN_POINT('',(0.2585,-0.053,-0.111));
#20151=CARTESIAN_POINT('',(0.2585,0.0353779,0.0993778999999999));
#20152=CARTESIAN_POINT('',(-0.20875,-0.0393,0.022));
#20153=CARTESIAN_POINT('',(-0.15875,-0.0393,0.022));
#20154=CARTESIAN_POINT('',(-0.10875,-0.0393,0.022));
#20155=CARTESIAN_POINT('',(-0.05875,-0.0393,0.022));
#20156=CARTESIAN_POINT('',(-0.00875000000000006,-0.0393,0.022));
#20157=CARTESIAN_POINT('',(0.0412499999999999,-0.0393,0.022));
#20158=CARTESIAN_POINT('',(0.0912499999999999,-0.0393,0.022));
#20159=CARTESIAN_POINT('',(0.14125,-0.0393,0.022));
#20160=CARTESIAN_POINT('',(0.19125,-0.0393,0.022));
#20161=CARTESIAN_POINT('',(0.24125,-0.0393,0.0220000000000001));
#20162=CARTESIAN_POINT('',(-0.2378,-0.059,0.113));
#20163=CARTESIAN_POINT('',(-0.2378,-0.059,0.113));
#20164=CARTESIAN_POINT('',(-0.2122,-0.059,0.113));
#20165=CARTESIAN_POINT('',(-0.2122,-0.059,0.113));
#20166=CARTESIAN_POINT('',(-0.2122,-0.059,0.123));
#20167=CARTESIAN_POINT('',(-0.1878,-0.059,0.113));
#20168=CARTESIAN_POINT('',(-0.1878,-0.059,0.113));
#20169=CARTESIAN_POINT('',(-0.1622,-0.059,0.113));
#20170=CARTESIAN_POINT('',(-0.1622,-0.059,0.113));
#20171=CARTESIAN_POINT('',(-0.1622,-0.059,0.123));
#20172=CARTESIAN_POINT('',(-0.1378,-0.059,0.113));
#20173=CARTESIAN_POINT('',(-0.1378,-0.059,0.113));
#20174=CARTESIAN_POINT('',(-0.1122,-0.059,0.113));
#20175=CARTESIAN_POINT('',(-0.1122,-0.059,0.113));
#20176=CARTESIAN_POINT('',(-0.1122,-0.059,0.123));
#20177=CARTESIAN_POINT('',(-0.0878,-0.059,0.113));
#20178=CARTESIAN_POINT('',(-0.0878,-0.059,0.113));
#20179=CARTESIAN_POINT('',(-0.0622,-0.059,0.113));
#20180=CARTESIAN_POINT('',(-0.0622,-0.059,0.113));
#20181=CARTESIAN_POINT('',(-0.0622,-0.059,0.123));
#20182=CARTESIAN_POINT('',(-0.0378000000000001,-0.059,0.113));
#20183=CARTESIAN_POINT('',(-0.0378,-0.059,0.113));
#20184=CARTESIAN_POINT('',(-0.0122,-0.059,0.113));
#20185=CARTESIAN_POINT('',(-0.0122,-0.059,0.113));
#20186=CARTESIAN_POINT('',(-0.0122,-0.059,0.123));
#20187=CARTESIAN_POINT('',(0.0121999999999999,-0.059,0.113));
#20188=CARTESIAN_POINT('',(0.0121999999999999,-0.059,0.113));
#20189=CARTESIAN_POINT('',(0.0377999999999999,-0.059,0.113));
#20190=CARTESIAN_POINT('',(0.0377999999999999,-0.059,0.113));
#20191=CARTESIAN_POINT('',(0.0377999999999999,-0.059,0.123));
#20192=CARTESIAN_POINT('',(0.0621999999999999,-0.059,0.113));
#20193=CARTESIAN_POINT('',(0.0621999999999999,-0.059,0.113));
#20194=CARTESIAN_POINT('',(0.0877999999999999,-0.059,0.113));
#20195=CARTESIAN_POINT('',(0.0877999999999999,-0.059,0.113));
#20196=CARTESIAN_POINT('',(0.0877999999999999,-0.059,0.123));
#20197=CARTESIAN_POINT('',(0.1122,-0.059,0.113));
#20198=CARTESIAN_POINT('',(0.1122,-0.059,0.113));
#20199=CARTESIAN_POINT('',(0.1378,-0.059,0.113));
#20200=CARTESIAN_POINT('',(0.1378,-0.059,0.113));
#20201=CARTESIAN_POINT('',(0.1378,-0.059,0.123));
#20202=CARTESIAN_POINT('',(0.1622,-0.059,0.113));
#20203=CARTESIAN_POINT('',(0.1622,-0.059,0.113));
#20204=CARTESIAN_POINT('',(0.1878,-0.059,0.113));
#20205=CARTESIAN_POINT('',(0.1878,-0.059,0.113));
#20206=CARTESIAN_POINT('',(0.1878,-0.059,0.123));
#20207=CARTESIAN_POINT('',(0.2378,-0.059,0.123));
#20208=CARTESIAN_POINT('',(0.2378,-0.059,0.113));
#20209=CARTESIAN_POINT('',(0.2378,-0.059,0.113));
#20210=CARTESIAN_POINT('',(0.2122,-0.059,0.113));
#20211=CARTESIAN_POINT('',(0.2122,-0.059,0.113));
#20212=CARTESIAN_POINT('',(0.,0.046,0.));
#20213=CARTESIAN_POINT('',(-0.24125,0.046,-0.01));
#20214=CARTESIAN_POINT('',(-0.24125,0.046,-0.01));
#20215=CARTESIAN_POINT('',(0.,0.046,0.));
#20216=CARTESIAN_POINT('',(-0.19125,0.046,-0.01));
#20217=CARTESIAN_POINT('',(-0.19125,0.046,-0.01));
#20218=CARTESIAN_POINT('',(0.,0.046,0.));
#20219=CARTESIAN_POINT('',(-0.14125,0.046,-0.01));
#20220=CARTESIAN_POINT('',(-0.14125,0.046,-0.01));
#20221=CARTESIAN_POINT('',(0.,0.046,0.));
#20222=CARTESIAN_POINT('',(-0.0912500000000001,0.046,-0.01));
#20223=CARTESIAN_POINT('',(-0.0912500000000001,0.046,-0.01));
#20224=CARTESIAN_POINT('',(0.,0.046,0.));
#20225=CARTESIAN_POINT('',(-0.0412500000000001,0.046,-0.01));
#20226=CARTESIAN_POINT('',(-0.0412500000000001,0.046,-0.01));
#20227=CARTESIAN_POINT('',(0.,0.046,0.));
#20228=CARTESIAN_POINT('',(0.00874999999999992,0.046,-0.01));
#20229=CARTESIAN_POINT('',(0.00874999999999992,0.046,-0.01));
#20230=CARTESIAN_POINT('',(0.,0.046,0.));
#20231=CARTESIAN_POINT('',(0.0587499999999999,0.046,-0.01));
#20232=CARTESIAN_POINT('',(0.0587499999999999,0.046,-0.01));
#20233=CARTESIAN_POINT('',(0.,0.046,0.));
#20234=CARTESIAN_POINT('',(0.10875,0.046,-0.01));
#20235=CARTESIAN_POINT('',(0.10875,0.046,-0.01));
#20236=CARTESIAN_POINT('',(0.,0.046,0.));
#20237=CARTESIAN_POINT('',(0.15875,0.046,-0.01));
#20238=CARTESIAN_POINT('',(0.15875,0.046,-0.01));
#20239=CARTESIAN_POINT('',(0.,0.046,0.));
#20240=CARTESIAN_POINT('',(0.20875,0.046,-0.01));
#20241=CARTESIAN_POINT('',(0.20875,0.046,-0.01));
#20242=CARTESIAN_POINT('',(-0.175,0.13,-0.076));
#20243=CARTESIAN_POINT('',(-0.175,0.13,-0.076));
#20244=CARTESIAN_POINT('',(-0.149,0.13,-0.076));
#20245=CARTESIAN_POINT('',(-0.175,0.13,-0.076));
#20246=CARTESIAN_POINT('',(-0.175,-0.103,-0.076));
#20247=CARTESIAN_POINT('',(-0.175,-0.103,-0.076));
#20248=CARTESIAN_POINT('',(-0.149,-0.103,-0.076));
#20249=CARTESIAN_POINT('',(-0.175,-0.103,-0.076));
#20250=CARTESIAN_POINT('',(0.1535,0.13,-0.0805));
#20251=CARTESIAN_POINT('',(0.1535,0.13,-0.0715));
#20252=CARTESIAN_POINT('',(0.1535,0.13,-0.0715));
#20253=CARTESIAN_POINT('',(0.1535,0.13,-0.0805));
#20254=CARTESIAN_POINT('',(0.1535,0.13,-0.0805));
#20255=CARTESIAN_POINT('',(0.1535,0.13,-0.0805));
#20256=CARTESIAN_POINT('',(0.175,0.13,-0.0715));
#20257=CARTESIAN_POINT('',(0.1965,0.13,-0.0715));
#20258=CARTESIAN_POINT('',(0.1965,0.13,-0.0715));
#20259=CARTESIAN_POINT('',(0.175,0.13,-0.0715));
#20260=CARTESIAN_POINT('',(0.1965,0.13,-0.0715));
#20261=CARTESIAN_POINT('',(0.1965,0.13,-0.0805));
#20262=CARTESIAN_POINT('',(0.1965,0.13,-0.0805));
#20263=CARTESIAN_POINT('',(0.1965,0.13,-0.0715));
#20264=CARTESIAN_POINT('',(0.175,0.13,-0.0805));
#20265=CARTESIAN_POINT('',(0.175,0.13,-0.0805));
#20266=CARTESIAN_POINT('',(0.175,0.13,-0.0715));
#20267=CARTESIAN_POINT('',(0.1535,-0.103,-0.0805));
#20268=CARTESIAN_POINT('',(0.1535,-0.103,-0.0805));
#20269=CARTESIAN_POINT('',(0.1535,-0.103,-0.0805));
#20270=CARTESIAN_POINT('',(0.1535,-0.103,-0.0805));
#20271=CARTESIAN_POINT('',(0.1535,-0.103,-0.0715));
#20272=CARTESIAN_POINT('',(0.1535,-0.103,-0.0715));
#20273=CARTESIAN_POINT('',(0.175,-0.103,-0.0715));
#20274=CARTESIAN_POINT('',(0.175,-0.103,-0.0715));
#20275=CARTESIAN_POINT('',(0.1965,-0.103,-0.0715));
#20276=CARTESIAN_POINT('',(0.1965,-0.103,-0.0715));
#20277=CARTESIAN_POINT('',(0.1965,-0.103,-0.0715));
#20278=CARTESIAN_POINT('',(0.1965,-0.103,-0.0715));
#20279=CARTESIAN_POINT('',(0.1965,-0.103,-0.0805));
#20280=CARTESIAN_POINT('',(0.1965,-0.103,-0.0805));
#20281=CARTESIAN_POINT('',(0.175,-0.103,-0.0805));
#20282=CARTESIAN_POINT('',(0.175,-0.103,-0.0805));
#20283=CARTESIAN_POINT('',(0.175,-0.103,-0.0715));
#20284=CARTESIAN_POINT('',(-0.225,0.057,-0.0645));
#20285=CARTESIAN_POINT('',(-0.24075,0.057,-0.037));
#20286=CARTESIAN_POINT('',(-0.24075,0.057,-0.037));
#20287=CARTESIAN_POINT('',(-0.225,0.057,-0.0645));
#20288=CARTESIAN_POINT('',(-0.225,0.057,-0.0645));
#20289=CARTESIAN_POINT('',(-0.225,0.057,-0.0645));
#20290=CARTESIAN_POINT('',(-0.24075,0.057,-0.037));
#20291=CARTESIAN_POINT('',(-0.20925,0.057,-0.037));
#20292=CARTESIAN_POINT('',(-0.20925,0.057,-0.037));
#20293=CARTESIAN_POINT('',(-0.24075,0.057,-0.037));
#20294=CARTESIAN_POINT('',(-0.20925,0.057,-0.037));
#20295=CARTESIAN_POINT('',(-0.20925,0.057,-0.037));
#20296=CARTESIAN_POINT('',(0.,0.057,0.));
#20297=CARTESIAN_POINT('',(0.,-0.0333,0.));
#20298=CARTESIAN_POINT('',(-0.244685039370079,-0.0333,0.11));
#20299=CARTESIAN_POINT('',(-0.244685039370079,-0.0333,0.11));
#20300=CARTESIAN_POINT('',(-0.205314960629921,-0.0333,0.11));
#20301=CARTESIAN_POINT('',(-0.244685039370079,-0.0333,0.11));
#20302=CARTESIAN_POINT('',(-0.244685039370079,-0.0333,0.11));
#20303=CARTESIAN_POINT('',(-0.205314960629921,-0.0333,0.11));
#20304=CARTESIAN_POINT('',(0.,-0.0333,0.));
#20305=CARTESIAN_POINT('',(-0.194685039370079,-0.0333,0.11));
#20306=CARTESIAN_POINT('',(-0.194685039370079,-0.0333,0.11));
#20307=CARTESIAN_POINT('',(-0.155314960629921,-0.0333,0.11));
#20308=CARTESIAN_POINT('',(-0.155314960629921,-0.0333,0.11));
#20309=CARTESIAN_POINT('',(-0.194685039370079,-0.0333,0.11));
#20310=CARTESIAN_POINT('',(-0.194685039370079,-0.0333,0.11));
#20311=CARTESIAN_POINT('',(0.,-0.0333,0.));
#20312=CARTESIAN_POINT('',(-0.144685039370079,-0.0333,0.11));
#20313=CARTESIAN_POINT('',(-0.144685039370079,-0.0333,0.11));
#20314=CARTESIAN_POINT('',(-0.105314960629921,-0.0333,0.11));
#20315=CARTESIAN_POINT('',(-0.105314960629921,-0.0333,0.11));
#20316=CARTESIAN_POINT('',(-0.144685039370079,-0.0333,0.11));
#20317=CARTESIAN_POINT('',(-0.144685039370079,-0.0333,0.11));
#20318=CARTESIAN_POINT('',(0.,-0.0333,0.));
#20319=CARTESIAN_POINT('',(-0.0946850393700788,-0.0333,0.11));
#20320=CARTESIAN_POINT('',(-0.0946850393700788,-0.0333,0.11));
#20321=CARTESIAN_POINT('',(-0.0553149606299213,-0.0333,0.11));
#20322=CARTESIAN_POINT('',(-0.0553149606299213,-0.0333,0.11));
#20323=CARTESIAN_POINT('',(-0.0946850393700788,-0.0333,0.11));
#20324=CARTESIAN_POINT('',(-0.0946850393700788,-0.0333,0.11));
#20325=CARTESIAN_POINT('',(0.,-0.0333,0.));
#20326=CARTESIAN_POINT('',(-0.0446850393700788,-0.0333,0.11));
#20327=CARTESIAN_POINT('',(-0.0446850393700788,-0.0333,0.11));
#20328=CARTESIAN_POINT('',(-0.00531496062992132,-0.0333,0.11));
#20329=CARTESIAN_POINT('',(-0.00531496062992132,-0.0333,0.11));
#20330=CARTESIAN_POINT('',(-0.0446850393700788,-0.0333,0.11));
#20331=CARTESIAN_POINT('',(-0.0446850393700788,-0.0333,0.11));
#20332=CARTESIAN_POINT('',(0.,-0.0333,0.));
#20333=CARTESIAN_POINT('',(0.00531496062992121,-0.0333,0.11));
#20334=CARTESIAN_POINT('',(0.00531496062992121,-0.0333,0.11));
#20335=CARTESIAN_POINT('',(0.0446850393700787,-0.0333,0.11));
#20336=CARTESIAN_POINT('',(0.0446850393700787,-0.0333,0.11));
#20337=CARTESIAN_POINT('',(0.00531496062992121,-0.0333,0.11));
#20338=CARTESIAN_POINT('',(0.00531496062992121,-0.0333,0.11));
#20339=CARTESIAN_POINT('',(0.,-0.0333,0.));
#20340=CARTESIAN_POINT('',(0.0553149606299212,-0.0333,0.11));
#20341=CARTESIAN_POINT('',(0.0553149606299212,-0.0333,0.11));
#20342=CARTESIAN_POINT('',(0.0946850393700787,-0.0333,0.11));
#20343=CARTESIAN_POINT('',(0.0946850393700787,-0.0333,0.11));
#20344=CARTESIAN_POINT('',(0.0553149606299212,-0.0333,0.11));
#20345=CARTESIAN_POINT('',(0.0553149606299212,-0.0333,0.11));
#20346=CARTESIAN_POINT('',(0.,-0.0333,0.));
#20347=CARTESIAN_POINT('',(0.105314960629921,-0.0333,0.11));
#20348=CARTESIAN_POINT('',(0.105314960629921,-0.0333,0.11));
#20349=CARTESIAN_POINT('',(0.144685039370079,-0.0333,0.11));
#20350=CARTESIAN_POINT('',(0.144685039370079,-0.0333,0.11));
#20351=CARTESIAN_POINT('',(0.105314960629921,-0.0333,0.11));
#20352=CARTESIAN_POINT('',(0.105314960629921,-0.0333,0.11));
#20353=CARTESIAN_POINT('',(0.,-0.0333,0.));
#20354=CARTESIAN_POINT('',(0.155314960629921,-0.0333,0.11));
#20355=CARTESIAN_POINT('',(0.155314960629921,-0.0333,0.11));
#20356=CARTESIAN_POINT('',(0.194685039370079,-0.0333,0.11));
#20357=CARTESIAN_POINT('',(0.194685039370079,-0.0333,0.11));
#20358=CARTESIAN_POINT('',(0.155314960629921,-0.0333,0.11));
#20359=CARTESIAN_POINT('',(0.155314960629921,-0.0333,0.11));
#20360=CARTESIAN_POINT('',(0.,-0.0333,0.));
#20361=CARTESIAN_POINT('',(0.205314960629921,-0.0333,0.11));
#20362=CARTESIAN_POINT('',(0.205314960629921,-0.0333,0.11));
#20363=CARTESIAN_POINT('',(0.244685039370079,-0.0333,0.11));
#20364=CARTESIAN_POINT('',(0.244685039370079,-0.0333,0.11));
#20365=CARTESIAN_POINT('',(0.205314960629921,-0.0333,0.11));
#20366=CARTESIAN_POINT('',(0.205314960629921,-0.0333,0.11));
#20367=CARTESIAN_POINT('',(0.,-0.0333,0.));
#20368=CARTESIAN_POINT('',(-0.205314960629921,-0.0333,0.11));
#20369=CARTESIAN_POINT('',(-0.205314960629921,-0.0333,0.11));
#20370=CARTESIAN_POINT('',(-0.205314960629921,-0.0333,0.123));
#20371=CARTESIAN_POINT('',(-0.205314960629921,-0.0333,0.11));
#20372=CARTESIAN_POINT('',(-0.205314960629921,-0.0333,0.11));
#20373=CARTESIAN_POINT('',(-0.205314960629921,-0.0333,0.123));
#20374=CARTESIAN_POINT('',(0.,-0.0333,0.));
#20375=CARTESIAN_POINT('',(-0.155314960629921,-0.0333,0.11));
#20376=CARTESIAN_POINT('',(-0.155314960629921,-0.0333,0.11));
#20377=CARTESIAN_POINT('',(-0.155314960629921,-0.0333,0.123));
#20378=CARTESIAN_POINT('',(-0.155314960629921,-0.0333,0.11));
#20379=CARTESIAN_POINT('',(-0.155314960629921,-0.0333,0.11));
#20380=CARTESIAN_POINT('',(-0.155314960629921,-0.0333,0.123));
#20381=CARTESIAN_POINT('',(0.,-0.0333,0.));
#20382=CARTESIAN_POINT('',(-0.105314960629921,-0.0333,0.11));
#20383=CARTESIAN_POINT('',(-0.105314960629921,-0.0333,0.11));
#20384=CARTESIAN_POINT('',(-0.105314960629921,-0.0333,0.123));
#20385=CARTESIAN_POINT('',(-0.105314960629921,-0.0333,0.11));
#20386=CARTESIAN_POINT('',(-0.105314960629921,-0.0333,0.11));
#20387=CARTESIAN_POINT('',(-0.105314960629921,-0.0333,0.123));
#20388=CARTESIAN_POINT('',(0.,-0.0333,0.));
#20389=CARTESIAN_POINT('',(-0.0553149606299213,-0.0333,0.11));
#20390=CARTESIAN_POINT('',(-0.0553149606299213,-0.0333,0.11));
#20391=CARTESIAN_POINT('',(-0.0553149606299213,-0.0333,0.123));
#20392=CARTESIAN_POINT('',(-0.0553149606299213,-0.0333,0.11));
#20393=CARTESIAN_POINT('',(-0.0553149606299213,-0.0333,0.11));
#20394=CARTESIAN_POINT('',(-0.0553149606299213,-0.0333,0.123));
#20395=CARTESIAN_POINT('',(0.,-0.0333,0.));
#20396=CARTESIAN_POINT('',(-0.00531496062992132,-0.0333,0.11));
#20397=CARTESIAN_POINT('',(-0.00531496062992132,-0.0333,0.11));
#20398=CARTESIAN_POINT('',(-0.00531496062992132,-0.0333,0.123));
#20399=CARTESIAN_POINT('',(-0.00531496062992132,-0.0333,0.11));
#20400=CARTESIAN_POINT('',(-0.00531496062992132,-0.0333,0.11));
#20401=CARTESIAN_POINT('',(-0.00531496062992132,-0.0333,0.123));
#20402=CARTESIAN_POINT('',(0.,-0.0333,0.));
#20403=CARTESIAN_POINT('',(0.0446850393700787,-0.0333,0.11));
#20404=CARTESIAN_POINT('',(0.0446850393700787,-0.0333,0.11));
#20405=CARTESIAN_POINT('',(0.0446850393700787,-0.0333,0.123));
#20406=CARTESIAN_POINT('',(0.0446850393700787,-0.0333,0.11));
#20407=CARTESIAN_POINT('',(0.0446850393700787,-0.0333,0.11));
#20408=CARTESIAN_POINT('',(0.0446850393700787,-0.0333,0.123));
#20409=CARTESIAN_POINT('',(0.,-0.0333,0.));
#20410=CARTESIAN_POINT('',(0.0946850393700787,-0.0333,0.11));
#20411=CARTESIAN_POINT('',(0.0946850393700787,-0.0333,0.11));
#20412=CARTESIAN_POINT('',(0.0946850393700787,-0.0333,0.123));
#20413=CARTESIAN_POINT('',(0.0946850393700787,-0.0333,0.11));
#20414=CARTESIAN_POINT('',(0.0946850393700787,-0.0333,0.11));
#20415=CARTESIAN_POINT('',(0.0946850393700787,-0.0333,0.123));
#20416=CARTESIAN_POINT('',(0.,-0.0333,0.));
#20417=CARTESIAN_POINT('',(0.144685039370079,-0.0333,0.11));
#20418=CARTESIAN_POINT('',(0.144685039370079,-0.0333,0.11));
#20419=CARTESIAN_POINT('',(0.144685039370079,-0.0333,0.123));
#20420=CARTESIAN_POINT('',(0.144685039370079,-0.0333,0.11));
#20421=CARTESIAN_POINT('',(0.144685039370079,-0.0333,0.11));
#20422=CARTESIAN_POINT('',(0.144685039370079,-0.0333,0.123));
#20423=CARTESIAN_POINT('',(0.,-0.0333,0.));
#20424=CARTESIAN_POINT('',(0.194685039370079,-0.0333,0.11));
#20425=CARTESIAN_POINT('',(0.194685039370079,-0.0333,0.11));
#20426=CARTESIAN_POINT('',(0.194685039370079,-0.0333,0.123));
#20427=CARTESIAN_POINT('',(0.194685039370079,-0.0333,0.11));
#20428=CARTESIAN_POINT('',(0.194685039370079,-0.0333,0.11));
#20429=CARTESIAN_POINT('',(0.194685039370079,-0.0333,0.123));
#20430=CARTESIAN_POINT('',(0.244685039370079,-0.0333,0.11));
#20431=CARTESIAN_POINT('',(0.244685039370079,-0.0333,0.11));
#20432=CARTESIAN_POINT('',(0.244685039370079,-0.0333,0.11));
#20433=CARTESIAN_POINT('',(0.244685039370079,-0.0333,0.11));
#20434=CARTESIAN_POINT('',(0.,-0.0333,0.));
#20435=CARTESIAN_POINT('',(0.244685039370079,-0.0333,0.123));
#20436=CARTESIAN_POINT('',(0.244685039370079,-0.0333,0.123));
#20437=CARTESIAN_POINT('',(0.,0.,0.));
#20438=MECHANICAL_DESIGN_GEOMETRIC_PRESENTATION_REPRESENTATION('',(#12512,
#12513,#12514),#20439);
#20439=(
GEOMETRIC_REPRESENTATION_CONTEXT(3)
GLOBAL_UNCERTAINTY_ASSIGNED_CONTEXT((#20443))
GLOBAL_UNIT_ASSIGNED_CONTEXT((#20449,#20448,#20447))
REPRESENTATION_CONTEXT('SIBF-10-F-S-AD','TOP_LEVEL_ASSEMBLY_PART')
);
#20440=(
GEOMETRIC_REPRESENTATION_CONTEXT(3)
GLOBAL_UNCERTAINTY_ASSIGNED_CONTEXT((#20444))
GLOBAL_UNIT_ASSIGNED_CONTEXT((#20449,#20448,#20447))
REPRESENTATION_CONTEXT('SIBF-10-F-S-AD_tr','COMPONENT_PART')
);
#20441=(
GEOMETRIC_REPRESENTATION_CONTEXT(3)
GLOBAL_UNCERTAINTY_ASSIGNED_CONTEXT((#20445))
GLOBAL_UNIT_ASSIGNED_CONTEXT((#20449,#20448,#20447))
REPRESENTATION_CONTEXT('SIBF-10-F-S-AD_p','COMPONENT_PART')
);
#20442=(
GEOMETRIC_REPRESENTATION_CONTEXT(3)
GLOBAL_UNCERTAINTY_ASSIGNED_CONTEXT((#20446))
GLOBAL_UNIT_ASSIGNED_CONTEXT((#20449,#20448,#20447))
REPRESENTATION_CONTEXT('SIBF-10-F-S-AD_b','COMPONENT_PART')
);
#20443=UNCERTAINTY_MEASURE_WITH_UNIT(LENGTH_MEASURE(0.000196850393700787),
#20449,'DISTANCE_ACCURACY_VALUE','Maximum Tolerance applied to model');
#20444=UNCERTAINTY_MEASURE_WITH_UNIT(LENGTH_MEASURE(0.000196850393700787),
#20449,'DISTANCE_ACCURACY_VALUE','Maximum Tolerance applied to model');
#20445=UNCERTAINTY_MEASURE_WITH_UNIT(LENGTH_MEASURE(0.000196850393700787),
#20449,'DISTANCE_ACCURACY_VALUE','Maximum Tolerance applied to model');
#20446=UNCERTAINTY_MEASURE_WITH_UNIT(LENGTH_MEASURE(0.000196850393700787),
#20449,'DISTANCE_ACCURACY_VALUE','Maximum Tolerance applied to model');
#20447=(
NAMED_UNIT(*)
SI_UNIT($,.STERADIAN.)
SOLID_ANGLE_UNIT()
);
#20448=(
NAMED_UNIT(*)
PLANE_ANGLE_UNIT()
SI_UNIT($,.RADIAN.)
);
#20449=(
CONVERSION_BASED_UNIT('INCH',#20451)
LENGTH_UNIT()
NAMED_UNIT(#20450)
);
#20450=DIMENSIONAL_EXPONENTS(1.,0.,0.,0.,0.,0.,0.);
#20451=LENGTH_MEASURE_WITH_UNIT(LENGTH_MEASURE(25.4),#20452);
#20452=(
LENGTH_UNIT()
NAMED_UNIT(*)
SI_UNIT(.MILLI.,.METRE.)
);
#20453=PRODUCT_DEFINITION_SHAPE('','',#20460);
#20454=PRODUCT_DEFINITION_SHAPE('','',#20461);
#20455=PRODUCT_DEFINITION_SHAPE(' ','NAUO PRDDFN',#453);
#20456=PRODUCT_DEFINITION_SHAPE('','',#20462);
#20457=PRODUCT_DEFINITION_SHAPE(' ','NAUO PRDDFN',#454);
#20458=PRODUCT_DEFINITION_SHAPE('','',#20463);
#20459=PRODUCT_DEFINITION_SHAPE(' ','NAUO PRDDFN',#455);
#20460=PRODUCT_DEFINITION('','',#20468,#20464);
#20461=PRODUCT_DEFINITION('','',#20469,#20465);
#20462=PRODUCT_DEFINITION('','',#20470,#20466);
#20463=PRODUCT_DEFINITION('','',#20471,#20467);
#20464=PRODUCT_DEFINITION_CONTEXT('',#20489,'design');
#20465=PRODUCT_DEFINITION_CONTEXT('',#20489,'design');
#20466=PRODUCT_DEFINITION_CONTEXT('',#20489,'design');
#20467=PRODUCT_DEFINITION_CONTEXT('',#20489,'design');
#20468=PRODUCT_DEFINITION_FORMATION_WITH_SPECIFIED_SOURCE('','',#20476,
 .NOT_KNOWN.);
#20469=PRODUCT_DEFINITION_FORMATION_WITH_SPECIFIED_SOURCE('','',#20477,
 .NOT_KNOWN.);
#20470=PRODUCT_DEFINITION_FORMATION_WITH_SPECIFIED_SOURCE('','',#20478,
 .NOT_KNOWN.);
#20471=PRODUCT_DEFINITION_FORMATION_WITH_SPECIFIED_SOURCE('','',#20479,
 .NOT_KNOWN.);
#20472=PRODUCT_RELATED_PRODUCT_CATEGORY('','',(#20476));
#20473=PRODUCT_RELATED_PRODUCT_CATEGORY('','',(#20477));
#20474=PRODUCT_RELATED_PRODUCT_CATEGORY('','',(#20478));
#20475=PRODUCT_RELATED_PRODUCT_CATEGORY('','',(#20479));
#20476=PRODUCT('SIBF-10-F-S-AD','SIBF-10-F-S-AD','SIBF-10-F-S-AD',(#20484));
#20477=PRODUCT('SIBF-10-F-S-AD_tr','SIBF-10-F-S-AD_tr',
'SIBF-10-F-S-AD_tr',(#20485));
#20478=PRODUCT('SIBF-10-F-S-AD_p','SIBF-10-F-S-AD_p','SIBF-10-F-S-AD_p',
(#20486));
#20479=PRODUCT('SIBF-10-F-S-AD_b','SIBF-10-F-S-AD_b','SIBF-10-F-S-AD_b',
(#20487));
#20480=PRODUCT_CATEGORY('','');
#20481=PRODUCT_CATEGORY('','');
#20482=PRODUCT_CATEGORY('','');
#20483=PRODUCT_CATEGORY('','');
#20484=PRODUCT_CONTEXT('',#20489,'mechanical');
#20485=PRODUCT_CONTEXT('',#20489,'mechanical');
#20486=PRODUCT_CONTEXT('',#20489,'mechanical');
#20487=PRODUCT_CONTEXT('',#20489,'mechanical');
#20488=APPLICATION_PROTOCOL_DEFINITION('international standard',
'automotive_design',2010,#20489);
#20489=APPLICATION_CONTEXT(
'core data for automotive mechanical design processes');
ENDSEC;
END-ISO-10303-21;
