ISO-10303-21;
HEADER;
FILE_DESCRIPTION((''),'2;1');
FILE_NAME('OHISJE_SENZORJI_PREKRIVANJE','2023-08-28T21:29:48',('Domen'),(''),
'CREO PARAMETRIC BY PTC INC, 2022073','CREO PARAMETRIC BY PTC INC, 2022073','');
FILE_SCHEMA(('CONFIG_CONTROL_DESIGN'));
ENDSEC;
DATA;
#1=DIRECTION('',(1.E0,0.E0,0.E0));
#2=VECTOR('',#1,3.E0);
#3=CARTESIAN_POINT('',(-3.385475480402E1,3.7E1,0.E0));
#4=LINE('',#3,#2);
#5=DIRECTION('',(0.E0,-1.E0,0.E0));
#6=VECTOR('',#5,1.096664132258E1);
#7=CARTESIAN_POINT('',(-3.385475480402E1,3.7E1,0.E0));
#8=LINE('',#7,#6);
#9=DIRECTION('',(3.826834323651E-1,-9.238795325113E-1,0.E0));
#10=VECTOR('',#9,1.950677715296E1);
#11=CARTESIAN_POINT('',(-3.385475480402E1,2.603335867742E1,0.E0));
#12=LINE('',#11,#10);
#13=DIRECTION('',(8.314696123025E-1,-5.555702330196E-1,0.E0));
#14=VECTOR('',#13,1.982008010164E1);
#15=CARTESIAN_POINT('',(-2.638983436874E1,8.011446520538E0,0.E0));
#16=LINE('',#15,#14);
#17=DIRECTION('',(1.E0,0.E0,0.E0));
#18=VECTOR('',#17,1.982008010164E1);
#19=CARTESIAN_POINT('',(-9.910040050822E0,-3.E0,0.E0));
#20=LINE('',#19,#18);
#21=DIRECTION('',(8.314696123025E-1,5.555702330196E-1,0.E0));
#22=VECTOR('',#21,1.982008010164E1);
#23=CARTESIAN_POINT('',(9.910040050822E0,-3.E0,0.E0));
#24=LINE('',#23,#22);
#25=DIRECTION('',(3.826834323651E-1,9.238795325113E-1,0.E0));
#26=VECTOR('',#25,1.950677715296E1);
#27=CARTESIAN_POINT('',(2.638983436874E1,8.011446520538E0,0.E0));
#28=LINE('',#27,#26);
#29=DIRECTION('',(0.E0,1.E0,0.E0));
#30=VECTOR('',#29,1.096664132258E1);
#31=CARTESIAN_POINT('',(3.385475480402E1,2.603335867742E1,0.E0));
#32=LINE('',#31,#30);
#33=DIRECTION('',(1.E0,0.E0,0.E0));
#34=VECTOR('',#33,3.E0);
#35=CARTESIAN_POINT('',(3.085475480402E1,3.7E1,0.E0));
#36=LINE('',#35,#34);
#37=DIRECTION('',(0.E0,-1.E0,0.E0));
#38=VECTOR('',#37,1.036990422044E1);
#39=CARTESIAN_POINT('',(3.085475480402E1,3.7E1,0.E0));
#40=LINE('',#39,#38);
#41=DIRECTION('',(-3.826834323651E-1,-9.238795325113E-1,0.E0));
#42=VECTOR('',#41,1.8E1);
#43=CARTESIAN_POINT('',(3.085475480402E1,2.663009577956E1,0.E0));
#44=LINE('',#43,#42);
#45=DIRECTION('',(-8.314696123025E-1,-5.555702330196E-1,0.E0));
#46=VECTOR('',#45,1.8E1);
#47=CARTESIAN_POINT('',(2.396645302145E1,1.000026419435E1,0.E0));
#48=LINE('',#47,#46);
#49=DIRECTION('',(-1.E0,0.E0,0.E0));
#50=VECTOR('',#49,1.8E1);
#51=CARTESIAN_POINT('',(9.E0,0.E0,0.E0));
#52=LINE('',#51,#50);
#53=DIRECTION('',(-8.314696123025E-1,5.555702330196E-1,0.E0));
#54=VECTOR('',#53,1.8E1);
#55=CARTESIAN_POINT('',(-9.E0,0.E0,0.E0));
#56=LINE('',#55,#54);
#57=DIRECTION('',(-3.826834323651E-1,9.238795325113E-1,0.E0));
#58=VECTOR('',#57,1.8E1);
#59=CARTESIAN_POINT('',(-2.396645302145E1,1.000026419435E1,0.E0));
#60=LINE('',#59,#58);
#61=DIRECTION('',(0.E0,1.E0,0.E0));
#62=VECTOR('',#61,1.036990422044E1);
#63=CARTESIAN_POINT('',(-3.085475480402E1,2.663009577956E1,0.E0));
#64=LINE('',#63,#62);
#65=CARTESIAN_POINT('',(0.E0,3.7E1,1.E1));
#66=DIRECTION('',(0.E0,-1.E0,0.E0));
#67=DIRECTION('',(1.E0,0.E0,0.E0));
#68=AXIS2_PLACEMENT_3D('',#65,#66,#67);
#70=CARTESIAN_POINT('',(0.E0,3.7E1,1.E1));
#71=DIRECTION('',(0.E0,-1.E0,0.E0));
#72=DIRECTION('',(-1.E0,0.E0,0.E0));
#73=AXIS2_PLACEMENT_3D('',#70,#71,#72);
#75=CARTESIAN_POINT('',(0.E0,3.7E1,1.E1));
#76=DIRECTION('',(0.E0,1.E0,0.E0));
#77=DIRECTION('',(-9.590372670520E-1,0.E0,2.832799329382E-1));
#78=AXIS2_PLACEMENT_3D('',#75,#76,#77);
#80=CARTESIAN_POINT('',(0.E0,3.7E1,1.E1));
#81=DIRECTION('',(0.E0,1.E0,0.E0));
#82=DIRECTION('',(9.590372670520E-1,0.E0,-2.832799329382E-1));
#83=AXIS2_PLACEMENT_3D('',#80,#81,#82);
#85=CARTESIAN_POINT('',(-2.262741699797E1,3.7E1,-1.262741699797E1));
#86=DIRECTION('',(0.E0,1.E0,0.E0));
#87=DIRECTION('',(1.E0,0.E0,0.E0));
#88=AXIS2_PLACEMENT_3D('',#85,#86,#87);
#90=CARTESIAN_POINT('',(-2.262741699797E1,3.7E1,-1.262741699797E1));
#91=DIRECTION('',(0.E0,1.E0,0.E0));
#92=DIRECTION('',(-1.E0,0.E0,0.E0));
#93=AXIS2_PLACEMENT_3D('',#90,#91,#92);
#95=CARTESIAN_POINT('',(2.262741699797E1,3.7E1,-1.262741699797E1));
#96=DIRECTION('',(0.E0,1.E0,0.E0));
#97=DIRECTION('',(1.E0,0.E0,0.E0));
#98=AXIS2_PLACEMENT_3D('',#95,#96,#97);
#100=CARTESIAN_POINT('',(2.262741699797E1,3.7E1,-1.262741699797E1));
#101=DIRECTION('',(0.E0,1.E0,0.E0));
#102=DIRECTION('',(-1.E0,0.E0,0.E0));
#103=AXIS2_PLACEMENT_3D('',#100,#101,#102);
#105=CARTESIAN_POINT('',(2.262741699797E1,3.7E1,3.262741699797E1));
#106=DIRECTION('',(0.E0,1.E0,0.E0));
#107=DIRECTION('',(1.E0,0.E0,0.E0));
#108=AXIS2_PLACEMENT_3D('',#105,#106,#107);
#110=CARTESIAN_POINT('',(2.262741699797E1,3.7E1,3.262741699797E1));
#111=DIRECTION('',(0.E0,1.E0,0.E0));
#112=DIRECTION('',(-1.E0,0.E0,0.E0));
#113=AXIS2_PLACEMENT_3D('',#110,#111,#112);
#115=CARTESIAN_POINT('',(-2.262741699797E1,3.7E1,3.262741699797E1));
#116=DIRECTION('',(0.E0,1.E0,0.E0));
#117=DIRECTION('',(1.E0,0.E0,0.E0));
#118=AXIS2_PLACEMENT_3D('',#115,#116,#117);
#120=CARTESIAN_POINT('',(-2.262741699797E1,3.7E1,3.262741699797E1));
#121=DIRECTION('',(0.E0,1.E0,0.E0));
#122=DIRECTION('',(-1.E0,0.E0,0.E0));
#123=AXIS2_PLACEMENT_3D('',#120,#121,#122);
#125=DIRECTION('',(0.E0,-1.E0,0.E0));
#126=VECTOR('',#125,3.E0);
#127=CARTESIAN_POINT('',(2.930077085334E1,4.E1,1.E1));
#128=LINE('',#127,#126);
#129=CARTESIAN_POINT('',(0.E0,4.E1,1.E1));
#130=DIRECTION('',(0.E0,-1.E0,0.E0));
#131=DIRECTION('',(1.E0,0.E0,0.E0));
#132=AXIS2_PLACEMENT_3D('',#129,#130,#131);
#134=CARTESIAN_POINT('',(0.E0,4.E1,1.E1));
#135=DIRECTION('',(0.E0,-1.E0,0.E0));
#136=DIRECTION('',(-1.E0,0.E0,0.E0));
#137=AXIS2_PLACEMENT_3D('',#134,#135,#136);
#139=CARTESIAN_POINT('',(0.E0,4.E1,1.E1));
#140=DIRECTION('',(0.E0,1.E0,0.E0));
#141=DIRECTION('',(9.590372670520E-1,0.E0,-2.832799329382E-1));
#142=AXIS2_PLACEMENT_3D('',#139,#140,#141);
#144=DIRECTION('',(0.E0,0.E0,1.E0));
#145=VECTOR('',#144,2.E1);
#146=CARTESIAN_POINT('',(3.385475480402E1,4.E1,-3.250220283130E-14));
#147=LINE('',#146,#145);
#148=CARTESIAN_POINT('',(0.E0,4.E1,1.E1));
#149=DIRECTION('',(0.E0,1.E0,0.E0));
#150=DIRECTION('',(-9.590372670520E-1,0.E0,2.832799329382E-1));
#151=AXIS2_PLACEMENT_3D('',#148,#149,#150);
#153=CARTESIAN_POINT('',(-2.262741699797E1,4.E1,-1.262741699797E1));
#154=DIRECTION('',(0.E0,1.E0,0.E0));
#155=DIRECTION('',(1.E0,0.E0,0.E0));
#156=AXIS2_PLACEMENT_3D('',#153,#154,#155);
#158=CARTESIAN_POINT('',(-2.262741699797E1,4.E1,-1.262741699797E1));
#159=DIRECTION('',(0.E0,1.E0,0.E0));
#160=DIRECTION('',(-1.E0,0.E0,0.E0));
#161=AXIS2_PLACEMENT_3D('',#158,#159,#160);
#163=CARTESIAN_POINT('',(2.262741699797E1,4.E1,-1.262741699797E1));
#164=DIRECTION('',(0.E0,1.E0,0.E0));
#165=DIRECTION('',(1.E0,0.E0,0.E0));
#166=AXIS2_PLACEMENT_3D('',#163,#164,#165);
#168=CARTESIAN_POINT('',(2.262741699797E1,4.E1,-1.262741699797E1));
#169=DIRECTION('',(0.E0,1.E0,0.E0));
#170=DIRECTION('',(-1.E0,0.E0,0.E0));
#171=AXIS2_PLACEMENT_3D('',#168,#169,#170);
#173=CARTESIAN_POINT('',(2.262741699797E1,4.E1,3.262741699797E1));
#174=DIRECTION('',(0.E0,1.E0,0.E0));
#175=DIRECTION('',(1.E0,0.E0,0.E0));
#176=AXIS2_PLACEMENT_3D('',#173,#174,#175);
#178=CARTESIAN_POINT('',(2.262741699797E1,4.E1,3.262741699797E1));
#179=DIRECTION('',(0.E0,1.E0,0.E0));
#180=DIRECTION('',(-1.E0,0.E0,0.E0));
#181=AXIS2_PLACEMENT_3D('',#178,#179,#180);
#183=CARTESIAN_POINT('',(-2.262741699797E1,4.E1,3.262741699797E1));
#184=DIRECTION('',(0.E0,1.E0,0.E0));
#185=DIRECTION('',(1.E0,0.E0,0.E0));
#186=AXIS2_PLACEMENT_3D('',#183,#184,#185);
#188=CARTESIAN_POINT('',(-2.262741699797E1,4.E1,3.262741699797E1));
#189=DIRECTION('',(0.E0,1.E0,0.E0));
#190=DIRECTION('',(-1.E0,0.E0,0.E0));
#191=AXIS2_PLACEMENT_3D('',#188,#189,#190);
#193=DIRECTION('',(0.E0,-1.E0,0.E0));
#194=VECTOR('',#193,3.E0);
#195=CARTESIAN_POINT('',(-2.930077085334E1,4.E1,1.E1));
#196=LINE('',#195,#194);
#197=DIRECTION('',(0.E0,-1.E0,0.E0));
#198=VECTOR('',#197,3.E0);
#199=CARTESIAN_POINT('',(3.385475480402E1,4.E1,-3.250220283130E-14));
#200=LINE('',#199,#198);
#201=DIRECTION('',(0.E0,0.E0,1.E0));
#202=VECTOR('',#201,2.E1);
#203=CARTESIAN_POINT('',(3.385475480402E1,2.603335867742E1,0.E0));
#204=LINE('',#203,#202);
#205=DIRECTION('',(0.E0,1.E0,0.E0));
#206=VECTOR('',#205,3.E0);
#207=CARTESIAN_POINT('',(3.385475480402E1,3.7E1,2.E1));
#208=LINE('',#207,#206);
#209=DIRECTION('',(0.E0,0.E0,1.E0));
#210=VECTOR('',#209,2.E1);
#211=CARTESIAN_POINT('',(2.638983436874E1,8.011446520538E0,0.E0));
#212=LINE('',#211,#210);
#213=DIRECTION('',(0.E0,0.E0,1.E0));
#214=VECTOR('',#213,4.E0);
#215=CARTESIAN_POINT('',(3.171297623973E1,2.086264781990E1,8.E0));
#216=LINE('',#215,#214);
#217=DIRECTION('',(-3.826834323651E-1,-9.238795325113E-1,0.E0));
#218=VECTOR('',#217,8.E0);
#219=CARTESIAN_POINT('',(3.171297623973E1,2.086264781990E1,1.2E1));
#220=LINE('',#219,#218);
#221=DIRECTION('',(0.E0,0.E0,-1.E0));
#222=VECTOR('',#221,4.E0);
#223=CARTESIAN_POINT('',(2.865150878081E1,1.347161155981E1,1.2E1));
#224=LINE('',#223,#222);
#225=DIRECTION('',(3.826834323651E-1,9.238795325113E-1,0.E0));
#226=VECTOR('',#225,8.E0);
#227=CARTESIAN_POINT('',(2.865150878081E1,1.347161155981E1,8.E0));
#228=LINE('',#227,#226);
#229=DIRECTION('',(0.E0,0.E0,1.E0));
#230=VECTOR('',#229,2.E1);
#231=CARTESIAN_POINT('',(9.910040050822E0,-3.E0,0.E0));
#232=LINE('',#231,#230);
#233=DIRECTION('',(0.E0,0.E0,1.E0));
#234=VECTOR('',#233,4.E0);
#235=CARTESIAN_POINT('',(2.147581565899E1,4.728004192347E0,8.E0));
#236=LINE('',#235,#234);
#237=DIRECTION('',(-8.314696123025E-1,-5.555702330196E-1,0.E0));
#238=VECTOR('',#237,8.E0);
#239=CARTESIAN_POINT('',(2.147581565899E1,4.728004192347E0,1.2E1));
#240=LINE('',#239,#238);
#241=DIRECTION('',(0.E0,0.E0,-1.E0));
#242=VECTOR('',#241,4.E0);
#243=CARTESIAN_POINT('',(1.482405876057E1,2.834423281904E-1,1.2E1));
#244=LINE('',#243,#242);
#245=DIRECTION('',(8.314696123025E-1,5.555702330196E-1,0.E0));
#246=VECTOR('',#245,8.E0);
#247=CARTESIAN_POINT('',(1.482405876057E1,2.834423281903E-1,8.E0));
#248=LINE('',#247,#246);
#249=DIRECTION('',(0.E0,0.E0,1.E0));
#250=VECTOR('',#249,2.E1);
#251=CARTESIAN_POINT('',(-9.910040050822E0,-3.E0,0.E0));
#252=LINE('',#251,#250);
#253=DIRECTION('',(0.E0,0.E0,1.E0));
#254=VECTOR('',#253,8.E0);
#255=CARTESIAN_POINT('',(-2.E0,-3.E0,6.E0));
#256=LINE('',#255,#254);
#257=DIRECTION('',(-1.E0,0.E0,0.E0));
#258=VECTOR('',#257,4.E0);
#259=CARTESIAN_POINT('',(2.E0,-3.E0,6.E0));
#260=LINE('',#259,#258);
#261=DIRECTION('',(0.E0,0.E0,-1.E0));
#262=VECTOR('',#261,8.E0);
#263=CARTESIAN_POINT('',(2.E0,-3.E0,1.4E1));
#264=LINE('',#263,#262);
#265=DIRECTION('',(1.E0,0.E0,0.E0));
#266=VECTOR('',#265,4.E0);
#267=CARTESIAN_POINT('',(-2.E0,-3.E0,1.4E1));
#268=LINE('',#267,#266);
#269=DIRECTION('',(0.E0,0.E0,1.E0));
#270=VECTOR('',#269,2.E1);
#271=CARTESIAN_POINT('',(-2.638983436874E1,8.011446520538E0,0.E0));
#272=LINE('',#271,#270);
#273=DIRECTION('',(0.E0,0.E0,1.E0));
#274=VECTOR('',#273,4.E0);
#275=CARTESIAN_POINT('',(-2.147581565899E1,4.728004192347E0,8.E0));
#276=LINE('',#275,#274);
#277=DIRECTION('',(-8.314696123025E-1,5.555702330196E-1,0.E0));
#278=VECTOR('',#277,8.E0);
#279=CARTESIAN_POINT('',(-1.482405876057E1,2.834423281903E-1,8.E0));
#280=LINE('',#279,#278);
#281=DIRECTION('',(0.E0,0.E0,-1.E0));
#282=VECTOR('',#281,4.E0);
#283=CARTESIAN_POINT('',(-1.482405876057E1,2.834423281903E-1,1.2E1));
#284=LINE('',#283,#282);
#285=DIRECTION('',(8.314696123025E-1,-5.555702330196E-1,0.E0));
#286=VECTOR('',#285,8.E0);
#287=CARTESIAN_POINT('',(-2.147581565899E1,4.728004192347E0,1.2E1));
#288=LINE('',#287,#286);
#289=DIRECTION('',(0.E0,0.E0,1.E0));
#290=VECTOR('',#289,2.E1);
#291=CARTESIAN_POINT('',(-3.385475480402E1,2.603335867742E1,0.E0));
#292=LINE('',#291,#290);
#293=DIRECTION('',(0.E0,0.E0,1.E0));
#294=VECTOR('',#293,4.E0);
#295=CARTESIAN_POINT('',(-3.171297623973E1,2.086264781990E1,8.E0));
#296=LINE('',#295,#294);
#297=DIRECTION('',(-3.826834323651E-1,9.238795325113E-1,0.E0));
#298=VECTOR('',#297,8.E0);
#299=CARTESIAN_POINT('',(-2.865150878081E1,1.347161155981E1,8.E0));
#300=LINE('',#299,#298);
#301=DIRECTION('',(0.E0,0.E0,-1.E0));
#302=VECTOR('',#301,4.E0);
#303=CARTESIAN_POINT('',(-2.865150878081E1,1.347161155981E1,1.2E1));
#304=LINE('',#303,#302);
#305=DIRECTION('',(3.826834323651E-1,-9.238795325113E-1,0.E0));
#306=VECTOR('',#305,8.E0);
#307=CARTESIAN_POINT('',(-3.171297623973E1,2.086264781990E1,1.2E1));
#308=LINE('',#307,#306);
#309=DIRECTION('',(0.E0,1.E0,0.E0));
#310=VECTOR('',#309,3.E0);
#311=CARTESIAN_POINT('',(-3.385475480402E1,3.7E1,0.E0));
#312=LINE('',#311,#310);
#313=DIRECTION('',(0.E0,0.E0,1.E0));
#314=VECTOR('',#313,2.E1);
#315=CARTESIAN_POINT('',(-3.385475480402E1,4.E1,-1.076159569999E-14));
#316=LINE('',#315,#314);
#317=DIRECTION('',(0.E0,1.E0,0.E0));
#318=VECTOR('',#317,3.E0);
#319=CARTESIAN_POINT('',(-3.385475480402E1,3.7E1,2.E1));
#320=LINE('',#319,#318);
#321=DIRECTION('',(1.E0,0.E0,0.E0));
#322=VECTOR('',#321,3.E0);
#323=CARTESIAN_POINT('',(-3.385475480402E1,3.7E1,2.E1));
#324=LINE('',#323,#322);
#325=DIRECTION('',(0.E0,1.E0,0.E0));
#326=VECTOR('',#325,1.036990422044E1);
#327=CARTESIAN_POINT('',(-3.085475480402E1,2.663009577956E1,2.E1));
#328=LINE('',#327,#326);
#329=DIRECTION('',(-3.826834323651E-1,9.238795325113E-1,0.E0));
#330=VECTOR('',#329,1.8E1);
#331=CARTESIAN_POINT('',(-2.396645302145E1,1.000026419435E1,2.E1));
#332=LINE('',#331,#330);
#333=DIRECTION('',(-8.314696123025E-1,5.555702330196E-1,0.E0));
#334=VECTOR('',#333,1.8E1);
#335=CARTESIAN_POINT('',(-9.E0,0.E0,2.E1));
#336=LINE('',#335,#334);
#337=DIRECTION('',(-1.E0,0.E0,0.E0));
#338=VECTOR('',#337,1.8E1);
#339=CARTESIAN_POINT('',(9.E0,0.E0,2.E1));
#340=LINE('',#339,#338);
#341=DIRECTION('',(-8.314696123025E-1,-5.555702330196E-1,0.E0));
#342=VECTOR('',#341,1.8E1);
#343=CARTESIAN_POINT('',(2.396645302145E1,1.000026419435E1,2.E1));
#344=LINE('',#343,#342);
#345=DIRECTION('',(-3.826834323651E-1,-9.238795325113E-1,0.E0));
#346=VECTOR('',#345,1.8E1);
#347=CARTESIAN_POINT('',(3.085475480402E1,2.663009577956E1,2.E1));
#348=LINE('',#347,#346);
#349=DIRECTION('',(0.E0,-1.E0,0.E0));
#350=VECTOR('',#349,1.036990422044E1);
#351=CARTESIAN_POINT('',(3.085475480402E1,3.7E1,2.E1));
#352=LINE('',#351,#350);
#353=DIRECTION('',(1.E0,0.E0,0.E0));
#354=VECTOR('',#353,3.E0);
#355=CARTESIAN_POINT('',(3.085475480402E1,3.7E1,2.E1));
#356=LINE('',#355,#354);
#357=DIRECTION('',(0.E0,1.E0,0.E0));
#358=VECTOR('',#357,1.096664132258E1);
#359=CARTESIAN_POINT('',(3.385475480402E1,2.603335867742E1,2.E1));
#360=LINE('',#359,#358);
#361=DIRECTION('',(3.826834323651E-1,9.238795325113E-1,0.E0));
#362=VECTOR('',#361,1.950677715296E1);
#363=CARTESIAN_POINT('',(2.638983436874E1,8.011446520538E0,2.E1));
#364=LINE('',#363,#362);
#365=DIRECTION('',(8.314696123025E-1,5.555702330196E-1,0.E0));
#366=VECTOR('',#365,1.982008010164E1);
#367=CARTESIAN_POINT('',(9.910040050822E0,-3.E0,2.E1));
#368=LINE('',#367,#366);
#369=DIRECTION('',(1.E0,0.E0,0.E0));
#370=VECTOR('',#369,1.982008010164E1);
#371=CARTESIAN_POINT('',(-9.910040050822E0,-3.E0,2.E1));
#372=LINE('',#371,#370);
#373=DIRECTION('',(8.314696123025E-1,-5.555702330196E-1,0.E0));
#374=VECTOR('',#373,1.982008010164E1);
#375=CARTESIAN_POINT('',(-2.638983436874E1,8.011446520538E0,2.E1));
#376=LINE('',#375,#374);
#377=DIRECTION('',(3.826834323651E-1,-9.238795325113E-1,0.E0));
#378=VECTOR('',#377,1.950677715296E1);
#379=CARTESIAN_POINT('',(-3.385475480402E1,2.603335867742E1,2.E1));
#380=LINE('',#379,#378);
#381=DIRECTION('',(0.E0,-1.E0,0.E0));
#382=VECTOR('',#381,1.096664132258E1);
#383=CARTESIAN_POINT('',(-3.385475480402E1,3.7E1,2.E1));
#384=LINE('',#383,#382);
#385=DIRECTION('',(0.E0,0.E0,1.E0));
#386=VECTOR('',#385,2.E1);
#387=CARTESIAN_POINT('',(-3.085475480402E1,3.7E1,0.E0));
#388=LINE('',#387,#386);
#389=DIRECTION('',(0.E0,0.E0,1.E0));
#390=VECTOR('',#389,2.E1);
#391=CARTESIAN_POINT('',(-3.085475480402E1,2.663009577956E1,0.E0));
#392=LINE('',#391,#390);
#393=DIRECTION('',(0.E0,0.E0,1.E0));
#394=VECTOR('',#393,2.E1);
#395=CARTESIAN_POINT('',(-2.396645302145E1,1.000026419435E1,0.E0));
#396=LINE('',#395,#394);
#397=DIRECTION('',(0.E0,0.E0,1.E0));
#398=VECTOR('',#397,1.1E1);
#399=CARTESIAN_POINT('',(-3.028072965547E1,2.524427648079E1,4.5E0));
#400=LINE('',#399,#398);
#401=DIRECTION('',(3.826834323651E-1,-9.238795325113E-1,0.E0));
#402=VECTOR('',#401,1.5E1);
#403=CARTESIAN_POINT('',(-3.028072965547E1,2.524427648079E1,1.55E1));
#404=LINE('',#403,#402);
#405=DIRECTION('',(0.E0,0.E0,-1.E0));
#406=VECTOR('',#405,1.1E1);
#407=CARTESIAN_POINT('',(-2.454047816999E1,1.138608349312E1,1.55E1));
#408=LINE('',#407,#406);
#409=DIRECTION('',(-3.826834323651E-1,9.238795325113E-1,0.E0));
#410=VECTOR('',#409,1.5E1);
#411=CARTESIAN_POINT('',(-2.454047816999E1,1.138608349312E1,4.5E0));
#412=LINE('',#411,#410);
#413=DIRECTION('',(0.E0,0.E0,1.E0));
#414=VECTOR('',#413,2.E1);
#415=CARTESIAN_POINT('',(-9.E0,0.E0,0.E0));
#416=LINE('',#415,#414);
#417=DIRECTION('',(0.E0,0.E0,1.E0));
#418=VECTOR('',#417,1.1E1);
#419=CARTESIAN_POINT('',(-2.271924860299E1,9.166908844823E0,4.5E0));
#420=LINE('',#419,#418);
#421=DIRECTION('',(8.314696123025E-1,-5.555702330196E-1,0.E0));
#422=VECTOR('',#421,1.5E1);
#423=CARTESIAN_POINT('',(-2.271924860299E1,9.166908844823E0,1.55E1));
#424=LINE('',#423,#422);
#425=DIRECTION('',(0.E0,0.E0,-1.E0));
#426=VECTOR('',#425,1.1E1);
#427=CARTESIAN_POINT('',(-1.024720441845E1,8.333553495294E-1,1.55E1));
#428=LINE('',#427,#426);
#429=DIRECTION('',(-8.314696123025E-1,5.555702330196E-1,0.E0));
#430=VECTOR('',#429,1.5E1);
#431=CARTESIAN_POINT('',(-1.024720441845E1,8.333553495294E-1,4.5E0));
#432=LINE('',#431,#430);
#433=DIRECTION('',(0.E0,0.E0,1.E0));
#434=VECTOR('',#433,2.E1);
#435=CARTESIAN_POINT('',(9.E0,0.E0,0.E0));
#436=LINE('',#435,#434);
#437=DIRECTION('',(0.E0,0.E0,1.E0));
#438=VECTOR('',#437,1.5E1);
#439=CARTESIAN_POINT('',(-5.5E0,0.E0,2.5E0));
#440=LINE('',#439,#438);
#441=DIRECTION('',(1.E0,0.E0,0.E0));
#442=VECTOR('',#441,1.1E1);
#443=CARTESIAN_POINT('',(-5.5E0,0.E0,1.75E1));
#444=LINE('',#443,#442);
#445=DIRECTION('',(0.E0,0.E0,-1.E0));
#446=VECTOR('',#445,1.5E1);
#447=CARTESIAN_POINT('',(5.5E0,0.E0,1.75E1));
#448=LINE('',#447,#446);
#449=DIRECTION('',(-1.E0,0.E0,0.E0));
#450=VECTOR('',#449,1.1E1);
#451=CARTESIAN_POINT('',(5.5E0,0.E0,2.5E0));
#452=LINE('',#451,#450);
#453=DIRECTION('',(0.E0,0.E0,1.E0));
#454=VECTOR('',#453,2.E1);
#455=CARTESIAN_POINT('',(2.396645302145E1,1.000026419435E1,0.E0));
#456=LINE('',#455,#454);
#457=DIRECTION('',(0.E0,0.E0,1.E0));
#458=VECTOR('',#457,1.1E1);
#459=CARTESIAN_POINT('',(2.271924860299E1,9.166908844823E0,4.5E0));
#460=LINE('',#459,#458);
#461=DIRECTION('',(8.314696123025E-1,5.555702330196E-1,0.E0));
#462=VECTOR('',#461,1.5E1);
#463=CARTESIAN_POINT('',(1.024720441845E1,8.333553495294E-1,4.5E0));
#464=LINE('',#463,#462);
#465=DIRECTION('',(0.E0,0.E0,-1.E0));
#466=VECTOR('',#465,1.1E1);
#467=CARTESIAN_POINT('',(1.024720441845E1,8.333553495294E-1,1.55E1));
#468=LINE('',#467,#466);
#469=DIRECTION('',(-8.314696123025E-1,-5.555702330196E-1,0.E0));
#470=VECTOR('',#469,1.5E1);
#471=CARTESIAN_POINT('',(2.271924860299E1,9.166908844823E0,1.55E1));
#472=LINE('',#471,#470);
#473=DIRECTION('',(0.E0,0.E0,1.E0));
#474=VECTOR('',#473,2.E1);
#475=CARTESIAN_POINT('',(3.085475480402E1,2.663009577956E1,0.E0));
#476=LINE('',#475,#474);
#477=DIRECTION('',(0.E0,0.E0,1.E0));
#478=VECTOR('',#477,1.1E1);
#479=CARTESIAN_POINT('',(3.028072965547E1,2.524427648079E1,4.5E0));
#480=LINE('',#479,#478);
#481=DIRECTION('',(3.826834323651E-1,9.238795325113E-1,0.E0));
#482=VECTOR('',#481,1.5E1);
#483=CARTESIAN_POINT('',(2.454047816999E1,1.138608349312E1,4.5E0));
#484=LINE('',#483,#482);
#485=DIRECTION('',(0.E0,0.E0,-1.E0));
#486=VECTOR('',#485,1.1E1);
#487=CARTESIAN_POINT('',(2.454047816999E1,1.138608349312E1,1.55E1));
#488=LINE('',#487,#486);
#489=DIRECTION('',(-3.826834323651E-1,-9.238795325113E-1,0.E0));
#490=VECTOR('',#489,1.5E1);
#491=CARTESIAN_POINT('',(3.028072965547E1,2.524427648079E1,1.55E1));
#492=LINE('',#491,#490);
#493=DIRECTION('',(0.E0,0.E0,1.E0));
#494=VECTOR('',#493,2.E1);
#495=CARTESIAN_POINT('',(3.085475480402E1,3.7E1,0.E0));
#496=LINE('',#495,#494);
#497=DIRECTION('',(9.238795325113E-1,-3.826834323651E-1,0.E0));
#498=VECTOR('',#497,1.E0);
#499=CARTESIAN_POINT('',(3.028072965547E1,2.524427648079E1,4.5E0));
#500=LINE('',#499,#498);
#501=DIRECTION('',(9.238795325113E-1,-3.826834323651E-1,0.E0));
#502=VECTOR('',#501,1.E0);
#503=CARTESIAN_POINT('',(2.454047816999E1,1.138608349312E1,4.5E0));
#504=LINE('',#503,#502);
#505=DIRECTION('',(0.E0,0.E0,1.E0));
#506=VECTOR('',#505,1.1E1);
#507=CARTESIAN_POINT('',(3.120460918798E1,2.486159304842E1,4.5E0));
#508=LINE('',#507,#506);
#509=DIRECTION('',(-3.826834323651E-1,-9.238795325113E-1,0.E0));
#510=VECTOR('',#509,1.5E1);
#511=CARTESIAN_POINT('',(3.120460918798E1,2.486159304842E1,1.55E1));
#512=LINE('',#511,#510);
#513=DIRECTION('',(0.E0,0.E0,-1.E0));
#514=VECTOR('',#513,1.1E1);
#515=CARTESIAN_POINT('',(2.546435770250E1,1.100340006075E1,1.55E1));
#516=LINE('',#515,#514);
#517=DIRECTION('',(3.826834323651E-1,9.238795325113E-1,0.E0));
#518=VECTOR('',#517,1.5E1);
#519=CARTESIAN_POINT('',(2.546435770250E1,1.100340006075E1,4.5E0));
#520=LINE('',#519,#518);
#521=DIRECTION('',(-3.826834323651E-1,-9.238795325113E-1,0.E0));
#522=VECTOR('',#521,1.1E1);
#523=CARTESIAN_POINT('',(3.043924232325E1,2.301383398340E1,1.3E1));
#524=LINE('',#523,#522);
#525=DIRECTION('',(0.E0,0.E0,1.E0));
#526=VECTOR('',#525,6.E0);
#527=CARTESIAN_POINT('',(3.043924232325E1,2.301383398340E1,7.E0));
#528=LINE('',#527,#526);
#529=DIRECTION('',(3.826834323651E-1,9.238795325113E-1,0.E0));
#530=VECTOR('',#529,1.1E1);
#531=CARTESIAN_POINT('',(2.622972456723E1,1.285115912578E1,7.E0));
#532=LINE('',#531,#530);
#533=DIRECTION('',(0.E0,0.E0,-1.E0));
#534=VECTOR('',#533,6.E0);
#535=CARTESIAN_POINT('',(2.622972456723E1,1.285115912578E1,1.3E1));
#536=LINE('',#535,#534);
#537=DIRECTION('',(9.238795325113E-1,-3.826834323651E-1,0.E0));
#538=VECTOR('',#537,1.E0);
#539=CARTESIAN_POINT('',(3.028072965547E1,2.524427648079E1,1.55E1));
#540=LINE('',#539,#538);
#541=DIRECTION('',(9.238795325113E-1,-3.826834323651E-1,0.E0));
#542=VECTOR('',#541,1.E0);
#543=CARTESIAN_POINT('',(2.454047816999E1,1.138608349312E1,1.55E1));
#544=LINE('',#543,#542);
#545=DIRECTION('',(9.238795325113E-1,-3.826834323651E-1,0.E0));
#546=VECTOR('',#545,1.E0);
#547=CARTESIAN_POINT('',(3.043924232325E1,2.301383398340E1,1.3E1));
#548=LINE('',#547,#546);
#549=DIRECTION('',(9.238795325113E-1,-3.826834323651E-1,0.E0));
#550=VECTOR('',#549,1.E0);
#551=CARTESIAN_POINT('',(3.043924232325E1,2.301383398340E1,7.E0));
#552=LINE('',#551,#550);
#553=DIRECTION('',(-3.826834323651E-1,-9.238795325113E-1,0.E0));
#554=VECTOR('',#553,1.1E1);
#555=CARTESIAN_POINT('',(3.136312185576E1,2.263115055104E1,1.3E1));
#556=LINE('',#555,#554);
#557=DIRECTION('',(0.E0,0.E0,-1.E0));
#558=VECTOR('',#557,6.E0);
#559=CARTESIAN_POINT('',(2.715360409975E1,1.246847569341E1,1.3E1));
#560=LINE('',#559,#558);
#561=DIRECTION('',(3.826834323651E-1,9.238795325113E-1,0.E0));
#562=VECTOR('',#561,1.1E1);
#563=CARTESIAN_POINT('',(2.715360409975E1,1.246847569341E1,7.E0));
#564=LINE('',#563,#562);
#565=DIRECTION('',(0.E0,0.E0,1.E0));
#566=VECTOR('',#565,6.E0);
#567=CARTESIAN_POINT('',(3.136312185576E1,2.263115055104E1,7.E0));
#568=LINE('',#567,#566);
#569=DIRECTION('',(0.E0,0.E0,1.E0));
#570=VECTOR('',#569,4.E0);
#571=CARTESIAN_POINT('',(3.078909670721E1,2.124533125227E1,8.E0));
#572=LINE('',#571,#570);
#573=DIRECTION('',(3.826834323651E-1,9.238795325113E-1,0.E0));
#574=VECTOR('',#573,8.E0);
#575=CARTESIAN_POINT('',(2.772762924829E1,1.385429499218E1,8.E0));
#576=LINE('',#575,#574);
#577=DIRECTION('',(0.E0,0.E0,-1.E0));
#578=VECTOR('',#577,4.E0);
#579=CARTESIAN_POINT('',(2.772762924829E1,1.385429499218E1,1.2E1));
#580=LINE('',#579,#578);
#581=DIRECTION('',(-3.826834323651E-1,-9.238795325113E-1,0.E0));
#582=VECTOR('',#581,8.E0);
#583=CARTESIAN_POINT('',(3.078909670721E1,2.124533125227E1,1.2E1));
#584=LINE('',#583,#582);
#585=DIRECTION('',(9.238795325113E-1,-3.826834323651E-1,0.E0));
#586=VECTOR('',#585,1.E0);
#587=CARTESIAN_POINT('',(2.622972456723E1,1.285115912578E1,1.3E1));
#588=LINE('',#587,#586);
#589=DIRECTION('',(9.238795325113E-1,-3.826834323651E-1,0.E0));
#590=VECTOR('',#589,1.E0);
#591=CARTESIAN_POINT('',(2.622972456723E1,1.285115912578E1,7.E0));
#592=LINE('',#591,#590);
#593=DIRECTION('',(9.238795325113E-1,-3.826834323651E-1,0.E0));
#594=VECTOR('',#593,1.E0);
#595=CARTESIAN_POINT('',(3.078909670721E1,2.124533125227E1,8.E0));
#596=LINE('',#595,#594);
#597=DIRECTION('',(9.238795325113E-1,-3.826834323651E-1,0.E0));
#598=VECTOR('',#597,1.E0);
#599=CARTESIAN_POINT('',(2.772762924829E1,1.385429499218E1,8.E0));
#600=LINE('',#599,#598);
#601=DIRECTION('',(9.238795325113E-1,-3.826834323651E-1,0.E0));
#602=VECTOR('',#601,1.E0);
#603=CARTESIAN_POINT('',(2.772762924829E1,1.385429499218E1,1.2E1));
#604=LINE('',#603,#602);
#605=DIRECTION('',(9.238795325113E-1,-3.826834323651E-1,0.E0));
#606=VECTOR('',#605,1.E0);
#607=CARTESIAN_POINT('',(3.078909670721E1,2.124533125227E1,1.2E1));
#608=LINE('',#607,#606);
#609=DIRECTION('',(5.555702330196E-1,-8.314696123025E-1,0.E0));
#610=VECTOR('',#609,1.E0);
#611=CARTESIAN_POINT('',(2.271924860299E1,9.166908844823E0,4.5E0));
#612=LINE('',#611,#610);
#613=DIRECTION('',(5.555702330196E-1,-8.314696123025E-1,0.E0));
#614=VECTOR('',#613,1.E0);
#615=CARTESIAN_POINT('',(1.024720441845E1,8.333553495294E-1,4.5E0));
#616=LINE('',#615,#614);
#617=DIRECTION('',(0.E0,0.E0,1.E0));
#618=VECTOR('',#617,1.1E1);
#619=CARTESIAN_POINT('',(2.327481883601E1,8.335439232521E0,4.5E0));
#620=LINE('',#619,#618);
#621=DIRECTION('',(-8.314696123025E-1,-5.555702330196E-1,0.E0));
#622=VECTOR('',#621,1.5E1);
#623=CARTESIAN_POINT('',(2.327481883601E1,8.335439232521E0,1.55E1));
#624=LINE('',#623,#622);
#625=DIRECTION('',(0.E0,0.E0,-1.E0));
#626=VECTOR('',#625,1.1E1);
#627=CARTESIAN_POINT('',(1.080277465147E1,1.885737226836E-3,1.55E1));
#628=LINE('',#627,#626);
#629=DIRECTION('',(8.314696123025E-1,5.555702330196E-1,0.E0));
#630=VECTOR('',#629,1.5E1);
#631=CARTESIAN_POINT('',(1.080277465147E1,1.885737226835E-3,4.5E0));
#632=LINE('',#631,#630);
#633=DIRECTION('',(0.E0,0.E0,1.E0));
#634=VECTOR('',#633,6.E0);
#635=CARTESIAN_POINT('',(2.161187961141E1,7.224298766482E0,7.E0));
#636=LINE('',#635,#634);
#637=DIRECTION('',(8.314696123025E-1,5.555702330196E-1,0.E0));
#638=VECTOR('',#637,1.1E1);
#639=CARTESIAN_POINT('',(1.246571387608E1,1.113026203266E0,7.E0));
#640=LINE('',#639,#638);
#641=DIRECTION('',(0.E0,0.E0,-1.E0));
#642=VECTOR('',#641,6.E0);
#643=CARTESIAN_POINT('',(1.246571387608E1,1.113026203266E0,1.3E1));
#644=LINE('',#643,#642);
#645=DIRECTION('',(-8.314696123025E-1,-5.555702330196E-1,0.E0));
#646=VECTOR('',#645,1.1E1);
#647=CARTESIAN_POINT('',(2.161187961141E1,7.224298766482E0,1.3E1));
#648=LINE('',#647,#646);
#649=DIRECTION('',(5.555702330196E-1,-8.314696123025E-1,0.E0));
#650=VECTOR('',#649,1.E0);
#651=CARTESIAN_POINT('',(2.271924860299E1,9.166908844823E0,1.55E1));
#652=LINE('',#651,#650);
#653=DIRECTION('',(5.555702330196E-1,-8.314696123025E-1,0.E0));
#654=VECTOR('',#653,1.E0);
#655=CARTESIAN_POINT('',(1.024720441845E1,8.333553495294E-1,1.55E1));
#656=LINE('',#655,#654);
#657=DIRECTION('',(5.555702330196E-1,-8.314696123025E-1,0.E0));
#658=VECTOR('',#657,1.E0);
#659=CARTESIAN_POINT('',(2.161187961141E1,7.224298766482E0,7.E0));
#660=LINE('',#659,#658);
#661=DIRECTION('',(5.555702330196E-1,-8.314696123025E-1,0.E0));
#662=VECTOR('',#661,1.E0);
#663=CARTESIAN_POINT('',(1.246571387608E1,1.113026203266E0,7.E0));
#664=LINE('',#663,#662);
#665=DIRECTION('',(0.E0,0.E0,1.E0));
#666=VECTOR('',#665,6.E0);
#667=CARTESIAN_POINT('',(2.216744984443E1,6.392829154179E0,7.E0));
#668=LINE('',#667,#666);
#669=DIRECTION('',(-8.314696123025E-1,-5.555702330196E-1,0.E0));
#670=VECTOR('',#669,1.1E1);
#671=CARTESIAN_POINT('',(2.216744984443E1,6.392829154179E0,1.3E1));
#672=LINE('',#671,#670);
#673=DIRECTION('',(0.E0,0.E0,-1.E0));
#674=VECTOR('',#673,6.E0);
#675=CARTESIAN_POINT('',(1.302128410910E1,2.815565909635E-1,1.3E1));
#676=LINE('',#675,#674);
#677=DIRECTION('',(8.314696123025E-1,5.555702330196E-1,0.E0));
#678=VECTOR('',#677,1.1E1);
#679=CARTESIAN_POINT('',(1.302128410910E1,2.815565909635E-1,7.E0));
#680=LINE('',#679,#678);
#681=DIRECTION('',(0.E0,0.E0,1.E0));
#682=VECTOR('',#681,4.E0);
#683=CARTESIAN_POINT('',(2.092024542597E1,5.559473804650E0,8.E0));
#684=LINE('',#683,#682);
#685=DIRECTION('',(8.314696123025E-1,5.555702330196E-1,0.E0));
#686=VECTOR('',#685,8.E0);
#687=CARTESIAN_POINT('',(1.426848852755E1,1.114911940493E0,8.E0));
#688=LINE('',#687,#686);
#689=DIRECTION('',(0.E0,0.E0,-1.E0));
#690=VECTOR('',#689,4.E0);
#691=CARTESIAN_POINT('',(1.426848852755E1,1.114911940493E0,1.2E1));
#692=LINE('',#691,#690);
#693=DIRECTION('',(-8.314696123025E-1,-5.555702330196E-1,0.E0));
#694=VECTOR('',#693,8.E0);
#695=CARTESIAN_POINT('',(2.092024542597E1,5.559473804650E0,1.2E1));
#696=LINE('',#695,#694);
#697=DIRECTION('',(5.555702330196E-1,-8.314696123025E-1,0.E0));
#698=VECTOR('',#697,1.E0);
#699=CARTESIAN_POINT('',(2.161187961141E1,7.224298766482E0,1.3E1));
#700=LINE('',#699,#698);
#701=DIRECTION('',(5.555702330196E-1,-8.314696123025E-1,0.E0));
#702=VECTOR('',#701,1.E0);
#703=CARTESIAN_POINT('',(1.246571387608E1,1.113026203266E0,1.3E1));
#704=LINE('',#703,#702);
#705=DIRECTION('',(5.555702330196E-1,-8.314696123025E-1,0.E0));
#706=VECTOR('',#705,1.E0);
#707=CARTESIAN_POINT('',(2.092024542597E1,5.559473804650E0,8.E0));
#708=LINE('',#707,#706);
#709=DIRECTION('',(5.555702330196E-1,-8.314696123025E-1,0.E0));
#710=VECTOR('',#709,1.E0);
#711=CARTESIAN_POINT('',(1.426848852755E1,1.114911940493E0,8.E0));
#712=LINE('',#711,#710);
#713=DIRECTION('',(5.555702330196E-1,-8.314696123025E-1,0.E0));
#714=VECTOR('',#713,1.E0);
#715=CARTESIAN_POINT('',(1.426848852755E1,1.114911940493E0,1.2E1));
#716=LINE('',#715,#714);
#717=DIRECTION('',(5.555702330196E-1,-8.314696123025E-1,0.E0));
#718=VECTOR('',#717,1.E0);
#719=CARTESIAN_POINT('',(2.092024542597E1,5.559473804650E0,1.2E1));
#720=LINE('',#719,#718);
#721=DIRECTION('',(0.E0,-1.E0,0.E0));
#722=VECTOR('',#721,1.E0);
#723=CARTESIAN_POINT('',(-5.5E0,0.E0,2.5E0));
#724=LINE('',#723,#722);
#725=DIRECTION('',(0.E0,-1.E0,0.E0));
#726=VECTOR('',#725,1.E0);
#727=CARTESIAN_POINT('',(5.5E0,0.E0,2.5E0));
#728=LINE('',#727,#726);
#729=DIRECTION('',(0.E0,-1.E0,0.E0));
#730=VECTOR('',#729,1.E0);
#731=CARTESIAN_POINT('',(5.5E0,0.E0,1.75E1));
#732=LINE('',#731,#730);
#733=DIRECTION('',(0.E0,-1.E0,0.E0));
#734=VECTOR('',#733,1.E0);
#735=CARTESIAN_POINT('',(-5.5E0,0.E0,1.75E1));
#736=LINE('',#735,#734);
#737=DIRECTION('',(0.E0,0.E0,1.E0));
#738=VECTOR('',#737,1.5E1);
#739=CARTESIAN_POINT('',(-5.5E0,-1.E0,2.5E0));
#740=LINE('',#739,#738);
#741=DIRECTION('',(-1.E0,0.E0,0.E0));
#742=VECTOR('',#741,1.1E1);
#743=CARTESIAN_POINT('',(5.5E0,-1.E0,2.5E0));
#744=LINE('',#743,#742);
#745=DIRECTION('',(0.E0,0.E0,-1.E0));
#746=VECTOR('',#745,1.5E1);
#747=CARTESIAN_POINT('',(5.5E0,-1.E0,1.75E1));
#748=LINE('',#747,#746);
#749=DIRECTION('',(1.E0,0.E0,0.E0));
#750=VECTOR('',#749,1.1E1);
#751=CARTESIAN_POINT('',(-5.5E0,-1.E0,1.75E1));
#752=LINE('',#751,#750);
#753=DIRECTION('',(0.E0,0.E0,1.E0));
#754=VECTOR('',#753,1.1E1);
#755=CARTESIAN_POINT('',(-3.E0,-1.E0,4.5E0));
#756=LINE('',#755,#754);
#757=DIRECTION('',(1.E0,0.E0,0.E0));
#758=VECTOR('',#757,6.E0);
#759=CARTESIAN_POINT('',(-3.E0,-1.E0,1.55E1));
#760=LINE('',#759,#758);
#761=DIRECTION('',(0.E0,0.E0,-1.E0));
#762=VECTOR('',#761,1.1E1);
#763=CARTESIAN_POINT('',(3.E0,-1.E0,1.55E1));
#764=LINE('',#763,#762);
#765=DIRECTION('',(-1.E0,0.E0,0.E0));
#766=VECTOR('',#765,6.E0);
#767=CARTESIAN_POINT('',(3.E0,-1.E0,4.5E0));
#768=LINE('',#767,#766);
#769=DIRECTION('',(0.E0,-1.E0,0.E0));
#770=VECTOR('',#769,1.E0);
#771=CARTESIAN_POINT('',(-3.E0,-1.E0,4.5E0));
#772=LINE('',#771,#770);
#773=DIRECTION('',(0.E0,-1.E0,0.E0));
#774=VECTOR('',#773,1.E0);
#775=CARTESIAN_POINT('',(3.E0,-1.E0,4.5E0));
#776=LINE('',#775,#774);
#777=DIRECTION('',(0.E0,-1.E0,0.E0));
#778=VECTOR('',#777,1.E0);
#779=CARTESIAN_POINT('',(3.E0,-1.E0,1.55E1));
#780=LINE('',#779,#778);
#781=DIRECTION('',(0.E0,-1.E0,0.E0));
#782=VECTOR('',#781,1.E0);
#783=CARTESIAN_POINT('',(-3.E0,-1.E0,1.55E1));
#784=LINE('',#783,#782);
#785=DIRECTION('',(0.E0,0.E0,1.E0));
#786=VECTOR('',#785,1.1E1);
#787=CARTESIAN_POINT('',(-3.E0,-2.E0,4.5E0));
#788=LINE('',#787,#786);
#789=DIRECTION('',(-1.E0,0.E0,0.E0));
#790=VECTOR('',#789,6.E0);
#791=CARTESIAN_POINT('',(3.E0,-2.E0,4.5E0));
#792=LINE('',#791,#790);
#793=DIRECTION('',(0.E0,0.E0,-1.E0));
#794=VECTOR('',#793,1.1E1);
#795=CARTESIAN_POINT('',(3.E0,-2.E0,1.55E1));
#796=LINE('',#795,#794);
#797=DIRECTION('',(1.E0,0.E0,0.E0));
#798=VECTOR('',#797,6.E0);
#799=CARTESIAN_POINT('',(-3.E0,-2.E0,1.55E1));
#800=LINE('',#799,#798);
#801=DIRECTION('',(0.E0,0.E0,1.E0));
#802=VECTOR('',#801,8.E0);
#803=CARTESIAN_POINT('',(-2.E0,-2.E0,6.E0));
#804=LINE('',#803,#802);
#805=DIRECTION('',(1.E0,0.E0,0.E0));
#806=VECTOR('',#805,4.E0);
#807=CARTESIAN_POINT('',(-2.E0,-2.E0,1.4E1));
#808=LINE('',#807,#806);
#809=DIRECTION('',(0.E0,0.E0,-1.E0));
#810=VECTOR('',#809,8.E0);
#811=CARTESIAN_POINT('',(2.E0,-2.E0,1.4E1));
#812=LINE('',#811,#810);
#813=DIRECTION('',(-1.E0,0.E0,0.E0));
#814=VECTOR('',#813,4.E0);
#815=CARTESIAN_POINT('',(2.E0,-2.E0,6.E0));
#816=LINE('',#815,#814);
#817=DIRECTION('',(0.E0,-1.E0,0.E0));
#818=VECTOR('',#817,1.E0);
#819=CARTESIAN_POINT('',(-2.E0,-2.E0,6.E0));
#820=LINE('',#819,#818);
#821=DIRECTION('',(0.E0,-1.E0,0.E0));
#822=VECTOR('',#821,1.E0);
#823=CARTESIAN_POINT('',(-2.E0,-2.E0,1.4E1));
#824=LINE('',#823,#822);
#825=DIRECTION('',(0.E0,-1.E0,0.E0));
#826=VECTOR('',#825,1.E0);
#827=CARTESIAN_POINT('',(2.E0,-2.E0,1.4E1));
#828=LINE('',#827,#826);
#829=DIRECTION('',(0.E0,-1.E0,0.E0));
#830=VECTOR('',#829,1.E0);
#831=CARTESIAN_POINT('',(2.E0,-2.E0,6.E0));
#832=LINE('',#831,#830);
#833=DIRECTION('',(-5.555702330196E-1,-8.314696123025E-1,0.E0));
#834=VECTOR('',#833,1.E0);
#835=CARTESIAN_POINT('',(-2.271924860299E1,9.166908844823E0,4.5E0));
#836=LINE('',#835,#834);
#837=DIRECTION('',(-5.555702330196E-1,-8.314696123025E-1,0.E0));
#838=VECTOR('',#837,1.E0);
#839=CARTESIAN_POINT('',(-1.024720441845E1,8.333553495294E-1,4.5E0));
#840=LINE('',#839,#838);
#841=DIRECTION('',(-5.555702330196E-1,-8.314696123025E-1,0.E0));
#842=VECTOR('',#841,1.E0);
#843=CARTESIAN_POINT('',(-1.024720441845E1,8.333553495294E-1,1.55E1));
#844=LINE('',#843,#842);
#845=DIRECTION('',(-5.555702330196E-1,-8.314696123025E-1,0.E0));
#846=VECTOR('',#845,1.E0);
#847=CARTESIAN_POINT('',(-2.271924860299E1,9.166908844823E0,1.55E1));
#848=LINE('',#847,#846);
#849=DIRECTION('',(0.E0,0.E0,1.E0));
#850=VECTOR('',#849,1.1E1);
#851=CARTESIAN_POINT('',(-2.327481883601E1,8.335439232521E0,4.5E0));
#852=LINE('',#851,#850);
#853=DIRECTION('',(-8.314696123025E-1,5.555702330196E-1,0.E0));
#854=VECTOR('',#853,1.5E1);
#855=CARTESIAN_POINT('',(-1.080277465147E1,1.885737226835E-3,4.5E0));
#856=LINE('',#855,#854);
#857=DIRECTION('',(0.E0,0.E0,-1.E0));
#858=VECTOR('',#857,1.1E1);
#859=CARTESIAN_POINT('',(-1.080277465147E1,1.885737226836E-3,1.55E1));
#860=LINE('',#859,#858);
#861=DIRECTION('',(8.314696123025E-1,-5.555702330196E-1,0.E0));
#862=VECTOR('',#861,1.5E1);
#863=CARTESIAN_POINT('',(-2.327481883601E1,8.335439232521E0,1.55E1));
#864=LINE('',#863,#862);
#865=DIRECTION('',(0.E0,0.E0,1.E0));
#866=VECTOR('',#865,6.E0);
#867=CARTESIAN_POINT('',(-2.161187961141E1,7.224298766482E0,7.E0));
#868=LINE('',#867,#866);
#869=DIRECTION('',(8.314696123025E-1,-5.555702330196E-1,0.E0));
#870=VECTOR('',#869,1.1E1);
#871=CARTESIAN_POINT('',(-2.161187961141E1,7.224298766482E0,1.3E1));
#872=LINE('',#871,#870);
#873=DIRECTION('',(0.E0,0.E0,-1.E0));
#874=VECTOR('',#873,6.E0);
#875=CARTESIAN_POINT('',(-1.246571387608E1,1.113026203266E0,1.3E1));
#876=LINE('',#875,#874);
#877=DIRECTION('',(-8.314696123025E-1,5.555702330196E-1,0.E0));
#878=VECTOR('',#877,1.1E1);
#879=CARTESIAN_POINT('',(-1.246571387608E1,1.113026203266E0,7.E0));
#880=LINE('',#879,#878);
#881=DIRECTION('',(-5.555702330196E-1,-8.314696123025E-1,0.E0));
#882=VECTOR('',#881,1.E0);
#883=CARTESIAN_POINT('',(-2.161187961141E1,7.224298766482E0,7.E0));
#884=LINE('',#883,#882);
#885=DIRECTION('',(-5.555702330196E-1,-8.314696123025E-1,0.E0));
#886=VECTOR('',#885,1.E0);
#887=CARTESIAN_POINT('',(-1.246571387608E1,1.113026203266E0,7.E0));
#888=LINE('',#887,#886);
#889=DIRECTION('',(-5.555702330196E-1,-8.314696123025E-1,0.E0));
#890=VECTOR('',#889,1.E0);
#891=CARTESIAN_POINT('',(-1.246571387608E1,1.113026203266E0,1.3E1));
#892=LINE('',#891,#890);
#893=DIRECTION('',(-5.555702330196E-1,-8.314696123025E-1,0.E0));
#894=VECTOR('',#893,1.E0);
#895=CARTESIAN_POINT('',(-2.161187961141E1,7.224298766482E0,1.3E1));
#896=LINE('',#895,#894);
#897=DIRECTION('',(0.E0,0.E0,1.E0));
#898=VECTOR('',#897,6.E0);
#899=CARTESIAN_POINT('',(-2.216744984443E1,6.392829154179E0,7.E0));
#900=LINE('',#899,#898);
#901=DIRECTION('',(-8.314696123025E-1,5.555702330196E-1,0.E0));
#902=VECTOR('',#901,1.1E1);
#903=CARTESIAN_POINT('',(-1.302128410910E1,2.815565909635E-1,7.E0));
#904=LINE('',#903,#902);
#905=DIRECTION('',(0.E0,0.E0,-1.E0));
#906=VECTOR('',#905,6.E0);
#907=CARTESIAN_POINT('',(-1.302128410910E1,2.815565909635E-1,1.3E1));
#908=LINE('',#907,#906);
#909=DIRECTION('',(8.314696123025E-1,-5.555702330196E-1,0.E0));
#910=VECTOR('',#909,1.1E1);
#911=CARTESIAN_POINT('',(-2.216744984443E1,6.392829154179E0,1.3E1));
#912=LINE('',#911,#910);
#913=DIRECTION('',(0.E0,0.E0,1.E0));
#914=VECTOR('',#913,4.E0);
#915=CARTESIAN_POINT('',(-2.092024542597E1,5.559473804650E0,8.E0));
#916=LINE('',#915,#914);
#917=DIRECTION('',(8.314696123025E-1,-5.555702330196E-1,0.E0));
#918=VECTOR('',#917,8.E0);
#919=CARTESIAN_POINT('',(-2.092024542597E1,5.559473804650E0,1.2E1));
#920=LINE('',#919,#918);
#921=DIRECTION('',(0.E0,0.E0,-1.E0));
#922=VECTOR('',#921,4.E0);
#923=CARTESIAN_POINT('',(-1.426848852755E1,1.114911940493E0,1.2E1));
#924=LINE('',#923,#922);
#925=DIRECTION('',(-8.314696123025E-1,5.555702330196E-1,0.E0));
#926=VECTOR('',#925,8.E0);
#927=CARTESIAN_POINT('',(-1.426848852755E1,1.114911940493E0,8.E0));
#928=LINE('',#927,#926);
#929=DIRECTION('',(-5.555702330196E-1,-8.314696123025E-1,0.E0));
#930=VECTOR('',#929,1.E0);
#931=CARTESIAN_POINT('',(-2.092024542597E1,5.559473804650E0,8.E0));
#932=LINE('',#931,#930);
#933=DIRECTION('',(-5.555702330196E-1,-8.314696123025E-1,0.E0));
#934=VECTOR('',#933,1.E0);
#935=CARTESIAN_POINT('',(-2.092024542597E1,5.559473804650E0,1.2E1));
#936=LINE('',#935,#934);
#937=DIRECTION('',(-5.555702330196E-1,-8.314696123025E-1,0.E0));
#938=VECTOR('',#937,1.E0);
#939=CARTESIAN_POINT('',(-1.426848852755E1,1.114911940493E0,1.2E1));
#940=LINE('',#939,#938);
#941=DIRECTION('',(-5.555702330196E-1,-8.314696123025E-1,0.E0));
#942=VECTOR('',#941,1.E0);
#943=CARTESIAN_POINT('',(-1.426848852755E1,1.114911940493E0,8.E0));
#944=LINE('',#943,#942);
#945=DIRECTION('',(-9.238795325113E-1,-3.826834323651E-1,0.E0));
#946=VECTOR('',#945,1.E0);
#947=CARTESIAN_POINT('',(-3.028072965547E1,2.524427648079E1,4.5E0));
#948=LINE('',#947,#946);
#949=DIRECTION('',(-9.238795325113E-1,-3.826834323651E-1,0.E0));
#950=VECTOR('',#949,1.E0);
#951=CARTESIAN_POINT('',(-2.454047816999E1,1.138608349312E1,4.5E0));
#952=LINE('',#951,#950);
#953=DIRECTION('',(-9.238795325113E-1,-3.826834323651E-1,0.E0));
#954=VECTOR('',#953,1.E0);
#955=CARTESIAN_POINT('',(-2.454047816999E1,1.138608349312E1,1.55E1));
#956=LINE('',#955,#954);
#957=DIRECTION('',(-9.238795325113E-1,-3.826834323651E-1,0.E0));
#958=VECTOR('',#957,1.E0);
#959=CARTESIAN_POINT('',(-3.028072965547E1,2.524427648079E1,1.55E1));
#960=LINE('',#959,#958);
#961=DIRECTION('',(0.E0,0.E0,1.E0));
#962=VECTOR('',#961,1.1E1);
#963=CARTESIAN_POINT('',(-3.120460918798E1,2.486159304842E1,4.5E0));
#964=LINE('',#963,#962);
#965=DIRECTION('',(-3.826834323651E-1,9.238795325113E-1,0.E0));
#966=VECTOR('',#965,1.5E1);
#967=CARTESIAN_POINT('',(-2.546435770250E1,1.100340006075E1,4.5E0));
#968=LINE('',#967,#966);
#969=DIRECTION('',(0.E0,0.E0,-1.E0));
#970=VECTOR('',#969,1.1E1);
#971=CARTESIAN_POINT('',(-2.546435770250E1,1.100340006075E1,1.55E1));
#972=LINE('',#971,#970);
#973=DIRECTION('',(3.826834323651E-1,-9.238795325113E-1,0.E0));
#974=VECTOR('',#973,1.5E1);
#975=CARTESIAN_POINT('',(-3.120460918798E1,2.486159304842E1,1.55E1));
#976=LINE('',#975,#974);
#977=DIRECTION('',(3.826834323651E-1,-9.238795325113E-1,0.E0));
#978=VECTOR('',#977,1.1E1);
#979=CARTESIAN_POINT('',(-3.043924232325E1,2.301383398340E1,1.3E1));
#980=LINE('',#979,#978);
#981=DIRECTION('',(0.E0,0.E0,-1.E0));
#982=VECTOR('',#981,6.E0);
#983=CARTESIAN_POINT('',(-2.622972456723E1,1.285115912578E1,1.3E1));
#984=LINE('',#983,#982);
#985=DIRECTION('',(-3.826834323651E-1,9.238795325113E-1,0.E0));
#986=VECTOR('',#985,1.1E1);
#987=CARTESIAN_POINT('',(-2.622972456723E1,1.285115912578E1,7.E0));
#988=LINE('',#987,#986);
#989=DIRECTION('',(0.E0,0.E0,1.E0));
#990=VECTOR('',#989,6.E0);
#991=CARTESIAN_POINT('',(-3.043924232325E1,2.301383398340E1,7.E0));
#992=LINE('',#991,#990);
#993=DIRECTION('',(-9.238795325113E-1,-3.826834323651E-1,0.E0));
#994=VECTOR('',#993,1.E0);
#995=CARTESIAN_POINT('',(-3.043924232325E1,2.301383398340E1,1.3E1));
#996=LINE('',#995,#994);
#997=DIRECTION('',(-9.238795325113E-1,-3.826834323651E-1,0.E0));
#998=VECTOR('',#997,1.E0);
#999=CARTESIAN_POINT('',(-3.043924232325E1,2.301383398340E1,7.E0));
#1000=LINE('',#999,#998);
#1001=DIRECTION('',(-9.238795325113E-1,-3.826834323651E-1,0.E0));
#1002=VECTOR('',#1001,1.E0);
#1003=CARTESIAN_POINT('',(-2.622972456723E1,1.285115912578E1,7.E0));
#1004=LINE('',#1003,#1002);
#1005=DIRECTION('',(-9.238795325113E-1,-3.826834323651E-1,0.E0));
#1006=VECTOR('',#1005,1.E0);
#1007=CARTESIAN_POINT('',(-2.622972456723E1,1.285115912578E1,1.3E1));
#1008=LINE('',#1007,#1006);
#1009=DIRECTION('',(3.826834323651E-1,-9.238795325113E-1,0.E0));
#1010=VECTOR('',#1009,1.1E1);
#1011=CARTESIAN_POINT('',(-3.136312185576E1,2.263115055104E1,1.3E1));
#1012=LINE('',#1011,#1010);
#1013=DIRECTION('',(0.E0,0.E0,1.E0));
#1014=VECTOR('',#1013,6.E0);
#1015=CARTESIAN_POINT('',(-3.136312185576E1,2.263115055104E1,7.E0));
#1016=LINE('',#1015,#1014);
#1017=DIRECTION('',(-3.826834323651E-1,9.238795325113E-1,0.E0));
#1018=VECTOR('',#1017,1.1E1);
#1019=CARTESIAN_POINT('',(-2.715360409975E1,1.246847569341E1,7.E0));
#1020=LINE('',#1019,#1018);
#1021=DIRECTION('',(0.E0,0.E0,-1.E0));
#1022=VECTOR('',#1021,6.E0);
#1023=CARTESIAN_POINT('',(-2.715360409975E1,1.246847569341E1,1.3E1));
#1024=LINE('',#1023,#1022);
#1025=DIRECTION('',(0.E0,0.E0,1.E0));
#1026=VECTOR('',#1025,4.E0);
#1027=CARTESIAN_POINT('',(-3.078909670721E1,2.124533125227E1,8.E0));
#1028=LINE('',#1027,#1026);
#1029=DIRECTION('',(3.826834323651E-1,-9.238795325113E-1,0.E0));
#1030=VECTOR('',#1029,8.E0);
#1031=CARTESIAN_POINT('',(-3.078909670721E1,2.124533125227E1,1.2E1));
#1032=LINE('',#1031,#1030);
#1033=DIRECTION('',(0.E0,0.E0,-1.E0));
#1034=VECTOR('',#1033,4.E0);
#1035=CARTESIAN_POINT('',(-2.772762924829E1,1.385429499218E1,1.2E1));
#1036=LINE('',#1035,#1034);
#1037=DIRECTION('',(-3.826834323651E-1,9.238795325113E-1,0.E0));
#1038=VECTOR('',#1037,8.E0);
#1039=CARTESIAN_POINT('',(-2.772762924829E1,1.385429499218E1,8.E0));
#1040=LINE('',#1039,#1038);
#1041=DIRECTION('',(-9.238795325113E-1,-3.826834323651E-1,0.E0));
#1042=VECTOR('',#1041,1.E0);
#1043=CARTESIAN_POINT('',(-3.078909670721E1,2.124533125227E1,8.E0));
#1044=LINE('',#1043,#1042);
#1045=DIRECTION('',(-9.238795325113E-1,-3.826834323651E-1,0.E0));
#1046=VECTOR('',#1045,1.E0);
#1047=CARTESIAN_POINT('',(-3.078909670721E1,2.124533125227E1,1.2E1));
#1048=LINE('',#1047,#1046);
#1049=DIRECTION('',(-9.238795325113E-1,-3.826834323651E-1,0.E0));
#1050=VECTOR('',#1049,1.E0);
#1051=CARTESIAN_POINT('',(-2.772762924829E1,1.385429499218E1,1.2E1));
#1052=LINE('',#1051,#1050);
#1053=DIRECTION('',(-9.238795325113E-1,-3.826834323651E-1,0.E0));
#1054=VECTOR('',#1053,1.E0);
#1055=CARTESIAN_POINT('',(-2.772762924829E1,1.385429499218E1,8.E0));
#1056=LINE('',#1055,#1054);
#1057=DIRECTION('',(0.E0,-1.E0,0.E0));
#1058=VECTOR('',#1057,3.E0);
#1059=CARTESIAN_POINT('',(-2.162741699797E1,4.E1,-1.262741699797E1));
#1060=LINE('',#1059,#1058);
#1061=DIRECTION('',(0.E0,-1.E0,0.E0));
#1062=VECTOR('',#1061,3.E0);
#1063=CARTESIAN_POINT('',(-2.362741699797E1,4.E1,-1.262741699797E1));
#1064=LINE('',#1063,#1062);
#1065=DIRECTION('',(0.E0,-1.E0,0.E0));
#1066=VECTOR('',#1065,3.E0);
#1067=CARTESIAN_POINT('',(2.362741699797E1,4.E1,-1.262741699797E1));
#1068=LINE('',#1067,#1066);
#1069=DIRECTION('',(0.E0,-1.E0,0.E0));
#1070=VECTOR('',#1069,3.E0);
#1071=CARTESIAN_POINT('',(2.162741699797E1,4.E1,-1.262741699797E1));
#1072=LINE('',#1071,#1070);
#1073=DIRECTION('',(0.E0,-1.E0,0.E0));
#1074=VECTOR('',#1073,3.E0);
#1075=CARTESIAN_POINT('',(2.362741699797E1,4.E1,3.262741699797E1));
#1076=LINE('',#1075,#1074);
#1077=DIRECTION('',(0.E0,-1.E0,0.E0));
#1078=VECTOR('',#1077,3.E0);
#1079=CARTESIAN_POINT('',(2.162741699797E1,4.E1,3.262741699797E1));
#1080=LINE('',#1079,#1078);
#1081=DIRECTION('',(0.E0,-1.E0,0.E0));
#1082=VECTOR('',#1081,3.E0);
#1083=CARTESIAN_POINT('',(-2.162741699797E1,4.E1,3.262741699797E1));
#1084=LINE('',#1083,#1082);
#1085=DIRECTION('',(0.E0,-1.E0,0.E0));
#1086=VECTOR('',#1085,3.E0);
#1087=CARTESIAN_POINT('',(-2.362741699797E1,4.E1,3.262741699797E1));
#1088=LINE('',#1087,#1086);
#1089=CARTESIAN_POINT('',(-9.E0,0.E0,0.E0));
#1090=CARTESIAN_POINT('',(-2.396645302145E1,1.000026419435E1,0.E0));
#1091=VERTEX_POINT('',#1089);
#1092=VERTEX_POINT('',#1090);
#1093=CARTESIAN_POINT('',(-3.085475480402E1,2.663009577956E1,0.E0));
#1094=VERTEX_POINT('',#1093);
#1095=CARTESIAN_POINT('',(3.085475480402E1,2.663009577956E1,0.E0));
#1096=CARTESIAN_POINT('',(2.396645302145E1,1.000026419435E1,0.E0));
#1097=VERTEX_POINT('',#1095);
#1098=VERTEX_POINT('',#1096);
#1099=CARTESIAN_POINT('',(9.E0,0.E0,0.E0));
#1100=VERTEX_POINT('',#1099);
#1101=CARTESIAN_POINT('',(-9.E0,0.E0,2.E1));
#1102=CARTESIAN_POINT('',(-2.396645302145E1,1.000026419435E1,2.E1));
#1103=VERTEX_POINT('',#1101);
#1104=VERTEX_POINT('',#1102);
#1105=CARTESIAN_POINT('',(-3.085475480402E1,2.663009577956E1,2.E1));
#1106=VERTEX_POINT('',#1105);
#1107=CARTESIAN_POINT('',(3.085475480402E1,2.663009577956E1,2.E1));
#1108=CARTESIAN_POINT('',(2.396645302145E1,1.000026419435E1,2.E1));
#1109=VERTEX_POINT('',#1107);
#1110=VERTEX_POINT('',#1108);
#1111=CARTESIAN_POINT('',(9.E0,0.E0,2.E1));
#1112=VERTEX_POINT('',#1111);
#1113=CARTESIAN_POINT('',(-3.385475480402E1,2.603335867742E1,0.E0));
#1114=CARTESIAN_POINT('',(-2.638983436874E1,8.011446520538E0,0.E0));
#1115=VERTEX_POINT('',#1113);
#1116=VERTEX_POINT('',#1114);
#1117=CARTESIAN_POINT('',(-9.910040050822E0,-3.E0,0.E0));
#1118=VERTEX_POINT('',#1117);
#1119=CARTESIAN_POINT('',(9.910040050822E0,-3.E0,0.E0));
#1120=VERTEX_POINT('',#1119);
#1121=CARTESIAN_POINT('',(2.638983436874E1,8.011446520538E0,0.E0));
#1122=VERTEX_POINT('',#1121);
#1123=CARTESIAN_POINT('',(3.385475480402E1,2.603335867742E1,0.E0));
#1124=VERTEX_POINT('',#1123);
#1125=CARTESIAN_POINT('',(-3.385475480402E1,2.603335867742E1,2.E1));
#1126=CARTESIAN_POINT('',(-2.638983436874E1,8.011446520538E0,2.E1));
#1127=VERTEX_POINT('',#1125);
#1128=VERTEX_POINT('',#1126);
#1129=CARTESIAN_POINT('',(-9.910040050822E0,-3.E0,2.E1));
#1130=VERTEX_POINT('',#1129);
#1131=CARTESIAN_POINT('',(9.910040050822E0,-3.E0,2.E1));
#1132=VERTEX_POINT('',#1131);
#1133=CARTESIAN_POINT('',(2.638983436874E1,8.011446520538E0,2.E1));
#1134=VERTEX_POINT('',#1133);
#1135=CARTESIAN_POINT('',(3.385475480402E1,2.603335867742E1,2.E1));
#1136=VERTEX_POINT('',#1135);
#1137=CARTESIAN_POINT('',(2.930077085334E1,4.E1,1.E1));
#1138=CARTESIAN_POINT('',(-2.930077085334E1,4.E1,1.E1));
#1139=VERTEX_POINT('',#1137);
#1140=VERTEX_POINT('',#1138);
#1141=CARTESIAN_POINT('',(2.930077085334E1,3.7E1,1.E1));
#1142=CARTESIAN_POINT('',(-2.930077085334E1,3.7E1,1.E1));
#1143=VERTEX_POINT('',#1141);
#1144=VERTEX_POINT('',#1142);
#1145=CARTESIAN_POINT('',(-3.385475480402E1,3.7E1,0.E0));
#1146=CARTESIAN_POINT('',(-3.085475480402E1,3.7E1,0.E0));
#1147=VERTEX_POINT('',#1145);
#1148=VERTEX_POINT('',#1146);
#1149=CARTESIAN_POINT('',(3.085475480402E1,3.7E1,0.E0));
#1150=CARTESIAN_POINT('',(3.385475480402E1,3.7E1,-1.122255664434E-14));
#1151=VERTEX_POINT('',#1149);
#1152=VERTEX_POINT('',#1150);
#1153=CARTESIAN_POINT('',(3.385475480402E1,4.E1,-3.250220283130E-14));
#1154=VERTEX_POINT('',#1153);
#1155=CARTESIAN_POINT('',(-3.385475480402E1,4.E1,-1.076159569999E-14));
#1156=VERTEX_POINT('',#1155);
#1157=CARTESIAN_POINT('',(-3.385475480402E1,3.7E1,2.E1));
#1158=CARTESIAN_POINT('',(-3.085475480402E1,3.7E1,2.E1));
#1159=VERTEX_POINT('',#1157);
#1160=VERTEX_POINT('',#1158);
#1161=CARTESIAN_POINT('',(3.085475480402E1,3.7E1,2.E1));
#1162=CARTESIAN_POINT('',(3.385475480402E1,3.7E1,2.E1));
#1163=VERTEX_POINT('',#1161);
#1164=VERTEX_POINT('',#1162);
#1165=CARTESIAN_POINT('',(-3.385475480402E1,4.E1,2.E1));
#1166=VERTEX_POINT('',#1165);
#1167=CARTESIAN_POINT('',(3.385475480402E1,4.E1,2.E1));
#1168=VERTEX_POINT('',#1167);
#1169=CARTESIAN_POINT('',(-5.5E0,-1.E0,2.5E0));
#1170=CARTESIAN_POINT('',(-5.5E0,-1.E0,1.75E1));
#1171=VERTEX_POINT('',#1169);
#1172=VERTEX_POINT('',#1170);
#1173=CARTESIAN_POINT('',(5.5E0,-1.E0,1.75E1));
#1174=VERTEX_POINT('',#1173);
#1175=CARTESIAN_POINT('',(5.5E0,-1.E0,2.5E0));
#1176=VERTEX_POINT('',#1175);
#1177=CARTESIAN_POINT('',(-5.5E0,0.E0,2.5E0));
#1178=CARTESIAN_POINT('',(-5.5E0,0.E0,1.75E1));
#1179=VERTEX_POINT('',#1177);
#1180=VERTEX_POINT('',#1178);
#1181=CARTESIAN_POINT('',(5.5E0,0.E0,1.75E1));
#1182=VERTEX_POINT('',#1181);
#1183=CARTESIAN_POINT('',(5.5E0,0.E0,2.5E0));
#1184=VERTEX_POINT('',#1183);
#1185=CARTESIAN_POINT('',(-2.E0,-3.E0,6.E0));
#1186=CARTESIAN_POINT('',(-2.E0,-3.E0,1.4E1));
#1187=VERTEX_POINT('',#1185);
#1188=VERTEX_POINT('',#1186);
#1189=CARTESIAN_POINT('',(2.E0,-3.E0,1.4E1));
#1190=VERTEX_POINT('',#1189);
#1191=CARTESIAN_POINT('',(2.E0,-3.E0,6.E0));
#1192=VERTEX_POINT('',#1191);
#1193=CARTESIAN_POINT('',(-2.E0,-2.E0,6.E0));
#1194=VERTEX_POINT('',#1193);
#1195=CARTESIAN_POINT('',(-2.E0,-2.E0,1.4E1));
#1196=VERTEX_POINT('',#1195);
#1197=CARTESIAN_POINT('',(2.E0,-2.E0,1.4E1));
#1198=VERTEX_POINT('',#1197);
#1199=CARTESIAN_POINT('',(2.E0,-2.E0,6.E0));
#1200=VERTEX_POINT('',#1199);
#1201=CARTESIAN_POINT('',(-2.327481883601E1,8.335439232521E0,4.5E0));
#1202=CARTESIAN_POINT('',(-2.327481883601E1,8.335439232521E0,1.55E1));
#1203=VERTEX_POINT('',#1201);
#1204=VERTEX_POINT('',#1202);
#1205=CARTESIAN_POINT('',(-1.080277465147E1,1.885737226836E-3,1.55E1));
#1206=VERTEX_POINT('',#1205);
#1207=CARTESIAN_POINT('',(-1.080277465147E1,1.885737226835E-3,4.5E0));
#1208=VERTEX_POINT('',#1207);
#1209=CARTESIAN_POINT('',(-2.271924860299E1,9.166908844823E0,4.5E0));
#1210=CARTESIAN_POINT('',(-2.271924860299E1,9.166908844823E0,1.55E1));
#1211=VERTEX_POINT('',#1209);
#1212=VERTEX_POINT('',#1210);
#1213=CARTESIAN_POINT('',(-1.024720441845E1,8.333553495294E-1,1.55E1));
#1214=VERTEX_POINT('',#1213);
#1215=CARTESIAN_POINT('',(-1.024720441845E1,8.333553495294E-1,4.5E0));
#1216=VERTEX_POINT('',#1215);
#1217=CARTESIAN_POINT('',(-2.147581565899E1,4.728004192347E0,8.E0));
#1218=CARTESIAN_POINT('',(-2.147581565899E1,4.728004192347E0,1.2E1));
#1219=VERTEX_POINT('',#1217);
#1220=VERTEX_POINT('',#1218);
#1221=CARTESIAN_POINT('',(-1.482405876057E1,2.834423281903E-1,1.2E1));
#1222=VERTEX_POINT('',#1221);
#1223=CARTESIAN_POINT('',(-1.482405876057E1,2.834423281903E-1,8.E0));
#1224=VERTEX_POINT('',#1223);
#1225=CARTESIAN_POINT('',(-2.092024542597E1,5.559473804650E0,8.E0));
#1226=VERTEX_POINT('',#1225);
#1227=CARTESIAN_POINT('',(-2.092024542597E1,5.559473804650E0,1.2E1));
#1228=VERTEX_POINT('',#1227);
#1229=CARTESIAN_POINT('',(-1.426848852755E1,1.114911940493E0,1.2E1));
#1230=VERTEX_POINT('',#1229);
#1231=CARTESIAN_POINT('',(-1.426848852755E1,1.114911940493E0,8.E0));
#1232=VERTEX_POINT('',#1231);
#1233=CARTESIAN_POINT('',(-3.120460918798E1,2.486159304842E1,4.5E0));
#1234=CARTESIAN_POINT('',(-3.120460918798E1,2.486159304842E1,1.55E1));
#1235=VERTEX_POINT('',#1233);
#1236=VERTEX_POINT('',#1234);
#1237=CARTESIAN_POINT('',(-2.546435770250E1,1.100340006075E1,1.55E1));
#1238=VERTEX_POINT('',#1237);
#1239=CARTESIAN_POINT('',(-2.546435770250E1,1.100340006075E1,4.5E0));
#1240=VERTEX_POINT('',#1239);
#1241=CARTESIAN_POINT('',(-3.028072965547E1,2.524427648079E1,4.5E0));
#1242=CARTESIAN_POINT('',(-3.028072965547E1,2.524427648079E1,1.55E1));
#1243=VERTEX_POINT('',#1241);
#1244=VERTEX_POINT('',#1242);
#1245=CARTESIAN_POINT('',(-2.454047816999E1,1.138608349312E1,1.55E1));
#1246=VERTEX_POINT('',#1245);
#1247=CARTESIAN_POINT('',(-2.454047816999E1,1.138608349312E1,4.5E0));
#1248=VERTEX_POINT('',#1247);
#1249=CARTESIAN_POINT('',(-3.171297623973E1,2.086264781990E1,8.E0));
#1250=CARTESIAN_POINT('',(-3.171297623973E1,2.086264781990E1,1.2E1));
#1251=VERTEX_POINT('',#1249);
#1252=VERTEX_POINT('',#1250);
#1253=CARTESIAN_POINT('',(-2.865150878081E1,1.347161155981E1,1.2E1));
#1254=VERTEX_POINT('',#1253);
#1255=CARTESIAN_POINT('',(-2.865150878081E1,1.347161155981E1,8.E0));
#1256=VERTEX_POINT('',#1255);
#1257=CARTESIAN_POINT('',(-3.078909670721E1,2.124533125227E1,8.E0));
#1258=VERTEX_POINT('',#1257);
#1259=CARTESIAN_POINT('',(-3.078909670721E1,2.124533125227E1,1.2E1));
#1260=VERTEX_POINT('',#1259);
#1261=CARTESIAN_POINT('',(-2.772762924829E1,1.385429499218E1,1.2E1));
#1262=VERTEX_POINT('',#1261);
#1263=CARTESIAN_POINT('',(-2.772762924829E1,1.385429499218E1,8.E0));
#1264=VERTEX_POINT('',#1263);
#1265=CARTESIAN_POINT('',(-2.162741699797E1,4.E1,-1.262741699797E1));
#1266=CARTESIAN_POINT('',(-2.362741699797E1,4.E1,-1.262741699797E1));
#1267=VERTEX_POINT('',#1265);
#1268=VERTEX_POINT('',#1266);
#1269=CARTESIAN_POINT('',(2.362741699797E1,4.E1,-1.262741699797E1));
#1270=CARTESIAN_POINT('',(2.162741699797E1,4.E1,-1.262741699797E1));
#1271=VERTEX_POINT('',#1269);
#1272=VERTEX_POINT('',#1270);
#1273=CARTESIAN_POINT('',(2.362741699797E1,4.E1,3.262741699797E1));
#1274=CARTESIAN_POINT('',(2.162741699797E1,4.E1,3.262741699797E1));
#1275=VERTEX_POINT('',#1273);
#1276=VERTEX_POINT('',#1274);
#1277=CARTESIAN_POINT('',(-2.162741699797E1,4.E1,3.262741699797E1));
#1278=CARTESIAN_POINT('',(-2.362741699797E1,4.E1,3.262741699797E1));
#1279=VERTEX_POINT('',#1277);
#1280=VERTEX_POINT('',#1278);
#1281=CARTESIAN_POINT('',(-2.162741699797E1,3.7E1,-1.262741699797E1));
#1282=CARTESIAN_POINT('',(-2.362741699797E1,3.7E1,-1.262741699797E1));
#1283=VERTEX_POINT('',#1281);
#1284=VERTEX_POINT('',#1282);
#1285=CARTESIAN_POINT('',(2.362741699797E1,3.7E1,-1.262741699797E1));
#1286=CARTESIAN_POINT('',(2.162741699797E1,3.7E1,-1.262741699797E1));
#1287=VERTEX_POINT('',#1285);
#1288=VERTEX_POINT('',#1286);
#1289=CARTESIAN_POINT('',(2.362741699797E1,3.7E1,3.262741699797E1));
#1290=CARTESIAN_POINT('',(2.162741699797E1,3.7E1,3.262741699797E1));
#1291=VERTEX_POINT('',#1289);
#1292=VERTEX_POINT('',#1290);
#1293=CARTESIAN_POINT('',(-2.162741699797E1,3.7E1,3.262741699797E1));
#1294=CARTESIAN_POINT('',(-2.362741699797E1,3.7E1,3.262741699797E1));
#1295=VERTEX_POINT('',#1293);
#1296=VERTEX_POINT('',#1294);
#1297=CARTESIAN_POINT('',(-2.216744984443E1,6.392829154179E0,7.E0));
#1298=CARTESIAN_POINT('',(-2.216744984443E1,6.392829154179E0,1.3E1));
#1299=VERTEX_POINT('',#1297);
#1300=VERTEX_POINT('',#1298);
#1301=CARTESIAN_POINT('',(-1.302128410910E1,2.815565909635E-1,1.3E1));
#1302=VERTEX_POINT('',#1301);
#1303=CARTESIAN_POINT('',(-1.302128410910E1,2.815565909635E-1,7.E0));
#1304=VERTEX_POINT('',#1303);
#1305=CARTESIAN_POINT('',(-2.161187961141E1,7.224298766482E0,7.E0));
#1306=CARTESIAN_POINT('',(-2.161187961141E1,7.224298766482E0,1.3E1));
#1307=VERTEX_POINT('',#1305);
#1308=VERTEX_POINT('',#1306);
#1309=CARTESIAN_POINT('',(-1.246571387608E1,1.113026203266E0,1.3E1));
#1310=VERTEX_POINT('',#1309);
#1311=CARTESIAN_POINT('',(-1.246571387608E1,1.113026203266E0,7.E0));
#1312=VERTEX_POINT('',#1311);
#1313=CARTESIAN_POINT('',(-3.136312185576E1,2.263115055104E1,1.3E1));
#1314=CARTESIAN_POINT('',(-2.715360409975E1,1.246847569341E1,1.3E1));
#1315=VERTEX_POINT('',#1313);
#1316=VERTEX_POINT('',#1314);
#1317=CARTESIAN_POINT('',(-2.715360409975E1,1.246847569341E1,7.E0));
#1318=VERTEX_POINT('',#1317);
#1319=CARTESIAN_POINT('',(-3.136312185576E1,2.263115055104E1,7.E0));
#1320=VERTEX_POINT('',#1319);
#1321=CARTESIAN_POINT('',(-3.043924232325E1,2.301383398340E1,1.3E1));
#1322=CARTESIAN_POINT('',(-2.622972456723E1,1.285115912578E1,1.3E1));
#1323=VERTEX_POINT('',#1321);
#1324=VERTEX_POINT('',#1322);
#1325=CARTESIAN_POINT('',(-2.622972456723E1,1.285115912578E1,7.E0));
#1326=VERTEX_POINT('',#1325);
#1327=CARTESIAN_POINT('',(-3.043924232325E1,2.301383398340E1,7.E0));
#1328=VERTEX_POINT('',#1327);
#1329=CARTESIAN_POINT('',(-3.E0,-2.E0,4.5E0));
#1330=CARTESIAN_POINT('',(-3.E0,-2.E0,1.55E1));
#1331=VERTEX_POINT('',#1329);
#1332=VERTEX_POINT('',#1330);
#1333=CARTESIAN_POINT('',(3.E0,-2.E0,1.55E1));
#1334=VERTEX_POINT('',#1333);
#1335=CARTESIAN_POINT('',(3.E0,-2.E0,4.5E0));
#1336=VERTEX_POINT('',#1335);
#1337=CARTESIAN_POINT('',(-3.E0,-1.E0,4.5E0));
#1338=CARTESIAN_POINT('',(-3.E0,-1.E0,1.55E1));
#1339=VERTEX_POINT('',#1337);
#1340=VERTEX_POINT('',#1338);
#1341=CARTESIAN_POINT('',(3.E0,-1.E0,1.55E1));
#1342=VERTEX_POINT('',#1341);
#1343=CARTESIAN_POINT('',(3.E0,-1.E0,4.5E0));
#1344=VERTEX_POINT('',#1343);
#1345=CARTESIAN_POINT('',(2.327481883601E1,8.335439232521E0,4.5E0));
#1346=CARTESIAN_POINT('',(2.327481883601E1,8.335439232521E0,1.55E1));
#1347=VERTEX_POINT('',#1345);
#1348=VERTEX_POINT('',#1346);
#1349=CARTESIAN_POINT('',(1.080277465147E1,1.885737226836E-3,1.55E1));
#1350=VERTEX_POINT('',#1349);
#1351=CARTESIAN_POINT('',(1.080277465147E1,1.885737226835E-3,4.5E0));
#1352=VERTEX_POINT('',#1351);
#1353=CARTESIAN_POINT('',(2.271924860299E1,9.166908844823E0,4.5E0));
#1354=VERTEX_POINT('',#1353);
#1355=CARTESIAN_POINT('',(2.271924860299E1,9.166908844823E0,1.55E1));
#1356=VERTEX_POINT('',#1355);
#1357=CARTESIAN_POINT('',(1.024720441845E1,8.333553495294E-1,1.55E1));
#1358=VERTEX_POINT('',#1357);
#1359=CARTESIAN_POINT('',(1.024720441845E1,8.333553495294E-1,4.5E0));
#1360=VERTEX_POINT('',#1359);
#1361=CARTESIAN_POINT('',(2.216744984443E1,6.392829154179E0,7.E0));
#1362=CARTESIAN_POINT('',(2.216744984443E1,6.392829154179E0,1.3E1));
#1363=VERTEX_POINT('',#1361);
#1364=VERTEX_POINT('',#1362);
#1365=CARTESIAN_POINT('',(1.302128410910E1,2.815565909635E-1,1.3E1));
#1366=VERTEX_POINT('',#1365);
#1367=CARTESIAN_POINT('',(1.302128410910E1,2.815565909635E-1,7.E0));
#1368=VERTEX_POINT('',#1367);
#1369=CARTESIAN_POINT('',(2.161187961141E1,7.224298766482E0,7.E0));
#1370=VERTEX_POINT('',#1369);
#1371=CARTESIAN_POINT('',(2.161187961141E1,7.224298766482E0,1.3E1));
#1372=VERTEX_POINT('',#1371);
#1373=CARTESIAN_POINT('',(1.246571387608E1,1.113026203266E0,1.3E1));
#1374=VERTEX_POINT('',#1373);
#1375=CARTESIAN_POINT('',(1.246571387608E1,1.113026203266E0,7.E0));
#1376=VERTEX_POINT('',#1375);
#1377=CARTESIAN_POINT('',(2.092024542597E1,5.559473804650E0,8.E0));
#1378=CARTESIAN_POINT('',(2.147581565899E1,4.728004192347E0,8.E0));
#1379=VERTEX_POINT('',#1377);
#1380=VERTEX_POINT('',#1378);
#1381=CARTESIAN_POINT('',(2.092024542597E1,5.559473804650E0,1.2E1));
#1382=CARTESIAN_POINT('',(2.147581565899E1,4.728004192347E0,1.2E1));
#1383=VERTEX_POINT('',#1381);
#1384=VERTEX_POINT('',#1382);
#1385=CARTESIAN_POINT('',(1.426848852755E1,1.114911940493E0,1.2E1));
#1386=CARTESIAN_POINT('',(1.482405876057E1,2.834423281903E-1,1.2E1));
#1387=VERTEX_POINT('',#1385);
#1388=VERTEX_POINT('',#1386);
#1389=CARTESIAN_POINT('',(1.426848852755E1,1.114911940493E0,8.E0));
#1390=CARTESIAN_POINT('',(1.482405876057E1,2.834423281903E-1,8.E0));
#1391=VERTEX_POINT('',#1389);
#1392=VERTEX_POINT('',#1390);
#1393=CARTESIAN_POINT('',(3.120460918798E1,2.486159304842E1,4.5E0));
#1394=CARTESIAN_POINT('',(3.120460918798E1,2.486159304842E1,1.55E1));
#1395=VERTEX_POINT('',#1393);
#1396=VERTEX_POINT('',#1394);
#1397=CARTESIAN_POINT('',(2.546435770250E1,1.100340006075E1,1.55E1));
#1398=VERTEX_POINT('',#1397);
#1399=CARTESIAN_POINT('',(2.546435770250E1,1.100340006075E1,4.5E0));
#1400=VERTEX_POINT('',#1399);
#1401=CARTESIAN_POINT('',(3.028072965547E1,2.524427648079E1,4.5E0));
#1402=VERTEX_POINT('',#1401);
#1403=CARTESIAN_POINT('',(3.028072965547E1,2.524427648079E1,1.55E1));
#1404=VERTEX_POINT('',#1403);
#1405=CARTESIAN_POINT('',(2.454047816999E1,1.138608349312E1,1.55E1));
#1406=VERTEX_POINT('',#1405);
#1407=CARTESIAN_POINT('',(2.454047816999E1,1.138608349312E1,4.5E0));
#1408=VERTEX_POINT('',#1407);
#1409=CARTESIAN_POINT('',(3.136312185576E1,2.263115055104E1,1.3E1));
#1410=CARTESIAN_POINT('',(2.715360409975E1,1.246847569341E1,1.3E1));
#1411=VERTEX_POINT('',#1409);
#1412=VERTEX_POINT('',#1410);
#1413=CARTESIAN_POINT('',(2.715360409975E1,1.246847569341E1,7.E0));
#1414=VERTEX_POINT('',#1413);
#1415=CARTESIAN_POINT('',(3.136312185576E1,2.263115055104E1,7.E0));
#1416=VERTEX_POINT('',#1415);
#1417=CARTESIAN_POINT('',(3.043924232325E1,2.301383398340E1,1.3E1));
#1418=VERTEX_POINT('',#1417);
#1419=CARTESIAN_POINT('',(2.622972456723E1,1.285115912578E1,1.3E1));
#1420=VERTEX_POINT('',#1419);
#1421=CARTESIAN_POINT('',(2.622972456723E1,1.285115912578E1,7.E0));
#1422=VERTEX_POINT('',#1421);
#1423=CARTESIAN_POINT('',(3.043924232325E1,2.301383398340E1,7.E0));
#1424=VERTEX_POINT('',#1423);
#1425=CARTESIAN_POINT('',(3.078909670721E1,2.124533125227E1,8.E0));
#1426=CARTESIAN_POINT('',(3.171297623973E1,2.086264781990E1,8.E0));
#1427=VERTEX_POINT('',#1425);
#1428=VERTEX_POINT('',#1426);
#1429=CARTESIAN_POINT('',(3.078909670721E1,2.124533125227E1,1.2E1));
#1430=CARTESIAN_POINT('',(3.171297623973E1,2.086264781990E1,1.2E1));
#1431=VERTEX_POINT('',#1429);
#1432=VERTEX_POINT('',#1430);
#1433=CARTESIAN_POINT('',(2.772762924829E1,1.385429499218E1,1.2E1));
#1434=CARTESIAN_POINT('',(2.865150878081E1,1.347161155981E1,1.2E1));
#1435=VERTEX_POINT('',#1433);
#1436=VERTEX_POINT('',#1434);
#1437=CARTESIAN_POINT('',(2.772762924829E1,1.385429499218E1,8.E0));
#1438=CARTESIAN_POINT('',(2.865150878081E1,1.347161155981E1,8.E0));
#1439=VERTEX_POINT('',#1437);
#1440=VERTEX_POINT('',#1438);
#1441=CARTESIAN_POINT('',(0.E0,0.E0,0.E0));
#1442=DIRECTION('',(0.E0,0.E0,1.E0));
#1443=DIRECTION('',(1.E0,0.E0,0.E0));
#1444=AXIS2_PLACEMENT_3D('',#1441,#1442,#1443);
#1445=PLANE('',#1444);
#1447=ORIENTED_EDGE('',*,*,#1446,.F.);
#1449=ORIENTED_EDGE('',*,*,#1448,.T.);
#1451=ORIENTED_EDGE('',*,*,#1450,.T.);
#1453=ORIENTED_EDGE('',*,*,#1452,.T.);
#1455=ORIENTED_EDGE('',*,*,#1454,.T.);
#1457=ORIENTED_EDGE('',*,*,#1456,.T.);
#1459=ORIENTED_EDGE('',*,*,#1458,.T.);
#1461=ORIENTED_EDGE('',*,*,#1460,.T.);
#1463=ORIENTED_EDGE('',*,*,#1462,.F.);
#1465=ORIENTED_EDGE('',*,*,#1464,.T.);
#1467=ORIENTED_EDGE('',*,*,#1466,.T.);
#1469=ORIENTED_EDGE('',*,*,#1468,.T.);
#1471=ORIENTED_EDGE('',*,*,#1470,.T.);
#1473=ORIENTED_EDGE('',*,*,#1472,.T.);
#1475=ORIENTED_EDGE('',*,*,#1474,.T.);
#1477=ORIENTED_EDGE('',*,*,#1476,.T.);
#1478=EDGE_LOOP('',(#1447,#1449,#1451,#1453,#1455,#1457,#1459,#1461,#1463,#1465,
#1467,#1469,#1471,#1473,#1475,#1477));
#1479=FACE_OUTER_BOUND('',#1478,.F.);
#1480=ADVANCED_FACE('',(#1479),#1445,.F.);
#1481=CARTESIAN_POINT('',(0.E0,3.7E1,0.E0));
#1482=DIRECTION('',(0.E0,1.E0,0.E0));
#1483=DIRECTION('',(1.E0,0.E0,0.E0));
#1484=AXIS2_PLACEMENT_3D('',#1481,#1482,#1483);
#1485=PLANE('',#1484);
#1486=ORIENTED_EDGE('',*,*,#1446,.T.);
#1488=ORIENTED_EDGE('',*,*,#1487,.T.);
#1490=ORIENTED_EDGE('',*,*,#1489,.F.);
#1492=ORIENTED_EDGE('',*,*,#1491,.T.);
#1494=ORIENTED_EDGE('',*,*,#1493,.F.);
#1496=ORIENTED_EDGE('',*,*,#1495,.F.);
#1497=ORIENTED_EDGE('',*,*,#1462,.T.);
#1499=ORIENTED_EDGE('',*,*,#1498,.T.);
#1500=EDGE_LOOP('',(#1486,#1488,#1490,#1492,#1494,#1496,#1497,#1499));
#1501=FACE_OUTER_BOUND('',#1500,.F.);
#1503=ORIENTED_EDGE('',*,*,#1502,.T.);
#1505=ORIENTED_EDGE('',*,*,#1504,.T.);
#1506=EDGE_LOOP('',(#1503,#1505));
#1507=FACE_BOUND('',#1506,.F.);
#1509=ORIENTED_EDGE('',*,*,#1508,.F.);
#1511=ORIENTED_EDGE('',*,*,#1510,.F.);
#1512=EDGE_LOOP('',(#1509,#1511));
#1513=FACE_BOUND('',#1512,.F.);
#1515=ORIENTED_EDGE('',*,*,#1514,.F.);
#1517=ORIENTED_EDGE('',*,*,#1516,.F.);
#1518=EDGE_LOOP('',(#1515,#1517));
#1519=FACE_BOUND('',#1518,.F.);
#1521=ORIENTED_EDGE('',*,*,#1520,.F.);
#1523=ORIENTED_EDGE('',*,*,#1522,.F.);
#1524=EDGE_LOOP('',(#1521,#1523));
#1525=FACE_BOUND('',#1524,.F.);
#1527=ORIENTED_EDGE('',*,*,#1526,.F.);
#1529=ORIENTED_EDGE('',*,*,#1528,.F.);
#1530=EDGE_LOOP('',(#1527,#1529));
#1531=FACE_BOUND('',#1530,.F.);
#1532=ADVANCED_FACE('',(#1501,#1507,#1513,#1519,#1525,#1531),#1485,.F.);
#1533=CARTESIAN_POINT('',(0.E0,4.E1,1.E1));
#1534=DIRECTION('',(0.E0,1.E0,0.E0));
#1535=DIRECTION('',(1.E0,0.E0,0.E0));
#1536=AXIS2_PLACEMENT_3D('',#1533,#1534,#1535);
#1537=CYLINDRICAL_SURFACE('',#1536,2.930077085334E1);
#1539=ORIENTED_EDGE('',*,*,#1538,.T.);
#1541=ORIENTED_EDGE('',*,*,#1540,.T.);
#1542=ORIENTED_EDGE('',*,*,#1502,.F.);
#1544=ORIENTED_EDGE('',*,*,#1543,.F.);
#1545=EDGE_LOOP('',(#1539,#1541,#1542,#1544));
#1546=FACE_OUTER_BOUND('',#1545,.F.);
#1547=ADVANCED_FACE('',(#1546),#1537,.F.);
#1548=CARTESIAN_POINT('',(-3.085475480402E1,4.E1,0.E0));
#1549=DIRECTION('',(0.E0,1.E0,0.E0));
#1550=DIRECTION('',(-1.E0,0.E0,0.E0));
#1551=AXIS2_PLACEMENT_3D('',#1548,#1549,#1550);
#1552=PLANE('',#1551);
#1554=ORIENTED_EDGE('',*,*,#1553,.F.);
#1556=ORIENTED_EDGE('',*,*,#1555,.T.);
#1558=ORIENTED_EDGE('',*,*,#1557,.F.);
#1560=ORIENTED_EDGE('',*,*,#1559,.F.);
#1561=EDGE_LOOP('',(#1554,#1556,#1558,#1560));
#1562=FACE_OUTER_BOUND('',#1561,.F.);
#1563=ORIENTED_EDGE('',*,*,#1538,.F.);
#1565=ORIENTED_EDGE('',*,*,#1564,.F.);
#1566=EDGE_LOOP('',(#1563,#1565));
#1567=FACE_BOUND('',#1566,.F.);
#1569=ORIENTED_EDGE('',*,*,#1568,.T.);
#1571=ORIENTED_EDGE('',*,*,#1570,.T.);
#1572=EDGE_LOOP('',(#1569,#1571));
#1573=FACE_BOUND('',#1572,.F.);
#1575=ORIENTED_EDGE('',*,*,#1574,.T.);
#1577=ORIENTED_EDGE('',*,*,#1576,.T.);
#1578=EDGE_LOOP('',(#1575,#1577));
#1579=FACE_BOUND('',#1578,.F.);
#1581=ORIENTED_EDGE('',*,*,#1580,.T.);
#1583=ORIENTED_EDGE('',*,*,#1582,.T.);
#1584=EDGE_LOOP('',(#1581,#1583));
#1585=FACE_BOUND('',#1584,.F.);
#1587=ORIENTED_EDGE('',*,*,#1586,.T.);
#1589=ORIENTED_EDGE('',*,*,#1588,.T.);
#1590=EDGE_LOOP('',(#1587,#1589));
#1591=FACE_BOUND('',#1590,.F.);
#1592=ADVANCED_FACE('',(#1562,#1567,#1573,#1579,#1585,#1591),#1552,.T.);
#1593=CARTESIAN_POINT('',(0.E0,4.E1,1.E1));
#1594=DIRECTION('',(0.E0,1.E0,0.E0));
#1595=DIRECTION('',(1.E0,0.E0,0.E0));
#1596=AXIS2_PLACEMENT_3D('',#1593,#1594,#1595);
#1597=CYLINDRICAL_SURFACE('',#1596,2.930077085334E1);
#1598=ORIENTED_EDGE('',*,*,#1564,.T.);
#1599=ORIENTED_EDGE('',*,*,#1543,.T.);
#1600=ORIENTED_EDGE('',*,*,#1504,.F.);
#1601=ORIENTED_EDGE('',*,*,#1540,.F.);
#1602=EDGE_LOOP('',(#1598,#1599,#1600,#1601));
#1603=FACE_OUTER_BOUND('',#1602,.F.);
#1604=ADVANCED_FACE('',(#1603),#1597,.F.);
#1605=CARTESIAN_POINT('',(0.E0,4.E1,1.E1));
#1606=DIRECTION('',(0.E0,1.E0,0.E0));
#1607=DIRECTION('',(1.E0,0.E0,0.E0));
#1608=AXIS2_PLACEMENT_3D('',#1605,#1606,#1607);
#1609=CYLINDRICAL_SURFACE('',#1608,3.530077085334E1);
#1611=ORIENTED_EDGE('',*,*,#1610,.F.);
#1612=ORIENTED_EDGE('',*,*,#1553,.T.);
#1614=ORIENTED_EDGE('',*,*,#1613,.F.);
#1615=ORIENTED_EDGE('',*,*,#1498,.F.);
#1616=EDGE_LOOP('',(#1611,#1612,#1614,#1615));
#1617=FACE_OUTER_BOUND('',#1616,.F.);
#1618=ADVANCED_FACE('',(#1617),#1609,.T.);
#1619=CARTESIAN_POINT('',(3.385475480402E1,2.603335867742E1,0.E0));
#1620=DIRECTION('',(1.E0,0.E0,0.E0));
#1621=DIRECTION('',(0.E0,1.E0,0.E0));
#1622=AXIS2_PLACEMENT_3D('',#1619,#1620,#1621);
#1623=PLANE('',#1622);
#1624=ORIENTED_EDGE('',*,*,#1610,.T.);
#1625=ORIENTED_EDGE('',*,*,#1460,.F.);
#1627=ORIENTED_EDGE('',*,*,#1626,.T.);
#1629=ORIENTED_EDGE('',*,*,#1628,.T.);
#1631=ORIENTED_EDGE('',*,*,#1630,.T.);
#1632=ORIENTED_EDGE('',*,*,#1555,.F.);
#1633=EDGE_LOOP('',(#1624,#1625,#1627,#1629,#1631,#1632));
#1634=FACE_OUTER_BOUND('',#1633,.F.);
#1635=ADVANCED_FACE('',(#1634),#1623,.T.);
#1636=CARTESIAN_POINT('',(2.638983436874E1,8.011446520538E0,0.E0));
#1637=DIRECTION('',(9.238795325113E-1,-3.826834323651E-1,0.E0));
#1638=DIRECTION('',(3.826834323651E-1,9.238795325113E-1,0.E0));
#1639=AXIS2_PLACEMENT_3D('',#1636,#1637,#1638);
#1640=PLANE('',#1639);
#1641=ORIENTED_EDGE('',*,*,#1458,.F.);
#1643=ORIENTED_EDGE('',*,*,#1642,.T.);
#1645=ORIENTED_EDGE('',*,*,#1644,.T.);
#1646=ORIENTED_EDGE('',*,*,#1626,.F.);
#1647=EDGE_LOOP('',(#1641,#1643,#1645,#1646));
#1648=FACE_OUTER_BOUND('',#1647,.F.);
#1650=ORIENTED_EDGE('',*,*,#1649,.T.);
#1652=ORIENTED_EDGE('',*,*,#1651,.T.);
#1654=ORIENTED_EDGE('',*,*,#1653,.T.);
#1656=ORIENTED_EDGE('',*,*,#1655,.T.);
#1657=EDGE_LOOP('',(#1650,#1652,#1654,#1656));
#1658=FACE_BOUND('',#1657,.F.);
#1659=ADVANCED_FACE('',(#1648,#1658),#1640,.T.);
#1660=CARTESIAN_POINT('',(9.910040050822E0,-3.E0,0.E0));
#1661=DIRECTION('',(5.555702330196E-1,-8.314696123025E-1,0.E0));
#1662=DIRECTION('',(8.314696123025E-1,5.555702330196E-1,0.E0));
#1663=AXIS2_PLACEMENT_3D('',#1660,#1661,#1662);
#1664=PLANE('',#1663);
#1665=ORIENTED_EDGE('',*,*,#1456,.F.);
#1667=ORIENTED_EDGE('',*,*,#1666,.T.);
#1669=ORIENTED_EDGE('',*,*,#1668,.T.);
#1670=ORIENTED_EDGE('',*,*,#1642,.F.);
#1671=EDGE_LOOP('',(#1665,#1667,#1669,#1670));
#1672=FACE_OUTER_BOUND('',#1671,.F.);
#1674=ORIENTED_EDGE('',*,*,#1673,.T.);
#1676=ORIENTED_EDGE('',*,*,#1675,.T.);
#1678=ORIENTED_EDGE('',*,*,#1677,.T.);
#1680=ORIENTED_EDGE('',*,*,#1679,.T.);
#1681=EDGE_LOOP('',(#1674,#1676,#1678,#1680));
#1682=FACE_BOUND('',#1681,.F.);
#1683=ADVANCED_FACE('',(#1672,#1682),#1664,.T.);
#1684=CARTESIAN_POINT('',(-9.910040050822E0,-3.E0,0.E0));
#1685=DIRECTION('',(0.E0,-1.E0,0.E0));
#1686=DIRECTION('',(1.E0,0.E0,0.E0));
#1687=AXIS2_PLACEMENT_3D('',#1684,#1685,#1686);
#1688=PLANE('',#1687);
#1689=ORIENTED_EDGE('',*,*,#1454,.F.);
#1691=ORIENTED_EDGE('',*,*,#1690,.T.);
#1693=ORIENTED_EDGE('',*,*,#1692,.T.);
#1694=ORIENTED_EDGE('',*,*,#1666,.F.);
#1695=EDGE_LOOP('',(#1689,#1691,#1693,#1694));
#1696=FACE_OUTER_BOUND('',#1695,.F.);
#1698=ORIENTED_EDGE('',*,*,#1697,.F.);
#1700=ORIENTED_EDGE('',*,*,#1699,.F.);
#1702=ORIENTED_EDGE('',*,*,#1701,.F.);
#1704=ORIENTED_EDGE('',*,*,#1703,.F.);
#1705=EDGE_LOOP('',(#1698,#1700,#1702,#1704));
#1706=FACE_BOUND('',#1705,.F.);
#1707=ADVANCED_FACE('',(#1696,#1706),#1688,.T.);
#1708=CARTESIAN_POINT('',(-2.638983436874E1,8.011446520538E0,0.E0));
#1709=DIRECTION('',(-5.555702330196E-1,-8.314696123025E-1,0.E0));
#1710=DIRECTION('',(8.314696123025E-1,-5.555702330196E-1,0.E0));
#1711=AXIS2_PLACEMENT_3D('',#1708,#1709,#1710);
#1712=PLANE('',#1711);
#1713=ORIENTED_EDGE('',*,*,#1452,.F.);
#1715=ORIENTED_EDGE('',*,*,#1714,.T.);
#1717=ORIENTED_EDGE('',*,*,#1716,.T.);
#1718=ORIENTED_EDGE('',*,*,#1690,.F.);
#1719=EDGE_LOOP('',(#1713,#1715,#1717,#1718));
#1720=FACE_OUTER_BOUND('',#1719,.F.);
#1722=ORIENTED_EDGE('',*,*,#1721,.F.);
#1724=ORIENTED_EDGE('',*,*,#1723,.F.);
#1726=ORIENTED_EDGE('',*,*,#1725,.F.);
#1728=ORIENTED_EDGE('',*,*,#1727,.F.);
#1729=EDGE_LOOP('',(#1722,#1724,#1726,#1728));
#1730=FACE_BOUND('',#1729,.F.);
#1731=ADVANCED_FACE('',(#1720,#1730),#1712,.T.);
#1732=CARTESIAN_POINT('',(-3.385475480402E1,2.603335867742E1,0.E0));
#1733=DIRECTION('',(-9.238795325113E-1,-3.826834323651E-1,0.E0));
#1734=DIRECTION('',(3.826834323651E-1,-9.238795325113E-1,0.E0));
#1735=AXIS2_PLACEMENT_3D('',#1732,#1733,#1734);
#1736=PLANE('',#1735);
#1737=ORIENTED_EDGE('',*,*,#1450,.F.);
#1739=ORIENTED_EDGE('',*,*,#1738,.T.);
#1741=ORIENTED_EDGE('',*,*,#1740,.T.);
#1742=ORIENTED_EDGE('',*,*,#1714,.F.);
#1743=EDGE_LOOP('',(#1737,#1739,#1741,#1742));
#1744=FACE_OUTER_BOUND('',#1743,.F.);
#1746=ORIENTED_EDGE('',*,*,#1745,.F.);
#1748=ORIENTED_EDGE('',*,*,#1747,.F.);
#1750=ORIENTED_EDGE('',*,*,#1749,.F.);
#1752=ORIENTED_EDGE('',*,*,#1751,.F.);
#1753=EDGE_LOOP('',(#1746,#1748,#1750,#1752));
#1754=FACE_BOUND('',#1753,.F.);
#1755=ADVANCED_FACE('',(#1744,#1754),#1736,.T.);
#1756=CARTESIAN_POINT('',(-3.385475480402E1,4.E1,0.E0));
#1757=DIRECTION('',(-1.E0,0.E0,0.E0));
#1758=DIRECTION('',(0.E0,-1.E0,0.E0));
#1759=AXIS2_PLACEMENT_3D('',#1756,#1757,#1758);
#1760=PLANE('',#1759);
#1761=ORIENTED_EDGE('',*,*,#1613,.T.);
#1762=ORIENTED_EDGE('',*,*,#1559,.T.);
#1764=ORIENTED_EDGE('',*,*,#1763,.F.);
#1766=ORIENTED_EDGE('',*,*,#1765,.T.);
#1767=ORIENTED_EDGE('',*,*,#1738,.F.);
#1768=ORIENTED_EDGE('',*,*,#1448,.F.);
#1769=EDGE_LOOP('',(#1761,#1762,#1764,#1766,#1767,#1768));
#1770=FACE_OUTER_BOUND('',#1769,.F.);
#1771=ADVANCED_FACE('',(#1770),#1760,.T.);
#1772=CARTESIAN_POINT('',(0.E0,4.E1,1.E1));
#1773=DIRECTION('',(0.E0,1.E0,0.E0));
#1774=DIRECTION('',(1.E0,0.E0,0.E0));
#1775=AXIS2_PLACEMENT_3D('',#1772,#1773,#1774);
#1776=CYLINDRICAL_SURFACE('',#1775,3.530077085334E1);
#1777=ORIENTED_EDGE('',*,*,#1763,.T.);
#1778=ORIENTED_EDGE('',*,*,#1557,.T.);
#1779=ORIENTED_EDGE('',*,*,#1630,.F.);
#1780=ORIENTED_EDGE('',*,*,#1491,.F.);
#1781=EDGE_LOOP('',(#1777,#1778,#1779,#1780));
#1782=FACE_OUTER_BOUND('',#1781,.F.);
#1783=ADVANCED_FACE('',(#1782),#1776,.T.);
#1784=CARTESIAN_POINT('',(0.E0,0.E0,2.E1));
#1785=DIRECTION('',(0.E0,0.E0,1.E0));
#1786=DIRECTION('',(1.E0,0.E0,0.E0));
#1787=AXIS2_PLACEMENT_3D('',#1784,#1785,#1786);
#1788=PLANE('',#1787);
#1789=ORIENTED_EDGE('',*,*,#1489,.T.);
#1791=ORIENTED_EDGE('',*,*,#1790,.F.);
#1793=ORIENTED_EDGE('',*,*,#1792,.F.);
#1795=ORIENTED_EDGE('',*,*,#1794,.F.);
#1797=ORIENTED_EDGE('',*,*,#1796,.F.);
#1799=ORIENTED_EDGE('',*,*,#1798,.F.);
#1801=ORIENTED_EDGE('',*,*,#1800,.F.);
#1803=ORIENTED_EDGE('',*,*,#1802,.F.);
#1804=ORIENTED_EDGE('',*,*,#1493,.T.);
#1805=ORIENTED_EDGE('',*,*,#1628,.F.);
#1806=ORIENTED_EDGE('',*,*,#1644,.F.);
#1807=ORIENTED_EDGE('',*,*,#1668,.F.);
#1808=ORIENTED_EDGE('',*,*,#1692,.F.);
#1809=ORIENTED_EDGE('',*,*,#1716,.F.);
#1810=ORIENTED_EDGE('',*,*,#1740,.F.);
#1811=ORIENTED_EDGE('',*,*,#1765,.F.);
#1812=EDGE_LOOP('',(#1789,#1791,#1793,#1795,#1797,#1799,#1801,#1803,#1804,#1805,
#1806,#1807,#1808,#1809,#1810,#1811));
#1813=FACE_OUTER_BOUND('',#1812,.F.);
#1814=ADVANCED_FACE('',(#1813),#1788,.T.);
#1815=CARTESIAN_POINT('',(-3.085475480402E1,2.663009577956E1,0.E0));
#1816=DIRECTION('',(1.E0,0.E0,0.E0));
#1817=DIRECTION('',(0.E0,1.E0,0.E0));
#1818=AXIS2_PLACEMENT_3D('',#1815,#1816,#1817);
#1819=PLANE('',#1818);
#1820=ORIENTED_EDGE('',*,*,#1487,.F.);
#1821=ORIENTED_EDGE('',*,*,#1476,.F.);
#1823=ORIENTED_EDGE('',*,*,#1822,.T.);
#1824=ORIENTED_EDGE('',*,*,#1790,.T.);
#1825=EDGE_LOOP('',(#1820,#1821,#1823,#1824));
#1826=FACE_OUTER_BOUND('',#1825,.F.);
#1827=ADVANCED_FACE('',(#1826),#1819,.T.);
#1828=CARTESIAN_POINT('',(-2.396645302145E1,1.000026419435E1,0.E0));
#1829=DIRECTION('',(9.238795325113E-1,3.826834323651E-1,0.E0));
#1830=DIRECTION('',(-3.826834323651E-1,9.238795325113E-1,0.E0));
#1831=AXIS2_PLACEMENT_3D('',#1828,#1829,#1830);
#1832=PLANE('',#1831);
#1833=ORIENTED_EDGE('',*,*,#1474,.F.);
#1835=ORIENTED_EDGE('',*,*,#1834,.T.);
#1836=ORIENTED_EDGE('',*,*,#1792,.T.);
#1837=ORIENTED_EDGE('',*,*,#1822,.F.);
#1838=EDGE_LOOP('',(#1833,#1835,#1836,#1837));
#1839=FACE_OUTER_BOUND('',#1838,.F.);
#1841=ORIENTED_EDGE('',*,*,#1840,.T.);
#1843=ORIENTED_EDGE('',*,*,#1842,.T.);
#1845=ORIENTED_EDGE('',*,*,#1844,.T.);
#1847=ORIENTED_EDGE('',*,*,#1846,.T.);
#1848=EDGE_LOOP('',(#1841,#1843,#1845,#1847));
#1849=FACE_BOUND('',#1848,.F.);
#1850=ADVANCED_FACE('',(#1839,#1849),#1832,.T.);
#1851=CARTESIAN_POINT('',(-9.E0,0.E0,0.E0));
#1852=DIRECTION('',(5.555702330196E-1,8.314696123025E-1,0.E0));
#1853=DIRECTION('',(-8.314696123025E-1,5.555702330196E-1,0.E0));
#1854=AXIS2_PLACEMENT_3D('',#1851,#1852,#1853);
#1855=PLANE('',#1854);
#1856=ORIENTED_EDGE('',*,*,#1472,.F.);
#1858=ORIENTED_EDGE('',*,*,#1857,.T.);
#1859=ORIENTED_EDGE('',*,*,#1794,.T.);
#1860=ORIENTED_EDGE('',*,*,#1834,.F.);
#1861=EDGE_LOOP('',(#1856,#1858,#1859,#1860));
#1862=FACE_OUTER_BOUND('',#1861,.F.);
#1864=ORIENTED_EDGE('',*,*,#1863,.T.);
#1866=ORIENTED_EDGE('',*,*,#1865,.T.);
#1868=ORIENTED_EDGE('',*,*,#1867,.T.);
#1870=ORIENTED_EDGE('',*,*,#1869,.T.);
#1871=EDGE_LOOP('',(#1864,#1866,#1868,#1870));
#1872=FACE_BOUND('',#1871,.F.);
#1873=ADVANCED_FACE('',(#1862,#1872),#1855,.T.);
#1874=CARTESIAN_POINT('',(9.E0,0.E0,0.E0));
#1875=DIRECTION('',(0.E0,1.E0,0.E0));
#1876=DIRECTION('',(-1.E0,0.E0,0.E0));
#1877=AXIS2_PLACEMENT_3D('',#1874,#1875,#1876);
#1878=PLANE('',#1877);
#1879=ORIENTED_EDGE('',*,*,#1470,.F.);
#1881=ORIENTED_EDGE('',*,*,#1880,.T.);
#1882=ORIENTED_EDGE('',*,*,#1796,.T.);
#1883=ORIENTED_EDGE('',*,*,#1857,.F.);
#1884=EDGE_LOOP('',(#1879,#1881,#1882,#1883));
#1885=FACE_OUTER_BOUND('',#1884,.F.);
#1887=ORIENTED_EDGE('',*,*,#1886,.T.);
#1889=ORIENTED_EDGE('',*,*,#1888,.T.);
#1891=ORIENTED_EDGE('',*,*,#1890,.T.);
#1893=ORIENTED_EDGE('',*,*,#1892,.T.);
#1894=EDGE_LOOP('',(#1887,#1889,#1891,#1893));
#1895=FACE_BOUND('',#1894,.F.);
#1896=ADVANCED_FACE('',(#1885,#1895),#1878,.T.);
#1897=CARTESIAN_POINT('',(2.396645302145E1,1.000026419435E1,0.E0));
#1898=DIRECTION('',(-5.555702330196E-1,8.314696123025E-1,0.E0));
#1899=DIRECTION('',(-8.314696123025E-1,-5.555702330196E-1,0.E0));
#1900=AXIS2_PLACEMENT_3D('',#1897,#1898,#1899);
#1901=PLANE('',#1900);
#1902=ORIENTED_EDGE('',*,*,#1468,.F.);
#1904=ORIENTED_EDGE('',*,*,#1903,.T.);
#1905=ORIENTED_EDGE('',*,*,#1798,.T.);
#1906=ORIENTED_EDGE('',*,*,#1880,.F.);
#1907=EDGE_LOOP('',(#1902,#1904,#1905,#1906));
#1908=FACE_OUTER_BOUND('',#1907,.F.);
#1910=ORIENTED_EDGE('',*,*,#1909,.F.);
#1912=ORIENTED_EDGE('',*,*,#1911,.F.);
#1914=ORIENTED_EDGE('',*,*,#1913,.F.);
#1916=ORIENTED_EDGE('',*,*,#1915,.F.);
#1917=EDGE_LOOP('',(#1910,#1912,#1914,#1916));
#1918=FACE_BOUND('',#1917,.F.);
#1919=ADVANCED_FACE('',(#1908,#1918),#1901,.T.);
#1920=CARTESIAN_POINT('',(3.085475480402E1,2.663009577956E1,0.E0));
#1921=DIRECTION('',(-9.238795325113E-1,3.826834323651E-1,0.E0));
#1922=DIRECTION('',(-3.826834323651E-1,-9.238795325113E-1,0.E0));
#1923=AXIS2_PLACEMENT_3D('',#1920,#1921,#1922);
#1924=PLANE('',#1923);
#1925=ORIENTED_EDGE('',*,*,#1466,.F.);
#1927=ORIENTED_EDGE('',*,*,#1926,.T.);
#1928=ORIENTED_EDGE('',*,*,#1800,.T.);
#1929=ORIENTED_EDGE('',*,*,#1903,.F.);
#1930=EDGE_LOOP('',(#1925,#1927,#1928,#1929));
#1931=FACE_OUTER_BOUND('',#1930,.F.);
#1933=ORIENTED_EDGE('',*,*,#1932,.F.);
#1935=ORIENTED_EDGE('',*,*,#1934,.F.);
#1937=ORIENTED_EDGE('',*,*,#1936,.F.);
#1939=ORIENTED_EDGE('',*,*,#1938,.F.);
#1940=EDGE_LOOP('',(#1933,#1935,#1937,#1939));
#1941=FACE_BOUND('',#1940,.F.);
#1942=ADVANCED_FACE('',(#1931,#1941),#1924,.T.);
#1943=CARTESIAN_POINT('',(3.085475480402E1,4.E1,0.E0));
#1944=DIRECTION('',(-1.E0,0.E0,0.E0));
#1945=DIRECTION('',(0.E0,-1.E0,0.E0));
#1946=AXIS2_PLACEMENT_3D('',#1943,#1944,#1945);
#1947=PLANE('',#1946);
#1948=ORIENTED_EDGE('',*,*,#1495,.T.);
#1949=ORIENTED_EDGE('',*,*,#1802,.T.);
#1950=ORIENTED_EDGE('',*,*,#1926,.F.);
#1951=ORIENTED_EDGE('',*,*,#1464,.F.);
#1952=EDGE_LOOP('',(#1948,#1949,#1950,#1951));
#1953=FACE_OUTER_BOUND('',#1952,.F.);
#1954=ADVANCED_FACE('',(#1953),#1947,.T.);
#1955=CARTESIAN_POINT('',(3.028072965547E1,2.524427648079E1,4.5E0));
#1956=DIRECTION('',(-3.826834323651E-1,-9.238795325113E-1,0.E0));
#1957=DIRECTION('',(0.E0,0.E0,1.E0));
#1958=AXIS2_PLACEMENT_3D('',#1955,#1956,#1957);
#1959=PLANE('',#1958);
#1961=ORIENTED_EDGE('',*,*,#1960,.F.);
#1962=ORIENTED_EDGE('',*,*,#1932,.T.);
#1964=ORIENTED_EDGE('',*,*,#1963,.T.);
#1966=ORIENTED_EDGE('',*,*,#1965,.F.);
#1967=EDGE_LOOP('',(#1961,#1962,#1964,#1966));
#1968=FACE_OUTER_BOUND('',#1967,.F.);
#1969=ADVANCED_FACE('',(#1968),#1959,.T.);
#1970=CARTESIAN_POINT('',(2.454047816999E1,1.138608349312E1,4.5E0));
#1971=DIRECTION('',(0.E0,0.E0,1.E0));
#1972=DIRECTION('',(3.826834323651E-1,9.238795325113E-1,0.E0));
#1973=AXIS2_PLACEMENT_3D('',#1970,#1971,#1972);
#1974=PLANE('',#1973);
#1975=ORIENTED_EDGE('',*,*,#1960,.T.);
#1977=ORIENTED_EDGE('',*,*,#1976,.F.);
#1979=ORIENTED_EDGE('',*,*,#1978,.F.);
#1980=ORIENTED_EDGE('',*,*,#1934,.T.);
#1981=EDGE_LOOP('',(#1975,#1977,#1979,#1980));
#1982=FACE_OUTER_BOUND('',#1981,.F.);
#1983=ADVANCED_FACE('',(#1982),#1974,.T.);
#1984=CARTESIAN_POINT('',(1.784489945672E1,-7.391599374157E0,0.E0));
#1985=DIRECTION('',(9.238795325113E-1,-3.826834323651E-1,0.E0));
#1986=DIRECTION('',(-3.826834323651E-1,-9.238795325113E-1,0.E0));
#1987=AXIS2_PLACEMENT_3D('',#1984,#1985,#1986);
#1988=PLANE('',#1987);
#1989=ORIENTED_EDGE('',*,*,#1965,.T.);
#1991=ORIENTED_EDGE('',*,*,#1990,.T.);
#1993=ORIENTED_EDGE('',*,*,#1992,.T.);
#1994=ORIENTED_EDGE('',*,*,#1976,.T.);
#1995=EDGE_LOOP('',(#1989,#1991,#1993,#1994));
#1996=FACE_OUTER_BOUND('',#1995,.F.);
#1998=ORIENTED_EDGE('',*,*,#1997,.F.);
#2000=ORIENTED_EDGE('',*,*,#1999,.F.);
#2002=ORIENTED_EDGE('',*,*,#2001,.F.);
#2004=ORIENTED_EDGE('',*,*,#2003,.F.);
#2005=EDGE_LOOP('',(#1998,#2000,#2002,#2004));
#2006=FACE_BOUND('',#2005,.F.);
#2007=ADVANCED_FACE('',(#1996,#2006),#1988,.F.);
#2008=CARTESIAN_POINT('',(3.028072965547E1,2.524427648079E1,1.55E1));
#2009=DIRECTION('',(0.E0,0.E0,-1.E0));
#2010=DIRECTION('',(-3.826834323651E-1,-9.238795325113E-1,0.E0));
#2011=AXIS2_PLACEMENT_3D('',#2008,#2009,#2010);
#2012=PLANE('',#2011);
#2013=ORIENTED_EDGE('',*,*,#1963,.F.);
#2014=ORIENTED_EDGE('',*,*,#1938,.T.);
#2016=ORIENTED_EDGE('',*,*,#2015,.T.);
#2017=ORIENTED_EDGE('',*,*,#1990,.F.);
#2018=EDGE_LOOP('',(#2013,#2014,#2016,#2017));
#2019=FACE_OUTER_BOUND('',#2018,.F.);
#2020=ADVANCED_FACE('',(#2019),#2012,.T.);
#2021=CARTESIAN_POINT('',(2.454047816999E1,1.138608349312E1,1.55E1));
#2022=DIRECTION('',(3.826834323651E-1,9.238795325113E-1,0.E0));
#2023=DIRECTION('',(0.E0,0.E0,-1.E0));
#2024=AXIS2_PLACEMENT_3D('',#2021,#2022,#2023);
#2025=PLANE('',#2024);
#2026=ORIENTED_EDGE('',*,*,#2015,.F.);
#2027=ORIENTED_EDGE('',*,*,#1936,.T.);
#2028=ORIENTED_EDGE('',*,*,#1978,.T.);
#2029=ORIENTED_EDGE('',*,*,#1992,.F.);
#2030=EDGE_LOOP('',(#2026,#2027,#2028,#2029));
#2031=FACE_OUTER_BOUND('',#2030,.F.);
#2032=ADVANCED_FACE('',(#2031),#2025,.T.);
#2033=CARTESIAN_POINT('',(3.043924232325E1,2.301383398340E1,1.3E1));
#2034=DIRECTION('',(0.E0,0.E0,-1.E0));
#2035=DIRECTION('',(-3.826834323651E-1,-9.238795325113E-1,0.E0));
#2036=AXIS2_PLACEMENT_3D('',#2033,#2034,#2035);
#2037=PLANE('',#2036);
#2039=ORIENTED_EDGE('',*,*,#2038,.F.);
#2040=ORIENTED_EDGE('',*,*,#1997,.T.);
#2042=ORIENTED_EDGE('',*,*,#2041,.T.);
#2044=ORIENTED_EDGE('',*,*,#2043,.F.);
#2045=EDGE_LOOP('',(#2039,#2040,#2042,#2044));
#2046=FACE_OUTER_BOUND('',#2045,.F.);
#2047=ADVANCED_FACE('',(#2046),#2037,.T.);
#2048=CARTESIAN_POINT('',(3.043924232325E1,2.301383398340E1,7.E0));
#2049=DIRECTION('',(-3.826834323651E-1,-9.238795325113E-1,0.E0));
#2050=DIRECTION('',(0.E0,0.E0,1.E0));
#2051=AXIS2_PLACEMENT_3D('',#2048,#2049,#2050);
#2052=PLANE('',#2051);
#2053=ORIENTED_EDGE('',*,*,#2038,.T.);
#2055=ORIENTED_EDGE('',*,*,#2054,.F.);
#2057=ORIENTED_EDGE('',*,*,#2056,.F.);
#2058=ORIENTED_EDGE('',*,*,#1999,.T.);
#2059=EDGE_LOOP('',(#2053,#2055,#2057,#2058));
#2060=FACE_OUTER_BOUND('',#2059,.F.);
#2061=ADVANCED_FACE('',(#2060),#2052,.T.);
#2062=CARTESIAN_POINT('',(1.876877898923E1,-7.774282806522E0,0.E0));
#2063=DIRECTION('',(9.238795325113E-1,-3.826834323651E-1,0.E0));
#2064=DIRECTION('',(0.E0,0.E0,-1.E0));
#2065=AXIS2_PLACEMENT_3D('',#2062,#2063,#2064);
#2066=PLANE('',#2065);
#2067=ORIENTED_EDGE('',*,*,#2043,.T.);
#2069=ORIENTED_EDGE('',*,*,#2068,.T.);
#2071=ORIENTED_EDGE('',*,*,#2070,.T.);
#2072=ORIENTED_EDGE('',*,*,#2054,.T.);
#2073=EDGE_LOOP('',(#2067,#2069,#2071,#2072));
#2074=FACE_OUTER_BOUND('',#2073,.F.);
#2076=ORIENTED_EDGE('',*,*,#2075,.F.);
#2078=ORIENTED_EDGE('',*,*,#2077,.F.);
#2080=ORIENTED_EDGE('',*,*,#2079,.F.);
#2082=ORIENTED_EDGE('',*,*,#2081,.F.);
#2083=EDGE_LOOP('',(#2076,#2078,#2080,#2082));
#2084=FACE_BOUND('',#2083,.F.);
#2085=ADVANCED_FACE('',(#2074,#2084),#2066,.F.);
#2086=CARTESIAN_POINT('',(2.622972456723E1,1.285115912578E1,1.3E1));
#2087=DIRECTION('',(3.826834323651E-1,9.238795325113E-1,0.E0));
#2088=DIRECTION('',(0.E0,0.E0,-1.E0));
#2089=AXIS2_PLACEMENT_3D('',#2086,#2087,#2088);
#2090=PLANE('',#2089);
#2091=ORIENTED_EDGE('',*,*,#2041,.F.);
#2092=ORIENTED_EDGE('',*,*,#2003,.T.);
#2094=ORIENTED_EDGE('',*,*,#2093,.T.);
#2095=ORIENTED_EDGE('',*,*,#2068,.F.);
#2096=EDGE_LOOP('',(#2091,#2092,#2094,#2095));
#2097=FACE_OUTER_BOUND('',#2096,.F.);
#2098=ADVANCED_FACE('',(#2097),#2090,.T.);
#2099=CARTESIAN_POINT('',(2.622972456723E1,1.285115912578E1,7.E0));
#2100=DIRECTION('',(0.E0,0.E0,1.E0));
#2101=DIRECTION('',(3.826834323651E-1,9.238795325113E-1,0.E0));
#2102=AXIS2_PLACEMENT_3D('',#2099,#2100,#2101);
#2103=PLANE('',#2102);
#2104=ORIENTED_EDGE('',*,*,#2093,.F.);
#2105=ORIENTED_EDGE('',*,*,#2001,.T.);
#2106=ORIENTED_EDGE('',*,*,#2056,.T.);
#2107=ORIENTED_EDGE('',*,*,#2070,.F.);
#2108=EDGE_LOOP('',(#2104,#2105,#2106,#2107));
#2109=FACE_OUTER_BOUND('',#2108,.F.);
#2110=ADVANCED_FACE('',(#2109),#2103,.T.);
#2111=CARTESIAN_POINT('',(2.986521717470E1,2.162801468463E1,8.E0));
#2112=DIRECTION('',(-3.826834323651E-1,-9.238795325113E-1,0.E0));
#2113=DIRECTION('',(0.E0,0.E0,1.E0));
#2114=AXIS2_PLACEMENT_3D('',#2111,#2112,#2113);
#2115=PLANE('',#2114);
#2117=ORIENTED_EDGE('',*,*,#2116,.F.);
#2118=ORIENTED_EDGE('',*,*,#2075,.T.);
#2120=ORIENTED_EDGE('',*,*,#2119,.T.);
#2121=ORIENTED_EDGE('',*,*,#1649,.F.);
#2122=EDGE_LOOP('',(#2117,#2118,#2120,#2121));
#2123=FACE_OUTER_BOUND('',#2122,.F.);
#2124=ADVANCED_FACE('',(#2123),#2115,.T.);
#2125=CARTESIAN_POINT('',(2.680374971578E1,1.423697842454E1,8.E0));
#2126=DIRECTION('',(0.E0,0.E0,1.E0));
#2127=DIRECTION('',(3.826834323651E-1,9.238795325113E-1,0.E0));
#2128=AXIS2_PLACEMENT_3D('',#2125,#2126,#2127);
#2129=PLANE('',#2128);
#2130=ORIENTED_EDGE('',*,*,#2116,.T.);
#2131=ORIENTED_EDGE('',*,*,#1655,.F.);
#2133=ORIENTED_EDGE('',*,*,#2132,.F.);
#2134=ORIENTED_EDGE('',*,*,#2077,.T.);
#2135=EDGE_LOOP('',(#2130,#2131,#2133,#2134));
#2136=FACE_OUTER_BOUND('',#2135,.F.);
#2137=ADVANCED_FACE('',(#2136),#2129,.T.);
#2138=CARTESIAN_POINT('',(2.680374971578E1,1.423697842454E1,1.2E1));
#2139=DIRECTION('',(3.826834323651E-1,9.238795325113E-1,0.E0));
#2140=DIRECTION('',(0.E0,0.E0,-1.E0));
#2141=AXIS2_PLACEMENT_3D('',#2138,#2139,#2140);
#2142=PLANE('',#2141);
#2144=ORIENTED_EDGE('',*,*,#2143,.F.);
#2145=ORIENTED_EDGE('',*,*,#2079,.T.);
#2146=ORIENTED_EDGE('',*,*,#2132,.T.);
#2147=ORIENTED_EDGE('',*,*,#1653,.F.);
#2148=EDGE_LOOP('',(#2144,#2145,#2146,#2147));
#2149=FACE_OUTER_BOUND('',#2148,.F.);
#2150=ADVANCED_FACE('',(#2149),#2142,.T.);
#2151=CARTESIAN_POINT('',(2.986521717470E1,2.162801468463E1,1.2E1));
#2152=DIRECTION('',(0.E0,0.E0,-1.E0));
#2153=DIRECTION('',(-3.826834323651E-1,-9.238795325113E-1,0.E0));
#2154=AXIS2_PLACEMENT_3D('',#2151,#2152,#2153);
#2155=PLANE('',#2154);
#2156=ORIENTED_EDGE('',*,*,#2119,.F.);
#2157=ORIENTED_EDGE('',*,*,#2081,.T.);
#2158=ORIENTED_EDGE('',*,*,#2143,.T.);
#2159=ORIENTED_EDGE('',*,*,#1651,.F.);
#2160=EDGE_LOOP('',(#2156,#2157,#2158,#2159));
#2161=FACE_OUTER_BOUND('',#2160,.F.);
#2162=ADVANCED_FACE('',(#2161),#2155,.T.);
#2163=CARTESIAN_POINT('',(2.271924860299E1,9.166908844823E0,4.5E0));
#2164=DIRECTION('',(-8.314696123025E-1,-5.555702330196E-1,0.E0));
#2165=DIRECTION('',(0.E0,0.E0,1.E0));
#2166=AXIS2_PLACEMENT_3D('',#2163,#2164,#2165);
#2167=PLANE('',#2166);
#2169=ORIENTED_EDGE('',*,*,#2168,.F.);
#2170=ORIENTED_EDGE('',*,*,#1909,.T.);
#2172=ORIENTED_EDGE('',*,*,#2171,.T.);
#2174=ORIENTED_EDGE('',*,*,#2173,.F.);
#2175=EDGE_LOOP('',(#2169,#2170,#2172,#2174));
#2176=FACE_OUTER_BOUND('',#2175,.F.);
#2177=ADVANCED_FACE('',(#2176),#2167,.T.);
#2178=CARTESIAN_POINT('',(1.024720441845E1,8.333553495294E-1,4.5E0));
#2179=DIRECTION('',(0.E0,0.E0,1.E0));
#2180=DIRECTION('',(8.314696123025E-1,5.555702330196E-1,0.E0));
#2181=AXIS2_PLACEMENT_3D('',#2178,#2179,#2180);
#2182=PLANE('',#2181);
#2183=ORIENTED_EDGE('',*,*,#2168,.T.);
#2185=ORIENTED_EDGE('',*,*,#2184,.F.);
#2187=ORIENTED_EDGE('',*,*,#2186,.F.);
#2188=ORIENTED_EDGE('',*,*,#1911,.T.);
#2189=EDGE_LOOP('',(#2183,#2185,#2187,#2188));
#2190=FACE_OUTER_BOUND('',#2189,.F.);
#2191=ADVANCED_FACE('',(#2190),#2182,.T.);
#2192=CARTESIAN_POINT('',(3.333494787377E0,-4.988927508603E0,0.E0));
#2193=DIRECTION('',(5.555702330196E-1,-8.314696123025E-1,0.E0));
#2194=DIRECTION('',(-8.314696123025E-1,-5.555702330196E-1,0.E0));
#2195=AXIS2_PLACEMENT_3D('',#2192,#2193,#2194);
#2196=PLANE('',#2195);
#2197=ORIENTED_EDGE('',*,*,#2173,.T.);
#2199=ORIENTED_EDGE('',*,*,#2198,.T.);
#2201=ORIENTED_EDGE('',*,*,#2200,.T.);
#2202=ORIENTED_EDGE('',*,*,#2184,.T.);
#2203=EDGE_LOOP('',(#2197,#2199,#2201,#2202));
#2204=FACE_OUTER_BOUND('',#2203,.F.);
#2206=ORIENTED_EDGE('',*,*,#2205,.F.);
#2208=ORIENTED_EDGE('',*,*,#2207,.F.);
#2210=ORIENTED_EDGE('',*,*,#2209,.F.);
#2212=ORIENTED_EDGE('',*,*,#2211,.F.);
#2213=EDGE_LOOP('',(#2206,#2208,#2210,#2212));
#2214=FACE_BOUND('',#2213,.F.);
#2215=ADVANCED_FACE('',(#2204,#2214),#2196,.F.);
#2216=CARTESIAN_POINT('',(2.271924860299E1,9.166908844823E0,1.55E1));
#2217=DIRECTION('',(0.E0,0.E0,-1.E0));
#2218=DIRECTION('',(-8.314696123025E-1,-5.555702330196E-1,0.E0));
#2219=AXIS2_PLACEMENT_3D('',#2216,#2217,#2218);
#2220=PLANE('',#2219);
#2221=ORIENTED_EDGE('',*,*,#2171,.F.);
#2222=ORIENTED_EDGE('',*,*,#1915,.T.);
#2224=ORIENTED_EDGE('',*,*,#2223,.T.);
#2225=ORIENTED_EDGE('',*,*,#2198,.F.);
#2226=EDGE_LOOP('',(#2221,#2222,#2224,#2225));
#2227=FACE_OUTER_BOUND('',#2226,.F.);
#2228=ADVANCED_FACE('',(#2227),#2220,.T.);
#2229=CARTESIAN_POINT('',(1.024720441845E1,8.333553495294E-1,1.55E1));
#2230=DIRECTION('',(8.314696123025E-1,5.555702330196E-1,0.E0));
#2231=DIRECTION('',(0.E0,0.E0,-1.E0));
#2232=AXIS2_PLACEMENT_3D('',#2229,#2230,#2231);
#2233=PLANE('',#2232);
#2234=ORIENTED_EDGE('',*,*,#2223,.F.);
#2235=ORIENTED_EDGE('',*,*,#1913,.T.);
#2236=ORIENTED_EDGE('',*,*,#2186,.T.);
#2237=ORIENTED_EDGE('',*,*,#2200,.F.);
#2238=EDGE_LOOP('',(#2234,#2235,#2236,#2237));
#2239=FACE_OUTER_BOUND('',#2238,.F.);
#2240=ADVANCED_FACE('',(#2239),#2233,.T.);
#2241=CARTESIAN_POINT('',(2.161187961141E1,7.224298766482E0,7.E0));
#2242=DIRECTION('',(-8.314696123025E-1,-5.555702330196E-1,0.E0));
#2243=DIRECTION('',(0.E0,0.E0,1.E0));
#2244=AXIS2_PLACEMENT_3D('',#2241,#2242,#2243);
#2245=PLANE('',#2244);
#2247=ORIENTED_EDGE('',*,*,#2246,.F.);
#2248=ORIENTED_EDGE('',*,*,#2205,.T.);
#2250=ORIENTED_EDGE('',*,*,#2249,.T.);
#2252=ORIENTED_EDGE('',*,*,#2251,.F.);
#2253=EDGE_LOOP('',(#2247,#2248,#2250,#2252));
#2254=FACE_OUTER_BOUND('',#2253,.F.);
#2255=ADVANCED_FACE('',(#2254),#2245,.T.);
#2256=CARTESIAN_POINT('',(1.246571387608E1,1.113026203266E0,7.E0));
#2257=DIRECTION('',(0.E0,0.E0,1.E0));
#2258=DIRECTION('',(8.314696123025E-1,5.555702330196E-1,0.E0));
#2259=AXIS2_PLACEMENT_3D('',#2256,#2257,#2258);
#2260=PLANE('',#2259);
#2261=ORIENTED_EDGE('',*,*,#2246,.T.);
#2263=ORIENTED_EDGE('',*,*,#2262,.F.);
#2265=ORIENTED_EDGE('',*,*,#2264,.F.);
#2266=ORIENTED_EDGE('',*,*,#2207,.T.);
#2267=EDGE_LOOP('',(#2261,#2263,#2265,#2266));
#2268=FACE_OUTER_BOUND('',#2267,.F.);
#2269=ADVANCED_FACE('',(#2268),#2260,.T.);
#2270=CARTESIAN_POINT('',(3.889065020396E0,-5.820397120906E0,0.E0));
#2271=DIRECTION('',(5.555702330196E-1,-8.314696123025E-1,0.E0));
#2272=DIRECTION('',(-8.314696123025E-1,-5.555702330196E-1,0.E0));
#2273=AXIS2_PLACEMENT_3D('',#2270,#2271,#2272);
#2274=PLANE('',#2273);
#2275=ORIENTED_EDGE('',*,*,#2251,.T.);
#2277=ORIENTED_EDGE('',*,*,#2276,.T.);
#2279=ORIENTED_EDGE('',*,*,#2278,.T.);
#2280=ORIENTED_EDGE('',*,*,#2262,.T.);
#2281=EDGE_LOOP('',(#2275,#2277,#2279,#2280));
#2282=FACE_OUTER_BOUND('',#2281,.F.);
#2284=ORIENTED_EDGE('',*,*,#2283,.F.);
#2286=ORIENTED_EDGE('',*,*,#2285,.F.);
#2288=ORIENTED_EDGE('',*,*,#2287,.F.);
#2290=ORIENTED_EDGE('',*,*,#2289,.F.);
#2291=EDGE_LOOP('',(#2284,#2286,#2288,#2290));
#2292=FACE_BOUND('',#2291,.F.);
#2293=ADVANCED_FACE('',(#2282,#2292),#2274,.F.);
#2294=CARTESIAN_POINT('',(2.161187961141E1,7.224298766482E0,1.3E1));
#2295=DIRECTION('',(0.E0,0.E0,-1.E0));
#2296=DIRECTION('',(-8.314696123025E-1,-5.555702330196E-1,0.E0));
#2297=AXIS2_PLACEMENT_3D('',#2294,#2295,#2296);
#2298=PLANE('',#2297);
#2299=ORIENTED_EDGE('',*,*,#2249,.F.);
#2300=ORIENTED_EDGE('',*,*,#2211,.T.);
#2302=ORIENTED_EDGE('',*,*,#2301,.T.);
#2303=ORIENTED_EDGE('',*,*,#2276,.F.);
#2304=EDGE_LOOP('',(#2299,#2300,#2302,#2303));
#2305=FACE_OUTER_BOUND('',#2304,.F.);
#2306=ADVANCED_FACE('',(#2305),#2298,.T.);
#2307=CARTESIAN_POINT('',(1.246571387608E1,1.113026203266E0,1.3E1));
#2308=DIRECTION('',(8.314696123025E-1,5.555702330196E-1,0.E0));
#2309=DIRECTION('',(0.E0,0.E0,-1.E0));
#2310=AXIS2_PLACEMENT_3D('',#2307,#2308,#2309);
#2311=PLANE('',#2310);
#2312=ORIENTED_EDGE('',*,*,#2301,.F.);
#2313=ORIENTED_EDGE('',*,*,#2209,.T.);
#2314=ORIENTED_EDGE('',*,*,#2264,.T.);
#2315=ORIENTED_EDGE('',*,*,#2278,.F.);
#2316=EDGE_LOOP('',(#2312,#2313,#2314,#2315));
#2317=FACE_OUTER_BOUND('',#2316,.F.);
#2318=ADVANCED_FACE('',(#2317),#2311,.T.);
#2319=CARTESIAN_POINT('',(2.036467519295E1,6.390943416952E0,8.E0));
#2320=DIRECTION('',(-8.314696123025E-1,-5.555702330196E-1,0.E0));
#2321=DIRECTION('',(0.E0,0.E0,1.E0));
#2322=AXIS2_PLACEMENT_3D('',#2319,#2320,#2321);
#2323=PLANE('',#2322);
#2325=ORIENTED_EDGE('',*,*,#2324,.F.);
#2326=ORIENTED_EDGE('',*,*,#2283,.T.);
#2328=ORIENTED_EDGE('',*,*,#2327,.T.);
#2329=ORIENTED_EDGE('',*,*,#1673,.F.);
#2330=EDGE_LOOP('',(#2325,#2326,#2328,#2329));
#2331=FACE_OUTER_BOUND('',#2330,.F.);
#2332=ADVANCED_FACE('',(#2331),#2323,.T.);
#2333=CARTESIAN_POINT('',(1.371291829453E1,1.946381552795E0,8.E0));
#2334=DIRECTION('',(0.E0,0.E0,1.E0));
#2335=DIRECTION('',(8.314696123025E-1,5.555702330196E-1,0.E0));
#2336=AXIS2_PLACEMENT_3D('',#2333,#2334,#2335);
#2337=PLANE('',#2336);
#2338=ORIENTED_EDGE('',*,*,#2324,.T.);
#2339=ORIENTED_EDGE('',*,*,#1679,.F.);
#2341=ORIENTED_EDGE('',*,*,#2340,.F.);
#2342=ORIENTED_EDGE('',*,*,#2285,.T.);
#2343=EDGE_LOOP('',(#2338,#2339,#2341,#2342));
#2344=FACE_OUTER_BOUND('',#2343,.F.);
#2345=ADVANCED_FACE('',(#2344),#2337,.T.);
#2346=CARTESIAN_POINT('',(1.371291829453E1,1.946381552795E0,1.2E1));
#2347=DIRECTION('',(8.314696123025E-1,5.555702330196E-1,0.E0));
#2348=DIRECTION('',(0.E0,0.E0,-1.E0));
#2349=AXIS2_PLACEMENT_3D('',#2346,#2347,#2348);
#2350=PLANE('',#2349);
#2352=ORIENTED_EDGE('',*,*,#2351,.F.);
#2353=ORIENTED_EDGE('',*,*,#2287,.T.);
#2354=ORIENTED_EDGE('',*,*,#2340,.T.);
#2355=ORIENTED_EDGE('',*,*,#1677,.F.);
#2356=EDGE_LOOP('',(#2352,#2353,#2354,#2355));
#2357=FACE_OUTER_BOUND('',#2356,.F.);
#2358=ADVANCED_FACE('',(#2357),#2350,.T.);
#2359=CARTESIAN_POINT('',(2.036467519295E1,6.390943416952E0,1.2E1));
#2360=DIRECTION('',(0.E0,0.E0,-1.E0));
#2361=DIRECTION('',(-8.314696123025E-1,-5.555702330196E-1,0.E0));
#2362=AXIS2_PLACEMENT_3D('',#2359,#2360,#2361);
#2363=PLANE('',#2362);
#2364=ORIENTED_EDGE('',*,*,#2327,.F.);
#2365=ORIENTED_EDGE('',*,*,#2289,.T.);
#2366=ORIENTED_EDGE('',*,*,#2351,.T.);
#2367=ORIENTED_EDGE('',*,*,#1675,.F.);
#2368=EDGE_LOOP('',(#2364,#2365,#2366,#2367));
#2369=FACE_OUTER_BOUND('',#2368,.F.);
#2370=ADVANCED_FACE('',(#2369),#2363,.T.);
#2371=CARTESIAN_POINT('',(-5.5E0,0.E0,2.5E0));
#2372=DIRECTION('',(-1.E0,0.E0,0.E0));
#2373=DIRECTION('',(0.E0,0.E0,1.E0));
#2374=AXIS2_PLACEMENT_3D('',#2371,#2372,#2373);
#2375=PLANE('',#2374);
#2376=ORIENTED_EDGE('',*,*,#1886,.F.);
#2378=ORIENTED_EDGE('',*,*,#2377,.T.);
#2380=ORIENTED_EDGE('',*,*,#2379,.T.);
#2382=ORIENTED_EDGE('',*,*,#2381,.F.);
#2383=EDGE_LOOP('',(#2376,#2378,#2380,#2382));
#2384=FACE_OUTER_BOUND('',#2383,.F.);
#2385=ADVANCED_FACE('',(#2384),#2375,.F.);
#2386=CARTESIAN_POINT('',(5.5E0,0.E0,2.5E0));
#2387=DIRECTION('',(0.E0,0.E0,-1.E0));
#2388=DIRECTION('',(-1.E0,0.E0,0.E0));
#2389=AXIS2_PLACEMENT_3D('',#2386,#2387,#2388);
#2390=PLANE('',#2389);
#2391=ORIENTED_EDGE('',*,*,#1892,.F.);
#2393=ORIENTED_EDGE('',*,*,#2392,.T.);
#2395=ORIENTED_EDGE('',*,*,#2394,.T.);
#2396=ORIENTED_EDGE('',*,*,#2377,.F.);
#2397=EDGE_LOOP('',(#2391,#2393,#2395,#2396));
#2398=FACE_OUTER_BOUND('',#2397,.F.);
#2399=ADVANCED_FACE('',(#2398),#2390,.F.);
#2400=CARTESIAN_POINT('',(5.5E0,0.E0,1.75E1));
#2401=DIRECTION('',(1.E0,0.E0,0.E0));
#2402=DIRECTION('',(0.E0,0.E0,-1.E0));
#2403=AXIS2_PLACEMENT_3D('',#2400,#2401,#2402);
#2404=PLANE('',#2403);
#2405=ORIENTED_EDGE('',*,*,#1890,.F.);
#2407=ORIENTED_EDGE('',*,*,#2406,.T.);
#2409=ORIENTED_EDGE('',*,*,#2408,.T.);
#2410=ORIENTED_EDGE('',*,*,#2392,.F.);
#2411=EDGE_LOOP('',(#2405,#2407,#2409,#2410));
#2412=FACE_OUTER_BOUND('',#2411,.F.);
#2413=ADVANCED_FACE('',(#2412),#2404,.F.);
#2414=CARTESIAN_POINT('',(-5.5E0,0.E0,1.75E1));
#2415=DIRECTION('',(0.E0,0.E0,1.E0));
#2416=DIRECTION('',(1.E0,0.E0,0.E0));
#2417=AXIS2_PLACEMENT_3D('',#2414,#2415,#2416);
#2418=PLANE('',#2417);
#2419=ORIENTED_EDGE('',*,*,#1888,.F.);
#2420=ORIENTED_EDGE('',*,*,#2381,.T.);
#2422=ORIENTED_EDGE('',*,*,#2421,.T.);
#2423=ORIENTED_EDGE('',*,*,#2406,.F.);
#2424=EDGE_LOOP('',(#2419,#2420,#2422,#2423));
#2425=FACE_OUTER_BOUND('',#2424,.F.);
#2426=ADVANCED_FACE('',(#2425),#2418,.F.);
#2427=CARTESIAN_POINT('',(0.E0,-1.E0,0.E0));
#2428=DIRECTION('',(0.E0,1.E0,0.E0));
#2429=DIRECTION('',(1.E0,0.E0,0.E0));
#2430=AXIS2_PLACEMENT_3D('',#2427,#2428,#2429);
#2431=PLANE('',#2430);
#2432=ORIENTED_EDGE('',*,*,#2379,.F.);
#2433=ORIENTED_EDGE('',*,*,#2394,.F.);
#2434=ORIENTED_EDGE('',*,*,#2408,.F.);
#2435=ORIENTED_EDGE('',*,*,#2421,.F.);
#2436=EDGE_LOOP('',(#2432,#2433,#2434,#2435));
#2437=FACE_OUTER_BOUND('',#2436,.F.);
#2439=ORIENTED_EDGE('',*,*,#2438,.T.);
#2441=ORIENTED_EDGE('',*,*,#2440,.T.);
#2443=ORIENTED_EDGE('',*,*,#2442,.T.);
#2445=ORIENTED_EDGE('',*,*,#2444,.T.);
#2446=EDGE_LOOP('',(#2439,#2441,#2443,#2445));
#2447=FACE_BOUND('',#2446,.F.);
#2448=ADVANCED_FACE('',(#2437,#2447),#2431,.T.);
#2449=CARTESIAN_POINT('',(-3.E0,-1.E0,4.5E0));
#2450=DIRECTION('',(-1.E0,0.E0,0.E0));
#2451=DIRECTION('',(0.E0,0.E0,1.E0));
#2452=AXIS2_PLACEMENT_3D('',#2449,#2450,#2451);
#2453=PLANE('',#2452);
#2454=ORIENTED_EDGE('',*,*,#2438,.F.);
#2456=ORIENTED_EDGE('',*,*,#2455,.T.);
#2458=ORIENTED_EDGE('',*,*,#2457,.T.);
#2460=ORIENTED_EDGE('',*,*,#2459,.F.);
#2461=EDGE_LOOP('',(#2454,#2456,#2458,#2460));
#2462=FACE_OUTER_BOUND('',#2461,.F.);
#2463=ADVANCED_FACE('',(#2462),#2453,.F.);
#2464=CARTESIAN_POINT('',(3.E0,-1.E0,4.5E0));
#2465=DIRECTION('',(0.E0,0.E0,-1.E0));
#2466=DIRECTION('',(-1.E0,0.E0,0.E0));
#2467=AXIS2_PLACEMENT_3D('',#2464,#2465,#2466);
#2468=PLANE('',#2467);
#2469=ORIENTED_EDGE('',*,*,#2444,.F.);
#2471=ORIENTED_EDGE('',*,*,#2470,.T.);
#2473=ORIENTED_EDGE('',*,*,#2472,.T.);
#2474=ORIENTED_EDGE('',*,*,#2455,.F.);
#2475=EDGE_LOOP('',(#2469,#2471,#2473,#2474));
#2476=FACE_OUTER_BOUND('',#2475,.F.);
#2477=ADVANCED_FACE('',(#2476),#2468,.F.);
#2478=CARTESIAN_POINT('',(3.E0,-1.E0,1.55E1));
#2479=DIRECTION('',(1.E0,0.E0,0.E0));
#2480=DIRECTION('',(0.E0,0.E0,-1.E0));
#2481=AXIS2_PLACEMENT_3D('',#2478,#2479,#2480);
#2482=PLANE('',#2481);
#2483=ORIENTED_EDGE('',*,*,#2442,.F.);
#2485=ORIENTED_EDGE('',*,*,#2484,.T.);
#2487=ORIENTED_EDGE('',*,*,#2486,.T.);
#2488=ORIENTED_EDGE('',*,*,#2470,.F.);
#2489=EDGE_LOOP('',(#2483,#2485,#2487,#2488));
#2490=FACE_OUTER_BOUND('',#2489,.F.);
#2491=ADVANCED_FACE('',(#2490),#2482,.F.);
#2492=CARTESIAN_POINT('',(-3.E0,-1.E0,1.55E1));
#2493=DIRECTION('',(0.E0,0.E0,1.E0));
#2494=DIRECTION('',(1.E0,0.E0,0.E0));
#2495=AXIS2_PLACEMENT_3D('',#2492,#2493,#2494);
#2496=PLANE('',#2495);
#2497=ORIENTED_EDGE('',*,*,#2440,.F.);
#2498=ORIENTED_EDGE('',*,*,#2459,.T.);
#2500=ORIENTED_EDGE('',*,*,#2499,.T.);
#2501=ORIENTED_EDGE('',*,*,#2484,.F.);
#2502=EDGE_LOOP('',(#2497,#2498,#2500,#2501));
#2503=FACE_OUTER_BOUND('',#2502,.F.);
#2504=ADVANCED_FACE('',(#2503),#2496,.F.);
#2505=CARTESIAN_POINT('',(0.E0,-2.E0,0.E0));
#2506=DIRECTION('',(0.E0,1.E0,0.E0));
#2507=DIRECTION('',(1.E0,0.E0,0.E0));
#2508=AXIS2_PLACEMENT_3D('',#2505,#2506,#2507);
#2509=PLANE('',#2508);
#2510=ORIENTED_EDGE('',*,*,#2457,.F.);
#2511=ORIENTED_EDGE('',*,*,#2472,.F.);
#2512=ORIENTED_EDGE('',*,*,#2486,.F.);
#2513=ORIENTED_EDGE('',*,*,#2499,.F.);
#2514=EDGE_LOOP('',(#2510,#2511,#2512,#2513));
#2515=FACE_OUTER_BOUND('',#2514,.F.);
#2517=ORIENTED_EDGE('',*,*,#2516,.T.);
#2519=ORIENTED_EDGE('',*,*,#2518,.T.);
#2521=ORIENTED_EDGE('',*,*,#2520,.T.);
#2523=ORIENTED_EDGE('',*,*,#2522,.T.);
#2524=EDGE_LOOP('',(#2517,#2519,#2521,#2523));
#2525=FACE_BOUND('',#2524,.F.);
#2526=ADVANCED_FACE('',(#2515,#2525),#2509,.T.);
#2527=CARTESIAN_POINT('',(-2.E0,-1.E0,6.E0));
#2528=DIRECTION('',(-1.E0,0.E0,0.E0));
#2529=DIRECTION('',(0.E0,0.E0,1.E0));
#2530=AXIS2_PLACEMENT_3D('',#2527,#2528,#2529);
#2531=PLANE('',#2530);
#2532=ORIENTED_EDGE('',*,*,#1697,.T.);
#2534=ORIENTED_EDGE('',*,*,#2533,.F.);
#2535=ORIENTED_EDGE('',*,*,#2516,.F.);
#2537=ORIENTED_EDGE('',*,*,#2536,.T.);
#2538=EDGE_LOOP('',(#2532,#2534,#2535,#2537));
#2539=FACE_OUTER_BOUND('',#2538,.F.);
#2540=ADVANCED_FACE('',(#2539),#2531,.F.);
#2541=CARTESIAN_POINT('',(-2.E0,-1.E0,1.4E1));
#2542=DIRECTION('',(0.E0,0.E0,1.E0));
#2543=DIRECTION('',(1.E0,0.E0,0.E0));
#2544=AXIS2_PLACEMENT_3D('',#2541,#2542,#2543);
#2545=PLANE('',#2544);
#2546=ORIENTED_EDGE('',*,*,#1703,.T.);
#2548=ORIENTED_EDGE('',*,*,#2547,.F.);
#2549=ORIENTED_EDGE('',*,*,#2518,.F.);
#2550=ORIENTED_EDGE('',*,*,#2533,.T.);
#2551=EDGE_LOOP('',(#2546,#2548,#2549,#2550));
#2552=FACE_OUTER_BOUND('',#2551,.F.);
#2553=ADVANCED_FACE('',(#2552),#2545,.F.);
#2554=CARTESIAN_POINT('',(2.E0,-1.E0,1.4E1));
#2555=DIRECTION('',(1.E0,0.E0,0.E0));
#2556=DIRECTION('',(0.E0,0.E0,-1.E0));
#2557=AXIS2_PLACEMENT_3D('',#2554,#2555,#2556);
#2558=PLANE('',#2557);
#2559=ORIENTED_EDGE('',*,*,#1701,.T.);
#2561=ORIENTED_EDGE('',*,*,#2560,.F.);
#2562=ORIENTED_EDGE('',*,*,#2520,.F.);
#2563=ORIENTED_EDGE('',*,*,#2547,.T.);
#2564=EDGE_LOOP('',(#2559,#2561,#2562,#2563));
#2565=FACE_OUTER_BOUND('',#2564,.F.);
#2566=ADVANCED_FACE('',(#2565),#2558,.F.);
#2567=CARTESIAN_POINT('',(2.E0,-1.E0,6.E0));
#2568=DIRECTION('',(0.E0,0.E0,-1.E0));
#2569=DIRECTION('',(-1.E0,0.E0,0.E0));
#2570=AXIS2_PLACEMENT_3D('',#2567,#2568,#2569);
#2571=PLANE('',#2570);
#2572=ORIENTED_EDGE('',*,*,#1699,.T.);
#2573=ORIENTED_EDGE('',*,*,#2536,.F.);
#2574=ORIENTED_EDGE('',*,*,#2522,.F.);
#2575=ORIENTED_EDGE('',*,*,#2560,.T.);
#2576=EDGE_LOOP('',(#2572,#2573,#2574,#2575));
#2577=FACE_OUTER_BOUND('',#2576,.F.);
#2578=ADVANCED_FACE('',(#2577),#2571,.F.);
#2579=CARTESIAN_POINT('',(-2.271924860299E1,9.166908844823E0,4.5E0));
#2580=DIRECTION('',(-8.314696123025E-1,5.555702330196E-1,0.E0));
#2581=DIRECTION('',(0.E0,0.E0,1.E0));
#2582=AXIS2_PLACEMENT_3D('',#2579,#2580,#2581);
#2583=PLANE('',#2582);
#2584=ORIENTED_EDGE('',*,*,#1863,.F.);
#2586=ORIENTED_EDGE('',*,*,#2585,.T.);
#2588=ORIENTED_EDGE('',*,*,#2587,.T.);
#2590=ORIENTED_EDGE('',*,*,#2589,.F.);
#2591=EDGE_LOOP('',(#2584,#2586,#2588,#2590));
#2592=FACE_OUTER_BOUND('',#2591,.F.);
#2593=ADVANCED_FACE('',(#2592),#2583,.F.);
#2594=CARTESIAN_POINT('',(-1.024720441845E1,8.333553495294E-1,4.5E0));
#2595=DIRECTION('',(0.E0,0.E0,-1.E0));
#2596=DIRECTION('',(-8.314696123025E-1,5.555702330196E-1,0.E0));
#2597=AXIS2_PLACEMENT_3D('',#2594,#2595,#2596);
#2598=PLANE('',#2597);
#2599=ORIENTED_EDGE('',*,*,#1869,.F.);
#2601=ORIENTED_EDGE('',*,*,#2600,.T.);
#2603=ORIENTED_EDGE('',*,*,#2602,.T.);
#2604=ORIENTED_EDGE('',*,*,#2585,.F.);
#2605=EDGE_LOOP('',(#2599,#2601,#2603,#2604));
#2606=FACE_OUTER_BOUND('',#2605,.F.);
#2607=ADVANCED_FACE('',(#2606),#2598,.F.);
#2608=CARTESIAN_POINT('',(-1.024720441845E1,8.333553495294E-1,1.55E1));
#2609=DIRECTION('',(8.314696123025E-1,-5.555702330196E-1,0.E0));
#2610=DIRECTION('',(0.E0,0.E0,-1.E0));
#2611=AXIS2_PLACEMENT_3D('',#2608,#2609,#2610);
#2612=PLANE('',#2611);
#2613=ORIENTED_EDGE('',*,*,#1867,.F.);
#2615=ORIENTED_EDGE('',*,*,#2614,.T.);
#2617=ORIENTED_EDGE('',*,*,#2616,.T.);
#2618=ORIENTED_EDGE('',*,*,#2600,.F.);
#2619=EDGE_LOOP('',(#2613,#2615,#2617,#2618));
#2620=FACE_OUTER_BOUND('',#2619,.F.);
#2621=ADVANCED_FACE('',(#2620),#2612,.F.);
#2622=CARTESIAN_POINT('',(-2.271924860299E1,9.166908844823E0,1.55E1));
#2623=DIRECTION('',(0.E0,0.E0,1.E0));
#2624=DIRECTION('',(8.314696123025E-1,-5.555702330196E-1,0.E0));
#2625=AXIS2_PLACEMENT_3D('',#2622,#2623,#2624);
#2626=PLANE('',#2625);
#2627=ORIENTED_EDGE('',*,*,#1865,.F.);
#2628=ORIENTED_EDGE('',*,*,#2589,.T.);
#2630=ORIENTED_EDGE('',*,*,#2629,.T.);
#2631=ORIENTED_EDGE('',*,*,#2614,.F.);
#2632=EDGE_LOOP('',(#2627,#2628,#2630,#2631));
#2633=FACE_OUTER_BOUND('',#2632,.F.);
#2634=ADVANCED_FACE('',(#2633),#2626,.F.);
#2635=CARTESIAN_POINT('',(-3.333494787377E0,-4.988927508603E0,0.E0));
#2636=DIRECTION('',(5.555702330196E-1,8.314696123025E-1,0.E0));
#2637=DIRECTION('',(8.314696123025E-1,-5.555702330196E-1,0.E0));
#2638=AXIS2_PLACEMENT_3D('',#2635,#2636,#2637);
#2639=PLANE('',#2638);
#2640=ORIENTED_EDGE('',*,*,#2587,.F.);
#2641=ORIENTED_EDGE('',*,*,#2602,.F.);
#2642=ORIENTED_EDGE('',*,*,#2616,.F.);
#2643=ORIENTED_EDGE('',*,*,#2629,.F.);
#2644=EDGE_LOOP('',(#2640,#2641,#2642,#2643));
#2645=FACE_OUTER_BOUND('',#2644,.F.);
#2647=ORIENTED_EDGE('',*,*,#2646,.T.);
#2649=ORIENTED_EDGE('',*,*,#2648,.T.);
#2651=ORIENTED_EDGE('',*,*,#2650,.T.);
#2653=ORIENTED_EDGE('',*,*,#2652,.T.);
#2654=EDGE_LOOP('',(#2647,#2649,#2651,#2653));
#2655=FACE_BOUND('',#2654,.F.);
#2656=ADVANCED_FACE('',(#2645,#2655),#2639,.T.);
#2657=CARTESIAN_POINT('',(-2.161187961141E1,7.224298766482E0,7.E0));
#2658=DIRECTION('',(-8.314696123025E-1,5.555702330196E-1,0.E0));
#2659=DIRECTION('',(0.E0,0.E0,1.E0));
#2660=AXIS2_PLACEMENT_3D('',#2657,#2658,#2659);
#2661=PLANE('',#2660);
#2662=ORIENTED_EDGE('',*,*,#2646,.F.);
#2664=ORIENTED_EDGE('',*,*,#2663,.T.);
#2666=ORIENTED_EDGE('',*,*,#2665,.T.);
#2668=ORIENTED_EDGE('',*,*,#2667,.F.);
#2669=EDGE_LOOP('',(#2662,#2664,#2666,#2668));
#2670=FACE_OUTER_BOUND('',#2669,.F.);
#2671=ADVANCED_FACE('',(#2670),#2661,.F.);
#2672=CARTESIAN_POINT('',(-1.246571387608E1,1.113026203266E0,7.E0));
#2673=DIRECTION('',(0.E0,0.E0,-1.E0));
#2674=DIRECTION('',(-8.314696123025E-1,5.555702330196E-1,0.E0));
#2675=AXIS2_PLACEMENT_3D('',#2672,#2673,#2674);
#2676=PLANE('',#2675);
#2677=ORIENTED_EDGE('',*,*,#2652,.F.);
#2679=ORIENTED_EDGE('',*,*,#2678,.T.);
#2681=ORIENTED_EDGE('',*,*,#2680,.T.);
#2682=ORIENTED_EDGE('',*,*,#2663,.F.);
#2683=EDGE_LOOP('',(#2677,#2679,#2681,#2682));
#2684=FACE_OUTER_BOUND('',#2683,.F.);
#2685=ADVANCED_FACE('',(#2684),#2676,.F.);
#2686=CARTESIAN_POINT('',(-1.246571387608E1,1.113026203266E0,1.3E1));
#2687=DIRECTION('',(8.314696123025E-1,-5.555702330196E-1,0.E0));
#2688=DIRECTION('',(0.E0,0.E0,-1.E0));
#2689=AXIS2_PLACEMENT_3D('',#2686,#2687,#2688);
#2690=PLANE('',#2689);
#2691=ORIENTED_EDGE('',*,*,#2650,.F.);
#2693=ORIENTED_EDGE('',*,*,#2692,.T.);
#2695=ORIENTED_EDGE('',*,*,#2694,.T.);
#2696=ORIENTED_EDGE('',*,*,#2678,.F.);
#2697=EDGE_LOOP('',(#2691,#2693,#2695,#2696));
#2698=FACE_OUTER_BOUND('',#2697,.F.);
#2699=ADVANCED_FACE('',(#2698),#2690,.F.);
#2700=CARTESIAN_POINT('',(-2.161187961141E1,7.224298766482E0,1.3E1));
#2701=DIRECTION('',(0.E0,0.E0,1.E0));
#2702=DIRECTION('',(8.314696123025E-1,-5.555702330196E-1,0.E0));
#2703=AXIS2_PLACEMENT_3D('',#2700,#2701,#2702);
#2704=PLANE('',#2703);
#2705=ORIENTED_EDGE('',*,*,#2648,.F.);
#2706=ORIENTED_EDGE('',*,*,#2667,.T.);
#2708=ORIENTED_EDGE('',*,*,#2707,.T.);
#2709=ORIENTED_EDGE('',*,*,#2692,.F.);
#2710=EDGE_LOOP('',(#2705,#2706,#2708,#2709));
#2711=FACE_OUTER_BOUND('',#2710,.F.);
#2712=ADVANCED_FACE('',(#2711),#2704,.F.);
#2713=CARTESIAN_POINT('',(-3.889065020396E0,-5.820397120906E0,0.E0));
#2714=DIRECTION('',(5.555702330196E-1,8.314696123025E-1,0.E0));
#2715=DIRECTION('',(8.314696123025E-1,-5.555702330196E-1,0.E0));
#2716=AXIS2_PLACEMENT_3D('',#2713,#2714,#2715);
#2717=PLANE('',#2716);
#2718=ORIENTED_EDGE('',*,*,#2665,.F.);
#2719=ORIENTED_EDGE('',*,*,#2680,.F.);
#2720=ORIENTED_EDGE('',*,*,#2694,.F.);
#2721=ORIENTED_EDGE('',*,*,#2707,.F.);
#2722=EDGE_LOOP('',(#2718,#2719,#2720,#2721));
#2723=FACE_OUTER_BOUND('',#2722,.F.);
#2725=ORIENTED_EDGE('',*,*,#2724,.T.);
#2727=ORIENTED_EDGE('',*,*,#2726,.T.);
#2729=ORIENTED_EDGE('',*,*,#2728,.T.);
#2731=ORIENTED_EDGE('',*,*,#2730,.T.);
#2732=EDGE_LOOP('',(#2725,#2727,#2729,#2731));
#2733=FACE_BOUND('',#2732,.F.);
#2734=ADVANCED_FACE('',(#2723,#2733),#2717,.T.);
#2735=CARTESIAN_POINT('',(-2.036467519295E1,6.390943416952E0,8.E0));
#2736=DIRECTION('',(-8.314696123025E-1,5.555702330196E-1,0.E0));
#2737=DIRECTION('',(0.E0,0.E0,1.E0));
#2738=AXIS2_PLACEMENT_3D('',#2735,#2736,#2737);
#2739=PLANE('',#2738);
#2740=ORIENTED_EDGE('',*,*,#1721,.T.);
#2742=ORIENTED_EDGE('',*,*,#2741,.F.);
#2743=ORIENTED_EDGE('',*,*,#2724,.F.);
#2745=ORIENTED_EDGE('',*,*,#2744,.T.);
#2746=EDGE_LOOP('',(#2740,#2742,#2743,#2745));
#2747=FACE_OUTER_BOUND('',#2746,.F.);
#2748=ADVANCED_FACE('',(#2747),#2739,.F.);
#2749=CARTESIAN_POINT('',(-2.036467519295E1,6.390943416952E0,1.2E1));
#2750=DIRECTION('',(0.E0,0.E0,1.E0));
#2751=DIRECTION('',(8.314696123025E-1,-5.555702330196E-1,0.E0));
#2752=AXIS2_PLACEMENT_3D('',#2749,#2750,#2751);
#2753=PLANE('',#2752);
#2754=ORIENTED_EDGE('',*,*,#1727,.T.);
#2756=ORIENTED_EDGE('',*,*,#2755,.F.);
#2757=ORIENTED_EDGE('',*,*,#2726,.F.);
#2758=ORIENTED_EDGE('',*,*,#2741,.T.);
#2759=EDGE_LOOP('',(#2754,#2756,#2757,#2758));
#2760=FACE_OUTER_BOUND('',#2759,.F.);
#2761=ADVANCED_FACE('',(#2760),#2753,.F.);
#2762=CARTESIAN_POINT('',(-1.371291829453E1,1.946381552795E0,1.2E1));
#2763=DIRECTION('',(8.314696123025E-1,-5.555702330196E-1,0.E0));
#2764=DIRECTION('',(0.E0,0.E0,-1.E0));
#2765=AXIS2_PLACEMENT_3D('',#2762,#2763,#2764);
#2766=PLANE('',#2765);
#2767=ORIENTED_EDGE('',*,*,#1725,.T.);
#2769=ORIENTED_EDGE('',*,*,#2768,.F.);
#2770=ORIENTED_EDGE('',*,*,#2728,.F.);
#2771=ORIENTED_EDGE('',*,*,#2755,.T.);
#2772=EDGE_LOOP('',(#2767,#2769,#2770,#2771));
#2773=FACE_OUTER_BOUND('',#2772,.F.);
#2774=ADVANCED_FACE('',(#2773),#2766,.F.);
#2775=CARTESIAN_POINT('',(-1.371291829453E1,1.946381552795E0,8.E0));
#2776=DIRECTION('',(0.E0,0.E0,-1.E0));
#2777=DIRECTION('',(-8.314696123025E-1,5.555702330196E-1,0.E0));
#2778=AXIS2_PLACEMENT_3D('',#2775,#2776,#2777);
#2779=PLANE('',#2778);
#2780=ORIENTED_EDGE('',*,*,#1723,.T.);
#2781=ORIENTED_EDGE('',*,*,#2744,.F.);
#2782=ORIENTED_EDGE('',*,*,#2730,.F.);
#2783=ORIENTED_EDGE('',*,*,#2768,.T.);
#2784=EDGE_LOOP('',(#2780,#2781,#2782,#2783));
#2785=FACE_OUTER_BOUND('',#2784,.F.);
#2786=ADVANCED_FACE('',(#2785),#2779,.F.);
#2787=CARTESIAN_POINT('',(-3.028072965547E1,2.524427648079E1,4.5E0));
#2788=DIRECTION('',(-3.826834323651E-1,9.238795325113E-1,0.E0));
#2789=DIRECTION('',(0.E0,0.E0,1.E0));
#2790=AXIS2_PLACEMENT_3D('',#2787,#2788,#2789);
#2791=PLANE('',#2790);
#2792=ORIENTED_EDGE('',*,*,#1840,.F.);
#2794=ORIENTED_EDGE('',*,*,#2793,.T.);
#2796=ORIENTED_EDGE('',*,*,#2795,.T.);
#2798=ORIENTED_EDGE('',*,*,#2797,.F.);
#2799=EDGE_LOOP('',(#2792,#2794,#2796,#2798));
#2800=FACE_OUTER_BOUND('',#2799,.F.);
#2801=ADVANCED_FACE('',(#2800),#2791,.F.);
#2802=CARTESIAN_POINT('',(-2.454047816999E1,1.138608349312E1,4.5E0));
#2803=DIRECTION('',(0.E0,0.E0,-1.E0));
#2804=DIRECTION('',(-3.826834323651E-1,9.238795325113E-1,0.E0));
#2805=AXIS2_PLACEMENT_3D('',#2802,#2803,#2804);
#2806=PLANE('',#2805);
#2807=ORIENTED_EDGE('',*,*,#1846,.F.);
#2809=ORIENTED_EDGE('',*,*,#2808,.T.);
#2811=ORIENTED_EDGE('',*,*,#2810,.T.);
#2812=ORIENTED_EDGE('',*,*,#2793,.F.);
#2813=EDGE_LOOP('',(#2807,#2809,#2811,#2812));
#2814=FACE_OUTER_BOUND('',#2813,.F.);
#2815=ADVANCED_FACE('',(#2814),#2806,.F.);
#2816=CARTESIAN_POINT('',(-2.454047816999E1,1.138608349312E1,1.55E1));
#2817=DIRECTION('',(3.826834323651E-1,-9.238795325113E-1,0.E0));
#2818=DIRECTION('',(0.E0,0.E0,-1.E0));
#2819=AXIS2_PLACEMENT_3D('',#2816,#2817,#2818);
#2820=PLANE('',#2819);
#2821=ORIENTED_EDGE('',*,*,#1844,.F.);
#2823=ORIENTED_EDGE('',*,*,#2822,.T.);
#2825=ORIENTED_EDGE('',*,*,#2824,.T.);
#2826=ORIENTED_EDGE('',*,*,#2808,.F.);
#2827=EDGE_LOOP('',(#2821,#2823,#2825,#2826));
#2828=FACE_OUTER_BOUND('',#2827,.F.);
#2829=ADVANCED_FACE('',(#2828),#2820,.F.);
#2830=CARTESIAN_POINT('',(-3.028072965547E1,2.524427648079E1,1.55E1));
#2831=DIRECTION('',(0.E0,0.E0,1.E0));
#2832=DIRECTION('',(3.826834323651E-1,-9.238795325113E-1,0.E0));
#2833=AXIS2_PLACEMENT_3D('',#2830,#2831,#2832);
#2834=PLANE('',#2833);
#2835=ORIENTED_EDGE('',*,*,#1842,.F.);
#2836=ORIENTED_EDGE('',*,*,#2797,.T.);
#2838=ORIENTED_EDGE('',*,*,#2837,.T.);
#2839=ORIENTED_EDGE('',*,*,#2822,.F.);
#2840=EDGE_LOOP('',(#2835,#2836,#2838,#2839));
#2841=FACE_OUTER_BOUND('',#2840,.F.);
#2842=ADVANCED_FACE('',(#2841),#2834,.F.);
#2843=CARTESIAN_POINT('',(-1.784489945672E1,-7.391599374157E0,0.E0));
#2844=DIRECTION('',(9.238795325113E-1,3.826834323651E-1,0.E0));
#2845=DIRECTION('',(3.826834323651E-1,-9.238795325113E-1,0.E0));
#2846=AXIS2_PLACEMENT_3D('',#2843,#2844,#2845);
#2847=PLANE('',#2846);
#2848=ORIENTED_EDGE('',*,*,#2795,.F.);
#2849=ORIENTED_EDGE('',*,*,#2810,.F.);
#2850=ORIENTED_EDGE('',*,*,#2824,.F.);
#2851=ORIENTED_EDGE('',*,*,#2837,.F.);
#2852=EDGE_LOOP('',(#2848,#2849,#2850,#2851));
#2853=FACE_OUTER_BOUND('',#2852,.F.);
#2855=ORIENTED_EDGE('',*,*,#2854,.T.);
#2857=ORIENTED_EDGE('',*,*,#2856,.T.);
#2859=ORIENTED_EDGE('',*,*,#2858,.T.);
#2861=ORIENTED_EDGE('',*,*,#2860,.T.);
#2862=EDGE_LOOP('',(#2855,#2857,#2859,#2861));
#2863=FACE_BOUND('',#2862,.F.);
#2864=ADVANCED_FACE('',(#2853,#2863),#2847,.T.);
#2865=CARTESIAN_POINT('',(-3.043924232325E1,2.301383398340E1,1.3E1));
#2866=DIRECTION('',(0.E0,0.E0,1.E0));
#2867=DIRECTION('',(3.826834323651E-1,-9.238795325113E-1,0.E0));
#2868=AXIS2_PLACEMENT_3D('',#2865,#2866,#2867);
#2869=PLANE('',#2868);
#2870=ORIENTED_EDGE('',*,*,#2854,.F.);
#2872=ORIENTED_EDGE('',*,*,#2871,.T.);
#2874=ORIENTED_EDGE('',*,*,#2873,.T.);
#2876=ORIENTED_EDGE('',*,*,#2875,.F.);
#2877=EDGE_LOOP('',(#2870,#2872,#2874,#2876));
#2878=FACE_OUTER_BOUND('',#2877,.F.);
#2879=ADVANCED_FACE('',(#2878),#2869,.F.);
#2880=CARTESIAN_POINT('',(-3.043924232325E1,2.301383398340E1,7.E0));
#2881=DIRECTION('',(-3.826834323651E-1,9.238795325113E-1,0.E0));
#2882=DIRECTION('',(0.E0,0.E0,1.E0));
#2883=AXIS2_PLACEMENT_3D('',#2880,#2881,#2882);
#2884=PLANE('',#2883);
#2885=ORIENTED_EDGE('',*,*,#2860,.F.);
#2887=ORIENTED_EDGE('',*,*,#2886,.T.);
#2889=ORIENTED_EDGE('',*,*,#2888,.T.);
#2890=ORIENTED_EDGE('',*,*,#2871,.F.);
#2891=EDGE_LOOP('',(#2885,#2887,#2889,#2890));
#2892=FACE_OUTER_BOUND('',#2891,.F.);
#2893=ADVANCED_FACE('',(#2892),#2884,.F.);
#2894=CARTESIAN_POINT('',(-2.622972456723E1,1.285115912578E1,7.E0));
#2895=DIRECTION('',(0.E0,0.E0,-1.E0));
#2896=DIRECTION('',(-3.826834323651E-1,9.238795325113E-1,0.E0));
#2897=AXIS2_PLACEMENT_3D('',#2894,#2895,#2896);
#2898=PLANE('',#2897);
#2899=ORIENTED_EDGE('',*,*,#2858,.F.);
#2901=ORIENTED_EDGE('',*,*,#2900,.T.);
#2903=ORIENTED_EDGE('',*,*,#2902,.T.);
#2904=ORIENTED_EDGE('',*,*,#2886,.F.);
#2905=EDGE_LOOP('',(#2899,#2901,#2903,#2904));
#2906=FACE_OUTER_BOUND('',#2905,.F.);
#2907=ADVANCED_FACE('',(#2906),#2898,.F.);
#2908=CARTESIAN_POINT('',(-2.622972456723E1,1.285115912578E1,1.3E1));
#2909=DIRECTION('',(3.826834323651E-1,-9.238795325113E-1,0.E0));
#2910=DIRECTION('',(0.E0,0.E0,-1.E0));
#2911=AXIS2_PLACEMENT_3D('',#2908,#2909,#2910);
#2912=PLANE('',#2911);
#2913=ORIENTED_EDGE('',*,*,#2856,.F.);
#2914=ORIENTED_EDGE('',*,*,#2875,.T.);
#2916=ORIENTED_EDGE('',*,*,#2915,.T.);
#2917=ORIENTED_EDGE('',*,*,#2900,.F.);
#2918=EDGE_LOOP('',(#2913,#2914,#2916,#2917));
#2919=FACE_OUTER_BOUND('',#2918,.F.);
#2920=ADVANCED_FACE('',(#2919),#2912,.F.);
#2921=CARTESIAN_POINT('',(-1.876877898923E1,-7.774282806522E0,0.E0));
#2922=DIRECTION('',(9.238795325113E-1,3.826834323651E-1,0.E0));
#2923=DIRECTION('',(0.E0,0.E0,-1.E0));
#2924=AXIS2_PLACEMENT_3D('',#2921,#2922,#2923);
#2925=PLANE('',#2924);
#2926=ORIENTED_EDGE('',*,*,#2873,.F.);
#2927=ORIENTED_EDGE('',*,*,#2888,.F.);
#2928=ORIENTED_EDGE('',*,*,#2902,.F.);
#2929=ORIENTED_EDGE('',*,*,#2915,.F.);
#2930=EDGE_LOOP('',(#2926,#2927,#2928,#2929));
#2931=FACE_OUTER_BOUND('',#2930,.F.);
#2933=ORIENTED_EDGE('',*,*,#2932,.T.);
#2935=ORIENTED_EDGE('',*,*,#2934,.T.);
#2937=ORIENTED_EDGE('',*,*,#2936,.T.);
#2939=ORIENTED_EDGE('',*,*,#2938,.T.);
#2940=EDGE_LOOP('',(#2933,#2935,#2937,#2939));
#2941=FACE_BOUND('',#2940,.F.);
#2942=ADVANCED_FACE('',(#2931,#2941),#2925,.T.);
#2943=CARTESIAN_POINT('',(-2.986521717470E1,2.162801468463E1,8.E0));
#2944=DIRECTION('',(-3.826834323651E-1,9.238795325113E-1,0.E0));
#2945=DIRECTION('',(0.E0,0.E0,1.E0));
#2946=AXIS2_PLACEMENT_3D('',#2943,#2944,#2945);
#2947=PLANE('',#2946);
#2948=ORIENTED_EDGE('',*,*,#1745,.T.);
#2950=ORIENTED_EDGE('',*,*,#2949,.F.);
#2951=ORIENTED_EDGE('',*,*,#2932,.F.);
#2953=ORIENTED_EDGE('',*,*,#2952,.T.);
#2954=EDGE_LOOP('',(#2948,#2950,#2951,#2953));
#2955=FACE_OUTER_BOUND('',#2954,.F.);
#2956=ADVANCED_FACE('',(#2955),#2947,.F.);
#2957=CARTESIAN_POINT('',(-2.986521717470E1,2.162801468463E1,1.2E1));
#2958=DIRECTION('',(0.E0,0.E0,1.E0));
#2959=DIRECTION('',(3.826834323651E-1,-9.238795325113E-1,0.E0));
#2960=AXIS2_PLACEMENT_3D('',#2957,#2958,#2959);
#2961=PLANE('',#2960);
#2962=ORIENTED_EDGE('',*,*,#1751,.T.);
#2964=ORIENTED_EDGE('',*,*,#2963,.F.);
#2965=ORIENTED_EDGE('',*,*,#2934,.F.);
#2966=ORIENTED_EDGE('',*,*,#2949,.T.);
#2967=EDGE_LOOP('',(#2962,#2964,#2965,#2966));
#2968=FACE_OUTER_BOUND('',#2967,.F.);
#2969=ADVANCED_FACE('',(#2968),#2961,.F.);
#2970=CARTESIAN_POINT('',(-2.680374971578E1,1.423697842454E1,1.2E1));
#2971=DIRECTION('',(3.826834323651E-1,-9.238795325113E-1,0.E0));
#2972=DIRECTION('',(0.E0,0.E0,-1.E0));
#2973=AXIS2_PLACEMENT_3D('',#2970,#2971,#2972);
#2974=PLANE('',#2973);
#2975=ORIENTED_EDGE('',*,*,#1749,.T.);
#2977=ORIENTED_EDGE('',*,*,#2976,.F.);
#2978=ORIENTED_EDGE('',*,*,#2936,.F.);
#2979=ORIENTED_EDGE('',*,*,#2963,.T.);
#2980=EDGE_LOOP('',(#2975,#2977,#2978,#2979));
#2981=FACE_OUTER_BOUND('',#2980,.F.);
#2982=ADVANCED_FACE('',(#2981),#2974,.F.);
#2983=CARTESIAN_POINT('',(-2.680374971578E1,1.423697842454E1,8.E0));
#2984=DIRECTION('',(0.E0,0.E0,-1.E0));
#2985=DIRECTION('',(-3.826834323651E-1,9.238795325113E-1,0.E0));
#2986=AXIS2_PLACEMENT_3D('',#2983,#2984,#2985);
#2987=PLANE('',#2986);
#2988=ORIENTED_EDGE('',*,*,#1747,.T.);
#2989=ORIENTED_EDGE('',*,*,#2952,.F.);
#2990=ORIENTED_EDGE('',*,*,#2938,.F.);
#2991=ORIENTED_EDGE('',*,*,#2976,.T.);
#2992=EDGE_LOOP('',(#2988,#2989,#2990,#2991));
#2993=FACE_OUTER_BOUND('',#2992,.F.);
#2994=ADVANCED_FACE('',(#2993),#2987,.F.);
#2995=CARTESIAN_POINT('',(-2.262741699797E1,4.E1,-1.262741699797E1));
#2996=DIRECTION('',(0.E0,1.E0,0.E0));
#2997=DIRECTION('',(1.E0,0.E0,0.E0));
#2998=AXIS2_PLACEMENT_3D('',#2995,#2996,#2997);
#2999=CYLINDRICAL_SURFACE('',#2998,1.E0);
#3000=ORIENTED_EDGE('',*,*,#1568,.F.);
#3002=ORIENTED_EDGE('',*,*,#3001,.T.);
#3003=ORIENTED_EDGE('',*,*,#1508,.T.);
#3005=ORIENTED_EDGE('',*,*,#3004,.F.);
#3006=EDGE_LOOP('',(#3000,#3002,#3003,#3005));
#3007=FACE_OUTER_BOUND('',#3006,.F.);
#3008=ADVANCED_FACE('',(#3007),#2999,.F.);
#3009=CARTESIAN_POINT('',(-2.262741699797E1,4.E1,-1.262741699797E1));
#3010=DIRECTION('',(0.E0,1.E0,0.E0));
#3011=DIRECTION('',(1.E0,0.E0,0.E0));
#3012=AXIS2_PLACEMENT_3D('',#3009,#3010,#3011);
#3013=CYLINDRICAL_SURFACE('',#3012,1.E0);
#3014=ORIENTED_EDGE('',*,*,#1570,.F.);
#3015=ORIENTED_EDGE('',*,*,#3004,.T.);
#3016=ORIENTED_EDGE('',*,*,#1510,.T.);
#3017=ORIENTED_EDGE('',*,*,#3001,.F.);
#3018=EDGE_LOOP('',(#3014,#3015,#3016,#3017));
#3019=FACE_OUTER_BOUND('',#3018,.F.);
#3020=ADVANCED_FACE('',(#3019),#3013,.F.);
#3021=CARTESIAN_POINT('',(2.262741699797E1,4.E1,-1.262741699797E1));
#3022=DIRECTION('',(0.E0,1.E0,0.E0));
#3023=DIRECTION('',(1.E0,0.E0,0.E0));
#3024=AXIS2_PLACEMENT_3D('',#3021,#3022,#3023);
#3025=CYLINDRICAL_SURFACE('',#3024,1.E0);
#3026=ORIENTED_EDGE('',*,*,#1574,.F.);
#3028=ORIENTED_EDGE('',*,*,#3027,.T.);
#3029=ORIENTED_EDGE('',*,*,#1514,.T.);
#3031=ORIENTED_EDGE('',*,*,#3030,.F.);
#3032=EDGE_LOOP('',(#3026,#3028,#3029,#3031));
#3033=FACE_OUTER_BOUND('',#3032,.F.);
#3034=ADVANCED_FACE('',(#3033),#3025,.F.);
#3035=CARTESIAN_POINT('',(2.262741699797E1,4.E1,-1.262741699797E1));
#3036=DIRECTION('',(0.E0,1.E0,0.E0));
#3037=DIRECTION('',(1.E0,0.E0,0.E0));
#3038=AXIS2_PLACEMENT_3D('',#3035,#3036,#3037);
#3039=CYLINDRICAL_SURFACE('',#3038,1.E0);
#3040=ORIENTED_EDGE('',*,*,#1576,.F.);
#3041=ORIENTED_EDGE('',*,*,#3030,.T.);
#3042=ORIENTED_EDGE('',*,*,#1516,.T.);
#3043=ORIENTED_EDGE('',*,*,#3027,.F.);
#3044=EDGE_LOOP('',(#3040,#3041,#3042,#3043));
#3045=FACE_OUTER_BOUND('',#3044,.F.);
#3046=ADVANCED_FACE('',(#3045),#3039,.F.);
#3047=CARTESIAN_POINT('',(2.262741699797E1,4.E1,3.262741699797E1));
#3048=DIRECTION('',(0.E0,1.E0,0.E0));
#3049=DIRECTION('',(1.E0,0.E0,0.E0));
#3050=AXIS2_PLACEMENT_3D('',#3047,#3048,#3049);
#3051=CYLINDRICAL_SURFACE('',#3050,1.E0);
#3052=ORIENTED_EDGE('',*,*,#1580,.F.);
#3054=ORIENTED_EDGE('',*,*,#3053,.T.);
#3055=ORIENTED_EDGE('',*,*,#1520,.T.);
#3057=ORIENTED_EDGE('',*,*,#3056,.F.);
#3058=EDGE_LOOP('',(#3052,#3054,#3055,#3057));
#3059=FACE_OUTER_BOUND('',#3058,.F.);
#3060=ADVANCED_FACE('',(#3059),#3051,.F.);
#3061=CARTESIAN_POINT('',(2.262741699797E1,4.E1,3.262741699797E1));
#3062=DIRECTION('',(0.E0,1.E0,0.E0));
#3063=DIRECTION('',(1.E0,0.E0,0.E0));
#3064=AXIS2_PLACEMENT_3D('',#3061,#3062,#3063);
#3065=CYLINDRICAL_SURFACE('',#3064,1.E0);
#3066=ORIENTED_EDGE('',*,*,#1582,.F.);
#3067=ORIENTED_EDGE('',*,*,#3056,.T.);
#3068=ORIENTED_EDGE('',*,*,#1522,.T.);
#3069=ORIENTED_EDGE('',*,*,#3053,.F.);
#3070=EDGE_LOOP('',(#3066,#3067,#3068,#3069));
#3071=FACE_OUTER_BOUND('',#3070,.F.);
#3072=ADVANCED_FACE('',(#3071),#3065,.F.);
#3073=CARTESIAN_POINT('',(-2.262741699797E1,4.E1,3.262741699797E1));
#3074=DIRECTION('',(0.E0,1.E0,0.E0));
#3075=DIRECTION('',(1.E0,0.E0,0.E0));
#3076=AXIS2_PLACEMENT_3D('',#3073,#3074,#3075);
#3077=CYLINDRICAL_SURFACE('',#3076,1.E0);
#3078=ORIENTED_EDGE('',*,*,#1586,.F.);
#3080=ORIENTED_EDGE('',*,*,#3079,.T.);
#3081=ORIENTED_EDGE('',*,*,#1526,.T.);
#3083=ORIENTED_EDGE('',*,*,#3082,.F.);
#3084=EDGE_LOOP('',(#3078,#3080,#3081,#3083));
#3085=FACE_OUTER_BOUND('',#3084,.F.);
#3086=ADVANCED_FACE('',(#3085),#3077,.F.);
#3087=CARTESIAN_POINT('',(-2.262741699797E1,4.E1,3.262741699797E1));
#3088=DIRECTION('',(0.E0,1.E0,0.E0));
#3089=DIRECTION('',(1.E0,0.E0,0.E0));
#3090=AXIS2_PLACEMENT_3D('',#3087,#3088,#3089);
#3091=CYLINDRICAL_SURFACE('',#3090,1.E0);
#3092=ORIENTED_EDGE('',*,*,#1588,.F.);
#3093=ORIENTED_EDGE('',*,*,#3082,.T.);
#3094=ORIENTED_EDGE('',*,*,#1528,.T.);
#3095=ORIENTED_EDGE('',*,*,#3079,.F.);
#3096=EDGE_LOOP('',(#3092,#3093,#3094,#3095));
#3097=FACE_OUTER_BOUND('',#3096,.F.);
#3098=ADVANCED_FACE('',(#3097),#3091,.F.);
#3102=DIMENSIONAL_EXPONENTS(0.E0,0.E0,0.E0,0.E0,0.E0,0.E0,0.E0);
#3104=PLANE_ANGLE_MEASURE_WITH_UNIT(PLANE_ANGLE_MEASURE(1.745329251994E-2),
#3103);
#3105=(CONVERSION_BASED_UNIT('DEGREE',#3104)NAMED_UNIT(*)PLANE_ANGLE_UNIT());
#3107=UNCERTAINTY_MEASURE_WITH_UNIT(LENGTH_MEASURE(1.E-2),#3101,'closure',
'Maximum model space distance between geometric entities at asserted connectivities');
#3108=(GEOMETRIC_REPRESENTATION_CONTEXT(3)GLOBAL_UNCERTAINTY_ASSIGNED_CONTEXT((
#3107))GLOBAL_UNIT_ASSIGNED_CONTEXT((#3101,#3105,#3106))REPRESENTATION_CONTEXT(
'ID1','3'));
#3110=APPLICATION_CONTEXT(
'CONFIGURATION CONTROLLED 3D DESIGNS OF MECHANICAL PARTS AND ASSEMBLIES');
#3111=APPLICATION_PROTOCOL_DEFINITION('international standard',
'config_control_design',1994,#3110);
#3112=DESIGN_CONTEXT('',#3110,'design');
#3113=MECHANICAL_CONTEXT('',#3110,'mechanical');
#3114=PRODUCT('OHISJE_SENZORJI_PREKRIVANJE','OHISJE_SENZORJI_PREKRIVANJE',
'NOT SPECIFIED',(#3113));
#3115=PRODUCT_DEFINITION_FORMATION_WITH_SPECIFIED_SOURCE('17','LAST_VERSION',
#3114,.MADE.);
#3119=PRODUCT_CATEGORY('part','');
#3120=PRODUCT_RELATED_PRODUCT_CATEGORY('detail','',(#3114));
#3121=PRODUCT_CATEGORY_RELATIONSHIP('','',#3119,#3120);
#3122=SECURITY_CLASSIFICATION_LEVEL('unclassified');
#3123=SECURITY_CLASSIFICATION('','',#3122);
#3124=CC_DESIGN_SECURITY_CLASSIFICATION(#3123,(#3115));
#3125=APPROVAL_STATUS('approved');
#3126=APPROVAL(#3125,'');
#3127=CC_DESIGN_APPROVAL(#3126,(#3123,#3115,#3116));
#3128=CALENDAR_DATE(123,28,8);
#3129=COORDINATED_UNIVERSAL_TIME_OFFSET(2,0,.AHEAD.);
#3130=LOCAL_TIME(21,29,4.8E1,#3129);
#3131=DATE_AND_TIME(#3128,#3130);
#3132=APPROVAL_DATE_TIME(#3131,#3126);
#3133=DATE_TIME_ROLE('creation_date');
#3134=CC_DESIGN_DATE_AND_TIME_ASSIGNMENT(#3131,#3133,(#3116));
#3135=DATE_TIME_ROLE('classification_date');
#3136=CC_DESIGN_DATE_AND_TIME_ASSIGNMENT(#3131,#3135,(#3123));
#3137=PERSON('UNSPECIFIED','UNSPECIFIED',$,$,$,$);
#3138=ORGANIZATION('UNSPECIFIED','UNSPECIFIED','UNSPECIFIED');
#3139=PERSON_AND_ORGANIZATION(#3137,#3138);
#3140=APPROVAL_ROLE('approver');
#3141=APPROVAL_PERSON_ORGANIZATION(#3139,#3126,#3140);
#3142=PERSON_AND_ORGANIZATION_ROLE('creator');
#3143=CC_DESIGN_PERSON_AND_ORGANIZATION_ASSIGNMENT(#3139,#3142,(#3115,#3116));
#3144=PERSON_AND_ORGANIZATION_ROLE('design_supplier');
#3145=CC_DESIGN_PERSON_AND_ORGANIZATION_ASSIGNMENT(#3139,#3144,(#3115));
#3146=PERSON_AND_ORGANIZATION_ROLE('classification_officer');
#3147=CC_DESIGN_PERSON_AND_ORGANIZATION_ASSIGNMENT(#3139,#3146,(#3123));
#3148=PERSON_AND_ORGANIZATION_ROLE('design_owner');
#3149=CC_DESIGN_PERSON_AND_ORGANIZATION_ASSIGNMENT(#3139,#3148,(#3114));
#69=CIRCLE('',#68,2.930077085334E1);
#74=CIRCLE('',#73,2.930077085334E1);
#79=CIRCLE('',#78,3.530077085334E1);
#84=CIRCLE('',#83,3.530077085334E1);
#89=CIRCLE('',#88,1.E0);
#94=CIRCLE('',#93,1.E0);
#99=CIRCLE('',#98,1.E0);
#104=CIRCLE('',#103,1.E0);
#109=CIRCLE('',#108,1.E0);
#114=CIRCLE('',#113,1.E0);
#119=CIRCLE('',#118,1.E0);
#124=CIRCLE('',#123,1.E0);
#133=CIRCLE('',#132,2.930077085334E1);
#138=CIRCLE('',#137,2.930077085334E1);
#143=CIRCLE('',#142,3.530077085334E1);
#152=CIRCLE('',#151,3.530077085334E1);
#157=CIRCLE('',#156,1.E0);
#162=CIRCLE('',#161,1.E0);
#167=CIRCLE('',#166,1.E0);
#172=CIRCLE('',#171,1.E0);
#177=CIRCLE('',#176,1.E0);
#182=CIRCLE('',#181,1.E0);
#187=CIRCLE('',#186,1.E0);
#192=CIRCLE('',#191,1.E0);
#1446=EDGE_CURVE('',#1147,#1148,#4,.T.);
#1448=EDGE_CURVE('',#1147,#1115,#8,.T.);
#1450=EDGE_CURVE('',#1115,#1116,#12,.T.);
#1452=EDGE_CURVE('',#1116,#1118,#16,.T.);
#1454=EDGE_CURVE('',#1118,#1120,#20,.T.);
#1456=EDGE_CURVE('',#1120,#1122,#24,.T.);
#1458=EDGE_CURVE('',#1122,#1124,#28,.T.);
#1460=EDGE_CURVE('',#1124,#1152,#32,.T.);
#1462=EDGE_CURVE('',#1151,#1152,#36,.T.);
#1464=EDGE_CURVE('',#1151,#1097,#40,.T.);
#1466=EDGE_CURVE('',#1097,#1098,#44,.T.);
#1468=EDGE_CURVE('',#1098,#1100,#48,.T.);
#1470=EDGE_CURVE('',#1100,#1091,#52,.T.);
#1472=EDGE_CURVE('',#1091,#1092,#56,.T.);
#1474=EDGE_CURVE('',#1092,#1094,#60,.T.);
#1476=EDGE_CURVE('',#1094,#1148,#64,.T.);
#1487=EDGE_CURVE('',#1148,#1160,#388,.T.);
#1489=EDGE_CURVE('',#1159,#1160,#324,.T.);
#1491=EDGE_CURVE('',#1159,#1164,#79,.T.);
#1493=EDGE_CURVE('',#1163,#1164,#356,.T.);
#1495=EDGE_CURVE('',#1151,#1163,#496,.T.);
#1498=EDGE_CURVE('',#1152,#1147,#84,.T.);
#1502=EDGE_CURVE('',#1143,#1144,#69,.T.);
#1504=EDGE_CURVE('',#1144,#1143,#74,.T.);
#1508=EDGE_CURVE('',#1283,#1284,#89,.T.);
#1510=EDGE_CURVE('',#1284,#1283,#94,.T.);
#1514=EDGE_CURVE('',#1287,#1288,#99,.T.);
#1516=EDGE_CURVE('',#1288,#1287,#104,.T.);
#1520=EDGE_CURVE('',#1291,#1292,#109,.T.);
#1522=EDGE_CURVE('',#1292,#1291,#114,.T.);
#1526=EDGE_CURVE('',#1295,#1296,#119,.T.);
#1528=EDGE_CURVE('',#1296,#1295,#124,.T.);
#1538=EDGE_CURVE('',#1139,#1140,#133,.T.);
#1540=EDGE_CURVE('',#1140,#1144,#196,.T.);
#1543=EDGE_CURVE('',#1139,#1143,#128,.T.);
#1553=EDGE_CURVE('',#1154,#1156,#143,.T.);
#1555=EDGE_CURVE('',#1154,#1168,#147,.T.);
#1557=EDGE_CURVE('',#1166,#1168,#152,.T.);
#1559=EDGE_CURVE('',#1156,#1166,#316,.T.);
#1564=EDGE_CURVE('',#1140,#1139,#138,.T.);
#1568=EDGE_CURVE('',#1267,#1268,#157,.T.);
#1570=EDGE_CURVE('',#1268,#1267,#162,.T.);
#1574=EDGE_CURVE('',#1271,#1272,#167,.T.);
#1576=EDGE_CURVE('',#1272,#1271,#172,.T.);
#1580=EDGE_CURVE('',#1275,#1276,#177,.T.);
#1582=EDGE_CURVE('',#1276,#1275,#182,.T.);
#1586=EDGE_CURVE('',#1279,#1280,#187,.T.);
#1588=EDGE_CURVE('',#1280,#1279,#192,.T.);
#1610=EDGE_CURVE('',#1154,#1152,#200,.T.);
#1613=EDGE_CURVE('',#1147,#1156,#312,.T.);
#1626=EDGE_CURVE('',#1124,#1136,#204,.T.);
#1628=EDGE_CURVE('',#1136,#1164,#360,.T.);
#1630=EDGE_CURVE('',#1164,#1168,#208,.T.);
#1642=EDGE_CURVE('',#1122,#1134,#212,.T.);
#1644=EDGE_CURVE('',#1134,#1136,#364,.T.);
#1649=EDGE_CURVE('',#1428,#1432,#216,.T.);
#1651=EDGE_CURVE('',#1432,#1436,#220,.T.);
#1653=EDGE_CURVE('',#1436,#1440,#224,.T.);
#1655=EDGE_CURVE('',#1440,#1428,#228,.T.);
#1666=EDGE_CURVE('',#1120,#1132,#232,.T.);
#1668=EDGE_CURVE('',#1132,#1134,#368,.T.);
#1673=EDGE_CURVE('',#1380,#1384,#236,.T.);
#1675=EDGE_CURVE('',#1384,#1388,#240,.T.);
#1677=EDGE_CURVE('',#1388,#1392,#244,.T.);
#1679=EDGE_CURVE('',#1392,#1380,#248,.T.);
#1690=EDGE_CURVE('',#1118,#1130,#252,.T.);
#1692=EDGE_CURVE('',#1130,#1132,#372,.T.);
#1697=EDGE_CURVE('',#1187,#1188,#256,.T.);
#1699=EDGE_CURVE('',#1192,#1187,#260,.T.);
#1701=EDGE_CURVE('',#1190,#1192,#264,.T.);
#1703=EDGE_CURVE('',#1188,#1190,#268,.T.);
#1714=EDGE_CURVE('',#1116,#1128,#272,.T.);
#1716=EDGE_CURVE('',#1128,#1130,#376,.T.);
#1721=EDGE_CURVE('',#1219,#1220,#276,.T.);
#1723=EDGE_CURVE('',#1224,#1219,#280,.T.);
#1725=EDGE_CURVE('',#1222,#1224,#284,.T.);
#1727=EDGE_CURVE('',#1220,#1222,#288,.T.);
#1738=EDGE_CURVE('',#1115,#1127,#292,.T.);
#1740=EDGE_CURVE('',#1127,#1128,#380,.T.);
#1745=EDGE_CURVE('',#1251,#1252,#296,.T.);
#1747=EDGE_CURVE('',#1256,#1251,#300,.T.);
#1749=EDGE_CURVE('',#1254,#1256,#304,.T.);
#1751=EDGE_CURVE('',#1252,#1254,#308,.T.);
#1763=EDGE_CURVE('',#1159,#1166,#320,.T.);
#1765=EDGE_CURVE('',#1159,#1127,#384,.T.);
#1790=EDGE_CURVE('',#1106,#1160,#328,.T.);
#1792=EDGE_CURVE('',#1104,#1106,#332,.T.);
#1794=EDGE_CURVE('',#1103,#1104,#336,.T.);
#1796=EDGE_CURVE('',#1112,#1103,#340,.T.);
#1798=EDGE_CURVE('',#1110,#1112,#344,.T.);
#1800=EDGE_CURVE('',#1109,#1110,#348,.T.);
#1802=EDGE_CURVE('',#1163,#1109,#352,.T.);
#1822=EDGE_CURVE('',#1094,#1106,#392,.T.);
#1834=EDGE_CURVE('',#1092,#1104,#396,.T.);
#1840=EDGE_CURVE('',#1243,#1244,#400,.T.);
#1842=EDGE_CURVE('',#1244,#1246,#404,.T.);
#1844=EDGE_CURVE('',#1246,#1248,#408,.T.);
#1846=EDGE_CURVE('',#1248,#1243,#412,.T.);
#1857=EDGE_CURVE('',#1091,#1103,#416,.T.);
#1863=EDGE_CURVE('',#1211,#1212,#420,.T.);
#1865=EDGE_CURVE('',#1212,#1214,#424,.T.);
#1867=EDGE_CURVE('',#1214,#1216,#428,.T.);
#1869=EDGE_CURVE('',#1216,#1211,#432,.T.);
#1880=EDGE_CURVE('',#1100,#1112,#436,.T.);
#1886=EDGE_CURVE('',#1179,#1180,#440,.T.);
#1888=EDGE_CURVE('',#1180,#1182,#444,.T.);
#1890=EDGE_CURVE('',#1182,#1184,#448,.T.);
#1892=EDGE_CURVE('',#1184,#1179,#452,.T.);
#1903=EDGE_CURVE('',#1098,#1110,#456,.T.);
#1909=EDGE_CURVE('',#1354,#1356,#460,.T.);
#1911=EDGE_CURVE('',#1360,#1354,#464,.T.);
#1913=EDGE_CURVE('',#1358,#1360,#468,.T.);
#1915=EDGE_CURVE('',#1356,#1358,#472,.T.);
#1926=EDGE_CURVE('',#1097,#1109,#476,.T.);
#1932=EDGE_CURVE('',#1402,#1404,#480,.T.);
#1934=EDGE_CURVE('',#1408,#1402,#484,.T.);
#1936=EDGE_CURVE('',#1406,#1408,#488,.T.);
#1938=EDGE_CURVE('',#1404,#1406,#492,.T.);
#1960=EDGE_CURVE('',#1402,#1395,#500,.T.);
#1963=EDGE_CURVE('',#1404,#1396,#540,.T.);
#1965=EDGE_CURVE('',#1395,#1396,#508,.T.);
#1976=EDGE_CURVE('',#1400,#1395,#520,.T.);
#1978=EDGE_CURVE('',#1408,#1400,#504,.T.);
#1990=EDGE_CURVE('',#1396,#1398,#512,.T.);
#1992=EDGE_CURVE('',#1398,#1400,#516,.T.);
#1997=EDGE_CURVE('',#1418,#1420,#524,.T.);
#1999=EDGE_CURVE('',#1424,#1418,#528,.T.);
#2001=EDGE_CURVE('',#1422,#1424,#532,.T.);
#2003=EDGE_CURVE('',#1420,#1422,#536,.T.);
#2015=EDGE_CURVE('',#1406,#1398,#544,.T.);
#2038=EDGE_CURVE('',#1418,#1411,#548,.T.);
#2041=EDGE_CURVE('',#1420,#1412,#588,.T.);
#2043=EDGE_CURVE('',#1411,#1412,#556,.T.);
#2054=EDGE_CURVE('',#1416,#1411,#568,.T.);
#2056=EDGE_CURVE('',#1424,#1416,#552,.T.);
#2068=EDGE_CURVE('',#1412,#1414,#560,.T.);
#2070=EDGE_CURVE('',#1414,#1416,#564,.T.);
#2075=EDGE_CURVE('',#1427,#1431,#572,.T.);
#2077=EDGE_CURVE('',#1439,#1427,#576,.T.);
#2079=EDGE_CURVE('',#1435,#1439,#580,.T.);
#2081=EDGE_CURVE('',#1431,#1435,#584,.T.);
#2093=EDGE_CURVE('',#1422,#1414,#592,.T.);
#2116=EDGE_CURVE('',#1427,#1428,#596,.T.);
#2119=EDGE_CURVE('',#1431,#1432,#608,.T.);
#2132=EDGE_CURVE('',#1439,#1440,#600,.T.);
#2143=EDGE_CURVE('',#1435,#1436,#604,.T.);
#2168=EDGE_CURVE('',#1354,#1347,#612,.T.);
#2171=EDGE_CURVE('',#1356,#1348,#652,.T.);
#2173=EDGE_CURVE('',#1347,#1348,#620,.T.);
#2184=EDGE_CURVE('',#1352,#1347,#632,.T.);
#2186=EDGE_CURVE('',#1360,#1352,#616,.T.);
#2198=EDGE_CURVE('',#1348,#1350,#624,.T.);
#2200=EDGE_CURVE('',#1350,#1352,#628,.T.);
#2205=EDGE_CURVE('',#1370,#1372,#636,.T.);
#2207=EDGE_CURVE('',#1376,#1370,#640,.T.);
#2209=EDGE_CURVE('',#1374,#1376,#644,.T.);
#2211=EDGE_CURVE('',#1372,#1374,#648,.T.);
#2223=EDGE_CURVE('',#1358,#1350,#656,.T.);
#2246=EDGE_CURVE('',#1370,#1363,#660,.T.);
#2249=EDGE_CURVE('',#1372,#1364,#700,.T.);
#2251=EDGE_CURVE('',#1363,#1364,#668,.T.);
#2262=EDGE_CURVE('',#1368,#1363,#680,.T.);
#2264=EDGE_CURVE('',#1376,#1368,#664,.T.);
#2276=EDGE_CURVE('',#1364,#1366,#672,.T.);
#2278=EDGE_CURVE('',#1366,#1368,#676,.T.);
#2283=EDGE_CURVE('',#1379,#1383,#684,.T.);
#2285=EDGE_CURVE('',#1391,#1379,#688,.T.);
#2287=EDGE_CURVE('',#1387,#1391,#692,.T.);
#2289=EDGE_CURVE('',#1383,#1387,#696,.T.);
#2301=EDGE_CURVE('',#1374,#1366,#704,.T.);
#2324=EDGE_CURVE('',#1379,#1380,#708,.T.);
#2327=EDGE_CURVE('',#1383,#1384,#720,.T.);
#2340=EDGE_CURVE('',#1391,#1392,#712,.T.);
#2351=EDGE_CURVE('',#1387,#1388,#716,.T.);
#2377=EDGE_CURVE('',#1179,#1171,#724,.T.);
#2379=EDGE_CURVE('',#1171,#1172,#740,.T.);
#2381=EDGE_CURVE('',#1180,#1172,#736,.T.);
#2392=EDGE_CURVE('',#1184,#1176,#728,.T.);
#2394=EDGE_CURVE('',#1176,#1171,#744,.T.);
#2406=EDGE_CURVE('',#1182,#1174,#732,.T.);
#2408=EDGE_CURVE('',#1174,#1176,#748,.T.);
#2421=EDGE_CURVE('',#1172,#1174,#752,.T.);
#2438=EDGE_CURVE('',#1339,#1340,#756,.T.);
#2440=EDGE_CURVE('',#1340,#1342,#760,.T.);
#2442=EDGE_CURVE('',#1342,#1344,#764,.T.);
#2444=EDGE_CURVE('',#1344,#1339,#768,.T.);
#2455=EDGE_CURVE('',#1339,#1331,#772,.T.);
#2457=EDGE_CURVE('',#1331,#1332,#788,.T.);
#2459=EDGE_CURVE('',#1340,#1332,#784,.T.);
#2470=EDGE_CURVE('',#1344,#1336,#776,.T.);
#2472=EDGE_CURVE('',#1336,#1331,#792,.T.);
#2484=EDGE_CURVE('',#1342,#1334,#780,.T.);
#2486=EDGE_CURVE('',#1334,#1336,#796,.T.);
#2499=EDGE_CURVE('',#1332,#1334,#800,.T.);
#2516=EDGE_CURVE('',#1194,#1196,#804,.T.);
#2518=EDGE_CURVE('',#1196,#1198,#808,.T.);
#2520=EDGE_CURVE('',#1198,#1200,#812,.T.);
#2522=EDGE_CURVE('',#1200,#1194,#816,.T.);
#2533=EDGE_CURVE('',#1196,#1188,#824,.T.);
#2536=EDGE_CURVE('',#1194,#1187,#820,.T.);
#2547=EDGE_CURVE('',#1198,#1190,#828,.T.);
#2560=EDGE_CURVE('',#1200,#1192,#832,.T.);
#2585=EDGE_CURVE('',#1211,#1203,#836,.T.);
#2587=EDGE_CURVE('',#1203,#1204,#852,.T.);
#2589=EDGE_CURVE('',#1212,#1204,#848,.T.);
#2600=EDGE_CURVE('',#1216,#1208,#840,.T.);
#2602=EDGE_CURVE('',#1208,#1203,#856,.T.);
#2614=EDGE_CURVE('',#1214,#1206,#844,.T.);
#2616=EDGE_CURVE('',#1206,#1208,#860,.T.);
#2629=EDGE_CURVE('',#1204,#1206,#864,.T.);
#2646=EDGE_CURVE('',#1307,#1308,#868,.T.);
#2648=EDGE_CURVE('',#1308,#1310,#872,.T.);
#2650=EDGE_CURVE('',#1310,#1312,#876,.T.);
#2652=EDGE_CURVE('',#1312,#1307,#880,.T.);
#2663=EDGE_CURVE('',#1307,#1299,#884,.T.);
#2665=EDGE_CURVE('',#1299,#1300,#900,.T.);
#2667=EDGE_CURVE('',#1308,#1300,#896,.T.);
#2678=EDGE_CURVE('',#1312,#1304,#888,.T.);
#2680=EDGE_CURVE('',#1304,#1299,#904,.T.);
#2692=EDGE_CURVE('',#1310,#1302,#892,.T.);
#2694=EDGE_CURVE('',#1302,#1304,#908,.T.);
#2707=EDGE_CURVE('',#1300,#1302,#912,.T.);
#2724=EDGE_CURVE('',#1226,#1228,#916,.T.);
#2726=EDGE_CURVE('',#1228,#1230,#920,.T.);
#2728=EDGE_CURVE('',#1230,#1232,#924,.T.);
#2730=EDGE_CURVE('',#1232,#1226,#928,.T.);
#2741=EDGE_CURVE('',#1228,#1220,#936,.T.);
#2744=EDGE_CURVE('',#1226,#1219,#932,.T.);
#2755=EDGE_CURVE('',#1230,#1222,#940,.T.);
#2768=EDGE_CURVE('',#1232,#1224,#944,.T.);
#2793=EDGE_CURVE('',#1243,#1235,#948,.T.);
#2795=EDGE_CURVE('',#1235,#1236,#964,.T.);
#2797=EDGE_CURVE('',#1244,#1236,#960,.T.);
#2808=EDGE_CURVE('',#1248,#1240,#952,.T.);
#2810=EDGE_CURVE('',#1240,#1235,#968,.T.);
#2822=EDGE_CURVE('',#1246,#1238,#956,.T.);
#2824=EDGE_CURVE('',#1238,#1240,#972,.T.);
#2837=EDGE_CURVE('',#1236,#1238,#976,.T.);
#2854=EDGE_CURVE('',#1323,#1324,#980,.T.);
#2856=EDGE_CURVE('',#1324,#1326,#984,.T.);
#2858=EDGE_CURVE('',#1326,#1328,#988,.T.);
#2860=EDGE_CURVE('',#1328,#1323,#992,.T.);
#2871=EDGE_CURVE('',#1323,#1315,#996,.T.);
#2873=EDGE_CURVE('',#1315,#1316,#1012,.T.);
#2875=EDGE_CURVE('',#1324,#1316,#1008,.T.);
#2886=EDGE_CURVE('',#1328,#1320,#1000,.T.);
#2888=EDGE_CURVE('',#1320,#1315,#1016,.T.);
#2900=EDGE_CURVE('',#1326,#1318,#1004,.T.);
#2902=EDGE_CURVE('',#1318,#1320,#1020,.T.);
#2915=EDGE_CURVE('',#1316,#1318,#1024,.T.);
#2932=EDGE_CURVE('',#1258,#1260,#1028,.T.);
#2934=EDGE_CURVE('',#1260,#1262,#1032,.T.);
#2936=EDGE_CURVE('',#1262,#1264,#1036,.T.);
#2938=EDGE_CURVE('',#1264,#1258,#1040,.T.);
#2949=EDGE_CURVE('',#1260,#1252,#1048,.T.);
#2952=EDGE_CURVE('',#1258,#1251,#1044,.T.);
#2963=EDGE_CURVE('',#1262,#1254,#1052,.T.);
#2976=EDGE_CURVE('',#1264,#1256,#1056,.T.);
#3001=EDGE_CURVE('',#1267,#1283,#1060,.T.);
#3004=EDGE_CURVE('',#1268,#1284,#1064,.T.);
#3027=EDGE_CURVE('',#1271,#1287,#1068,.T.);
#3030=EDGE_CURVE('',#1272,#1288,#1072,.T.);
#3053=EDGE_CURVE('',#1275,#1291,#1076,.T.);
#3056=EDGE_CURVE('',#1276,#1292,#1080,.T.);
#3079=EDGE_CURVE('',#1279,#1295,#1084,.T.);
#3082=EDGE_CURVE('',#1280,#1296,#1088,.T.);
#3099=CLOSED_SHELL('',(#1480,#1532,#1547,#1592,#1604,#1618,#1635,#1659,#1683,
#1707,#1731,#1755,#1771,#1783,#1814,#1827,#1850,#1873,#1896,#1919,#1942,#1954,
#1969,#1983,#2007,#2020,#2032,#2047,#2061,#2085,#2098,#2110,#2124,#2137,#2150,
#2162,#2177,#2191,#2215,#2228,#2240,#2255,#2269,#2293,#2306,#2318,#2332,#2345,
#2358,#2370,#2385,#2399,#2413,#2426,#2448,#2463,#2477,#2491,#2504,#2526,#2540,
#2553,#2566,#2578,#2593,#2607,#2621,#2634,#2656,#2671,#2685,#2699,#2712,#2734,
#2748,#2761,#2774,#2786,#2801,#2815,#2829,#2842,#2864,#2879,#2893,#2907,#2920,
#2942,#2956,#2969,#2982,#2994,#3008,#3020,#3034,#3046,#3060,#3072,#3086,#3098));
#3100=MANIFOLD_SOLID_BREP('',#3099);
#3101=(LENGTH_UNIT()NAMED_UNIT(*)SI_UNIT(.MILLI.,.METRE.));
#3103=(NAMED_UNIT(*)PLANE_ANGLE_UNIT()SI_UNIT($,.RADIAN.));
#3106=(NAMED_UNIT(*)SI_UNIT($,.STERADIAN.)SOLID_ANGLE_UNIT());
#3109=ADVANCED_BREP_SHAPE_REPRESENTATION('',(#3100),#3108);
#3116=PRODUCT_DEFINITION('design','',#3115,#3112);
#3117=PRODUCT_DEFINITION_SHAPE('','SHAPE FOR OHISJE_SENZORJI_PREKRIVANJE.',
#3116);
#3118=SHAPE_DEFINITION_REPRESENTATION(#3117,#3109);
ENDSEC;
END-ISO-10303-21;
