ISO-10303-21;
HEADER;
FILE_DESCRIPTION((''),'2;1');
FILE_NAME('SLIP_CONNECTION_FIXBOARD','2023-10-09T16:36:12',('domen'),(''),
'CREO PARAMETRIC BY PTC INC, 2023073','CREO PARAMETRIC BY PTC INC, 2023073','');
FILE_SCHEMA(('CONFIG_CONTROL_DESIGN'));
ENDSEC;
DATA;
#1=CARTESIAN_POINT('',(-1.05E1,0.E0,-1.05E1));
#2=DIRECTION('',(0.E0,1.E0,0.E0));
#3=DIRECTION('',(1.E0,0.E0,0.E0));
#4=AXIS2_PLACEMENT_3D('',#1,#2,#3);
#6=CARTESIAN_POINT('',(-1.05E1,0.E0,-1.05E1));
#7=DIRECTION('',(0.E0,1.E0,0.E0));
#8=DIRECTION('',(-1.E0,0.E0,0.E0));
#9=AXIS2_PLACEMENT_3D('',#6,#7,#8);
#11=CARTESIAN_POINT('',(1.05E1,0.E0,-1.05E1));
#12=DIRECTION('',(0.E0,1.E0,0.E0));
#13=DIRECTION('',(1.E0,0.E0,0.E0));
#14=AXIS2_PLACEMENT_3D('',#11,#12,#13);
#16=CARTESIAN_POINT('',(1.05E1,0.E0,-1.05E1));
#17=DIRECTION('',(0.E0,1.E0,0.E0));
#18=DIRECTION('',(-1.E0,0.E0,0.E0));
#19=AXIS2_PLACEMENT_3D('',#16,#17,#18);
#21=CARTESIAN_POINT('',(1.05E1,0.E0,1.05E1));
#22=DIRECTION('',(0.E0,1.E0,0.E0));
#23=DIRECTION('',(1.E0,0.E0,0.E0));
#24=AXIS2_PLACEMENT_3D('',#21,#22,#23);
#26=CARTESIAN_POINT('',(1.05E1,0.E0,1.05E1));
#27=DIRECTION('',(0.E0,1.E0,0.E0));
#28=DIRECTION('',(-1.E0,0.E0,0.E0));
#29=AXIS2_PLACEMENT_3D('',#26,#27,#28);
#31=CARTESIAN_POINT('',(-1.05E1,0.E0,1.05E1));
#32=DIRECTION('',(0.E0,1.E0,0.E0));
#33=DIRECTION('',(1.E0,0.E0,0.E0));
#34=AXIS2_PLACEMENT_3D('',#31,#32,#33);
#36=CARTESIAN_POINT('',(-1.05E1,0.E0,1.05E1));
#37=DIRECTION('',(0.E0,1.E0,0.E0));
#38=DIRECTION('',(-1.E0,0.E0,0.E0));
#39=AXIS2_PLACEMENT_3D('',#36,#37,#38);
#41=CARTESIAN_POINT('',(0.E0,0.E0,0.E0));
#42=DIRECTION('',(0.E0,1.E0,0.E0));
#43=DIRECTION('',(6.614378277661E-1,0.E0,7.5E-1));
#44=AXIS2_PLACEMENT_3D('',#41,#42,#43);
#46=DIRECTION('',(1.E0,0.E0,0.E0));
#47=VECTOR('',#46,2.645751311065E0);
#48=CARTESIAN_POINT('',(-1.322875655532E0,0.E0,1.5E0));
#49=LINE('',#48,#47);
#50=CARTESIAN_POINT('',(-2.298097038856E1,0.E0,2.298097038856E1));
#51=DIRECTION('',(0.E0,-1.E0,0.E0));
#52=DIRECTION('',(3.762876843944E-1,0.E0,-9.265028756421E-1));
#53=AXIS2_PLACEMENT_3D('',#50,#51,#52);
#55=CARTESIAN_POINT('',(-1.044522601085E1,0.E0,2.812289554051E1));
#56=DIRECTION('',(0.E0,1.E0,0.E0));
#57=DIRECTION('',(3.481742003615E-1,0.E0,-9.374298513503E-1));
#58=AXIS2_PLACEMENT_3D('',#55,#56,#57);
#60=CARTESIAN_POINT('',(0.E0,0.E0,0.E0));
#61=DIRECTION('',(0.E0,1.E0,0.E0));
#62=DIRECTION('',(-3.481742003615E-1,0.E0,9.374298513503E-1));
#63=AXIS2_PLACEMENT_3D('',#60,#61,#62);
#65=CARTESIAN_POINT('',(1.044522601085E1,0.E0,2.812289554051E1));
#66=DIRECTION('',(0.E0,1.E0,0.E0));
#67=DIRECTION('',(6.513475686044E-1,0.E0,-7.587795100509E-1));
#68=AXIS2_PLACEMENT_3D('',#65,#66,#67);
#70=CARTESIAN_POINT('',(2.298097038856E1,0.E0,2.298097038856E1));
#71=DIRECTION('',(0.E0,-1.E0,0.E0));
#72=DIRECTION('',(-9.265028756421E-1,0.E0,-3.762876843944E-1));
#73=AXIS2_PLACEMENT_3D('',#70,#71,#72);
#75=CARTESIAN_POINT('',(2.812289554051E1,0.E0,1.044522601085E1));
#76=DIRECTION('',(0.E0,1.E0,0.E0));
#77=DIRECTION('',(-9.374298513503E-1,0.E0,-3.481742003615E-1));
#78=AXIS2_PLACEMENT_3D('',#75,#76,#77);
#80=CARTESIAN_POINT('',(2.812289554051E1,0.E0,-1.044522601085E1));
#81=DIRECTION('',(0.E0,1.E0,0.E0));
#82=DIRECTION('',(-7.587795100509E-1,0.E0,-6.513475686044E-1));
#83=AXIS2_PLACEMENT_3D('',#80,#81,#82);
#85=CARTESIAN_POINT('',(2.298097038856E1,0.E0,-2.298097038856E1));
#86=DIRECTION('',(0.E0,-1.E0,0.E0));
#87=DIRECTION('',(-3.762876843944E-1,0.E0,9.265028756421E-1));
#88=AXIS2_PLACEMENT_3D('',#85,#86,#87);
#90=CARTESIAN_POINT('',(1.044522601085E1,0.E0,-2.812289554051E1));
#91=DIRECTION('',(0.E0,1.E0,0.E0));
#92=DIRECTION('',(-3.481742003615E-1,0.E0,9.374298513503E-1));
#93=AXIS2_PLACEMENT_3D('',#90,#91,#92);
#95=CARTESIAN_POINT('',(0.E0,0.E0,0.E0));
#96=DIRECTION('',(0.E0,1.E0,0.E0));
#97=DIRECTION('',(3.481742003615E-1,0.E0,-9.374298513503E-1));
#98=AXIS2_PLACEMENT_3D('',#95,#96,#97);
#100=CARTESIAN_POINT('',(-1.044522601085E1,0.E0,-2.812289554051E1));
#101=DIRECTION('',(0.E0,1.E0,0.E0));
#102=DIRECTION('',(-5.696103050716E-1,0.E0,8.219148984878E-1));
#103=AXIS2_PLACEMENT_3D('',#100,#101,#102);
#105=CARTESIAN_POINT('',(-2.298097038856E1,0.E0,-2.298097038856E1));
#106=DIRECTION('',(0.E0,-1.E0,0.E0));
#107=DIRECTION('',(9.119521769336E-1,0.E0,4.102965110577E-1));
#108=AXIS2_PLACEMENT_3D('',#105,#106,#107);
#110=CARTESIAN_POINT('',(-2.812289554051E1,0.E0,-1.044522601085E1));
#111=DIRECTION('',(0.E0,1.E0,0.E0));
#112=DIRECTION('',(9.374298513503E-1,0.E0,3.481742003615E-1));
#113=AXIS2_PLACEMENT_3D('',#110,#111,#112);
#115=CARTESIAN_POINT('',(-2.812289554051E1,0.E0,1.044522601085E1));
#116=DIRECTION('',(0.E0,1.E0,0.E0));
#117=DIRECTION('',(7.587795100509E-1,0.E0,6.513475686044E-1));
#118=AXIS2_PLACEMENT_3D('',#115,#116,#117);
#120=DIRECTION('',(0.E0,-1.E0,0.E0));
#121=VECTOR('',#120,4.7E0);
#122=CARTESIAN_POINT('',(-9.7E0,4.7E0,-1.05E1));
#123=LINE('',#122,#121);
#124=DIRECTION('',(0.E0,-1.E0,0.E0));
#125=VECTOR('',#124,4.7E0);
#126=CARTESIAN_POINT('',(-1.13E1,4.7E0,-1.05E1));
#127=LINE('',#126,#125);
#128=CARTESIAN_POINT('',(2.298097038856E1,4.7E0,2.298097038856E1));
#129=DIRECTION('',(0.E0,1.E0,0.E0));
#130=DIRECTION('',(0.E0,0.E0,1.E0));
#131=AXIS2_PLACEMENT_3D('',#128,#129,#130);
#133=CARTESIAN_POINT('',(2.298097038856E1,4.7E0,2.298097038856E1));
#134=DIRECTION('',(0.E0,1.E0,0.E0));
#135=DIRECTION('',(0.E0,0.E0,-1.E0));
#136=AXIS2_PLACEMENT_3D('',#133,#134,#135);
#138=CARTESIAN_POINT('',(-2.298097038856E1,4.7E0,2.298097038856E1));
#139=DIRECTION('',(0.E0,1.E0,0.E0));
#140=DIRECTION('',(0.E0,0.E0,1.E0));
#141=AXIS2_PLACEMENT_3D('',#138,#139,#140);
#143=CARTESIAN_POINT('',(-2.298097038856E1,4.7E0,2.298097038856E1));
#144=DIRECTION('',(0.E0,1.E0,0.E0));
#145=DIRECTION('',(0.E0,0.E0,-1.E0));
#146=AXIS2_PLACEMENT_3D('',#143,#144,#145);
#148=CARTESIAN_POINT('',(-2.298097038856E1,4.7E0,-2.298097038856E1));
#149=DIRECTION('',(0.E0,1.E0,0.E0));
#150=DIRECTION('',(0.E0,0.E0,1.E0));
#151=AXIS2_PLACEMENT_3D('',#148,#149,#150);
#153=CARTESIAN_POINT('',(-2.298097038856E1,4.7E0,-2.298097038856E1));
#154=DIRECTION('',(0.E0,1.E0,0.E0));
#155=DIRECTION('',(0.E0,0.E0,-1.E0));
#156=AXIS2_PLACEMENT_3D('',#153,#154,#155);
#158=CARTESIAN_POINT('',(2.298097038856E1,4.7E0,-2.298097038856E1));
#159=DIRECTION('',(0.E0,1.E0,0.E0));
#160=DIRECTION('',(0.E0,0.E0,1.E0));
#161=AXIS2_PLACEMENT_3D('',#158,#159,#160);
#163=CARTESIAN_POINT('',(2.298097038856E1,4.7E0,-2.298097038856E1));
#164=DIRECTION('',(0.E0,1.E0,0.E0));
#165=DIRECTION('',(0.E0,0.E0,-1.E0));
#166=AXIS2_PLACEMENT_3D('',#163,#164,#165);
#168=CARTESIAN_POINT('',(0.E0,4.7E0,0.E0));
#169=DIRECTION('',(0.E0,-1.E0,0.E0));
#170=DIRECTION('',(1.E0,0.E0,0.E0));
#171=AXIS2_PLACEMENT_3D('',#168,#169,#170);
#173=CARTESIAN_POINT('',(0.E0,4.7E0,0.E0));
#174=DIRECTION('',(0.E0,-1.E0,0.E0));
#175=DIRECTION('',(-1.E0,0.E0,0.E0));
#176=AXIS2_PLACEMENT_3D('',#173,#174,#175);
#178=CARTESIAN_POINT('',(-1.05E1,4.7E0,-1.05E1));
#179=DIRECTION('',(0.E0,1.E0,0.E0));
#180=DIRECTION('',(1.E0,0.E0,0.E0));
#181=AXIS2_PLACEMENT_3D('',#178,#179,#180);
#183=CARTESIAN_POINT('',(-1.05E1,4.7E0,-1.05E1));
#184=DIRECTION('',(0.E0,1.E0,0.E0));
#185=DIRECTION('',(-1.E0,0.E0,0.E0));
#186=AXIS2_PLACEMENT_3D('',#183,#184,#185);
#188=CARTESIAN_POINT('',(1.05E1,4.7E0,-1.05E1));
#189=DIRECTION('',(0.E0,1.E0,0.E0));
#190=DIRECTION('',(1.E0,0.E0,0.E0));
#191=AXIS2_PLACEMENT_3D('',#188,#189,#190);
#193=CARTESIAN_POINT('',(1.05E1,4.7E0,-1.05E1));
#194=DIRECTION('',(0.E0,1.E0,0.E0));
#195=DIRECTION('',(-1.E0,0.E0,0.E0));
#196=AXIS2_PLACEMENT_3D('',#193,#194,#195);
#198=CARTESIAN_POINT('',(1.05E1,4.7E0,1.05E1));
#199=DIRECTION('',(0.E0,1.E0,0.E0));
#200=DIRECTION('',(1.E0,0.E0,0.E0));
#201=AXIS2_PLACEMENT_3D('',#198,#199,#200);
#203=CARTESIAN_POINT('',(1.05E1,4.7E0,1.05E1));
#204=DIRECTION('',(0.E0,1.E0,0.E0));
#205=DIRECTION('',(-1.E0,0.E0,0.E0));
#206=AXIS2_PLACEMENT_3D('',#203,#204,#205);
#208=CARTESIAN_POINT('',(-1.05E1,4.7E0,1.05E1));
#209=DIRECTION('',(0.E0,1.E0,0.E0));
#210=DIRECTION('',(1.E0,0.E0,0.E0));
#211=AXIS2_PLACEMENT_3D('',#208,#209,#210);
#213=CARTESIAN_POINT('',(-1.05E1,4.7E0,1.05E1));
#214=DIRECTION('',(0.E0,1.E0,0.E0));
#215=DIRECTION('',(-1.E0,0.E0,0.E0));
#216=AXIS2_PLACEMENT_3D('',#213,#214,#215);
#218=CARTESIAN_POINT('',(2.812289554051E1,4.7E0,1.044522601085E1));
#219=DIRECTION('',(0.E0,1.E0,0.E0));
#220=DIRECTION('',(-9.374298513503E-1,0.E0,-3.481742003615E-1));
#221=AXIS2_PLACEMENT_3D('',#218,#219,#220);
#223=DIRECTION('',(7.071067811865E-1,0.E0,7.071067811865E-1));
#224=VECTOR('',#223,5.228219713411E0);
#225=CARTESIAN_POINT('',(2.105182772864E1,4.7E0,1.751629382271E1));
#226=LINE('',#225,#224);
#227=CARTESIAN_POINT('',(2.298097038856E1,4.7E0,2.298097038856E1));
#228=DIRECTION('',(0.E0,-1.E0,0.E0));
#229=DIRECTION('',(7.071067811865E-1,0.E0,-7.071067811865E-1));
#230=AXIS2_PLACEMENT_3D('',#227,#228,#229);
#232=DIRECTION('',(-7.071067811865E-1,0.E0,-7.071067811865E-1));
#233=VECTOR('',#232,5.228219713411E0);
#234=CARTESIAN_POINT('',(2.121320343560E1,4.7E0,2.474873734153E1));
#235=LINE('',#234,#233);
#236=CARTESIAN_POINT('',(1.044522601085E1,4.7E0,2.812289554051E1));
#237=DIRECTION('',(0.E0,1.E0,0.E0));
#238=DIRECTION('',(7.071067811865E-1,0.E0,-7.071067811865E-1));
#239=AXIS2_PLACEMENT_3D('',#236,#237,#238);
#241=CARTESIAN_POINT('',(0.E0,4.7E0,0.E0));
#242=DIRECTION('',(0.E0,1.E0,0.E0));
#243=DIRECTION('',(-3.481742003615E-1,0.E0,9.374298513503E-1));
#244=AXIS2_PLACEMENT_3D('',#241,#242,#243);
#246=CARTESIAN_POINT('',(-1.044522601085E1,4.7E0,2.812289554051E1));
#247=DIRECTION('',(0.E0,1.E0,0.E0));
#248=DIRECTION('',(3.481742003615E-1,0.E0,-9.374298513503E-1));
#249=AXIS2_PLACEMENT_3D('',#246,#247,#248);
#251=DIRECTION('',(-7.071067811865E-1,0.E0,7.071067811865E-1));
#252=VECTOR('',#251,5.228219713411E0);
#253=CARTESIAN_POINT('',(-1.751629382271E1,4.7E0,2.105182772864E1));
#254=LINE('',#253,#252);
#255=CARTESIAN_POINT('',(-2.298097038856E1,4.7E0,2.298097038856E1));
#256=DIRECTION('',(0.E0,-1.E0,0.E0));
#257=DIRECTION('',(7.071067811865E-1,0.E0,7.071067811865E-1));
#258=AXIS2_PLACEMENT_3D('',#255,#256,#257);
#260=DIRECTION('',(7.071067811865E-1,0.E0,-7.071067811865E-1));
#261=VECTOR('',#260,5.228219713411E0);
#262=CARTESIAN_POINT('',(-2.474873734153E1,4.7E0,2.121320343560E1));
#263=LINE('',#262,#261);
#264=CARTESIAN_POINT('',(-2.812289554051E1,4.7E0,1.044522601085E1));
#265=DIRECTION('',(0.E0,1.E0,0.E0));
#266=DIRECTION('',(7.071067811865E-1,0.E0,7.071067811865E-1));
#267=AXIS2_PLACEMENT_3D('',#264,#265,#266);
#269=CARTESIAN_POINT('',(-2.812289554051E1,4.7E0,-1.044522601085E1));
#270=DIRECTION('',(0.E0,1.E0,0.E0));
#271=DIRECTION('',(9.374298513503E-1,0.E0,3.481742003615E-1));
#272=AXIS2_PLACEMENT_3D('',#269,#270,#271);
#274=DIRECTION('',(-7.071067811865E-1,0.E0,-7.071067811865E-1));
#275=VECTOR('',#274,5.228219713411E0);
#276=CARTESIAN_POINT('',(-2.105182772864E1,4.7E0,-1.751629382271E1));
#277=LINE('',#276,#275);
#278=CARTESIAN_POINT('',(-2.298097038856E1,4.7E0,-2.298097038856E1));
#279=DIRECTION('',(0.E0,-1.E0,0.E0));
#280=DIRECTION('',(-7.071067811865E-1,0.E0,7.071067811865E-1));
#281=AXIS2_PLACEMENT_3D('',#278,#279,#280);
#283=DIRECTION('',(7.071067811865E-1,0.E0,7.071067811865E-1));
#284=VECTOR('',#283,5.228219713411E0);
#285=CARTESIAN_POINT('',(-2.121320343560E1,4.7E0,-2.474873734153E1));
#286=LINE('',#285,#284);
#287=CARTESIAN_POINT('',(-1.044522601085E1,4.7E0,-2.812289554051E1));
#288=DIRECTION('',(0.E0,1.E0,0.E0));
#289=DIRECTION('',(-7.071067811865E-1,0.E0,7.071067811865E-1));
#290=AXIS2_PLACEMENT_3D('',#287,#288,#289);
#292=CARTESIAN_POINT('',(0.E0,4.7E0,0.E0));
#293=DIRECTION('',(0.E0,1.E0,0.E0));
#294=DIRECTION('',(3.481742003615E-1,0.E0,-9.374298513503E-1));
#295=AXIS2_PLACEMENT_3D('',#292,#293,#294);
#297=CARTESIAN_POINT('',(1.044522601085E1,4.7E0,-2.812289554051E1));
#298=DIRECTION('',(0.E0,1.E0,0.E0));
#299=DIRECTION('',(-3.481742003615E-1,0.E0,9.374298513503E-1));
#300=AXIS2_PLACEMENT_3D('',#297,#298,#299);
#302=DIRECTION('',(7.071067811865E-1,0.E0,-7.071067811865E-1));
#303=VECTOR('',#302,5.228219713411E0);
#304=CARTESIAN_POINT('',(1.751629382271E1,4.7E0,-2.105182772864E1));
#305=LINE('',#304,#303);
#306=CARTESIAN_POINT('',(2.298097038856E1,4.7E0,-2.298097038856E1));
#307=DIRECTION('',(0.E0,-1.E0,0.E0));
#308=DIRECTION('',(-7.071067811865E-1,0.E0,-7.071067811865E-1));
#309=AXIS2_PLACEMENT_3D('',#306,#307,#308);
#311=DIRECTION('',(-7.071067811865E-1,0.E0,7.071067811865E-1));
#312=VECTOR('',#311,5.228219713411E0);
#313=CARTESIAN_POINT('',(2.474873734153E1,4.7E0,-2.121320343560E1));
#314=LINE('',#313,#312);
#315=CARTESIAN_POINT('',(2.812289554051E1,4.7E0,-1.044522601085E1));
#316=DIRECTION('',(0.E0,1.E0,0.E0));
#317=DIRECTION('',(-7.071067811865E-1,0.E0,-7.071067811865E-1));
#318=AXIS2_PLACEMENT_3D('',#315,#316,#317);
#320=CARTESIAN_POINT('',(2.298097038856E1,0.E0,2.298097038856E1));
#321=DIRECTION('',(0.E0,-1.E0,0.E0));
#322=DIRECTION('',(1.E0,0.E0,0.E0));
#323=AXIS2_PLACEMENT_3D('',#320,#321,#322);
#325=DIRECTION('',(0.E0,-1.E0,0.E0));
#326=VECTOR('',#325,1.E1);
#327=CARTESIAN_POINT('',(2.373097038856E1,0.E0,2.298097038856E1));
#328=LINE('',#327,#326);
#329=DIRECTION('',(0.E0,1.E0,0.E0));
#330=VECTOR('',#329,4.7E0);
#331=CARTESIAN_POINT('',(2.298097038856E1,0.E0,2.373097038856E1));
#332=LINE('',#331,#330);
#333=CARTESIAN_POINT('',(2.298097038856E1,0.E0,2.298097038856E1));
#334=DIRECTION('',(0.E0,-1.E0,0.E0));
#335=DIRECTION('',(-1.E0,0.E0,0.E0));
#336=AXIS2_PLACEMENT_3D('',#333,#334,#335);
#338=DIRECTION('',(0.E0,-1.E0,0.E0));
#339=VECTOR('',#338,1.E1);
#340=CARTESIAN_POINT('',(2.223097038856E1,0.E0,2.298097038856E1));
#341=LINE('',#340,#339);
#342=DIRECTION('',(0.E0,1.E0,0.E0));
#343=VECTOR('',#342,4.7E0);
#344=CARTESIAN_POINT('',(2.298097038856E1,0.E0,2.223097038856E1));
#345=LINE('',#344,#343);
#346=CARTESIAN_POINT('',(-2.298097038856E1,-1.E1,2.298097038856E1));
#347=DIRECTION('',(0.E0,-1.E0,0.E0));
#348=DIRECTION('',(1.E0,0.E0,0.E0));
#349=AXIS2_PLACEMENT_3D('',#346,#347,#348);
#351=CARTESIAN_POINT('',(-2.298097038856E1,-1.E1,2.298097038856E1));
#352=DIRECTION('',(0.E0,-1.E0,0.E0));
#353=DIRECTION('',(-1.E0,0.E0,0.E0));
#354=AXIS2_PLACEMENT_3D('',#351,#352,#353);
#356=CARTESIAN_POINT('',(2.298097038856E1,-1.E1,2.298097038856E1));
#357=DIRECTION('',(0.E0,-1.E0,0.E0));
#358=DIRECTION('',(1.E0,0.E0,0.E0));
#359=AXIS2_PLACEMENT_3D('',#356,#357,#358);
#361=CARTESIAN_POINT('',(2.298097038856E1,-1.E1,2.298097038856E1));
#362=DIRECTION('',(0.E0,-1.E0,0.E0));
#363=DIRECTION('',(-1.E0,0.E0,0.E0));
#364=AXIS2_PLACEMENT_3D('',#361,#362,#363);
#366=CARTESIAN_POINT('',(2.298097038856E1,-1.E1,-2.298097038856E1));
#367=DIRECTION('',(0.E0,-1.E0,0.E0));
#368=DIRECTION('',(1.E0,0.E0,0.E0));
#369=AXIS2_PLACEMENT_3D('',#366,#367,#368);
#371=CARTESIAN_POINT('',(2.298097038856E1,-1.E1,-2.298097038856E1));
#372=DIRECTION('',(0.E0,-1.E0,0.E0));
#373=DIRECTION('',(-1.E0,0.E0,0.E0));
#374=AXIS2_PLACEMENT_3D('',#371,#372,#373);
#376=CARTESIAN_POINT('',(-2.298097038856E1,-1.E1,-2.298097038856E1));
#377=DIRECTION('',(0.E0,-1.E0,0.E0));
#378=DIRECTION('',(1.E0,0.E0,0.E0));
#379=AXIS2_PLACEMENT_3D('',#376,#377,#378);
#381=CARTESIAN_POINT('',(-2.298097038856E1,-1.E1,-2.298097038856E1));
#382=DIRECTION('',(0.E0,-1.E0,0.E0));
#383=DIRECTION('',(-1.E0,0.E0,0.E0));
#384=AXIS2_PLACEMENT_3D('',#381,#382,#383);
#386=CARTESIAN_POINT('',(-2.298097038856E1,-1.E1,2.298097038856E1));
#387=DIRECTION('',(0.E0,1.E0,0.E0));
#388=DIRECTION('',(1.E0,0.E0,0.E0));
#389=AXIS2_PLACEMENT_3D('',#386,#387,#388);
#391=CARTESIAN_POINT('',(-2.298097038856E1,-1.E1,2.298097038856E1));
#392=DIRECTION('',(0.E0,1.E0,0.E0));
#393=DIRECTION('',(-1.E0,0.E0,0.E0));
#394=AXIS2_PLACEMENT_3D('',#391,#392,#393);
#396=CARTESIAN_POINT('',(2.298097038856E1,-1.E1,2.298097038856E1));
#397=DIRECTION('',(0.E0,1.E0,0.E0));
#398=DIRECTION('',(1.E0,0.E0,0.E0));
#399=AXIS2_PLACEMENT_3D('',#396,#397,#398);
#401=CARTESIAN_POINT('',(2.298097038856E1,-1.E1,2.298097038856E1));
#402=DIRECTION('',(0.E0,1.E0,0.E0));
#403=DIRECTION('',(-1.E0,0.E0,0.E0));
#404=AXIS2_PLACEMENT_3D('',#401,#402,#403);
#406=CARTESIAN_POINT('',(2.298097038856E1,-1.E1,-2.298097038856E1));
#407=DIRECTION('',(0.E0,1.E0,0.E0));
#408=DIRECTION('',(1.E0,0.E0,0.E0));
#409=AXIS2_PLACEMENT_3D('',#406,#407,#408);
#411=CARTESIAN_POINT('',(2.298097038856E1,-1.E1,-2.298097038856E1));
#412=DIRECTION('',(0.E0,1.E0,0.E0));
#413=DIRECTION('',(-1.E0,0.E0,0.E0));
#414=AXIS2_PLACEMENT_3D('',#411,#412,#413);
#416=CARTESIAN_POINT('',(-2.298097038856E1,-1.E1,-2.298097038856E1));
#417=DIRECTION('',(0.E0,1.E0,0.E0));
#418=DIRECTION('',(1.E0,0.E0,0.E0));
#419=AXIS2_PLACEMENT_3D('',#416,#417,#418);
#421=CARTESIAN_POINT('',(-2.298097038856E1,-1.E1,-2.298097038856E1));
#422=DIRECTION('',(0.E0,1.E0,0.E0));
#423=DIRECTION('',(-1.E0,0.E0,0.E0));
#424=AXIS2_PLACEMENT_3D('',#421,#422,#423);
#426=CARTESIAN_POINT('',(-2.298097038856E1,-4.E0,2.298097038856E1));
#427=DIRECTION('',(0.E0,-1.E0,0.E0));
#428=DIRECTION('',(1.E0,0.E0,0.E0));
#429=AXIS2_PLACEMENT_3D('',#426,#427,#428);
#431=DIRECTION('',(0.E0,-1.E0,1.233330474785E-10));
#432=VECTOR('',#431,6.E0);
#433=CARTESIAN_POINT('',(-2.048097038856E1,-4.E0,2.298097038782E1));
#434=LINE('',#433,#432);
#435=CARTESIAN_POINT('',(-2.298097038856E1,0.E0,2.298097038856E1));
#436=DIRECTION('',(0.E0,-1.E0,0.E0));
#437=DIRECTION('',(-1.E0,0.E0,0.E0));
#438=AXIS2_PLACEMENT_3D('',#435,#436,#437);
#440=CARTESIAN_POINT('',(-2.121320343560E1,-4.E0,2.474873734153E1));
#441=CARTESIAN_POINT('',(-2.099338738785E1,-3.606781099763E0,2.452892129379E1));
#442=CARTESIAN_POINT('',(-2.057362494246E1,-2.858756316670E0,2.410915884839E1));
#443=CARTESIAN_POINT('',(-1.994942330906E1,-1.902195904798E0,2.348495721499E1));
#444=CARTESIAN_POINT('',(-1.932179475784E1,-1.148669705527E0,2.285732866378E1));
#445=CARTESIAN_POINT('',(-1.870152234242E1,-6.023008093600E-1,
2.223705624835E1));
#446=CARTESIAN_POINT('',(-1.809949976506E1,-2.417481063866E-1,
2.163503367100E1));
#447=CARTESIAN_POINT('',(-1.770855732051E1,-1.064925946023E-1,
2.124409122645E1));
#448=CARTESIAN_POINT('',(-1.751629382271E1,-6.258340278816E-2,
2.105182772864E1));
#450=CARTESIAN_POINT('',(-1.751629382271E1,-6.258340278816E-2,
2.105182772864E1));
#451=CARTESIAN_POINT('',(-1.743421742281E1,-4.383877144779E-2,
2.096975132875E1));
#452=CARTESIAN_POINT('',(-1.725997139077E1,-1.271617774539E-2,
2.080119354484E1));
#453=CARTESIAN_POINT('',(-1.706308008163E1,0.E0,2.062470039126E1));
#454=CARTESIAN_POINT('',(-1.695870169689E1,0.E0,2.053510044E1));
#456=CARTESIAN_POINT('',(-2.053510044E1,0.E0,1.695870169689E1));
#457=CARTESIAN_POINT('',(-2.061998862959E1,0.E0,1.705759117159E1));
#458=CARTESIAN_POINT('',(-2.079131298144E1,-1.144089285358E-2,
1.724934656068E1));
#459=CARTESIAN_POINT('',(-2.096470241893E1,-4.268570000087E-2,
1.742916851300E1));
#460=CARTESIAN_POINT('',(-2.105182772864E1,-6.258340278816E-2,
1.751629382271E1));
#462=CARTESIAN_POINT('',(-2.105182772864E1,-6.258340278816E-2,
1.751629382271E1));
#463=CARTESIAN_POINT('',(-2.127441270241E1,-1.134174218290E-1,
1.773887879648E1));
#464=CARTESIAN_POINT('',(-2.170264511405E1,-2.717922328644E-1,
1.816711120812E1));
#465=CARTESIAN_POINT('',(-2.230721340135E1,-6.582816079551E-1,
1.877167949541E1));
#466=CARTESIAN_POINT('',(-2.284750998370E1,-1.150112160816E0,1.931197607777E1));
#467=CARTESIAN_POINT('',(-2.332749606348E1,-1.709302895431E0,1.979196215754E1));
#468=CARTESIAN_POINT('',(-2.378419870763E1,-2.351719696739E0,2.024866480169E1));
#469=CARTESIAN_POINT('',(-2.424104847634E1,-3.094036259431E0,2.070551457041E1));
#470=CARTESIAN_POINT('',(-2.457354822205E1,-3.686612175948E0,2.103801431612E1));
#471=CARTESIAN_POINT('',(-2.474873734153E1,-4.E0,2.121320343560E1));
#473=CARTESIAN_POINT('',(-2.298097038856E1,-4.E0,2.298097038856E1));
#474=DIRECTION('',(0.E0,-1.E0,0.E0));
#475=DIRECTION('',(-7.071067811865E-1,0.E0,-7.071067811865E-1));
#476=AXIS2_PLACEMENT_3D('',#473,#474,#475);
#478=DIRECTION('',(1.046654585224E-8,1.E0,-1.046654318770E-8));
#479=VECTOR('',#478,4.E0);
#480=CARTESIAN_POINT('',(-2.474873734153E1,-4.E0,2.121320343560E1));
#481=LINE('',#480,#479);
#482=DIRECTION('',(0.E0,-1.E0,0.E0));
#483=VECTOR('',#482,1.E1);
#484=CARTESIAN_POINT('',(-2.548097038856E1,0.E0,2.298097038856E1));
#485=LINE('',#484,#483);
#486=DIRECTION('',(-8.907698597650E-9,1.E0,8.907697085857E-9));
#487=VECTOR('',#486,4.7E0);
#488=CARTESIAN_POINT('',(-2.474873729966E1,0.E0,2.121320339373E1));
#489=LINE('',#488,#487);
#490=DIRECTION('',(0.E0,-1.E0,0.E0));
#491=VECTOR('',#490,4.762583402788E0);
#492=CARTESIAN_POINT('',(-2.105182772864E1,4.7E0,1.751629382271E1));
#493=LINE('',#492,#491);
#494=DIRECTION('',(0.E0,1.E0,0.E0));
#495=VECTOR('',#494,4.7E0);
#496=CARTESIAN_POINT('',(-6.963484007230E0,0.E0,1.874859702701E1));
#497=LINE('',#496,#495);
#498=DIRECTION('',(0.E0,1.E0,0.E0));
#499=VECTOR('',#498,4.7E0);
#500=CARTESIAN_POINT('',(6.963484007230E0,0.E0,1.874859702701E1));
#501=LINE('',#500,#499);
#502=CARTESIAN_POINT('',(0.E0,0.E0,0.E0));
#503=DIRECTION('',(0.E0,-1.E0,0.E0));
#504=DIRECTION('',(9.374298513503E-1,0.E0,-3.481742003615E-1));
#505=AXIS2_PLACEMENT_3D('',#502,#503,#504);
#507=DIRECTION('',(0.E0,1.E0,0.E0));
#508=VECTOR('',#507,4.7E0);
#509=CARTESIAN_POINT('',(1.874859702701E1,0.E0,6.963484007230E0));
#510=LINE('',#509,#508);
#511=CARTESIAN_POINT('',(0.E0,4.7E0,0.E0));
#512=DIRECTION('',(0.E0,1.E0,0.E0));
#513=DIRECTION('',(9.374298513503E-1,0.E0,3.481742003615E-1));
#514=AXIS2_PLACEMENT_3D('',#511,#512,#513);
#516=DIRECTION('',(0.E0,1.E0,0.E0));
#517=VECTOR('',#516,4.7E0);
#518=CARTESIAN_POINT('',(1.874859702701E1,0.E0,-6.963484007230E0));
#519=LINE('',#518,#517);
#520=DIRECTION('',(0.E0,1.E0,0.E0));
#521=VECTOR('',#520,4.7E0);
#522=CARTESIAN_POINT('',(6.963484007230E0,0.E0,-1.874859702701E1));
#523=LINE('',#522,#521);
#524=DIRECTION('',(0.E0,1.E0,0.E0));
#525=VECTOR('',#524,4.7E0);
#526=CARTESIAN_POINT('',(-6.963484007230E0,0.E0,-1.874859702701E1));
#527=LINE('',#526,#525);
#528=CARTESIAN_POINT('',(0.E0,4.7E0,0.E0));
#529=DIRECTION('',(0.E0,1.E0,0.E0));
#530=DIRECTION('',(-9.374298513503E-1,0.E0,-3.481742003615E-1));
#531=AXIS2_PLACEMENT_3D('',#528,#529,#530);
#533=DIRECTION('',(0.E0,1.E0,0.E0));
#534=VECTOR('',#533,4.7E0);
#535=CARTESIAN_POINT('',(-1.874859702701E1,0.E0,6.963484007230E0));
#536=LINE('',#535,#534);
#537=CARTESIAN_POINT('',(0.E0,0.E0,0.E0));
#538=DIRECTION('',(0.E0,-1.E0,0.E0));
#539=DIRECTION('',(-9.374298513503E-1,0.E0,3.481742003615E-1));
#540=AXIS2_PLACEMENT_3D('',#537,#538,#539);
#542=DIRECTION('',(0.E0,1.E0,3.741687810652E-14));
#543=VECTOR('',#542,4.7E0);
#544=CARTESIAN_POINT('',(-1.874859702701E1,0.E0,-6.963484007230E0));
#545=LINE('',#544,#543);
#546=DIRECTION('',(0.E0,1.E0,0.E0));
#547=VECTOR('',#546,4.762583402788E0);
#548=CARTESIAN_POINT('',(-1.751629382271E1,-6.258340278816E-2,
2.105182772864E1));
#549=LINE('',#548,#547);
#550=DIRECTION('',(0.E0,1.E0,0.E0));
#551=VECTOR('',#550,8.7E0);
#552=CARTESIAN_POINT('',(-2.121320343560E1,-4.E0,2.474873734153E1));
#553=LINE('',#552,#551);
#554=DIRECTION('',(0.E0,-1.E0,0.E0));
#555=VECTOR('',#554,4.762583402788E0);
#556=CARTESIAN_POINT('',(1.751629382271E1,4.7E0,2.105182772864E1));
#557=LINE('',#556,#555);
#558=DIRECTION('',(0.E0,-1.E0,0.E0));
#559=VECTOR('',#558,8.7E0);
#560=CARTESIAN_POINT('',(2.121320343560E1,4.7E0,2.474873734153E1));
#561=LINE('',#560,#559);
#562=CARTESIAN_POINT('',(2.298097038856E1,-4.E0,2.298097038856E1));
#563=DIRECTION('',(0.E0,-1.E0,0.E0));
#564=DIRECTION('',(-7.071067811865E-1,0.E0,7.071067811865E-1));
#565=AXIS2_PLACEMENT_3D('',#562,#563,#564);
#567=DIRECTION('',(8.907699353547E-9,1.E0,8.907698597650E-9));
#568=VECTOR('',#567,4.7E0);
#569=CARTESIAN_POINT('',(2.474873729966E1,0.E0,2.121320339373E1));
#570=LINE('',#569,#568);
#571=CARTESIAN_POINT('',(2.298097038856E1,0.E0,2.298097038856E1));
#572=DIRECTION('',(0.E0,-1.E0,0.E0));
#573=DIRECTION('',(7.071067811865E-1,0.E0,-7.071067811865E-1));
#574=AXIS2_PLACEMENT_3D('',#571,#572,#573);
#576=DIRECTION('',(0.E0,-1.E0,0.E0));
#577=VECTOR('',#576,1.E1);
#578=CARTESIAN_POINT('',(2.548097038856E1,0.E0,2.298097038856E1));
#579=LINE('',#578,#577);
#580=CARTESIAN_POINT('',(1.751629382271E1,-6.258340278816E-2,2.105182772864E1));
#581=CARTESIAN_POINT('',(1.770872301103E1,-1.065304350482E-1,2.124425691696E1));
#582=CARTESIAN_POINT('',(1.810002072090E1,-2.419415013969E-1,2.163555462683E1));
#583=CARTESIAN_POINT('',(1.870272465393E1,-6.031204961643E-1,2.223825855986E1));
#584=CARTESIAN_POINT('',(1.932355203451E1,-1.150455833024E0,2.285908594044E1));
#585=CARTESIAN_POINT('',(1.995110938894E1,-1.904563884837E0,2.348664329487E1));
#586=CARTESIAN_POINT('',(2.057449286028E1,-2.860298710077E0,2.411002676621E1));
#587=CARTESIAN_POINT('',(2.099371908779E1,-3.607374462650E0,2.452925299373E1));
#588=CARTESIAN_POINT('',(2.121320343560E1,-4.E0,2.474873734153E1));
#590=CARTESIAN_POINT('',(2.474873734153E1,-4.E0,2.121320343560E1));
#591=CARTESIAN_POINT('',(2.469501794742E1,-3.903903826442E0,2.115948404148E1));
#592=CARTESIAN_POINT('',(2.458753595420E1,-3.711633862042E0,2.105200204827E1));
#593=CARTESIAN_POINT('',(2.442514761511E1,-3.424069578494E0,2.088961370918E1));
#594=CARTESIAN_POINT('',(2.426066994722E1,-3.138624788935E0,2.072513604129E1));
#595=CARTESIAN_POINT('',(2.409380905361E1,-2.857618996244E0,2.055827514768E1));
#596=CARTESIAN_POINT('',(2.392208693908E1,-2.579492918116E0,2.038655303315E1));
#597=CARTESIAN_POINT('',(2.373410642712E1,-2.289761723624E0,2.019857252119E1));
#598=CARTESIAN_POINT('',(2.351829299378E1,-1.977920101628E0,1.998275908785E1));
#599=CARTESIAN_POINT('',(2.326044767330E1,-1.636338358678E0,1.972491376737E1));
#600=CARTESIAN_POINT('',(2.295278746830E1,-1.273996347758E0,1.941725356237E1));
#601=CARTESIAN_POINT('',(2.258558527179E1,-9.044881223259E-1,1.905005136586E1));
#602=CARTESIAN_POINT('',(2.214825350033E1,-5.501897798462E-1,1.861271959440E1));
#603=CARTESIAN_POINT('',(2.164203989758E1,-2.493256600524E-1,1.810650599165E1));
#604=CARTESIAN_POINT('',(2.125717874348E1,-1.094815254304E-1,1.772164483754E1));
#605=CARTESIAN_POINT('',(2.105182772864E1,-6.258340278816E-2,1.751629382271E1));
#607=CARTESIAN_POINT('',(2.105182772864E1,-6.258340278816E-2,1.751629382271E1));
#608=CARTESIAN_POINT('',(2.096460144289E1,-4.266263906370E-2,1.742906753695E1));
#609=CARTESIAN_POINT('',(2.079111554257E1,-1.141589684203E-2,1.724913389633E1));
#610=CARTESIAN_POINT('',(2.061989441395E1,0.E0,1.705748141621E1));
#611=CARTESIAN_POINT('',(2.053510044E1,0.E0,1.695870169689E1));
#613=CARTESIAN_POINT('',(1.695870169689E1,0.E0,2.053510044E1));
#614=CARTESIAN_POINT('',(1.706307637853E1,0.E0,2.062469721246E1));
#615=CARTESIAN_POINT('',(1.725996422967E1,-1.271530070935E-2,2.080118687452E1));
#616=CARTESIAN_POINT('',(1.743421401719E1,-4.383799367077E-2,2.096974792312E1));
#617=CARTESIAN_POINT('',(1.751629382271E1,-6.258340278816E-2,2.105182772864E1));
#619=CARTESIAN_POINT('',(2.298097038856E1,-4.E0,2.298097038856E1));
#620=DIRECTION('',(0.E0,-1.E0,0.E0));
#621=DIRECTION('',(-1.E0,0.E0,0.E0));
#622=AXIS2_PLACEMENT_3D('',#619,#620,#621);
#624=DIRECTION('',(0.E0,-1.E0,9.921900338365E-11));
#625=VECTOR('',#624,6.E0);
#626=CARTESIAN_POINT('',(2.048097038856E1,-4.E0,2.298097038797E1));
#627=LINE('',#626,#625);
#628=DIRECTION('',(-1.046654674042E-8,1.E0,-1.046654585224E-8));
#629=VECTOR('',#628,4.E0);
#630=CARTESIAN_POINT('',(2.474873734153E1,-4.E0,2.121320343560E1));
#631=LINE('',#630,#629);
#632=DIRECTION('',(0.E0,1.E0,0.E0));
#633=VECTOR('',#632,4.762583402788E0);
#634=CARTESIAN_POINT('',(2.105182772864E1,-6.258340278816E-2,1.751629382271E1));
#635=LINE('',#634,#633);
#636=DIRECTION('',(0.E0,-1.E0,0.E0));
#637=VECTOR('',#636,4.762583402788E0);
#638=CARTESIAN_POINT('',(2.105182772864E1,4.7E0,-1.751629382271E1));
#639=LINE('',#638,#637);
#640=DIRECTION('',(0.E0,-1.E0,0.E0));
#641=VECTOR('',#640,8.7E0);
#642=CARTESIAN_POINT('',(2.474873734153E1,4.7E0,-2.121320343560E1));
#643=LINE('',#642,#641);
#644=CARTESIAN_POINT('',(2.298097038856E1,-4.E0,-2.298097038856E1));
#645=DIRECTION('',(0.E0,-1.E0,0.E0));
#646=DIRECTION('',(7.071067811865E-1,0.E0,7.071067811865E-1));
#647=AXIS2_PLACEMENT_3D('',#644,#645,#646);
#649=DIRECTION('',(-8.907698597650E-9,1.E0,8.907697841754E-9));
#650=VECTOR('',#649,4.7E0);
#651=CARTESIAN_POINT('',(2.121320347746E1,0.E0,-2.474873738340E1));
#652=LINE('',#651,#650);
#653=CARTESIAN_POINT('',(2.298097038856E1,0.E0,-2.298097038856E1));
#654=DIRECTION('',(0.E0,-1.E0,0.E0));
#655=DIRECTION('',(-7.071067811865E-1,0.E0,-7.071067811865E-1));
#656=AXIS2_PLACEMENT_3D('',#653,#654,#655);
#658=DIRECTION('',(0.E0,-1.E0,0.E0));
#659=VECTOR('',#658,1.E1);
#660=CARTESIAN_POINT('',(2.548097038856E1,0.E0,-2.298097038856E1));
#661=LINE('',#660,#659);
#662=CARTESIAN_POINT('',(2.121320343560E1,-4.E0,-2.474873734153E1));
#663=CARTESIAN_POINT('',(2.099338738785E1,-3.606781099763E0,-2.452892129379E1));
#664=CARTESIAN_POINT('',(2.057362494246E1,-2.858756316671E0,-2.410915884839E1));
#665=CARTESIAN_POINT('',(1.994942330906E1,-1.902195904799E0,-2.348495721499E1));
#666=CARTESIAN_POINT('',(1.932179475784E1,-1.148669705528E0,-2.285732866378E1));
#667=CARTESIAN_POINT('',(1.870152234242E1,-6.023008093603E-1,
-2.223705624835E1));
#668=CARTESIAN_POINT('',(1.809949976506E1,-2.417481063866E-1,
-2.163503367100E1));
#669=CARTESIAN_POINT('',(1.770855732051E1,-1.064925946023E-1,
-2.124409122645E1));
#670=CARTESIAN_POINT('',(1.751629382271E1,-6.258340278816E-2,
-2.105182772864E1));
#672=CARTESIAN_POINT('',(1.751629382271E1,-6.258340278816E-2,
-2.105182772864E1));
#673=CARTESIAN_POINT('',(1.743421742281E1,-4.383877144779E-2,
-2.096975132875E1));
#674=CARTESIAN_POINT('',(1.725997139077E1,-1.271617774539E-2,
-2.080119354484E1));
#675=CARTESIAN_POINT('',(1.706308008163E1,0.E0,-2.062470039126E1));
#676=CARTESIAN_POINT('',(1.695870169689E1,0.E0,-2.053510044E1));
#678=CARTESIAN_POINT('',(2.053510044E1,0.E0,-1.695870169689E1));
#679=CARTESIAN_POINT('',(2.061998862959E1,0.E0,-1.705759117159E1));
#680=CARTESIAN_POINT('',(2.079131298144E1,-1.144089285358E-2,
-1.724934656068E1));
#681=CARTESIAN_POINT('',(2.096470241893E1,-4.268570000087E-2,
-1.742916851300E1));
#682=CARTESIAN_POINT('',(2.105182772864E1,-6.258340278816E-2,
-1.751629382271E1));
#684=CARTESIAN_POINT('',(2.105182772864E1,-6.258340278816E-2,
-1.751629382271E1));
#685=CARTESIAN_POINT('',(2.127441270241E1,-1.134174218290E-1,
-1.773887879648E1));
#686=CARTESIAN_POINT('',(2.170264511405E1,-2.717922328644E-1,
-1.816711120812E1));
#687=CARTESIAN_POINT('',(2.230721340135E1,-6.582816079551E-1,
-1.877167949541E1));
#688=CARTESIAN_POINT('',(2.284750998370E1,-1.150112160816E0,-1.931197607777E1));
#689=CARTESIAN_POINT('',(2.332749606348E1,-1.709302895431E0,-1.979196215754E1));
#690=CARTESIAN_POINT('',(2.378419870763E1,-2.351719696739E0,-2.024866480169E1));
#691=CARTESIAN_POINT('',(2.424104847634E1,-3.094036259431E0,-2.070551457041E1));
#692=CARTESIAN_POINT('',(2.457354822205E1,-3.686612175948E0,-2.103801431612E1));
#693=CARTESIAN_POINT('',(2.474873734153E1,-4.E0,-2.121320343560E1));
#695=CARTESIAN_POINT('',(2.298097038856E1,-4.E0,-2.298097038856E1));
#696=DIRECTION('',(0.E0,-1.E0,0.E0));
#697=DIRECTION('',(-1.E0,0.E0,0.E0));
#698=AXIS2_PLACEMENT_3D('',#695,#696,#697);
#700=DIRECTION('',(0.E0,-1.E0,-1.027788224898E-10));
#701=VECTOR('',#700,6.E0);
#702=CARTESIAN_POINT('',(2.048097038856E1,-4.E0,-2.298097038795E1));
#703=LINE('',#702,#701);
#704=DIRECTION('',(1.046654674042E-8,1.E0,-1.046654496406E-8));
#705=VECTOR('',#704,4.E0);
#706=CARTESIAN_POINT('',(2.121320343560E1,-4.E0,-2.474873734153E1));
#707=LINE('',#706,#705);
#708=DIRECTION('',(0.E0,1.E0,0.E0));
#709=VECTOR('',#708,4.762583402788E0);
#710=CARTESIAN_POINT('',(1.751629382271E1,-6.258340278816E-2,
-2.105182772864E1));
#711=LINE('',#710,#709);
#712=DIRECTION('',(8.907700109443E-9,1.E0,8.907697841754E-9));
#713=VECTOR('',#712,4.7E0);
#714=CARTESIAN_POINT('',(-2.121320347746E1,0.E0,-2.474873738340E1));
#715=LINE('',#714,#713);
#716=DIRECTION('',(0.E0,1.E0,0.E0));
#717=VECTOR('',#716,4.999612907566E0);
#718=CARTESIAN_POINT('',(-1.751629382271E1,-2.996129075658E-1,
-2.105182772864E1));
#719=LINE('',#718,#717);
#720=CARTESIAN_POINT('',(-2.298097038856E1,-5.E0,-2.298097038856E1));
#721=DIRECTION('',(0.E0,-1.E0,0.E0));
#722=DIRECTION('',(1.E0,0.E0,0.E0));
#723=AXIS2_PLACEMENT_3D('',#720,#721,#722);
#725=DIRECTION('',(0.E0,-1.E0,-4.620659410648E-11));
#726=VECTOR('',#725,5.E0);
#727=CARTESIAN_POINT('',(-2.048097038856E1,-5.E0,-2.298097038833E1));
#728=LINE('',#727,#726);
#729=CARTESIAN_POINT('',(-2.298097038856E1,0.E0,-2.298097038856E1));
#730=DIRECTION('',(0.E0,-1.E0,0.E0));
#731=DIRECTION('',(-1.E0,0.E0,0.E0));
#732=AXIS2_PLACEMENT_3D('',#729,#730,#731);
#734=CARTESIAN_POINT('',(-1.751629382271E1,-2.996129075658E-1,
-2.105182772864E1));
#735=CARTESIAN_POINT('',(-1.757768822300E1,-3.280228744086E-1,
-2.111322212894E1));
#736=CARTESIAN_POINT('',(-1.770034056566E1,-3.889498801550E-1,
-2.123587447159E1));
#737=CARTESIAN_POINT('',(-1.788366837138E1,-4.926978658081E-1,
-2.141920227731E1));
#738=CARTESIAN_POINT('',(-1.806691148932E1,-6.093776056251E-1,
-2.160244539525E1));
#739=CARTESIAN_POINT('',(-1.825020236175E1,-7.394573057480E-1,
-2.178573626768E1));
#740=CARTESIAN_POINT('',(-1.843415360277E1,-8.838759386529E-1,
-2.196968750870E1));
#741=CARTESIAN_POINT('',(-1.861937731364E1,-1.043841278753E0,
-2.215491121958E1));
#742=CARTESIAN_POINT('',(-1.880591289232E1,-1.220257219704E0,
-2.234144679825E1));
#743=CARTESIAN_POINT('',(-1.899369887360E1,-1.413983911056E0,
-2.252923277953E1));
#744=CARTESIAN_POINT('',(-1.918306693156E1,-1.626333580189E0,
-2.271860083750E1));
#745=CARTESIAN_POINT('',(-1.937551752296E1,-1.860260329322E0,
-2.291105142889E1));
#746=CARTESIAN_POINT('',(-1.957192729933E1,-2.118491788557E0,
-2.310746120526E1));
#747=CARTESIAN_POINT('',(-1.977283415318E1,-2.403528939477E0,
-2.330836805911E1));
#748=CARTESIAN_POINT('',(-1.997972199309E1,-2.719354063653E0,
-2.351525589903E1));
#749=CARTESIAN_POINT('',(-2.019566735214E1,-3.072924092884E0,
-2.373120125807E1));
#750=CARTESIAN_POINT('',(-2.042311195252E1,-3.470580752106E0,
-2.395864585845E1));
#751=CARTESIAN_POINT('',(-2.066493704211E1,-3.918817783772E0,
-2.420047094804E1));
#752=CARTESIAN_POINT('',(-2.092449602512E1,-4.422892829449E0,
-2.446002993105E1));
#753=CARTESIAN_POINT('',(-2.111391310441E1,-4.801419337624E0,
-2.464944701034E1));
#754=CARTESIAN_POINT('',(-2.121320343560E1,-5.E0,-2.474873734153E1));
#756=CARTESIAN_POINT('',(-2.474873734153E1,-5.E0,-2.121320343560E1));
#757=CARTESIAN_POINT('',(-2.464467814683E1,-4.791881610611E0,
-2.110914424090E1));
#758=CARTESIAN_POINT('',(-2.443555884693E1,-4.373605399494E0,
-2.090002494100E1));
#759=CARTESIAN_POINT('',(-2.411091993318E1,-3.746717096973E0,
-2.057538602725E1));
#760=CARTESIAN_POINT('',(-2.376875850852E1,-3.130671427128E0,
-2.023322460259E1));
#761=CARTESIAN_POINT('',(-2.340411503299E1,-2.537966344771E0,
-1.986858112705E1));
#762=CARTESIAN_POINT('',(-2.301200363222E1,-1.979551375327E0,
-1.947646972629E1));
#763=CARTESIAN_POINT('',(-2.259229502613E1,-1.470464245860E0,
-1.905676112020E1));
#764=CARTESIAN_POINT('',(-2.214083306518E1,-1.017372942093E0,
-1.860529915925E1));
#765=CARTESIAN_POINT('',(-2.164060125275E1,-6.184615303409E-1,
-1.810506734682E1));
#766=CARTESIAN_POINT('',(-2.125664461099E1,-3.943909460911E-1,
-1.772111070506E1));
#767=CARTESIAN_POINT('',(-2.105182772864E1,-2.996129075658E-1,
-1.751629382271E1));
#769=CARTESIAN_POINT('',(-2.105182772864E1,-2.996129075658E-1,
-1.751629382271E1));
#770=CARTESIAN_POINT('',(-2.092753548323E1,-2.420972619366E-1,
-1.739200157730E1));
#771=CARTESIAN_POINT('',(-2.067579811401E1,-1.386862366085E-1,
-1.712670386012E1));
#772=CARTESIAN_POINT('',(-2.030574108507E1,-3.263265714520E-2,
-1.669162173711E1));
#773=CARTESIAN_POINT('',(-2.003775781263E1,0.E0,-1.633469959526E1));
#774=CARTESIAN_POINT('',(-1.990374655563E1,0.E0,-1.614132906156E1));
#776=CARTESIAN_POINT('',(-1.614132906156E1,0.E0,-1.990374655563E1));
#777=CARTESIAN_POINT('',(-1.640672268317E1,0.E0,-2.008767185258E1));
#778=CARTESIAN_POINT('',(-1.690037006169E1,-6.038218367417E-2,
-2.046796121103E1));
#779=CARTESIAN_POINT('',(-1.732078383741E1,-2.091415913986E-1,
-2.085631774334E1));
#780=CARTESIAN_POINT('',(-1.751629382271E1,-2.996129075658E-1,
-2.105182772864E1));
#782=CARTESIAN_POINT('',(-2.298097038856E1,-5.E0,-2.298097038856E1));
#783=DIRECTION('',(0.E0,-1.E0,0.E0));
#784=DIRECTION('',(7.071067811865E-1,0.E0,-7.071067811865E-1));
#785=AXIS2_PLACEMENT_3D('',#782,#783,#784);
#787=DIRECTION('',(-8.373237392334E-9,1.E0,-8.373235971249E-9));
#788=VECTOR('',#787,5.E0);
#789=CARTESIAN_POINT('',(-2.121320343560E1,-5.E0,-2.474873734153E1));
#790=LINE('',#789,#788);
#791=DIRECTION('',(0.E0,-1.E0,0.E0));
#792=VECTOR('',#791,1.E1);
#793=CARTESIAN_POINT('',(-2.548097038856E1,0.E0,-2.298097038856E1));
#794=LINE('',#793,#792);
#795=DIRECTION('',(0.E0,1.E0,0.E0));
#796=VECTOR('',#795,9.7E0);
#797=CARTESIAN_POINT('',(-2.474873734153E1,-5.E0,-2.121320343560E1));
#798=LINE('',#797,#796);
#799=DIRECTION('',(0.E0,1.E0,0.E0));
#800=VECTOR('',#799,4.999612907566E0);
#801=CARTESIAN_POINT('',(-2.105182772864E1,-2.996129075658E-1,
-1.751629382271E1));
#802=LINE('',#801,#800);
#803=CARTESIAN_POINT('',(-2.298097038856E1,0.E0,2.298097038856E1));
#804=DIRECTION('',(0.E0,-1.E0,0.E0));
#805=DIRECTION('',(1.E0,0.E0,0.E0));
#806=AXIS2_PLACEMENT_3D('',#803,#804,#805);
#808=DIRECTION('',(0.E0,-1.E0,0.E0));
#809=VECTOR('',#808,1.E1);
#810=CARTESIAN_POINT('',(-2.223097038856E1,0.E0,2.298097038856E1));
#811=LINE('',#810,#809);
#812=DIRECTION('',(0.E0,1.E0,0.E0));
#813=VECTOR('',#812,4.7E0);
#814=CARTESIAN_POINT('',(-2.298097038856E1,0.E0,2.373097038856E1));
#815=LINE('',#814,#813);
#816=CARTESIAN_POINT('',(-2.298097038856E1,0.E0,2.298097038856E1));
#817=DIRECTION('',(0.E0,-1.E0,0.E0));
#818=DIRECTION('',(-1.E0,0.E0,0.E0));
#819=AXIS2_PLACEMENT_3D('',#816,#817,#818);
#821=DIRECTION('',(0.E0,-1.E0,0.E0));
#822=VECTOR('',#821,1.E1);
#823=CARTESIAN_POINT('',(-2.373097038856E1,0.E0,2.298097038856E1));
#824=LINE('',#823,#822);
#825=DIRECTION('',(0.E0,1.E0,0.E0));
#826=VECTOR('',#825,4.7E0);
#827=CARTESIAN_POINT('',(-2.298097038856E1,0.E0,2.223097038856E1));
#828=LINE('',#827,#826);
#829=CARTESIAN_POINT('',(2.298097038856E1,0.E0,-2.298097038856E1));
#830=DIRECTION('',(0.E0,-1.E0,0.E0));
#831=DIRECTION('',(1.E0,0.E0,0.E0));
#832=AXIS2_PLACEMENT_3D('',#829,#830,#831);
#834=DIRECTION('',(0.E0,-1.E0,0.E0));
#835=VECTOR('',#834,1.E1);
#836=CARTESIAN_POINT('',(2.373097038856E1,0.E0,-2.298097038856E1));
#837=LINE('',#836,#835);
#838=DIRECTION('',(0.E0,1.E0,0.E0));
#839=VECTOR('',#838,4.7E0);
#840=CARTESIAN_POINT('',(2.298097038856E1,0.E0,-2.223097038856E1));
#841=LINE('',#840,#839);
#842=CARTESIAN_POINT('',(2.298097038856E1,0.E0,-2.298097038856E1));
#843=DIRECTION('',(0.E0,-1.E0,0.E0));
#844=DIRECTION('',(-1.E0,0.E0,0.E0));
#845=AXIS2_PLACEMENT_3D('',#842,#843,#844);
#847=DIRECTION('',(0.E0,-1.E0,0.E0));
#848=VECTOR('',#847,1.E1);
#849=CARTESIAN_POINT('',(2.223097038856E1,0.E0,-2.298097038856E1));
#850=LINE('',#849,#848);
#851=DIRECTION('',(0.E0,1.E0,0.E0));
#852=VECTOR('',#851,4.7E0);
#853=CARTESIAN_POINT('',(2.298097038856E1,0.E0,-2.373097038856E1));
#854=LINE('',#853,#852);
#855=CARTESIAN_POINT('',(-2.298097038856E1,0.E0,-2.298097038856E1));
#856=DIRECTION('',(0.E0,-1.E0,0.E0));
#857=DIRECTION('',(1.E0,0.E0,0.E0));
#858=AXIS2_PLACEMENT_3D('',#855,#856,#857);
#860=DIRECTION('',(0.E0,-1.E0,0.E0));
#861=VECTOR('',#860,1.E1);
#862=CARTESIAN_POINT('',(-2.223097038856E1,0.E0,-2.298097038856E1));
#863=LINE('',#862,#861);
#864=DIRECTION('',(0.E0,1.E0,0.E0));
#865=VECTOR('',#864,4.7E0);
#866=CARTESIAN_POINT('',(-2.298097038856E1,0.E0,-2.223097038856E1));
#867=LINE('',#866,#865);
#868=CARTESIAN_POINT('',(-2.298097038856E1,0.E0,-2.298097038856E1));
#869=DIRECTION('',(0.E0,-1.E0,0.E0));
#870=DIRECTION('',(-1.E0,0.E0,0.E0));
#871=AXIS2_PLACEMENT_3D('',#868,#869,#870);
#873=DIRECTION('',(0.E0,-1.E0,0.E0));
#874=VECTOR('',#873,1.E1);
#875=CARTESIAN_POINT('',(-2.373097038856E1,0.E0,-2.298097038856E1));
#876=LINE('',#875,#874);
#877=DIRECTION('',(0.E0,1.E0,0.E0));
#878=VECTOR('',#877,4.7E0);
#879=CARTESIAN_POINT('',(-2.298097038856E1,0.E0,-2.373097038856E1));
#880=LINE('',#879,#878);
#881=DIRECTION('',(0.E0,1.E0,0.E0));
#882=VECTOR('',#881,3.2E0);
#883=CARTESIAN_POINT('',(1.1E1,1.5E0,0.E0));
#884=LINE('',#883,#882);
#885=CARTESIAN_POINT('',(0.E0,1.5E0,0.E0));
#886=DIRECTION('',(0.E0,1.E0,0.E0));
#887=DIRECTION('',(-1.E0,0.E0,0.E0));
#888=AXIS2_PLACEMENT_3D('',#885,#886,#887);
#890=CARTESIAN_POINT('',(0.E0,1.5E0,0.E0));
#891=DIRECTION('',(0.E0,1.E0,0.E0));
#892=DIRECTION('',(1.E0,0.E0,0.E0));
#893=AXIS2_PLACEMENT_3D('',#890,#891,#892);
#895=CARTESIAN_POINT('',(0.E0,1.5E0,0.E0));
#896=DIRECTION('',(0.E0,1.E0,0.E0));
#897=DIRECTION('',(1.E0,0.E0,0.E0));
#898=AXIS2_PLACEMENT_3D('',#895,#896,#897);
#900=CARTESIAN_POINT('',(0.E0,1.5E0,0.E0));
#901=DIRECTION('',(0.E0,1.E0,0.E0));
#902=DIRECTION('',(-1.E0,0.E0,0.E0));
#903=AXIS2_PLACEMENT_3D('',#900,#901,#902);
#905=DIRECTION('',(0.E0,1.E0,0.E0));
#906=VECTOR('',#905,3.2E0);
#907=CARTESIAN_POINT('',(-1.1E1,1.5E0,0.E0));
#908=LINE('',#907,#906);
#909=DIRECTION('',(0.E0,1.E0,0.E0));
#910=VECTOR('',#909,3.E-1);
#911=CARTESIAN_POINT('',(4.6E0,1.5E0,0.E0));
#912=LINE('',#911,#910);
#913=DIRECTION('',(0.E0,1.E0,0.E0));
#914=VECTOR('',#913,3.E-1);
#915=CARTESIAN_POINT('',(-4.6E0,1.5E0,0.E0));
#916=LINE('',#915,#914);
#917=CARTESIAN_POINT('',(0.E0,1.8E0,0.E0));
#918=DIRECTION('',(0.E0,1.E0,0.E0));
#919=DIRECTION('',(1.E0,0.E0,0.E0));
#920=AXIS2_PLACEMENT_3D('',#917,#918,#919);
#922=CARTESIAN_POINT('',(0.E0,1.8E0,0.E0));
#923=DIRECTION('',(0.E0,1.E0,0.E0));
#924=DIRECTION('',(-1.E0,0.E0,0.E0));
#925=AXIS2_PLACEMENT_3D('',#922,#923,#924);
#927=CARTESIAN_POINT('',(0.E0,1.8E0,0.E0));
#928=DIRECTION('',(0.E0,1.E0,0.E0));
#929=DIRECTION('',(1.E0,0.E0,0.E0));
#930=AXIS2_PLACEMENT_3D('',#927,#928,#929);
#932=DIRECTION('',(0.E0,1.E0,0.E0));
#933=VECTOR('',#932,4.5E0);
#934=CARTESIAN_POINT('',(4.E0,1.8E0,0.E0));
#935=LINE('',#934,#933);
#936=CARTESIAN_POINT('',(0.E0,1.8E0,0.E0));
#937=DIRECTION('',(0.E0,1.E0,0.E0));
#938=DIRECTION('',(-1.E0,0.E0,0.E0));
#939=AXIS2_PLACEMENT_3D('',#936,#937,#938);
#941=DIRECTION('',(0.E0,1.E0,0.E0));
#942=VECTOR('',#941,4.5E0);
#943=CARTESIAN_POINT('',(-4.E0,1.8E0,0.E0));
#944=LINE('',#943,#942);
#945=CARTESIAN_POINT('',(0.E0,6.3E0,0.E0));
#946=DIRECTION('',(0.E0,1.E0,0.E0));
#947=DIRECTION('',(1.E0,0.E0,0.E0));
#948=AXIS2_PLACEMENT_3D('',#945,#946,#947);
#950=CARTESIAN_POINT('',(0.E0,6.3E0,0.E0));
#951=DIRECTION('',(0.E0,1.E0,0.E0));
#952=DIRECTION('',(-1.E0,0.E0,0.E0));
#953=AXIS2_PLACEMENT_3D('',#950,#951,#952);
#955=CARTESIAN_POINT('',(0.E0,6.3E0,0.E0));
#956=DIRECTION('',(0.E0,-1.E0,0.E0));
#957=DIRECTION('',(-6.614378277661E-1,0.E0,7.5E-1));
#958=AXIS2_PLACEMENT_3D('',#955,#956,#957);
#960=DIRECTION('',(0.E0,-1.E0,0.E0));
#961=VECTOR('',#960,6.3E0);
#962=CARTESIAN_POINT('',(-1.322875655532E0,6.3E0,1.5E0));
#963=LINE('',#962,#961);
#964=DIRECTION('',(0.E0,1.E0,0.E0));
#965=VECTOR('',#964,6.3E0);
#966=CARTESIAN_POINT('',(1.322875655532E0,0.E0,1.5E0));
#967=LINE('',#966,#965);
#968=DIRECTION('',(-1.E0,0.E0,0.E0));
#969=VECTOR('',#968,2.645751311065E0);
#970=CARTESIAN_POINT('',(1.322875655532E0,6.3E0,1.5E0));
#971=LINE('',#970,#969);
#972=DIRECTION('',(0.E0,-1.E0,0.E0));
#973=VECTOR('',#972,4.7E0);
#974=CARTESIAN_POINT('',(1.13E1,4.7E0,-1.05E1));
#975=LINE('',#974,#973);
#976=DIRECTION('',(0.E0,-1.E0,0.E0));
#977=VECTOR('',#976,4.7E0);
#978=CARTESIAN_POINT('',(9.7E0,4.7E0,-1.05E1));
#979=LINE('',#978,#977);
#980=DIRECTION('',(0.E0,-1.E0,0.E0));
#981=VECTOR('',#980,4.7E0);
#982=CARTESIAN_POINT('',(1.13E1,4.7E0,1.05E1));
#983=LINE('',#982,#981);
#984=DIRECTION('',(0.E0,-1.E0,0.E0));
#985=VECTOR('',#984,4.7E0);
#986=CARTESIAN_POINT('',(9.7E0,4.7E0,1.05E1));
#987=LINE('',#986,#985);
#988=DIRECTION('',(0.E0,-1.E0,0.E0));
#989=VECTOR('',#988,4.7E0);
#990=CARTESIAN_POINT('',(-9.7E0,4.7E0,1.05E1));
#991=LINE('',#990,#989);
#992=DIRECTION('',(0.E0,-1.E0,0.E0));
#993=VECTOR('',#992,4.7E0);
#994=CARTESIAN_POINT('',(-1.13E1,4.7E0,1.05E1));
#995=LINE('',#994,#993);
#996=CARTESIAN_POINT('',(4.E0,6.3E0,0.E0));
#997=CARTESIAN_POINT('',(-4.E0,6.3E0,0.E0));
#998=VERTEX_POINT('',#996);
#999=VERTEX_POINT('',#997);
#1000=CARTESIAN_POINT('',(-1.322875655532E0,6.3E0,1.5E0));
#1001=CARTESIAN_POINT('',(1.322875655532E0,6.3E0,1.5E0));
#1002=VERTEX_POINT('',#1000);
#1003=VERTEX_POINT('',#1001);
#1004=CARTESIAN_POINT('',(1.1E1,4.7E0,0.E0));
#1005=CARTESIAN_POINT('',(-1.1E1,4.7E0,0.E0));
#1006=VERTEX_POINT('',#1004);
#1007=VERTEX_POINT('',#1005);
#1008=CARTESIAN_POINT('',(-1.1E1,1.5E0,0.E0));
#1009=CARTESIAN_POINT('',(1.1E1,1.5E0,0.E0));
#1010=VERTEX_POINT('',#1008);
#1011=VERTEX_POINT('',#1009);
#1012=CARTESIAN_POINT('',(-9.7E0,0.E0,-1.05E1));
#1013=CARTESIAN_POINT('',(-1.13E1,0.E0,-1.05E1));
#1014=VERTEX_POINT('',#1012);
#1015=VERTEX_POINT('',#1013);
#1016=CARTESIAN_POINT('',(1.13E1,0.E0,-1.05E1));
#1017=CARTESIAN_POINT('',(9.7E0,0.E0,-1.05E1));
#1018=VERTEX_POINT('',#1016);
#1019=VERTEX_POINT('',#1017);
#1020=CARTESIAN_POINT('',(1.13E1,0.E0,1.05E1));
#1021=CARTESIAN_POINT('',(9.7E0,0.E0,1.05E1));
#1022=VERTEX_POINT('',#1020);
#1023=VERTEX_POINT('',#1021);
#1024=CARTESIAN_POINT('',(-9.7E0,0.E0,1.05E1));
#1025=CARTESIAN_POINT('',(-1.13E1,0.E0,1.05E1));
#1026=VERTEX_POINT('',#1024);
#1027=VERTEX_POINT('',#1025);
#1028=CARTESIAN_POINT('',(-9.7E0,4.7E0,-1.05E1));
#1029=CARTESIAN_POINT('',(-1.13E1,4.7E0,-1.05E1));
#1030=VERTEX_POINT('',#1028);
#1031=VERTEX_POINT('',#1029);
#1032=CARTESIAN_POINT('',(1.13E1,4.7E0,-1.05E1));
#1033=CARTESIAN_POINT('',(9.7E0,4.7E0,-1.05E1));
#1034=VERTEX_POINT('',#1032);
#1035=VERTEX_POINT('',#1033);
#1036=CARTESIAN_POINT('',(1.13E1,4.7E0,1.05E1));
#1037=CARTESIAN_POINT('',(9.7E0,4.7E0,1.05E1));
#1038=VERTEX_POINT('',#1036);
#1039=VERTEX_POINT('',#1037);
#1040=CARTESIAN_POINT('',(-9.7E0,4.7E0,1.05E1));
#1041=CARTESIAN_POINT('',(-1.13E1,4.7E0,1.05E1));
#1042=VERTEX_POINT('',#1040);
#1043=VERTEX_POINT('',#1041);
#1044=CARTESIAN_POINT('',(1.322875655532E0,0.E0,1.5E0));
#1045=CARTESIAN_POINT('',(-1.322875655532E0,0.E0,1.5E0));
#1046=VERTEX_POINT('',#1044);
#1047=VERTEX_POINT('',#1045);
#1048=CARTESIAN_POINT('',(-2.474873734153E1,4.7E0,2.121320343560E1));
#1049=CARTESIAN_POINT('',(-2.105182772864E1,4.7E0,1.751629382271E1));
#1050=VERTEX_POINT('',#1048);
#1051=VERTEX_POINT('',#1049);
#1052=CARTESIAN_POINT('',(-1.751629382271E1,4.7E0,2.105182772864E1));
#1053=CARTESIAN_POINT('',(-2.121320343560E1,4.7E0,2.474873734153E1));
#1054=VERTEX_POINT('',#1052);
#1055=VERTEX_POINT('',#1053);
#1056=CARTESIAN_POINT('',(6.963484007230E0,0.E0,-1.874859702701E1));
#1057=CARTESIAN_POINT('',(-6.963484007230E0,0.E0,-1.874859702701E1));
#1058=VERTEX_POINT('',#1056);
#1059=VERTEX_POINT('',#1057);
#1060=CARTESIAN_POINT('',(-6.963484007230E0,0.E0,1.874859702701E1));
#1061=CARTESIAN_POINT('',(6.963484007230E0,0.E0,1.874859702701E1));
#1062=VERTEX_POINT('',#1060);
#1063=VERTEX_POINT('',#1061);
#1064=CARTESIAN_POINT('',(6.963484007230E0,4.7E0,-1.874859702701E1));
#1065=CARTESIAN_POINT('',(-6.963484007230E0,4.7E0,-1.874859702701E1));
#1066=VERTEX_POINT('',#1064);
#1067=VERTEX_POINT('',#1065);
#1068=CARTESIAN_POINT('',(-6.963484007230E0,4.7E0,1.874859702701E1));
#1069=CARTESIAN_POINT('',(6.963484007230E0,4.7E0,1.874859702701E1));
#1070=VERTEX_POINT('',#1068);
#1071=VERTEX_POINT('',#1069);
#1072=CARTESIAN_POINT('',(-1.874859702701E1,4.7E0,-6.963484007230E0));
#1073=CARTESIAN_POINT('',(-1.874859702701E1,4.7E0,6.963484007230E0));
#1074=VERTEX_POINT('',#1072);
#1075=VERTEX_POINT('',#1073);
#1076=CARTESIAN_POINT('',(-1.874859702701E1,0.E0,6.963484007230E0));
#1077=CARTESIAN_POINT('',(-1.874859702701E1,0.E0,-6.963484007230E0));
#1078=VERTEX_POINT('',#1076);
#1079=VERTEX_POINT('',#1077);
#1080=CARTESIAN_POINT('',(1.874859702701E1,0.E0,-6.963484007230E0));
#1081=CARTESIAN_POINT('',(1.874859702701E1,0.E0,6.963484007230E0));
#1082=VERTEX_POINT('',#1080);
#1083=VERTEX_POINT('',#1081);
#1084=CARTESIAN_POINT('',(1.874859702701E1,4.7E0,6.963484007230E0));
#1085=CARTESIAN_POINT('',(1.874859702701E1,4.7E0,-6.963484007230E0));
#1086=VERTEX_POINT('',#1084);
#1087=VERTEX_POINT('',#1085);
#1088=CARTESIAN_POINT('',(-2.298097038856E1,4.7E0,2.373097038856E1));
#1089=CARTESIAN_POINT('',(-2.298097038856E1,4.7E0,2.223097038856E1));
#1090=VERTEX_POINT('',#1088);
#1091=VERTEX_POINT('',#1089);
#1092=CARTESIAN_POINT('',(2.298097038856E1,4.7E0,2.373097038856E1));
#1093=CARTESIAN_POINT('',(2.298097038856E1,4.7E0,2.223097038856E1));
#1094=VERTEX_POINT('',#1092);
#1095=VERTEX_POINT('',#1093);
#1096=CARTESIAN_POINT('',(2.298097038856E1,4.7E0,-2.223097038856E1));
#1097=CARTESIAN_POINT('',(2.298097038856E1,4.7E0,-2.373097038856E1));
#1098=VERTEX_POINT('',#1096);
#1099=VERTEX_POINT('',#1097);
#1100=CARTESIAN_POINT('',(-2.298097038856E1,4.7E0,-2.223097038856E1));
#1101=CARTESIAN_POINT('',(-2.298097038856E1,4.7E0,-2.373097038856E1));
#1102=VERTEX_POINT('',#1100);
#1103=VERTEX_POINT('',#1101);
#1104=CARTESIAN_POINT('',(2.474873734153E1,4.7E0,2.121320343560E1));
#1105=CARTESIAN_POINT('',(2.121320343560E1,4.7E0,2.474873734153E1));
#1106=VERTEX_POINT('',#1104);
#1107=VERTEX_POINT('',#1105);
#1108=CARTESIAN_POINT('',(1.751629382271E1,4.7E0,2.105182772864E1));
#1109=VERTEX_POINT('',#1108);
#1110=CARTESIAN_POINT('',(2.105182772864E1,4.7E0,1.751629382271E1));
#1111=VERTEX_POINT('',#1110);
#1112=CARTESIAN_POINT('',(2.474873734153E1,4.7E0,-2.121320343560E1));
#1113=CARTESIAN_POINT('',(2.105182772864E1,4.7E0,-1.751629382271E1));
#1114=VERTEX_POINT('',#1112);
#1115=VERTEX_POINT('',#1113);
#1116=CARTESIAN_POINT('',(1.751629382271E1,4.7E0,-2.105182772864E1));
#1117=CARTESIAN_POINT('',(2.121320343560E1,4.7E0,-2.474873734153E1));
#1118=VERTEX_POINT('',#1116);
#1119=VERTEX_POINT('',#1117);
#1120=CARTESIAN_POINT('',(-2.474873734153E1,4.7E0,-2.121320343560E1));
#1121=CARTESIAN_POINT('',(-2.121320343560E1,4.7E0,-2.474873734153E1));
#1122=VERTEX_POINT('',#1120);
#1123=VERTEX_POINT('',#1121);
#1124=CARTESIAN_POINT('',(-1.751629382271E1,4.7E0,-2.105182772864E1));
#1125=VERTEX_POINT('',#1124);
#1126=CARTESIAN_POINT('',(-2.105182772864E1,4.7E0,-1.751629382271E1));
#1127=VERTEX_POINT('',#1126);
#1128=CARTESIAN_POINT('',(-2.048097038856E1,-1.E1,2.298097038856E1));
#1129=CARTESIAN_POINT('',(-2.548097038856E1,-1.E1,2.298097038856E1));
#1130=VERTEX_POINT('',#1128);
#1131=VERTEX_POINT('',#1129);
#1132=CARTESIAN_POINT('',(2.548097038856E1,-1.E1,2.298097038856E1));
#1133=CARTESIAN_POINT('',(2.048097038856E1,-1.E1,2.298097038856E1));
#1134=VERTEX_POINT('',#1132);
#1135=VERTEX_POINT('',#1133);
#1136=CARTESIAN_POINT('',(2.548097038856E1,-1.E1,-2.298097038856E1));
#1137=CARTESIAN_POINT('',(2.048097038856E1,-1.E1,-2.298097038856E1));
#1138=VERTEX_POINT('',#1136);
#1139=VERTEX_POINT('',#1137);
#1140=CARTESIAN_POINT('',(-2.048097038856E1,-1.E1,-2.298097038856E1));
#1141=CARTESIAN_POINT('',(-2.548097038856E1,-1.E1,-2.298097038856E1));
#1142=VERTEX_POINT('',#1140);
#1143=VERTEX_POINT('',#1141);
#1144=CARTESIAN_POINT('',(-2.298097038856E1,0.E0,2.373097038856E1));
#1145=VERTEX_POINT('',#1144);
#1146=CARTESIAN_POINT('',(-2.298097038856E1,0.E0,2.223097038856E1));
#1147=VERTEX_POINT('',#1146);
#1148=CARTESIAN_POINT('',(2.298097038856E1,0.E0,2.373097038856E1));
#1149=VERTEX_POINT('',#1148);
#1150=CARTESIAN_POINT('',(2.298097038856E1,0.E0,2.223097038856E1));
#1151=VERTEX_POINT('',#1150);
#1152=CARTESIAN_POINT('',(2.298097038856E1,0.E0,-2.223097038856E1));
#1153=VERTEX_POINT('',#1152);
#1154=CARTESIAN_POINT('',(2.298097038856E1,0.E0,-2.373097038856E1));
#1155=VERTEX_POINT('',#1154);
#1156=CARTESIAN_POINT('',(-2.298097038856E1,0.E0,-2.223097038856E1));
#1157=VERTEX_POINT('',#1156);
#1158=CARTESIAN_POINT('',(-2.298097038856E1,0.E0,-2.373097038856E1));
#1159=VERTEX_POINT('',#1158);
#1160=CARTESIAN_POINT('',(-2.548097038856E1,0.E0,2.298097038856E1));
#1161=VERTEX_POINT('',#1160);
#1162=CARTESIAN_POINT('',(2.548097038856E1,0.E0,2.298097038856E1));
#1163=VERTEX_POINT('',#1162);
#1164=CARTESIAN_POINT('',(2.548097038856E1,0.E0,-2.298097038856E1));
#1165=VERTEX_POINT('',#1164);
#1166=CARTESIAN_POINT('',(-2.548097038856E1,0.E0,-2.298097038856E1));
#1167=VERTEX_POINT('',#1166);
#1168=CARTESIAN_POINT('',(-2.223097038856E1,-1.E1,2.298097038856E1));
#1169=CARTESIAN_POINT('',(-2.373097038856E1,-1.E1,2.298097038856E1));
#1170=VERTEX_POINT('',#1168);
#1171=VERTEX_POINT('',#1169);
#1172=CARTESIAN_POINT('',(2.373097038856E1,-1.E1,2.298097038856E1));
#1173=CARTESIAN_POINT('',(2.223097038856E1,-1.E1,2.298097038856E1));
#1174=VERTEX_POINT('',#1172);
#1175=VERTEX_POINT('',#1173);
#1176=CARTESIAN_POINT('',(2.373097038856E1,-1.E1,-2.298097038856E1));
#1177=CARTESIAN_POINT('',(2.223097038856E1,-1.E1,-2.298097038856E1));
#1178=VERTEX_POINT('',#1176);
#1179=VERTEX_POINT('',#1177);
#1180=CARTESIAN_POINT('',(-2.223097038856E1,-1.E1,-2.298097038856E1));
#1181=CARTESIAN_POINT('',(-2.373097038856E1,-1.E1,-2.298097038856E1));
#1182=VERTEX_POINT('',#1180);
#1183=VERTEX_POINT('',#1181);
#1184=CARTESIAN_POINT('',(-2.373097038856E1,0.E0,2.298097038856E1));
#1185=VERTEX_POINT('',#1184);
#1186=CARTESIAN_POINT('',(-2.223097038856E1,0.E0,2.298097038856E1));
#1187=VERTEX_POINT('',#1186);
#1188=CARTESIAN_POINT('',(2.223097038856E1,0.E0,2.298097038856E1));
#1189=VERTEX_POINT('',#1188);
#1190=CARTESIAN_POINT('',(2.373097038856E1,0.E0,2.298097038856E1));
#1191=VERTEX_POINT('',#1190);
#1192=CARTESIAN_POINT('',(2.223097038856E1,0.E0,-2.298097038856E1));
#1193=VERTEX_POINT('',#1192);
#1194=CARTESIAN_POINT('',(2.373097038856E1,0.E0,-2.298097038856E1));
#1195=VERTEX_POINT('',#1194);
#1196=CARTESIAN_POINT('',(-2.373097038856E1,0.E0,-2.298097038856E1));
#1197=VERTEX_POINT('',#1196);
#1198=CARTESIAN_POINT('',(-2.223097038856E1,0.E0,-2.298097038856E1));
#1199=VERTEX_POINT('',#1198);
#1200=CARTESIAN_POINT('',(-2.053510044E1,0.E0,1.695870169689E1));
#1201=CARTESIAN_POINT('',(-1.695870169689E1,0.E0,2.053510044E1));
#1202=VERTEX_POINT('',#1200);
#1203=VERTEX_POINT('',#1201);
#1204=CARTESIAN_POINT('',(-2.474873734153E1,-4.E0,2.121320343560E1));
#1205=CARTESIAN_POINT('',(-2.048097038856E1,-4.E0,2.298097038856E1));
#1206=VERTEX_POINT('',#1204);
#1207=VERTEX_POINT('',#1205);
#1208=CARTESIAN_POINT('',(-2.474873729966E1,0.E0,2.121320339373E1));
#1209=VERTEX_POINT('',#1208);
#1210=CARTESIAN_POINT('',(-2.121320343560E1,-4.E0,2.474873734153E1));
#1211=VERTEX_POINT('',#1210);
#1212=CARTESIAN_POINT('',(1.695870169689E1,0.E0,2.053510044E1));
#1213=CARTESIAN_POINT('',(2.053510044E1,0.E0,1.695870169689E1));
#1214=VERTEX_POINT('',#1212);
#1215=VERTEX_POINT('',#1213);
#1216=CARTESIAN_POINT('',(2.048097038856E1,-4.E0,2.298097038856E1));
#1217=CARTESIAN_POINT('',(2.474873734153E1,-4.E0,2.121320343560E1));
#1218=VERTEX_POINT('',#1216);
#1219=VERTEX_POINT('',#1217);
#1220=CARTESIAN_POINT('',(2.121320343560E1,-4.E0,2.474873734153E1));
#1221=VERTEX_POINT('',#1220);
#1222=CARTESIAN_POINT('',(2.474873729966E1,0.E0,2.121320339373E1));
#1223=VERTEX_POINT('',#1222);
#1224=CARTESIAN_POINT('',(2.053510044E1,0.E0,-1.695870169689E1));
#1225=CARTESIAN_POINT('',(1.695870169689E1,0.E0,-2.053510044E1));
#1226=VERTEX_POINT('',#1224);
#1227=VERTEX_POINT('',#1225);
#1228=CARTESIAN_POINT('',(2.474873734153E1,-4.E0,-2.121320343560E1));
#1229=CARTESIAN_POINT('',(2.048097038856E1,-4.E0,-2.298097038856E1));
#1230=VERTEX_POINT('',#1228);
#1231=VERTEX_POINT('',#1229);
#1232=CARTESIAN_POINT('',(2.121320343560E1,-4.E0,-2.474873734153E1));
#1233=VERTEX_POINT('',#1232);
#1234=CARTESIAN_POINT('',(2.121320347746E1,0.E0,-2.474873738340E1));
#1235=VERTEX_POINT('',#1234);
#1236=CARTESIAN_POINT('',(-1.614132906156E1,0.E0,-1.990374655563E1));
#1237=CARTESIAN_POINT('',(-1.990374655563E1,0.E0,-1.614132906156E1));
#1238=VERTEX_POINT('',#1236);
#1239=VERTEX_POINT('',#1237);
#1240=CARTESIAN_POINT('',(-2.048097038856E1,-5.E0,-2.298097038856E1));
#1241=CARTESIAN_POINT('',(-2.474873734153E1,-5.E0,-2.121320343560E1));
#1242=VERTEX_POINT('',#1240);
#1243=VERTEX_POINT('',#1241);
#1244=CARTESIAN_POINT('',(-2.121320343560E1,-5.E0,-2.474873734153E1));
#1245=VERTEX_POINT('',#1244);
#1246=CARTESIAN_POINT('',(-2.121320347746E1,0.E0,-2.474873738340E1));
#1247=VERTEX_POINT('',#1246);
#1248=VERTEX_POINT('',#462);
#1249=VERTEX_POINT('',#605);
#1250=VERTEX_POINT('',#684);
#1251=VERTEX_POINT('',#780);
#1252=VERTEX_POINT('',#767);
#1253=VERTEX_POINT('',#450);
#1254=VERTEX_POINT('',#617);
#1255=VERTEX_POINT('',#672);
#1256=CARTESIAN_POINT('',(4.6E0,1.8E0,0.E0));
#1257=CARTESIAN_POINT('',(-4.6E0,1.8E0,0.E0));
#1258=VERTEX_POINT('',#1256);
#1259=VERTEX_POINT('',#1257);
#1260=CARTESIAN_POINT('',(4.6E0,1.5E0,0.E0));
#1261=CARTESIAN_POINT('',(-4.6E0,1.5E0,0.E0));
#1262=VERTEX_POINT('',#1260);
#1263=VERTEX_POINT('',#1261);
#1264=CARTESIAN_POINT('',(4.E0,1.8E0,0.E0));
#1265=CARTESIAN_POINT('',(-4.E0,1.8E0,0.E0));
#1266=VERTEX_POINT('',#1264);
#1267=VERTEX_POINT('',#1265);
#1268=CARTESIAN_POINT('',(0.E0,0.E0,0.E0));
#1269=DIRECTION('',(0.E0,1.E0,0.E0));
#1270=DIRECTION('',(1.E0,0.E0,0.E0));
#1271=AXIS2_PLACEMENT_3D('',#1268,#1269,#1270);
#1272=PLANE('',#1271);
#1274=ORIENTED_EDGE('',*,*,#1273,.T.);
#1276=ORIENTED_EDGE('',*,*,#1275,.F.);
#1278=ORIENTED_EDGE('',*,*,#1277,.T.);
#1280=ORIENTED_EDGE('',*,*,#1279,.F.);
#1282=ORIENTED_EDGE('',*,*,#1281,.T.);
#1284=ORIENTED_EDGE('',*,*,#1283,.F.);
#1286=ORIENTED_EDGE('',*,*,#1285,.F.);
#1288=ORIENTED_EDGE('',*,*,#1287,.F.);
#1290=ORIENTED_EDGE('',*,*,#1289,.T.);
#1292=ORIENTED_EDGE('',*,*,#1291,.F.);
#1294=ORIENTED_EDGE('',*,*,#1293,.T.);
#1296=ORIENTED_EDGE('',*,*,#1295,.F.);
#1298=ORIENTED_EDGE('',*,*,#1297,.T.);
#1300=ORIENTED_EDGE('',*,*,#1299,.F.);
#1302=ORIENTED_EDGE('',*,*,#1301,.F.);
#1304=ORIENTED_EDGE('',*,*,#1303,.F.);
#1305=EDGE_LOOP('',(#1274,#1276,#1278,#1280,#1282,#1284,#1286,#1288,#1290,#1292,
#1294,#1296,#1298,#1300,#1302,#1304));
#1306=FACE_OUTER_BOUND('',#1305,.F.);
#1308=ORIENTED_EDGE('',*,*,#1307,.F.);
#1310=ORIENTED_EDGE('',*,*,#1309,.F.);
#1311=EDGE_LOOP('',(#1308,#1310));
#1312=FACE_BOUND('',#1311,.F.);
#1314=ORIENTED_EDGE('',*,*,#1313,.F.);
#1316=ORIENTED_EDGE('',*,*,#1315,.F.);
#1317=EDGE_LOOP('',(#1314,#1316));
#1318=FACE_BOUND('',#1317,.F.);
#1320=ORIENTED_EDGE('',*,*,#1319,.F.);
#1322=ORIENTED_EDGE('',*,*,#1321,.F.);
#1323=EDGE_LOOP('',(#1320,#1322));
#1324=FACE_BOUND('',#1323,.F.);
#1326=ORIENTED_EDGE('',*,*,#1325,.F.);
#1328=ORIENTED_EDGE('',*,*,#1327,.F.);
#1329=EDGE_LOOP('',(#1326,#1328));
#1330=FACE_BOUND('',#1329,.F.);
#1332=ORIENTED_EDGE('',*,*,#1331,.F.);
#1334=ORIENTED_EDGE('',*,*,#1333,.F.);
#1335=EDGE_LOOP('',(#1332,#1334));
#1336=FACE_BOUND('',#1335,.F.);
#1337=ADVANCED_FACE('',(#1306,#1312,#1318,#1324,#1330,#1336),#1272,.F.);
#1338=CARTESIAN_POINT('',(-1.05E1,4.7E0,-1.05E1));
#1339=DIRECTION('',(0.E0,1.E0,0.E0));
#1340=DIRECTION('',(1.E0,0.E0,0.E0));
#1341=AXIS2_PLACEMENT_3D('',#1338,#1339,#1340);
#1342=CYLINDRICAL_SURFACE('',#1341,8.E-1);
#1343=ORIENTED_EDGE('',*,*,#1331,.T.);
#1345=ORIENTED_EDGE('',*,*,#1344,.F.);
#1347=ORIENTED_EDGE('',*,*,#1346,.F.);
#1349=ORIENTED_EDGE('',*,*,#1348,.T.);
#1350=EDGE_LOOP('',(#1343,#1345,#1347,#1349));
#1351=FACE_OUTER_BOUND('',#1350,.F.);
#1352=ADVANCED_FACE('',(#1351),#1342,.F.);
#1353=CARTESIAN_POINT('',(-1.05E1,4.7E0,-1.05E1));
#1354=DIRECTION('',(0.E0,1.E0,0.E0));
#1355=DIRECTION('',(1.E0,0.E0,0.E0));
#1356=AXIS2_PLACEMENT_3D('',#1353,#1354,#1355);
#1357=CYLINDRICAL_SURFACE('',#1356,8.E-1);
#1358=ORIENTED_EDGE('',*,*,#1333,.T.);
#1359=ORIENTED_EDGE('',*,*,#1348,.F.);
#1361=ORIENTED_EDGE('',*,*,#1360,.F.);
#1362=ORIENTED_EDGE('',*,*,#1344,.T.);
#1363=EDGE_LOOP('',(#1358,#1359,#1361,#1362));
#1364=FACE_OUTER_BOUND('',#1363,.F.);
#1365=ADVANCED_FACE('',(#1364),#1357,.F.);
#1366=CARTESIAN_POINT('',(0.E0,4.7E0,0.E0));
#1367=DIRECTION('',(0.E0,1.E0,0.E0));
#1368=DIRECTION('',(1.E0,0.E0,0.E0));
#1369=AXIS2_PLACEMENT_3D('',#1366,#1367,#1368);
#1370=PLANE('',#1369);
#1372=ORIENTED_EDGE('',*,*,#1371,.F.);
#1374=ORIENTED_EDGE('',*,*,#1373,.T.);
#1376=ORIENTED_EDGE('',*,*,#1375,.T.);
#1378=ORIENTED_EDGE('',*,*,#1377,.T.);
#1380=ORIENTED_EDGE('',*,*,#1379,.T.);
#1382=ORIENTED_EDGE('',*,*,#1381,.T.);
#1384=ORIENTED_EDGE('',*,*,#1383,.F.);
#1386=ORIENTED_EDGE('',*,*,#1385,.T.);
#1388=ORIENTED_EDGE('',*,*,#1387,.T.);
#1390=ORIENTED_EDGE('',*,*,#1389,.T.);
#1392=ORIENTED_EDGE('',*,*,#1391,.T.);
#1394=ORIENTED_EDGE('',*,*,#1393,.T.);
#1396=ORIENTED_EDGE('',*,*,#1395,.F.);
#1398=ORIENTED_EDGE('',*,*,#1397,.T.);
#1400=ORIENTED_EDGE('',*,*,#1399,.T.);
#1402=ORIENTED_EDGE('',*,*,#1401,.T.);
#1404=ORIENTED_EDGE('',*,*,#1403,.T.);
#1406=ORIENTED_EDGE('',*,*,#1405,.T.);
#1408=ORIENTED_EDGE('',*,*,#1407,.F.);
#1410=ORIENTED_EDGE('',*,*,#1409,.T.);
#1412=ORIENTED_EDGE('',*,*,#1411,.T.);
#1414=ORIENTED_EDGE('',*,*,#1413,.T.);
#1416=ORIENTED_EDGE('',*,*,#1415,.T.);
#1418=ORIENTED_EDGE('',*,*,#1417,.T.);
#1419=EDGE_LOOP('',(#1372,#1374,#1376,#1378,#1380,#1382,#1384,#1386,#1388,#1390,
#1392,#1394,#1396,#1398,#1400,#1402,#1404,#1406,#1408,#1410,#1412,#1414,#1416,
#1418));
#1420=FACE_OUTER_BOUND('',#1419,.F.);
#1422=ORIENTED_EDGE('',*,*,#1421,.T.);
#1424=ORIENTED_EDGE('',*,*,#1423,.T.);
#1425=EDGE_LOOP('',(#1422,#1424));
#1426=FACE_BOUND('',#1425,.F.);
#1428=ORIENTED_EDGE('',*,*,#1427,.T.);
#1430=ORIENTED_EDGE('',*,*,#1429,.T.);
#1431=EDGE_LOOP('',(#1428,#1430));
#1432=FACE_BOUND('',#1431,.F.);
#1434=ORIENTED_EDGE('',*,*,#1433,.T.);
#1436=ORIENTED_EDGE('',*,*,#1435,.T.);
#1437=EDGE_LOOP('',(#1434,#1436));
#1438=FACE_BOUND('',#1437,.F.);
#1440=ORIENTED_EDGE('',*,*,#1439,.F.);
#1442=ORIENTED_EDGE('',*,*,#1441,.F.);
#1443=EDGE_LOOP('',(#1440,#1442));
#1444=FACE_BOUND('',#1443,.F.);
#1445=ORIENTED_EDGE('',*,*,#1346,.T.);
#1446=ORIENTED_EDGE('',*,*,#1360,.T.);
#1447=EDGE_LOOP('',(#1445,#1446));
#1448=FACE_BOUND('',#1447,.F.);
#1450=ORIENTED_EDGE('',*,*,#1449,.T.);
#1452=ORIENTED_EDGE('',*,*,#1451,.T.);
#1453=EDGE_LOOP('',(#1450,#1452));
#1454=FACE_BOUND('',#1453,.F.);
#1456=ORIENTED_EDGE('',*,*,#1455,.T.);
#1458=ORIENTED_EDGE('',*,*,#1457,.T.);
#1459=EDGE_LOOP('',(#1456,#1458));
#1460=FACE_BOUND('',#1459,.F.);
#1462=ORIENTED_EDGE('',*,*,#1461,.T.);
#1464=ORIENTED_EDGE('',*,*,#1463,.T.);
#1465=EDGE_LOOP('',(#1462,#1464));
#1466=FACE_BOUND('',#1465,.F.);
#1468=ORIENTED_EDGE('',*,*,#1467,.T.);
#1470=ORIENTED_EDGE('',*,*,#1469,.T.);
#1471=EDGE_LOOP('',(#1468,#1470));
#1472=FACE_BOUND('',#1471,.F.);
#1473=ADVANCED_FACE('',(#1420,#1426,#1432,#1438,#1444,#1448,#1454,#1460,#1466,
#1472),#1370,.T.);
#1474=CARTESIAN_POINT('',(2.298097038856E1,0.E0,2.298097038856E1));
#1475=DIRECTION('',(0.E0,-1.E0,0.E0));
#1476=DIRECTION('',(0.E0,0.E0,1.E0));
#1477=AXIS2_PLACEMENT_3D('',#1474,#1475,#1476);
#1478=CYLINDRICAL_SURFACE('',#1477,7.5E-1);
#1480=ORIENTED_EDGE('',*,*,#1479,.F.);
#1482=ORIENTED_EDGE('',*,*,#1481,.T.);
#1484=ORIENTED_EDGE('',*,*,#1483,.T.);
#1486=ORIENTED_EDGE('',*,*,#1485,.F.);
#1488=ORIENTED_EDGE('',*,*,#1487,.T.);
#1490=ORIENTED_EDGE('',*,*,#1489,.T.);
#1491=ORIENTED_EDGE('',*,*,#1467,.F.);
#1493=ORIENTED_EDGE('',*,*,#1492,.F.);
#1494=EDGE_LOOP('',(#1480,#1482,#1484,#1486,#1488,#1490,#1491,#1493));
#1495=FACE_OUTER_BOUND('',#1494,.F.);
#1496=ADVANCED_FACE('',(#1495),#1478,.F.);
#1497=CARTESIAN_POINT('',(2.298097038856E1,0.E0,2.298097038856E1));
#1498=DIRECTION('',(0.E0,-1.E0,0.E0));
#1499=DIRECTION('',(0.E0,0.E0,1.E0));
#1500=AXIS2_PLACEMENT_3D('',#1497,#1498,#1499);
#1501=CYLINDRICAL_SURFACE('',#1500,7.5E-1);
#1502=ORIENTED_EDGE('',*,*,#1487,.F.);
#1503=ORIENTED_EDGE('',*,*,#1485,.T.);
#1505=ORIENTED_EDGE('',*,*,#1504,.T.);
#1506=ORIENTED_EDGE('',*,*,#1481,.F.);
#1507=ORIENTED_EDGE('',*,*,#1479,.T.);
#1508=ORIENTED_EDGE('',*,*,#1492,.T.);
#1509=ORIENTED_EDGE('',*,*,#1469,.F.);
#1510=ORIENTED_EDGE('',*,*,#1489,.F.);
#1511=EDGE_LOOP('',(#1502,#1503,#1505,#1506,#1507,#1508,#1509,#1510));
#1512=FACE_OUTER_BOUND('',#1511,.F.);
#1513=ADVANCED_FACE('',(#1512),#1501,.F.);
#1514=CARTESIAN_POINT('',(0.E0,-1.E1,0.E0));
#1515=DIRECTION('',(0.E0,-1.E0,0.E0));
#1516=DIRECTION('',(1.E0,0.E0,0.E0));
#1517=AXIS2_PLACEMENT_3D('',#1514,#1515,#1516);
#1518=PLANE('',#1517);
#1520=ORIENTED_EDGE('',*,*,#1519,.F.);
#1522=ORIENTED_EDGE('',*,*,#1521,.F.);
#1523=EDGE_LOOP('',(#1520,#1522));
#1524=FACE_OUTER_BOUND('',#1523,.F.);
#1526=ORIENTED_EDGE('',*,*,#1525,.F.);
#1528=ORIENTED_EDGE('',*,*,#1527,.F.);
#1529=EDGE_LOOP('',(#1526,#1528));
#1530=FACE_BOUND('',#1529,.F.);
#1531=ADVANCED_FACE('',(#1524,#1530),#1518,.T.);
#1532=CARTESIAN_POINT('',(0.E0,-1.E1,0.E0));
#1533=DIRECTION('',(0.E0,-1.E0,0.E0));
#1534=DIRECTION('',(1.E0,0.E0,0.E0));
#1535=AXIS2_PLACEMENT_3D('',#1532,#1533,#1534);
#1536=PLANE('',#1535);
#1538=ORIENTED_EDGE('',*,*,#1537,.F.);
#1540=ORIENTED_EDGE('',*,*,#1539,.F.);
#1541=EDGE_LOOP('',(#1538,#1540));
#1542=FACE_OUTER_BOUND('',#1541,.F.);
#1543=ORIENTED_EDGE('',*,*,#1483,.F.);
#1544=ORIENTED_EDGE('',*,*,#1504,.F.);
#1545=EDGE_LOOP('',(#1543,#1544));
#1546=FACE_BOUND('',#1545,.F.);
#1547=ADVANCED_FACE('',(#1542,#1546),#1536,.T.);
#1548=CARTESIAN_POINT('',(0.E0,-1.E1,0.E0));
#1549=DIRECTION('',(0.E0,-1.E0,0.E0));
#1550=DIRECTION('',(1.E0,0.E0,0.E0));
#1551=AXIS2_PLACEMENT_3D('',#1548,#1549,#1550);
#1552=PLANE('',#1551);
#1554=ORIENTED_EDGE('',*,*,#1553,.F.);
#1556=ORIENTED_EDGE('',*,*,#1555,.F.);
#1557=EDGE_LOOP('',(#1554,#1556));
#1558=FACE_OUTER_BOUND('',#1557,.F.);
#1560=ORIENTED_EDGE('',*,*,#1559,.F.);
#1562=ORIENTED_EDGE('',*,*,#1561,.F.);
#1563=EDGE_LOOP('',(#1560,#1562));
#1564=FACE_BOUND('',#1563,.F.);
#1565=ADVANCED_FACE('',(#1558,#1564),#1552,.T.);
#1566=CARTESIAN_POINT('',(0.E0,-1.E1,0.E0));
#1567=DIRECTION('',(0.E0,-1.E0,0.E0));
#1568=DIRECTION('',(1.E0,0.E0,0.E0));
#1569=AXIS2_PLACEMENT_3D('',#1566,#1567,#1568);
#1570=PLANE('',#1569);
#1572=ORIENTED_EDGE('',*,*,#1571,.F.);
#1574=ORIENTED_EDGE('',*,*,#1573,.F.);
#1575=EDGE_LOOP('',(#1572,#1574));
#1576=FACE_OUTER_BOUND('',#1575,.F.);
#1578=ORIENTED_EDGE('',*,*,#1577,.F.);
#1580=ORIENTED_EDGE('',*,*,#1579,.F.);
#1581=EDGE_LOOP('',(#1578,#1580));
#1582=FACE_BOUND('',#1581,.F.);
#1583=ADVANCED_FACE('',(#1576,#1582),#1570,.T.);
#1584=CARTESIAN_POINT('',(-2.298097038856E1,0.E0,2.298097038856E1));
#1585=DIRECTION('',(0.E0,-1.E0,0.E0));
#1586=DIRECTION('',(0.E0,0.E0,1.E0));
#1587=AXIS2_PLACEMENT_3D('',#1584,#1585,#1586);
#1588=CYLINDRICAL_SURFACE('',#1587,2.5E0);
#1590=ORIENTED_EDGE('',*,*,#1589,.F.);
#1592=ORIENTED_EDGE('',*,*,#1591,.T.);
#1593=ORIENTED_EDGE('',*,*,#1519,.T.);
#1595=ORIENTED_EDGE('',*,*,#1594,.F.);
#1597=ORIENTED_EDGE('',*,*,#1596,.T.);
#1599=ORIENTED_EDGE('',*,*,#1598,.T.);
#1600=ORIENTED_EDGE('',*,*,#1389,.F.);
#1602=ORIENTED_EDGE('',*,*,#1601,.F.);
#1603=EDGE_LOOP('',(#1590,#1592,#1593,#1595,#1597,#1599,#1600,#1602));
#1604=FACE_OUTER_BOUND('',#1603,.F.);
#1605=ADVANCED_FACE('',(#1604),#1588,.T.);
#1606=CARTESIAN_POINT('',(-2.298097038856E1,-4.E0,2.298097038856E1));
#1607=DIRECTION('',(0.E0,-1.E0,0.E0));
#1608=DIRECTION('',(-1.485959642860E-3,0.E0,9.999988959614E-1));
#1609=AXIS2_PLACEMENT_3D('',#1606,#1607,#1608);
#1610=TOROIDAL_SURFACE('',#1609,6.5E0,4.E0);
#1612=ORIENTED_EDGE('',*,*,#1611,.T.);
#1613=ORIENTED_EDGE('',*,*,#1589,.T.);
#1615=ORIENTED_EDGE('',*,*,#1614,.T.);
#1617=ORIENTED_EDGE('',*,*,#1616,.T.);
#1618=ORIENTED_EDGE('',*,*,#1273,.F.);
#1620=ORIENTED_EDGE('',*,*,#1619,.T.);
#1622=ORIENTED_EDGE('',*,*,#1621,.T.);
#1623=EDGE_LOOP('',(#1612,#1613,#1615,#1617,#1618,#1620,#1622));
#1624=FACE_OUTER_BOUND('',#1623,.F.);
#1625=ADVANCED_FACE('',(#1624),#1610,.F.);
#1626=CARTESIAN_POINT('',(-2.298097038856E1,0.E0,2.298097038856E1));
#1627=DIRECTION('',(0.E0,-1.E0,0.E0));
#1628=DIRECTION('',(1.E0,0.E0,0.E0));
#1629=AXIS2_PLACEMENT_3D('',#1626,#1627,#1628);
#1630=CYLINDRICAL_SURFACE('',#1629,2.5E0);
#1631=ORIENTED_EDGE('',*,*,#1611,.F.);
#1633=ORIENTED_EDGE('',*,*,#1632,.T.);
#1634=ORIENTED_EDGE('',*,*,#1596,.F.);
#1635=ORIENTED_EDGE('',*,*,#1594,.T.);
#1636=ORIENTED_EDGE('',*,*,#1521,.T.);
#1637=ORIENTED_EDGE('',*,*,#1591,.F.);
#1638=EDGE_LOOP('',(#1631,#1633,#1634,#1635,#1636,#1637));
#1639=FACE_OUTER_BOUND('',#1638,.F.);
#1640=ADVANCED_FACE('',(#1639),#1630,.T.);
#1641=CARTESIAN_POINT('',(-2.474873734153E1,0.E0,2.121320343560E1));
#1642=DIRECTION('',(-7.071067811865E-1,0.E0,-7.071067811865E-1));
#1643=DIRECTION('',(7.071067811865E-1,0.E0,-7.071067811865E-1));
#1644=AXIS2_PLACEMENT_3D('',#1641,#1642,#1643);
#1645=PLANE('',#1644);
#1646=ORIENTED_EDGE('',*,*,#1598,.F.);
#1647=ORIENTED_EDGE('',*,*,#1632,.F.);
#1648=ORIENTED_EDGE('',*,*,#1621,.F.);
#1650=ORIENTED_EDGE('',*,*,#1649,.F.);
#1651=ORIENTED_EDGE('',*,*,#1391,.F.);
#1652=EDGE_LOOP('',(#1646,#1647,#1648,#1650,#1651));
#1653=FACE_OUTER_BOUND('',#1652,.F.);
#1654=ADVANCED_FACE('',(#1653),#1645,.T.);
#1655=CARTESIAN_POINT('',(-2.812289554051E1,0.E0,1.044522601085E1));
#1656=DIRECTION('',(0.E0,-1.E0,0.E0));
#1657=DIRECTION('',(0.E0,0.E0,1.E0));
#1658=AXIS2_PLACEMENT_3D('',#1655,#1656,#1657);
#1659=CYLINDRICAL_SURFACE('',#1658,1.E1);
#1660=ORIENTED_EDGE('',*,*,#1649,.T.);
#1661=ORIENTED_EDGE('',*,*,#1619,.F.);
#1662=ORIENTED_EDGE('',*,*,#1303,.T.);
#1664=ORIENTED_EDGE('',*,*,#1663,.T.);
#1665=ORIENTED_EDGE('',*,*,#1393,.F.);
#1666=EDGE_LOOP('',(#1660,#1661,#1662,#1664,#1665));
#1667=FACE_OUTER_BOUND('',#1666,.F.);
#1668=ADVANCED_FACE('',(#1667),#1659,.F.);
#1669=CARTESIAN_POINT('',(0.E0,0.E0,0.E0));
#1670=DIRECTION('',(0.E0,1.E0,0.E0));
#1671=DIRECTION('',(1.E0,0.E0,0.E0));
#1672=AXIS2_PLACEMENT_3D('',#1669,#1670,#1671);
#1673=CYLINDRICAL_SURFACE('',#1672,2.E1);
#1674=ORIENTED_EDGE('',*,*,#1277,.F.);
#1676=ORIENTED_EDGE('',*,*,#1675,.T.);
#1677=ORIENTED_EDGE('',*,*,#1383,.T.);
#1679=ORIENTED_EDGE('',*,*,#1678,.F.);
#1680=EDGE_LOOP('',(#1674,#1676,#1677,#1679));
#1681=FACE_OUTER_BOUND('',#1680,.F.);
#1682=ADVANCED_FACE('',(#1681),#1673,.T.);
#1683=CARTESIAN_POINT('',(0.E0,0.E0,0.E0));
#1684=DIRECTION('',(0.E0,1.E0,0.E0));
#1685=DIRECTION('',(1.E0,0.E0,0.E0));
#1686=AXIS2_PLACEMENT_3D('',#1683,#1684,#1685);
#1687=CYLINDRICAL_SURFACE('',#1686,2.E1);
#1688=ORIENTED_EDGE('',*,*,#1285,.T.);
#1690=ORIENTED_EDGE('',*,*,#1689,.T.);
#1691=ORIENTED_EDGE('',*,*,#1371,.T.);
#1693=ORIENTED_EDGE('',*,*,#1692,.F.);
#1694=EDGE_LOOP('',(#1688,#1690,#1691,#1693));
#1695=FACE_OUTER_BOUND('',#1694,.F.);
#1696=ADVANCED_FACE('',(#1695),#1687,.T.);
#1697=CARTESIAN_POINT('',(0.E0,0.E0,0.E0));
#1698=DIRECTION('',(0.E0,1.E0,0.E0));
#1699=DIRECTION('',(1.E0,0.E0,0.E0));
#1700=AXIS2_PLACEMENT_3D('',#1697,#1698,#1699);
#1701=CYLINDRICAL_SURFACE('',#1700,2.E1);
#1702=ORIENTED_EDGE('',*,*,#1293,.F.);
#1704=ORIENTED_EDGE('',*,*,#1703,.T.);
#1705=ORIENTED_EDGE('',*,*,#1407,.T.);
#1707=ORIENTED_EDGE('',*,*,#1706,.F.);
#1708=EDGE_LOOP('',(#1702,#1704,#1705,#1707));
#1709=FACE_OUTER_BOUND('',#1708,.F.);
#1710=ADVANCED_FACE('',(#1709),#1701,.T.);
#1711=CARTESIAN_POINT('',(0.E0,0.E0,0.E0));
#1712=DIRECTION('',(0.E0,1.E0,0.E0));
#1713=DIRECTION('',(1.E0,0.E0,0.E0));
#1714=AXIS2_PLACEMENT_3D('',#1711,#1712,#1713);
#1715=CYLINDRICAL_SURFACE('',#1714,2.E1);
#1716=ORIENTED_EDGE('',*,*,#1395,.T.);
#1717=ORIENTED_EDGE('',*,*,#1663,.F.);
#1718=ORIENTED_EDGE('',*,*,#1301,.T.);
#1720=ORIENTED_EDGE('',*,*,#1719,.T.);
#1721=EDGE_LOOP('',(#1716,#1717,#1718,#1720));
#1722=FACE_OUTER_BOUND('',#1721,.F.);
#1723=ADVANCED_FACE('',(#1722),#1715,.T.);
#1724=CARTESIAN_POINT('',(-1.044522601085E1,0.E0,2.812289554051E1));
#1725=DIRECTION('',(0.E0,-1.E0,0.E0));
#1726=DIRECTION('',(0.E0,0.E0,1.E0));
#1727=AXIS2_PLACEMENT_3D('',#1724,#1725,#1726);
#1728=CYLINDRICAL_SURFACE('',#1727,1.E1);
#1729=ORIENTED_EDGE('',*,*,#1275,.T.);
#1730=ORIENTED_EDGE('',*,*,#1616,.F.);
#1732=ORIENTED_EDGE('',*,*,#1731,.T.);
#1733=ORIENTED_EDGE('',*,*,#1385,.F.);
#1734=ORIENTED_EDGE('',*,*,#1675,.F.);
#1735=EDGE_LOOP('',(#1729,#1730,#1732,#1733,#1734));
#1736=FACE_OUTER_BOUND('',#1735,.F.);
#1737=ADVANCED_FACE('',(#1736),#1728,.F.);
#1738=CARTESIAN_POINT('',(-1.751629382271E1,0.E0,2.105182772864E1));
#1739=DIRECTION('',(7.071067811865E-1,0.E0,7.071067811865E-1));
#1740=DIRECTION('',(-7.071067811865E-1,0.E0,7.071067811865E-1));
#1741=AXIS2_PLACEMENT_3D('',#1738,#1739,#1740);
#1742=PLANE('',#1741);
#1743=ORIENTED_EDGE('',*,*,#1731,.F.);
#1744=ORIENTED_EDGE('',*,*,#1614,.F.);
#1745=ORIENTED_EDGE('',*,*,#1601,.T.);
#1746=ORIENTED_EDGE('',*,*,#1387,.F.);
#1747=EDGE_LOOP('',(#1743,#1744,#1745,#1746));
#1748=FACE_OUTER_BOUND('',#1747,.F.);
#1749=ADVANCED_FACE('',(#1748),#1742,.T.);
#1750=CARTESIAN_POINT('',(1.044522601085E1,0.E0,2.812289554051E1));
#1751=DIRECTION('',(0.E0,-1.E0,0.E0));
#1752=DIRECTION('',(0.E0,0.E0,1.E0));
#1753=AXIS2_PLACEMENT_3D('',#1750,#1751,#1752);
#1754=CYLINDRICAL_SURFACE('',#1753,1.E1);
#1756=ORIENTED_EDGE('',*,*,#1755,.T.);
#1758=ORIENTED_EDGE('',*,*,#1757,.F.);
#1759=ORIENTED_EDGE('',*,*,#1279,.T.);
#1760=ORIENTED_EDGE('',*,*,#1678,.T.);
#1761=ORIENTED_EDGE('',*,*,#1381,.F.);
#1762=EDGE_LOOP('',(#1756,#1758,#1759,#1760,#1761));
#1763=FACE_OUTER_BOUND('',#1762,.F.);
#1764=ADVANCED_FACE('',(#1763),#1754,.F.);
#1765=CARTESIAN_POINT('',(2.121320343560E1,0.E0,2.474873734153E1));
#1766=DIRECTION('',(-7.071067811865E-1,0.E0,7.071067811865E-1));
#1767=DIRECTION('',(-7.071067811865E-1,0.E0,-7.071067811865E-1));
#1768=AXIS2_PLACEMENT_3D('',#1765,#1766,#1767);
#1769=PLANE('',#1768);
#1771=ORIENTED_EDGE('',*,*,#1770,.T.);
#1773=ORIENTED_EDGE('',*,*,#1772,.F.);
#1774=ORIENTED_EDGE('',*,*,#1755,.F.);
#1775=ORIENTED_EDGE('',*,*,#1379,.F.);
#1776=EDGE_LOOP('',(#1771,#1773,#1774,#1775));
#1777=FACE_OUTER_BOUND('',#1776,.F.);
#1778=ADVANCED_FACE('',(#1777),#1769,.T.);
#1779=CARTESIAN_POINT('',(2.298097038856E1,0.E0,2.298097038856E1));
#1780=DIRECTION('',(0.E0,-1.E0,0.E0));
#1781=DIRECTION('',(0.E0,0.E0,1.E0));
#1782=AXIS2_PLACEMENT_3D('',#1779,#1780,#1781);
#1783=CYLINDRICAL_SURFACE('',#1782,2.5E0);
#1785=ORIENTED_EDGE('',*,*,#1784,.F.);
#1786=ORIENTED_EDGE('',*,*,#1770,.F.);
#1787=ORIENTED_EDGE('',*,*,#1377,.F.);
#1789=ORIENTED_EDGE('',*,*,#1788,.F.);
#1791=ORIENTED_EDGE('',*,*,#1790,.T.);
#1793=ORIENTED_EDGE('',*,*,#1792,.T.);
#1794=ORIENTED_EDGE('',*,*,#1537,.T.);
#1796=ORIENTED_EDGE('',*,*,#1795,.F.);
#1797=EDGE_LOOP('',(#1785,#1786,#1787,#1789,#1791,#1793,#1794,#1796));
#1798=FACE_OUTER_BOUND('',#1797,.F.);
#1799=ADVANCED_FACE('',(#1798),#1783,.T.);
#1800=CARTESIAN_POINT('',(2.298097038856E1,-4.E0,2.298097038856E1));
#1801=DIRECTION('',(0.E0,-1.E0,0.E0));
#1802=DIRECTION('',(-1.485959642860E-3,0.E0,9.999988959614E-1));
#1803=AXIS2_PLACEMENT_3D('',#1800,#1801,#1802);
#1804=TOROIDAL_SURFACE('',#1803,6.5E0,4.E0);
#1805=ORIENTED_EDGE('',*,*,#1772,.T.);
#1806=ORIENTED_EDGE('',*,*,#1784,.T.);
#1808=ORIENTED_EDGE('',*,*,#1807,.T.);
#1810=ORIENTED_EDGE('',*,*,#1809,.T.);
#1812=ORIENTED_EDGE('',*,*,#1811,.T.);
#1813=ORIENTED_EDGE('',*,*,#1281,.F.);
#1814=ORIENTED_EDGE('',*,*,#1757,.T.);
#1815=EDGE_LOOP('',(#1805,#1806,#1808,#1810,#1812,#1813,#1814));
#1816=FACE_OUTER_BOUND('',#1815,.F.);
#1817=ADVANCED_FACE('',(#1816),#1804,.F.);
#1818=CARTESIAN_POINT('',(2.298097038856E1,0.E0,2.298097038856E1));
#1819=DIRECTION('',(0.E0,-1.E0,0.E0));
#1820=DIRECTION('',(1.E0,0.E0,0.E0));
#1821=AXIS2_PLACEMENT_3D('',#1818,#1819,#1820);
#1822=CYLINDRICAL_SURFACE('',#1821,2.5E0);
#1823=ORIENTED_EDGE('',*,*,#1807,.F.);
#1824=ORIENTED_EDGE('',*,*,#1795,.T.);
#1825=ORIENTED_EDGE('',*,*,#1539,.T.);
#1826=ORIENTED_EDGE('',*,*,#1792,.F.);
#1827=ORIENTED_EDGE('',*,*,#1790,.F.);
#1829=ORIENTED_EDGE('',*,*,#1828,.F.);
#1830=EDGE_LOOP('',(#1823,#1824,#1825,#1826,#1827,#1829));
#1831=FACE_OUTER_BOUND('',#1830,.F.);
#1832=ADVANCED_FACE('',(#1831),#1822,.T.);
#1833=CARTESIAN_POINT('',(2.105182772864E1,0.E0,1.751629382271E1));
#1834=DIRECTION('',(7.071067811865E-1,0.E0,-7.071067811865E-1));
#1835=DIRECTION('',(7.071067811865E-1,0.E0,7.071067811865E-1));
#1836=AXIS2_PLACEMENT_3D('',#1833,#1834,#1835);
#1837=PLANE('',#1836);
#1839=ORIENTED_EDGE('',*,*,#1838,.F.);
#1840=ORIENTED_EDGE('',*,*,#1809,.F.);
#1841=ORIENTED_EDGE('',*,*,#1828,.T.);
#1842=ORIENTED_EDGE('',*,*,#1788,.T.);
#1843=ORIENTED_EDGE('',*,*,#1375,.F.);
#1844=EDGE_LOOP('',(#1839,#1840,#1841,#1842,#1843));
#1845=FACE_OUTER_BOUND('',#1844,.F.);
#1846=ADVANCED_FACE('',(#1845),#1837,.T.);
#1847=CARTESIAN_POINT('',(2.812289554051E1,0.E0,1.044522601085E1));
#1848=DIRECTION('',(0.E0,-1.E0,0.E0));
#1849=DIRECTION('',(0.E0,0.E0,1.E0));
#1850=AXIS2_PLACEMENT_3D('',#1847,#1848,#1849);
#1851=CYLINDRICAL_SURFACE('',#1850,1.E1);
#1852=ORIENTED_EDGE('',*,*,#1283,.T.);
#1853=ORIENTED_EDGE('',*,*,#1811,.F.);
#1854=ORIENTED_EDGE('',*,*,#1838,.T.);
#1855=ORIENTED_EDGE('',*,*,#1373,.F.);
#1856=ORIENTED_EDGE('',*,*,#1689,.F.);
#1857=EDGE_LOOP('',(#1852,#1853,#1854,#1855,#1856));
#1858=FACE_OUTER_BOUND('',#1857,.F.);
#1859=ADVANCED_FACE('',(#1858),#1851,.F.);
#1860=CARTESIAN_POINT('',(2.812289554051E1,0.E0,-1.044522601085E1));
#1861=DIRECTION('',(0.E0,-1.E0,0.E0));
#1862=DIRECTION('',(0.E0,0.E0,1.E0));
#1863=AXIS2_PLACEMENT_3D('',#1860,#1861,#1862);
#1864=CYLINDRICAL_SURFACE('',#1863,1.E1);
#1866=ORIENTED_EDGE('',*,*,#1865,.T.);
#1868=ORIENTED_EDGE('',*,*,#1867,.F.);
#1869=ORIENTED_EDGE('',*,*,#1287,.T.);
#1870=ORIENTED_EDGE('',*,*,#1692,.T.);
#1871=ORIENTED_EDGE('',*,*,#1417,.F.);
#1872=EDGE_LOOP('',(#1866,#1868,#1869,#1870,#1871));
#1873=FACE_OUTER_BOUND('',#1872,.F.);
#1874=ADVANCED_FACE('',(#1873),#1864,.F.);
#1875=CARTESIAN_POINT('',(2.474873734153E1,0.E0,-2.121320343560E1));
#1876=DIRECTION('',(7.071067811865E-1,0.E0,7.071067811865E-1));
#1877=DIRECTION('',(-7.071067811865E-1,0.E0,7.071067811865E-1));
#1878=AXIS2_PLACEMENT_3D('',#1875,#1876,#1877);
#1879=PLANE('',#1878);
#1881=ORIENTED_EDGE('',*,*,#1880,.T.);
#1883=ORIENTED_EDGE('',*,*,#1882,.F.);
#1884=ORIENTED_EDGE('',*,*,#1865,.F.);
#1885=ORIENTED_EDGE('',*,*,#1415,.F.);
#1886=EDGE_LOOP('',(#1881,#1883,#1884,#1885));
#1887=FACE_OUTER_BOUND('',#1886,.F.);
#1888=ADVANCED_FACE('',(#1887),#1879,.T.);
#1889=CARTESIAN_POINT('',(2.298097038856E1,0.E0,-2.298097038856E1));
#1890=DIRECTION('',(0.E0,-1.E0,0.E0));
#1891=DIRECTION('',(0.E0,0.E0,1.E0));
#1892=AXIS2_PLACEMENT_3D('',#1889,#1890,#1891);
#1893=CYLINDRICAL_SURFACE('',#1892,2.5E0);
#1895=ORIENTED_EDGE('',*,*,#1894,.F.);
#1896=ORIENTED_EDGE('',*,*,#1880,.F.);
#1897=ORIENTED_EDGE('',*,*,#1413,.F.);
#1899=ORIENTED_EDGE('',*,*,#1898,.F.);
#1901=ORIENTED_EDGE('',*,*,#1900,.T.);
#1903=ORIENTED_EDGE('',*,*,#1902,.T.);
#1904=ORIENTED_EDGE('',*,*,#1553,.T.);
#1906=ORIENTED_EDGE('',*,*,#1905,.F.);
#1907=EDGE_LOOP('',(#1895,#1896,#1897,#1899,#1901,#1903,#1904,#1906));
#1908=FACE_OUTER_BOUND('',#1907,.F.);
#1909=ADVANCED_FACE('',(#1908),#1893,.T.);
#1910=CARTESIAN_POINT('',(2.298097038856E1,-4.E0,-2.298097038856E1));
#1911=DIRECTION('',(0.E0,-1.E0,0.E0));
#1912=DIRECTION('',(-9.233098603761E-1,0.E0,-3.840558575680E-1));
#1913=AXIS2_PLACEMENT_3D('',#1910,#1911,#1912);
#1914=TOROIDAL_SURFACE('',#1913,6.5E0,4.E0);
#1915=ORIENTED_EDGE('',*,*,#1894,.T.);
#1917=ORIENTED_EDGE('',*,*,#1916,.T.);
#1919=ORIENTED_EDGE('',*,*,#1918,.T.);
#1921=ORIENTED_EDGE('',*,*,#1920,.T.);
#1922=ORIENTED_EDGE('',*,*,#1289,.F.);
#1923=ORIENTED_EDGE('',*,*,#1867,.T.);
#1924=ORIENTED_EDGE('',*,*,#1882,.T.);
#1925=EDGE_LOOP('',(#1915,#1917,#1919,#1921,#1922,#1923,#1924));
#1926=FACE_OUTER_BOUND('',#1925,.F.);
#1927=ADVANCED_FACE('',(#1926),#1914,.F.);
#1928=CARTESIAN_POINT('',(2.298097038856E1,0.E0,-2.298097038856E1));
#1929=DIRECTION('',(0.E0,-1.E0,0.E0));
#1930=DIRECTION('',(1.E0,0.E0,0.E0));
#1931=AXIS2_PLACEMENT_3D('',#1928,#1929,#1930);
#1932=CYLINDRICAL_SURFACE('',#1931,2.5E0);
#1933=ORIENTED_EDGE('',*,*,#1916,.F.);
#1934=ORIENTED_EDGE('',*,*,#1905,.T.);
#1935=ORIENTED_EDGE('',*,*,#1555,.T.);
#1936=ORIENTED_EDGE('',*,*,#1902,.F.);
#1937=ORIENTED_EDGE('',*,*,#1900,.F.);
#1939=ORIENTED_EDGE('',*,*,#1938,.F.);
#1940=EDGE_LOOP('',(#1933,#1934,#1935,#1936,#1937,#1939));
#1941=FACE_OUTER_BOUND('',#1940,.F.);
#1942=ADVANCED_FACE('',(#1941),#1932,.T.);
#1943=CARTESIAN_POINT('',(1.751629382271E1,0.E0,-2.105182772864E1));
#1944=DIRECTION('',(-7.071067811865E-1,0.E0,-7.071067811865E-1));
#1945=DIRECTION('',(7.071067811865E-1,0.E0,-7.071067811865E-1));
#1946=AXIS2_PLACEMENT_3D('',#1943,#1944,#1945);
#1947=PLANE('',#1946);
#1949=ORIENTED_EDGE('',*,*,#1948,.F.);
#1950=ORIENTED_EDGE('',*,*,#1918,.F.);
#1951=ORIENTED_EDGE('',*,*,#1938,.T.);
#1952=ORIENTED_EDGE('',*,*,#1898,.T.);
#1953=ORIENTED_EDGE('',*,*,#1411,.F.);
#1954=EDGE_LOOP('',(#1949,#1950,#1951,#1952,#1953));
#1955=FACE_OUTER_BOUND('',#1954,.F.);
#1956=ADVANCED_FACE('',(#1955),#1947,.T.);
#1957=CARTESIAN_POINT('',(1.044522601085E1,0.E0,-2.812289554051E1));
#1958=DIRECTION('',(0.E0,-1.E0,0.E0));
#1959=DIRECTION('',(0.E0,0.E0,1.E0));
#1960=AXIS2_PLACEMENT_3D('',#1957,#1958,#1959);
#1961=CYLINDRICAL_SURFACE('',#1960,1.E1);
#1962=ORIENTED_EDGE('',*,*,#1291,.T.);
#1963=ORIENTED_EDGE('',*,*,#1920,.F.);
#1964=ORIENTED_EDGE('',*,*,#1948,.T.);
#1965=ORIENTED_EDGE('',*,*,#1409,.F.);
#1966=ORIENTED_EDGE('',*,*,#1703,.F.);
#1967=EDGE_LOOP('',(#1962,#1963,#1964,#1965,#1966));
#1968=FACE_OUTER_BOUND('',#1967,.F.);
#1969=ADVANCED_FACE('',(#1968),#1961,.F.);
#1970=CARTESIAN_POINT('',(-1.044522601085E1,0.E0,-2.812289554051E1));
#1971=DIRECTION('',(0.E0,-1.E0,0.E0));
#1972=DIRECTION('',(0.E0,0.E0,1.E0));
#1973=AXIS2_PLACEMENT_3D('',#1970,#1971,#1972);
#1974=CYLINDRICAL_SURFACE('',#1973,1.E1);
#1976=ORIENTED_EDGE('',*,*,#1975,.F.);
#1978=ORIENTED_EDGE('',*,*,#1977,.F.);
#1979=ORIENTED_EDGE('',*,*,#1295,.T.);
#1980=ORIENTED_EDGE('',*,*,#1706,.T.);
#1981=ORIENTED_EDGE('',*,*,#1405,.F.);
#1982=EDGE_LOOP('',(#1976,#1978,#1979,#1980,#1981));
#1983=FACE_OUTER_BOUND('',#1982,.F.);
#1984=ADVANCED_FACE('',(#1983),#1974,.F.);
#1985=CARTESIAN_POINT('',(-2.121320343560E1,0.E0,-2.474873734153E1));
#1986=DIRECTION('',(7.071067811865E-1,0.E0,-7.071067811865E-1));
#1987=DIRECTION('',(7.071067811865E-1,0.E0,7.071067811865E-1));
#1988=AXIS2_PLACEMENT_3D('',#1985,#1986,#1987);
#1989=PLANE('',#1988);
#1991=ORIENTED_EDGE('',*,*,#1990,.F.);
#1993=ORIENTED_EDGE('',*,*,#1992,.F.);
#1995=ORIENTED_EDGE('',*,*,#1994,.F.);
#1996=ORIENTED_EDGE('',*,*,#1975,.T.);
#1997=ORIENTED_EDGE('',*,*,#1403,.F.);
#1998=EDGE_LOOP('',(#1991,#1993,#1995,#1996,#1997));
#1999=FACE_OUTER_BOUND('',#1998,.F.);
#2000=ADVANCED_FACE('',(#1999),#1989,.T.);
#2001=CARTESIAN_POINT('',(-2.298097038856E1,0.E0,-2.298097038856E1));
#2002=DIRECTION('',(0.E0,-1.E0,0.E0));
#2003=DIRECTION('',(0.E0,0.E0,1.E0));
#2004=AXIS2_PLACEMENT_3D('',#2001,#2002,#2003);
#2005=CYLINDRICAL_SURFACE('',#2004,2.5E0);
#2007=ORIENTED_EDGE('',*,*,#2006,.F.);
#2009=ORIENTED_EDGE('',*,*,#2008,.T.);
#2010=ORIENTED_EDGE('',*,*,#1571,.T.);
#2012=ORIENTED_EDGE('',*,*,#2011,.F.);
#2014=ORIENTED_EDGE('',*,*,#2013,.T.);
#2015=ORIENTED_EDGE('',*,*,#1990,.T.);
#2016=ORIENTED_EDGE('',*,*,#1401,.F.);
#2018=ORIENTED_EDGE('',*,*,#2017,.F.);
#2019=EDGE_LOOP('',(#2007,#2009,#2010,#2012,#2014,#2015,#2016,#2018));
#2020=FACE_OUTER_BOUND('',#2019,.F.);
#2021=ADVANCED_FACE('',(#2020),#2005,.T.);
#2022=CARTESIAN_POINT('',(-2.298097038856E1,-5.E0,-2.298097038856E1));
#2023=DIRECTION('',(0.E0,-1.E0,0.E0));
#2024=DIRECTION('',(9.244471646491E-1,0.E0,-3.813101621676E-1));
#2025=AXIS2_PLACEMENT_3D('',#2022,#2023,#2024);
#2026=TOROIDAL_SURFACE('',#2025,7.5E0,5.E0);
#2027=ORIENTED_EDGE('',*,*,#1994,.T.);
#2029=ORIENTED_EDGE('',*,*,#2028,.T.);
#2030=ORIENTED_EDGE('',*,*,#2006,.T.);
#2032=ORIENTED_EDGE('',*,*,#2031,.T.);
#2034=ORIENTED_EDGE('',*,*,#2033,.T.);
#2035=ORIENTED_EDGE('',*,*,#1297,.F.);
#2036=ORIENTED_EDGE('',*,*,#1977,.T.);
#2037=EDGE_LOOP('',(#2027,#2029,#2030,#2032,#2034,#2035,#2036));
#2038=FACE_OUTER_BOUND('',#2037,.F.);
#2039=ADVANCED_FACE('',(#2038),#2026,.F.);
#2040=CARTESIAN_POINT('',(-2.298097038856E1,0.E0,-2.298097038856E1));
#2041=DIRECTION('',(0.E0,-1.E0,0.E0));
#2042=DIRECTION('',(1.E0,0.E0,0.E0));
#2043=AXIS2_PLACEMENT_3D('',#2040,#2041,#2042);
#2044=CYLINDRICAL_SURFACE('',#2043,2.5E0);
#2045=ORIENTED_EDGE('',*,*,#2028,.F.);
#2046=ORIENTED_EDGE('',*,*,#1992,.T.);
#2047=ORIENTED_EDGE('',*,*,#2013,.F.);
#2048=ORIENTED_EDGE('',*,*,#2011,.T.);
#2049=ORIENTED_EDGE('',*,*,#1573,.T.);
#2050=ORIENTED_EDGE('',*,*,#2008,.F.);
#2051=EDGE_LOOP('',(#2045,#2046,#2047,#2048,#2049,#2050));
#2052=FACE_OUTER_BOUND('',#2051,.F.);
#2053=ADVANCED_FACE('',(#2052),#2044,.T.);
#2054=CARTESIAN_POINT('',(-2.105182772864E1,0.E0,-1.751629382271E1));
#2055=DIRECTION('',(-7.071067811865E-1,0.E0,7.071067811865E-1));
#2056=DIRECTION('',(-7.071067811865E-1,0.E0,-7.071067811865E-1));
#2057=AXIS2_PLACEMENT_3D('',#2054,#2055,#2056);
#2058=PLANE('',#2057);
#2060=ORIENTED_EDGE('',*,*,#2059,.F.);
#2061=ORIENTED_EDGE('',*,*,#2031,.F.);
#2062=ORIENTED_EDGE('',*,*,#2017,.T.);
#2063=ORIENTED_EDGE('',*,*,#1399,.F.);
#2064=EDGE_LOOP('',(#2060,#2061,#2062,#2063));
#2065=FACE_OUTER_BOUND('',#2064,.F.);
#2066=ADVANCED_FACE('',(#2065),#2058,.T.);
#2067=CARTESIAN_POINT('',(-2.812289554051E1,0.E0,-1.044522601085E1));
#2068=DIRECTION('',(0.E0,-1.E0,0.E0));
#2069=DIRECTION('',(0.E0,0.E0,1.E0));
#2070=AXIS2_PLACEMENT_3D('',#2067,#2068,#2069);
#2071=CYLINDRICAL_SURFACE('',#2070,1.E1);
#2072=ORIENTED_EDGE('',*,*,#1299,.T.);
#2073=ORIENTED_EDGE('',*,*,#2033,.F.);
#2074=ORIENTED_EDGE('',*,*,#2059,.T.);
#2075=ORIENTED_EDGE('',*,*,#1397,.F.);
#2076=ORIENTED_EDGE('',*,*,#1719,.F.);
#2077=EDGE_LOOP('',(#2072,#2073,#2074,#2075,#2076));
#2078=FACE_OUTER_BOUND('',#2077,.F.);
#2079=ADVANCED_FACE('',(#2078),#2071,.F.);
#2080=CARTESIAN_POINT('',(-2.298097038856E1,0.E0,2.298097038856E1));
#2081=DIRECTION('',(0.E0,-1.E0,0.E0));
#2082=DIRECTION('',(0.E0,0.E0,1.E0));
#2083=AXIS2_PLACEMENT_3D('',#2080,#2081,#2082);
#2084=CYLINDRICAL_SURFACE('',#2083,7.5E-1);
#2086=ORIENTED_EDGE('',*,*,#2085,.F.);
#2088=ORIENTED_EDGE('',*,*,#2087,.T.);
#2089=ORIENTED_EDGE('',*,*,#1525,.T.);
#2091=ORIENTED_EDGE('',*,*,#2090,.F.);
#2093=ORIENTED_EDGE('',*,*,#2092,.T.);
#2095=ORIENTED_EDGE('',*,*,#2094,.T.);
#2096=ORIENTED_EDGE('',*,*,#1421,.F.);
#2098=ORIENTED_EDGE('',*,*,#2097,.F.);
#2099=EDGE_LOOP('',(#2086,#2088,#2089,#2091,#2093,#2095,#2096,#2098));
#2100=FACE_OUTER_BOUND('',#2099,.F.);
#2101=ADVANCED_FACE('',(#2100),#2084,.F.);
#2102=CARTESIAN_POINT('',(-2.298097038856E1,0.E0,2.298097038856E1));
#2103=DIRECTION('',(0.E0,-1.E0,0.E0));
#2104=DIRECTION('',(0.E0,0.E0,1.E0));
#2105=AXIS2_PLACEMENT_3D('',#2102,#2103,#2104);
#2106=CYLINDRICAL_SURFACE('',#2105,7.5E-1);
#2107=ORIENTED_EDGE('',*,*,#2092,.F.);
#2108=ORIENTED_EDGE('',*,*,#2090,.T.);
#2109=ORIENTED_EDGE('',*,*,#1527,.T.);
#2110=ORIENTED_EDGE('',*,*,#2087,.F.);
#2111=ORIENTED_EDGE('',*,*,#2085,.T.);
#2112=ORIENTED_EDGE('',*,*,#2097,.T.);
#2113=ORIENTED_EDGE('',*,*,#1423,.F.);
#2114=ORIENTED_EDGE('',*,*,#2094,.F.);
#2115=EDGE_LOOP('',(#2107,#2108,#2109,#2110,#2111,#2112,#2113,#2114));
#2116=FACE_OUTER_BOUND('',#2115,.F.);
#2117=ADVANCED_FACE('',(#2116),#2106,.F.);
#2118=CARTESIAN_POINT('',(2.298097038856E1,0.E0,-2.298097038856E1));
#2119=DIRECTION('',(0.E0,-1.E0,0.E0));
#2120=DIRECTION('',(0.E0,0.E0,1.E0));
#2121=AXIS2_PLACEMENT_3D('',#2118,#2119,#2120);
#2122=CYLINDRICAL_SURFACE('',#2121,7.5E-1);
#2124=ORIENTED_EDGE('',*,*,#2123,.F.);
#2126=ORIENTED_EDGE('',*,*,#2125,.T.);
#2127=ORIENTED_EDGE('',*,*,#1559,.T.);
#2129=ORIENTED_EDGE('',*,*,#2128,.F.);
#2131=ORIENTED_EDGE('',*,*,#2130,.T.);
#2133=ORIENTED_EDGE('',*,*,#2132,.T.);
#2134=ORIENTED_EDGE('',*,*,#1433,.F.);
#2136=ORIENTED_EDGE('',*,*,#2135,.F.);
#2137=EDGE_LOOP('',(#2124,#2126,#2127,#2129,#2131,#2133,#2134,#2136));
#2138=FACE_OUTER_BOUND('',#2137,.F.);
#2139=ADVANCED_FACE('',(#2138),#2122,.F.);
#2140=CARTESIAN_POINT('',(2.298097038856E1,0.E0,-2.298097038856E1));
#2141=DIRECTION('',(0.E0,-1.E0,0.E0));
#2142=DIRECTION('',(0.E0,0.E0,1.E0));
#2143=AXIS2_PLACEMENT_3D('',#2140,#2141,#2142);
#2144=CYLINDRICAL_SURFACE('',#2143,7.5E-1);
#2145=ORIENTED_EDGE('',*,*,#2130,.F.);
#2146=ORIENTED_EDGE('',*,*,#2128,.T.);
#2147=ORIENTED_EDGE('',*,*,#1561,.T.);
#2148=ORIENTED_EDGE('',*,*,#2125,.F.);
#2149=ORIENTED_EDGE('',*,*,#2123,.T.);
#2150=ORIENTED_EDGE('',*,*,#2135,.T.);
#2151=ORIENTED_EDGE('',*,*,#1435,.F.);
#2152=ORIENTED_EDGE('',*,*,#2132,.F.);
#2153=EDGE_LOOP('',(#2145,#2146,#2147,#2148,#2149,#2150,#2151,#2152));
#2154=FACE_OUTER_BOUND('',#2153,.F.);
#2155=ADVANCED_FACE('',(#2154),#2144,.F.);
#2156=CARTESIAN_POINT('',(-2.298097038856E1,0.E0,-2.298097038856E1));
#2157=DIRECTION('',(0.E0,-1.E0,0.E0));
#2158=DIRECTION('',(0.E0,0.E0,1.E0));
#2159=AXIS2_PLACEMENT_3D('',#2156,#2157,#2158);
#2160=CYLINDRICAL_SURFACE('',#2159,7.5E-1);
#2162=ORIENTED_EDGE('',*,*,#2161,.F.);
#2164=ORIENTED_EDGE('',*,*,#2163,.T.);
#2165=ORIENTED_EDGE('',*,*,#1577,.T.);
#2167=ORIENTED_EDGE('',*,*,#2166,.F.);
#2169=ORIENTED_EDGE('',*,*,#2168,.T.);
#2171=ORIENTED_EDGE('',*,*,#2170,.T.);
#2172=ORIENTED_EDGE('',*,*,#1427,.F.);
#2174=ORIENTED_EDGE('',*,*,#2173,.F.);
#2175=EDGE_LOOP('',(#2162,#2164,#2165,#2167,#2169,#2171,#2172,#2174));
#2176=FACE_OUTER_BOUND('',#2175,.F.);
#2177=ADVANCED_FACE('',(#2176),#2160,.F.);
#2178=CARTESIAN_POINT('',(-2.298097038856E1,0.E0,-2.298097038856E1));
#2179=DIRECTION('',(0.E0,-1.E0,0.E0));
#2180=DIRECTION('',(0.E0,0.E0,1.E0));
#2181=AXIS2_PLACEMENT_3D('',#2178,#2179,#2180);
#2182=CYLINDRICAL_SURFACE('',#2181,7.5E-1);
#2183=ORIENTED_EDGE('',*,*,#2168,.F.);
#2184=ORIENTED_EDGE('',*,*,#2166,.T.);
#2185=ORIENTED_EDGE('',*,*,#1579,.T.);
#2186=ORIENTED_EDGE('',*,*,#2163,.F.);
#2187=ORIENTED_EDGE('',*,*,#2161,.T.);
#2188=ORIENTED_EDGE('',*,*,#2173,.T.);
#2189=ORIENTED_EDGE('',*,*,#1429,.F.);
#2190=ORIENTED_EDGE('',*,*,#2170,.F.);
#2191=EDGE_LOOP('',(#2183,#2184,#2185,#2186,#2187,#2188,#2189,#2190));
#2192=FACE_OUTER_BOUND('',#2191,.F.);
#2193=ADVANCED_FACE('',(#2192),#2182,.F.);
#2194=CARTESIAN_POINT('',(0.E0,1.5E0,0.E0));
#2195=DIRECTION('',(0.E0,1.E0,0.E0));
#2196=DIRECTION('',(1.E0,0.E0,0.E0));
#2197=AXIS2_PLACEMENT_3D('',#2194,#2195,#2196);
#2198=CYLINDRICAL_SURFACE('',#2197,1.1E1);
#2200=ORIENTED_EDGE('',*,*,#2199,.T.);
#2202=ORIENTED_EDGE('',*,*,#2201,.T.);
#2203=ORIENTED_EDGE('',*,*,#1439,.T.);
#2205=ORIENTED_EDGE('',*,*,#2204,.F.);
#2206=EDGE_LOOP('',(#2200,#2202,#2203,#2205));
#2207=FACE_OUTER_BOUND('',#2206,.F.);
#2208=ADVANCED_FACE('',(#2207),#2198,.F.);
#2209=CARTESIAN_POINT('',(0.E0,1.5E0,0.E0));
#2210=DIRECTION('',(0.E0,1.E0,0.E0));
#2211=DIRECTION('',(1.E0,0.E0,0.E0));
#2212=AXIS2_PLACEMENT_3D('',#2209,#2210,#2211);
#2213=PLANE('',#2212);
#2214=ORIENTED_EDGE('',*,*,#2199,.F.);
#2216=ORIENTED_EDGE('',*,*,#2215,.F.);
#2217=EDGE_LOOP('',(#2214,#2216));
#2218=FACE_OUTER_BOUND('',#2217,.F.);
#2220=ORIENTED_EDGE('',*,*,#2219,.T.);
#2222=ORIENTED_EDGE('',*,*,#2221,.T.);
#2223=EDGE_LOOP('',(#2220,#2222));
#2224=FACE_BOUND('',#2223,.F.);
#2225=ADVANCED_FACE('',(#2218,#2224),#2213,.T.);
#2226=CARTESIAN_POINT('',(0.E0,1.5E0,0.E0));
#2227=DIRECTION('',(0.E0,1.E0,0.E0));
#2228=DIRECTION('',(1.E0,0.E0,0.E0));
#2229=AXIS2_PLACEMENT_3D('',#2226,#2227,#2228);
#2230=CYLINDRICAL_SURFACE('',#2229,1.1E1);
#2231=ORIENTED_EDGE('',*,*,#2215,.T.);
#2232=ORIENTED_EDGE('',*,*,#2204,.T.);
#2233=ORIENTED_EDGE('',*,*,#1441,.T.);
#2234=ORIENTED_EDGE('',*,*,#2201,.F.);
#2235=EDGE_LOOP('',(#2231,#2232,#2233,#2234));
#2236=FACE_OUTER_BOUND('',#2235,.F.);
#2237=ADVANCED_FACE('',(#2236),#2230,.F.);
#2238=CARTESIAN_POINT('',(0.E0,1.5E0,0.E0));
#2239=DIRECTION('',(0.E0,1.E0,0.E0));
#2240=DIRECTION('',(1.E0,0.E0,0.E0));
#2241=AXIS2_PLACEMENT_3D('',#2238,#2239,#2240);
#2242=CYLINDRICAL_SURFACE('',#2241,4.6E0);
#2243=ORIENTED_EDGE('',*,*,#2219,.F.);
#2245=ORIENTED_EDGE('',*,*,#2244,.T.);
#2247=ORIENTED_EDGE('',*,*,#2246,.T.);
#2249=ORIENTED_EDGE('',*,*,#2248,.F.);
#2250=EDGE_LOOP('',(#2243,#2245,#2247,#2249));
#2251=FACE_OUTER_BOUND('',#2250,.F.);
#2252=ADVANCED_FACE('',(#2251),#2242,.T.);
#2253=CARTESIAN_POINT('',(0.E0,1.5E0,0.E0));
#2254=DIRECTION('',(0.E0,1.E0,0.E0));
#2255=DIRECTION('',(1.E0,0.E0,0.E0));
#2256=AXIS2_PLACEMENT_3D('',#2253,#2254,#2255);
#2257=CYLINDRICAL_SURFACE('',#2256,4.6E0);
#2258=ORIENTED_EDGE('',*,*,#2221,.F.);
#2259=ORIENTED_EDGE('',*,*,#2248,.T.);
#2261=ORIENTED_EDGE('',*,*,#2260,.T.);
#2262=ORIENTED_EDGE('',*,*,#2244,.F.);
#2263=EDGE_LOOP('',(#2258,#2259,#2261,#2262));
#2264=FACE_OUTER_BOUND('',#2263,.F.);
#2265=ADVANCED_FACE('',(#2264),#2257,.T.);
#2266=CARTESIAN_POINT('',(0.E0,1.8E0,0.E0));
#2267=DIRECTION('',(0.E0,1.E0,0.E0));
#2268=DIRECTION('',(1.E0,0.E0,0.E0));
#2269=AXIS2_PLACEMENT_3D('',#2266,#2267,#2268);
#2270=PLANE('',#2269);
#2271=ORIENTED_EDGE('',*,*,#2246,.F.);
#2272=ORIENTED_EDGE('',*,*,#2260,.F.);
#2273=EDGE_LOOP('',(#2271,#2272));
#2274=FACE_OUTER_BOUND('',#2273,.F.);
#2276=ORIENTED_EDGE('',*,*,#2275,.T.);
#2278=ORIENTED_EDGE('',*,*,#2277,.T.);
#2279=EDGE_LOOP('',(#2276,#2278));
#2280=FACE_BOUND('',#2279,.F.);
#2281=ADVANCED_FACE('',(#2274,#2280),#2270,.T.);
#2282=CARTESIAN_POINT('',(0.E0,1.5E0,0.E0));
#2283=DIRECTION('',(0.E0,1.E0,0.E0));
#2284=DIRECTION('',(1.E0,0.E0,0.E0));
#2285=AXIS2_PLACEMENT_3D('',#2282,#2283,#2284);
#2286=CYLINDRICAL_SURFACE('',#2285,4.E0);
#2287=ORIENTED_EDGE('',*,*,#2275,.F.);
#2289=ORIENTED_EDGE('',*,*,#2288,.T.);
#2291=ORIENTED_EDGE('',*,*,#2290,.T.);
#2293=ORIENTED_EDGE('',*,*,#2292,.F.);
#2294=EDGE_LOOP('',(#2287,#2289,#2291,#2293));
#2295=FACE_OUTER_BOUND('',#2294,.F.);
#2296=ADVANCED_FACE('',(#2295),#2286,.T.);
#2297=CARTESIAN_POINT('',(0.E0,1.5E0,0.E0));
#2298=DIRECTION('',(0.E0,1.E0,0.E0));
#2299=DIRECTION('',(1.E0,0.E0,0.E0));
#2300=AXIS2_PLACEMENT_3D('',#2297,#2298,#2299);
#2301=CYLINDRICAL_SURFACE('',#2300,4.E0);
#2302=ORIENTED_EDGE('',*,*,#2277,.F.);
#2303=ORIENTED_EDGE('',*,*,#2292,.T.);
#2305=ORIENTED_EDGE('',*,*,#2304,.T.);
#2306=ORIENTED_EDGE('',*,*,#2288,.F.);
#2307=EDGE_LOOP('',(#2302,#2303,#2305,#2306));
#2308=FACE_OUTER_BOUND('',#2307,.F.);
#2309=ADVANCED_FACE('',(#2308),#2301,.T.);
#2310=CARTESIAN_POINT('',(0.E0,6.3E0,0.E0));
#2311=DIRECTION('',(0.E0,1.E0,0.E0));
#2312=DIRECTION('',(1.E0,0.E0,0.E0));
#2313=AXIS2_PLACEMENT_3D('',#2310,#2311,#2312);
#2314=PLANE('',#2313);
#2315=ORIENTED_EDGE('',*,*,#2290,.F.);
#2316=ORIENTED_EDGE('',*,*,#2304,.F.);
#2317=EDGE_LOOP('',(#2315,#2316));
#2318=FACE_OUTER_BOUND('',#2317,.F.);
#2320=ORIENTED_EDGE('',*,*,#2319,.F.);
#2322=ORIENTED_EDGE('',*,*,#2321,.F.);
#2323=EDGE_LOOP('',(#2320,#2322));
#2324=FACE_BOUND('',#2323,.F.);
#2325=ADVANCED_FACE('',(#2318,#2324),#2314,.T.);
#2326=CARTESIAN_POINT('',(0.E0,1.5E0,1.5E0));
#2327=DIRECTION('',(0.E0,0.E0,-1.E0));
#2328=DIRECTION('',(-1.E0,0.E0,0.E0));
#2329=AXIS2_PLACEMENT_3D('',#2326,#2327,#2328);
#2330=PLANE('',#2329);
#2332=ORIENTED_EDGE('',*,*,#2331,.T.);
#2333=ORIENTED_EDGE('',*,*,#1327,.T.);
#2335=ORIENTED_EDGE('',*,*,#2334,.T.);
#2336=ORIENTED_EDGE('',*,*,#2319,.T.);
#2337=EDGE_LOOP('',(#2332,#2333,#2335,#2336));
#2338=FACE_OUTER_BOUND('',#2337,.F.);
#2339=ADVANCED_FACE('',(#2338),#2330,.T.);
#2340=CARTESIAN_POINT('',(0.E0,1.5E0,0.E0));
#2341=DIRECTION('',(0.E0,1.E0,0.E0));
#2342=DIRECTION('',(1.E0,0.E0,0.E0));
#2343=AXIS2_PLACEMENT_3D('',#2340,#2341,#2342);
#2344=CYLINDRICAL_SURFACE('',#2343,2.E0);
#2345=ORIENTED_EDGE('',*,*,#2334,.F.);
#2346=ORIENTED_EDGE('',*,*,#1325,.T.);
#2347=ORIENTED_EDGE('',*,*,#2331,.F.);
#2348=ORIENTED_EDGE('',*,*,#2321,.T.);
#2349=EDGE_LOOP('',(#2345,#2346,#2347,#2348));
#2350=FACE_OUTER_BOUND('',#2349,.F.);
#2351=ADVANCED_FACE('',(#2350),#2344,.F.);
#2352=CARTESIAN_POINT('',(1.05E1,4.7E0,-1.05E1));
#2353=DIRECTION('',(0.E0,1.E0,0.E0));
#2354=DIRECTION('',(1.E0,0.E0,0.E0));
#2355=AXIS2_PLACEMENT_3D('',#2352,#2353,#2354);
#2356=CYLINDRICAL_SURFACE('',#2355,8.E-1);
#2357=ORIENTED_EDGE('',*,*,#1307,.T.);
#2359=ORIENTED_EDGE('',*,*,#2358,.F.);
#2360=ORIENTED_EDGE('',*,*,#1449,.F.);
#2362=ORIENTED_EDGE('',*,*,#2361,.T.);
#2363=EDGE_LOOP('',(#2357,#2359,#2360,#2362));
#2364=FACE_OUTER_BOUND('',#2363,.F.);
#2365=ADVANCED_FACE('',(#2364),#2356,.F.);
#2366=CARTESIAN_POINT('',(1.05E1,4.7E0,-1.05E1));
#2367=DIRECTION('',(0.E0,1.E0,0.E0));
#2368=DIRECTION('',(1.E0,0.E0,0.E0));
#2369=AXIS2_PLACEMENT_3D('',#2366,#2367,#2368);
#2370=CYLINDRICAL_SURFACE('',#2369,8.E-1);
#2371=ORIENTED_EDGE('',*,*,#1309,.T.);
#2372=ORIENTED_EDGE('',*,*,#2361,.F.);
#2373=ORIENTED_EDGE('',*,*,#1451,.F.);
#2374=ORIENTED_EDGE('',*,*,#2358,.T.);
#2375=EDGE_LOOP('',(#2371,#2372,#2373,#2374));
#2376=FACE_OUTER_BOUND('',#2375,.F.);
#2377=ADVANCED_FACE('',(#2376),#2370,.F.);
#2378=CARTESIAN_POINT('',(1.05E1,4.7E0,1.05E1));
#2379=DIRECTION('',(0.E0,1.E0,0.E0));
#2380=DIRECTION('',(1.E0,0.E0,0.E0));
#2381=AXIS2_PLACEMENT_3D('',#2378,#2379,#2380);
#2382=CYLINDRICAL_SURFACE('',#2381,8.E-1);
#2383=ORIENTED_EDGE('',*,*,#1313,.T.);
#2385=ORIENTED_EDGE('',*,*,#2384,.F.);
#2386=ORIENTED_EDGE('',*,*,#1455,.F.);
#2388=ORIENTED_EDGE('',*,*,#2387,.T.);
#2389=EDGE_LOOP('',(#2383,#2385,#2386,#2388));
#2390=FACE_OUTER_BOUND('',#2389,.F.);
#2391=ADVANCED_FACE('',(#2390),#2382,.F.);
#2392=CARTESIAN_POINT('',(1.05E1,4.7E0,1.05E1));
#2393=DIRECTION('',(0.E0,1.E0,0.E0));
#2394=DIRECTION('',(1.E0,0.E0,0.E0));
#2395=AXIS2_PLACEMENT_3D('',#2392,#2393,#2394);
#2396=CYLINDRICAL_SURFACE('',#2395,8.E-1);
#2397=ORIENTED_EDGE('',*,*,#1315,.T.);
#2398=ORIENTED_EDGE('',*,*,#2387,.F.);
#2399=ORIENTED_EDGE('',*,*,#1457,.F.);
#2400=ORIENTED_EDGE('',*,*,#2384,.T.);
#2401=EDGE_LOOP('',(#2397,#2398,#2399,#2400));
#2402=FACE_OUTER_BOUND('',#2401,.F.);
#2403=ADVANCED_FACE('',(#2402),#2396,.F.);
#2404=CARTESIAN_POINT('',(-1.05E1,4.7E0,1.05E1));
#2405=DIRECTION('',(0.E0,1.E0,0.E0));
#2406=DIRECTION('',(1.E0,0.E0,0.E0));
#2407=AXIS2_PLACEMENT_3D('',#2404,#2405,#2406);
#2408=CYLINDRICAL_SURFACE('',#2407,8.E-1);
#2409=ORIENTED_EDGE('',*,*,#1319,.T.);
#2411=ORIENTED_EDGE('',*,*,#2410,.F.);
#2412=ORIENTED_EDGE('',*,*,#1461,.F.);
#2414=ORIENTED_EDGE('',*,*,#2413,.T.);
#2415=EDGE_LOOP('',(#2409,#2411,#2412,#2414));
#2416=FACE_OUTER_BOUND('',#2415,.F.);
#2417=ADVANCED_FACE('',(#2416),#2408,.F.);
#2418=CARTESIAN_POINT('',(-1.05E1,4.7E0,1.05E1));
#2419=DIRECTION('',(0.E0,1.E0,0.E0));
#2420=DIRECTION('',(1.E0,0.E0,0.E0));
#2421=AXIS2_PLACEMENT_3D('',#2418,#2419,#2420);
#2422=CYLINDRICAL_SURFACE('',#2421,8.E-1);
#2423=ORIENTED_EDGE('',*,*,#1321,.T.);
#2424=ORIENTED_EDGE('',*,*,#2413,.F.);
#2425=ORIENTED_EDGE('',*,*,#1463,.F.);
#2426=ORIENTED_EDGE('',*,*,#2410,.T.);
#2427=EDGE_LOOP('',(#2423,#2424,#2425,#2426));
#2428=FACE_OUTER_BOUND('',#2427,.F.);
#2429=ADVANCED_FACE('',(#2428),#2422,.F.);
#2433=DIMENSIONAL_EXPONENTS(0.E0,0.E0,0.E0,0.E0,0.E0,0.E0,0.E0);
#2435=PLANE_ANGLE_MEASURE_WITH_UNIT(PLANE_ANGLE_MEASURE(1.745329251994E-2),
#2434);
#2436=(CONVERSION_BASED_UNIT('DEGREE',#2435)NAMED_UNIT(*)PLANE_ANGLE_UNIT());
#2438=UNCERTAINTY_MEASURE_WITH_UNIT(LENGTH_MEASURE(1.E-2),#2432,'closure',
'Maximum model space distance between geometric entities at asserted connectivities');
#2439=(GEOMETRIC_REPRESENTATION_CONTEXT(3)GLOBAL_UNCERTAINTY_ASSIGNED_CONTEXT((
#2438))GLOBAL_UNIT_ASSIGNED_CONTEXT((#2432,#2436,#2437))REPRESENTATION_CONTEXT(
'ID1','3'));
#2441=APPLICATION_CONTEXT(
'CONFIGURATION CONTROLLED 3D DESIGNS OF MECHANICAL PARTS AND ASSEMBLIES');
#2442=APPLICATION_PROTOCOL_DEFINITION('international standard',
'config_control_design',1994,#2441);
#2443=DESIGN_CONTEXT('',#2441,'design');
#2444=MECHANICAL_CONTEXT('',#2441,'mechanical');
#2445=PRODUCT('SLIP_CONNECTION_FIXBOARD','SLIP_CONNECTION_FIXBOARD',
'NOT SPECIFIED',(#2444));
#2446=PRODUCT_DEFINITION_FORMATION_WITH_SPECIFIED_SOURCE('43','LAST_VERSION',
#2445,.MADE.);
#2450=PRODUCT_CATEGORY('part','');
#2451=PRODUCT_RELATED_PRODUCT_CATEGORY('detail','',(#2445));
#2452=PRODUCT_CATEGORY_RELATIONSHIP('','',#2450,#2451);
#2453=SECURITY_CLASSIFICATION_LEVEL('unclassified');
#2454=SECURITY_CLASSIFICATION('','',#2453);
#2455=CC_DESIGN_SECURITY_CLASSIFICATION(#2454,(#2446));
#2456=APPROVAL_STATUS('approved');
#2457=APPROVAL(#2456,'');
#2458=CC_DESIGN_APPROVAL(#2457,(#2454,#2446,#2447));
#2459=CALENDAR_DATE(123,9,10);
#2460=COORDINATED_UNIVERSAL_TIME_OFFSET(2,0,.AHEAD.);
#2461=LOCAL_TIME(16,36,1.2E1,#2460);
#2462=DATE_AND_TIME(#2459,#2461);
#2463=APPROVAL_DATE_TIME(#2462,#2457);
#2464=DATE_TIME_ROLE('creation_date');
#2465=CC_DESIGN_DATE_AND_TIME_ASSIGNMENT(#2462,#2464,(#2447));
#2466=DATE_TIME_ROLE('classification_date');
#2467=CC_DESIGN_DATE_AND_TIME_ASSIGNMENT(#2462,#2466,(#2454));
#2468=PERSON('UNSPECIFIED','UNSPECIFIED',$,$,$,$);
#2469=ORGANIZATION('UNSPECIFIED','UNSPECIFIED','UNSPECIFIED');
#2470=PERSON_AND_ORGANIZATION(#2468,#2469);
#2471=APPROVAL_ROLE('approver');
#2472=APPROVAL_PERSON_ORGANIZATION(#2470,#2457,#2471);
#2473=PERSON_AND_ORGANIZATION_ROLE('creator');
#2474=CC_DESIGN_PERSON_AND_ORGANIZATION_ASSIGNMENT(#2470,#2473,(#2446,#2447));
#2475=PERSON_AND_ORGANIZATION_ROLE('design_supplier');
#2476=CC_DESIGN_PERSON_AND_ORGANIZATION_ASSIGNMENT(#2470,#2475,(#2446));
#2477=PERSON_AND_ORGANIZATION_ROLE('classification_officer');
#2478=CC_DESIGN_PERSON_AND_ORGANIZATION_ASSIGNMENT(#2470,#2477,(#2454));
#2479=PERSON_AND_ORGANIZATION_ROLE('design_owner');
#2480=CC_DESIGN_PERSON_AND_ORGANIZATION_ASSIGNMENT(#2470,#2479,(#2445));
#5=CIRCLE('',#4,8.E-1);
#10=CIRCLE('',#9,8.E-1);
#15=CIRCLE('',#14,8.E-1);
#20=CIRCLE('',#19,8.E-1);
#25=CIRCLE('',#24,8.E-1);
#30=CIRCLE('',#29,8.E-1);
#35=CIRCLE('',#34,8.E-1);
#40=CIRCLE('',#39,8.E-1);
#45=CIRCLE('',#44,2.E0);
#54=CIRCLE('',#53,6.5E0);
#59=CIRCLE('',#58,1.E1);
#64=CIRCLE('',#63,2.E1);
#69=CIRCLE('',#68,1.E1);
#74=CIRCLE('',#73,6.5E0);
#79=CIRCLE('',#78,1.E1);
#84=CIRCLE('',#83,1.E1);
#89=CIRCLE('',#88,6.5E0);
#94=CIRCLE('',#93,1.E1);
#99=CIRCLE('',#98,2.E1);
#104=CIRCLE('',#103,1.E1);
#109=CIRCLE('',#108,7.5E0);
#114=CIRCLE('',#113,1.E1);
#119=CIRCLE('',#118,1.E1);
#132=CIRCLE('',#131,7.5E-1);
#137=CIRCLE('',#136,7.5E-1);
#142=CIRCLE('',#141,7.5E-1);
#147=CIRCLE('',#146,7.5E-1);
#152=CIRCLE('',#151,7.5E-1);
#157=CIRCLE('',#156,7.5E-1);
#162=CIRCLE('',#161,7.5E-1);
#167=CIRCLE('',#166,7.5E-1);
#172=CIRCLE('',#171,1.1E1);
#177=CIRCLE('',#176,1.1E1);
#182=CIRCLE('',#181,8.E-1);
#187=CIRCLE('',#186,8.E-1);
#192=CIRCLE('',#191,8.E-1);
#197=CIRCLE('',#196,8.E-1);
#202=CIRCLE('',#201,8.E-1);
#207=CIRCLE('',#206,8.E-1);
#212=CIRCLE('',#211,8.E-1);
#217=CIRCLE('',#216,8.E-1);
#222=CIRCLE('',#221,1.E1);
#231=CIRCLE('',#230,2.5E0);
#240=CIRCLE('',#239,1.E1);
#245=CIRCLE('',#244,2.E1);
#250=CIRCLE('',#249,1.E1);
#259=CIRCLE('',#258,2.5E0);
#268=CIRCLE('',#267,1.E1);
#273=CIRCLE('',#272,1.E1);
#282=CIRCLE('',#281,2.5E0);
#291=CIRCLE('',#290,1.E1);
#296=CIRCLE('',#295,2.E1);
#301=CIRCLE('',#300,1.E1);
#310=CIRCLE('',#309,2.5E0);
#319=CIRCLE('',#318,1.E1);
#324=CIRCLE('',#323,7.5E-1);
#337=CIRCLE('',#336,7.5E-1);
#350=CIRCLE('',#349,2.5E0);
#355=CIRCLE('',#354,2.5E0);
#360=CIRCLE('',#359,2.5E0);
#365=CIRCLE('',#364,2.5E0);
#370=CIRCLE('',#369,2.5E0);
#375=CIRCLE('',#374,2.5E0);
#380=CIRCLE('',#379,2.5E0);
#385=CIRCLE('',#384,2.5E0);
#390=CIRCLE('',#389,7.5E-1);
#395=CIRCLE('',#394,7.5E-1);
#400=CIRCLE('',#399,7.5E-1);
#405=CIRCLE('',#404,7.5E-1);
#410=CIRCLE('',#409,7.5E-1);
#415=CIRCLE('',#414,7.5E-1);
#420=CIRCLE('',#419,7.5E-1);
#425=CIRCLE('',#424,7.5E-1);
#430=CIRCLE('',#429,2.5E0);
#439=CIRCLE('',#438,2.5E0);
#449=B_SPLINE_CURVE_WITH_KNOTS('',3,(#440,#441,#442,#443,#444,#445,#446,#447,
#448),.UNSPECIFIED.,.F.,.F.,(4,1,1,1,1,1,4),(0.E0,1.666666666667E-1,
3.333333333333E-1,5.E-1,6.666666666667E-1,8.333333333333E-1,1.E0),
.UNSPECIFIED.);
#455=B_SPLINE_CURVE_WITH_KNOTS('',3,(#450,#451,#452,#453,#454),.UNSPECIFIED.,
.F.,.F.,(4,1,4),(0.E0,5.E-1,1.E0),.UNSPECIFIED.);
#461=B_SPLINE_CURVE_WITH_KNOTS('',3,(#456,#457,#458,#459,#460),.UNSPECIFIED.,
.F.,.F.,(4,1,4),(0.E0,5.E-1,1.E0),.UNSPECIFIED.);
#472=B_SPLINE_CURVE_WITH_KNOTS('',3,(#462,#463,#464,#465,#466,#467,#468,#469,
#470,#471),.UNSPECIFIED.,.F.,.F.,(4,1,1,1,1,1,1,4),(0.E0,1.428571428571E-1,
2.857142857143E-1,4.285714285714E-1,5.714285714286E-1,7.142857142857E-1,
8.571428571429E-1,1.E0),.UNSPECIFIED.);
#477=CIRCLE('',#476,2.5E0);
#506=CIRCLE('',#505,2.E1);
#515=CIRCLE('',#514,2.E1);
#532=CIRCLE('',#531,2.E1);
#541=CIRCLE('',#540,2.E1);
#566=CIRCLE('',#565,2.5E0);
#575=CIRCLE('',#574,2.5E0);
#589=B_SPLINE_CURVE_WITH_KNOTS('',3,(#580,#581,#582,#583,#584,#585,#586,#587,
#588),.UNSPECIFIED.,.F.,.F.,(4,1,1,1,1,1,4),(0.E0,1.666666666667E-1,
3.333333333333E-1,5.E-1,6.666666666667E-1,8.333333333333E-1,1.E0),
.UNSPECIFIED.);
#606=B_SPLINE_CURVE_WITH_KNOTS('',3,(#590,#591,#592,#593,#594,#595,#596,#597,
#598,#599,#600,#601,#602,#603,#604,#605),.UNSPECIFIED.,.F.,.F.,(4,1,1,1,1,1,1,1,
1,1,1,1,1,4),(0.E0,7.692307692308E-2,1.538461538462E-1,2.307692307692E-1,
3.076923076923E-1,3.846153846154E-1,4.615384615385E-1,5.384615384615E-1,
6.153846153846E-1,6.923076923077E-1,7.692307692308E-1,8.461538461538E-1,
9.230769230769E-1,1.E0),.UNSPECIFIED.);
#612=B_SPLINE_CURVE_WITH_KNOTS('',3,(#607,#608,#609,#610,#611),.UNSPECIFIED.,
.F.,.F.,(4,1,4),(0.E0,5.E-1,1.E0),.UNSPECIFIED.);
#618=B_SPLINE_CURVE_WITH_KNOTS('',3,(#613,#614,#615,#616,#617),.UNSPECIFIED.,
.F.,.F.,(4,1,4),(0.E0,5.E-1,1.E0),.UNSPECIFIED.);
#623=CIRCLE('',#622,2.5E0);
#648=CIRCLE('',#647,2.5E0);
#657=CIRCLE('',#656,2.5E0);
#671=B_SPLINE_CURVE_WITH_KNOTS('',3,(#662,#663,#664,#665,#666,#667,#668,#669,
#670),.UNSPECIFIED.,.F.,.F.,(4,1,1,1,1,1,4),(0.E0,1.666666666667E-1,
3.333333333333E-1,5.E-1,6.666666666667E-1,8.333333333333E-1,1.E0),
.UNSPECIFIED.);
#677=B_SPLINE_CURVE_WITH_KNOTS('',3,(#672,#673,#674,#675,#676),.UNSPECIFIED.,
.F.,.F.,(4,1,4),(0.E0,5.E-1,1.E0),.UNSPECIFIED.);
#683=B_SPLINE_CURVE_WITH_KNOTS('',3,(#678,#679,#680,#681,#682),.UNSPECIFIED.,
.F.,.F.,(4,1,4),(0.E0,5.E-1,1.E0),.UNSPECIFIED.);
#694=B_SPLINE_CURVE_WITH_KNOTS('',3,(#684,#685,#686,#687,#688,#689,#690,#691,
#692,#693),.UNSPECIFIED.,.F.,.F.,(4,1,1,1,1,1,1,4),(0.E0,1.428571428571E-1,
2.857142857143E-1,4.285714285714E-1,5.714285714286E-1,7.142857142857E-1,
8.571428571429E-1,1.E0),.UNSPECIFIED.);
#699=CIRCLE('',#698,2.5E0);
#724=CIRCLE('',#723,2.5E0);
#733=CIRCLE('',#732,2.5E0);
#755=B_SPLINE_CURVE_WITH_KNOTS('',3,(#734,#735,#736,#737,#738,#739,#740,#741,
#742,#743,#744,#745,#746,#747,#748,#749,#750,#751,#752,#753,#754),.UNSPECIFIED.,
.F.,.F.,(4,1,1,1,1,1,1,1,1,1,1,1,1,1,1,1,1,1,4),(0.E0,5.555555555556E-2,
1.111111111111E-1,1.666666666667E-1,2.222222222222E-1,2.777777777778E-1,
3.333333333333E-1,3.888888888889E-1,4.444444444444E-1,5.E-1,5.555555555556E-1,
6.111111111111E-1,6.666666666667E-1,7.222222222222E-1,7.777777777778E-1,
8.333333333333E-1,8.888888888889E-1,9.444444444444E-1,1.E0),.UNSPECIFIED.);
#768=B_SPLINE_CURVE_WITH_KNOTS('',3,(#756,#757,#758,#759,#760,#761,#762,#763,
#764,#765,#766,#767),.UNSPECIFIED.,.F.,.F.,(4,1,1,1,1,1,1,1,1,4),(0.E0,
1.111111111111E-1,2.222222222222E-1,3.333333333333E-1,4.444444444444E-1,
5.555555555556E-1,6.666666666667E-1,7.777777777778E-1,8.888888888889E-1,1.E0),
.UNSPECIFIED.);
#775=B_SPLINE_CURVE_WITH_KNOTS('',3,(#769,#770,#771,#772,#773,#774),
.UNSPECIFIED.,.F.,.F.,(4,1,1,4),(0.E0,3.333333333333E-1,6.666666666667E-1,1.E0),
.UNSPECIFIED.);
#781=B_SPLINE_CURVE_WITH_KNOTS('',3,(#776,#777,#778,#779,#780),.UNSPECIFIED.,
.F.,.F.,(4,1,4),(0.E0,5.E-1,1.E0),.UNSPECIFIED.);
#786=CIRCLE('',#785,2.5E0);
#807=CIRCLE('',#806,7.5E-1);
#820=CIRCLE('',#819,7.5E-1);
#833=CIRCLE('',#832,7.5E-1);
#846=CIRCLE('',#845,7.5E-1);
#859=CIRCLE('',#858,7.5E-1);
#872=CIRCLE('',#871,7.5E-1);
#889=CIRCLE('',#888,1.1E1);
#894=CIRCLE('',#893,1.1E1);
#899=CIRCLE('',#898,4.6E0);
#904=CIRCLE('',#903,4.6E0);
#921=CIRCLE('',#920,4.6E0);
#926=CIRCLE('',#925,4.6E0);
#931=CIRCLE('',#930,4.E0);
#940=CIRCLE('',#939,4.E0);
#949=CIRCLE('',#948,4.E0);
#954=CIRCLE('',#953,4.E0);
#959=CIRCLE('',#958,2.E0);
#1273=EDGE_CURVE('',#1202,#1203,#54,.T.);
#1275=EDGE_CURVE('',#1062,#1203,#59,.T.);
#1277=EDGE_CURVE('',#1062,#1063,#64,.T.);
#1279=EDGE_CURVE('',#1214,#1063,#69,.T.);
#1281=EDGE_CURVE('',#1214,#1215,#74,.T.);
#1283=EDGE_CURVE('',#1083,#1215,#79,.T.);
#1285=EDGE_CURVE('',#1082,#1083,#506,.T.);
#1287=EDGE_CURVE('',#1226,#1082,#84,.T.);
#1289=EDGE_CURVE('',#1226,#1227,#89,.T.);
#1291=EDGE_CURVE('',#1058,#1227,#94,.T.);
#1293=EDGE_CURVE('',#1058,#1059,#99,.T.);
#1295=EDGE_CURVE('',#1238,#1059,#104,.T.);
#1297=EDGE_CURVE('',#1238,#1239,#109,.T.);
#1299=EDGE_CURVE('',#1079,#1239,#114,.T.);
#1301=EDGE_CURVE('',#1078,#1079,#541,.T.);
#1303=EDGE_CURVE('',#1202,#1078,#119,.T.);
#1307=EDGE_CURVE('',#1018,#1019,#15,.T.);
#1309=EDGE_CURVE('',#1019,#1018,#20,.T.);
#1313=EDGE_CURVE('',#1022,#1023,#25,.T.);
#1315=EDGE_CURVE('',#1023,#1022,#30,.T.);
#1319=EDGE_CURVE('',#1026,#1027,#35,.T.);
#1321=EDGE_CURVE('',#1027,#1026,#40,.T.);
#1325=EDGE_CURVE('',#1046,#1047,#45,.T.);
#1327=EDGE_CURVE('',#1047,#1046,#49,.T.);
#1331=EDGE_CURVE('',#1014,#1015,#5,.T.);
#1333=EDGE_CURVE('',#1015,#1014,#10,.T.);
#1344=EDGE_CURVE('',#1031,#1015,#127,.T.);
#1346=EDGE_CURVE('',#1030,#1031,#182,.T.);
#1348=EDGE_CURVE('',#1030,#1014,#123,.T.);
#1360=EDGE_CURVE('',#1031,#1030,#187,.T.);
#1371=EDGE_CURVE('',#1086,#1087,#515,.T.);
#1373=EDGE_CURVE('',#1086,#1111,#222,.T.);
#1375=EDGE_CURVE('',#1111,#1106,#226,.T.);
#1377=EDGE_CURVE('',#1106,#1107,#231,.T.);
#1379=EDGE_CURVE('',#1107,#1109,#235,.T.);
#1381=EDGE_CURVE('',#1109,#1071,#240,.T.);
#1383=EDGE_CURVE('',#1070,#1071,#245,.T.);
#1385=EDGE_CURVE('',#1070,#1054,#250,.T.);
#1387=EDGE_CURVE('',#1054,#1055,#254,.T.);
#1389=EDGE_CURVE('',#1055,#1050,#259,.T.);
#1391=EDGE_CURVE('',#1050,#1051,#263,.T.);
#1393=EDGE_CURVE('',#1051,#1075,#268,.T.);
#1395=EDGE_CURVE('',#1074,#1075,#532,.T.);
#1397=EDGE_CURVE('',#1074,#1127,#273,.T.);
#1399=EDGE_CURVE('',#1127,#1122,#277,.T.);
#1401=EDGE_CURVE('',#1122,#1123,#282,.T.);
#1403=EDGE_CURVE('',#1123,#1125,#286,.T.);
#1405=EDGE_CURVE('',#1125,#1067,#291,.T.);
#1407=EDGE_CURVE('',#1066,#1067,#296,.T.);
#1409=EDGE_CURVE('',#1066,#1118,#301,.T.);
#1411=EDGE_CURVE('',#1118,#1119,#305,.T.);
#1413=EDGE_CURVE('',#1119,#1114,#310,.T.);
#1415=EDGE_CURVE('',#1114,#1115,#314,.T.);
#1417=EDGE_CURVE('',#1115,#1087,#319,.T.);
#1421=EDGE_CURVE('',#1090,#1091,#142,.T.);
#1423=EDGE_CURVE('',#1091,#1090,#147,.T.);
#1427=EDGE_CURVE('',#1102,#1103,#152,.T.);
#1429=EDGE_CURVE('',#1103,#1102,#157,.T.);
#1433=EDGE_CURVE('',#1098,#1099,#162,.T.);
#1435=EDGE_CURVE('',#1099,#1098,#167,.T.);
#1439=EDGE_CURVE('',#1006,#1007,#172,.T.);
#1441=EDGE_CURVE('',#1007,#1006,#177,.T.);
#1449=EDGE_CURVE('',#1034,#1035,#192,.T.);
#1451=EDGE_CURVE('',#1035,#1034,#197,.T.);
#1455=EDGE_CURVE('',#1038,#1039,#202,.T.);
#1457=EDGE_CURVE('',#1039,#1038,#207,.T.);
#1461=EDGE_CURVE('',#1042,#1043,#212,.T.);
#1463=EDGE_CURVE('',#1043,#1042,#217,.T.);
#1467=EDGE_CURVE('',#1094,#1095,#132,.T.);
#1469=EDGE_CURVE('',#1095,#1094,#137,.T.);
#1479=EDGE_CURVE('',#1191,#1149,#324,.T.);
#1481=EDGE_CURVE('',#1191,#1174,#328,.T.);
#1483=EDGE_CURVE('',#1174,#1175,#400,.T.);
#1485=EDGE_CURVE('',#1189,#1175,#341,.T.);
#1487=EDGE_CURVE('',#1189,#1151,#337,.T.);
#1489=EDGE_CURVE('',#1151,#1095,#345,.T.);
#1492=EDGE_CURVE('',#1149,#1094,#332,.T.);
#1504=EDGE_CURVE('',#1175,#1174,#405,.T.);
#1519=EDGE_CURVE('',#1130,#1131,#350,.T.);
#1521=EDGE_CURVE('',#1131,#1130,#355,.T.);
#1525=EDGE_CURVE('',#1170,#1171,#390,.T.);
#1527=EDGE_CURVE('',#1171,#1170,#395,.T.);
#1537=EDGE_CURVE('',#1134,#1135,#360,.T.);
#1539=EDGE_CURVE('',#1135,#1134,#365,.T.);
#1553=EDGE_CURVE('',#1138,#1139,#370,.T.);
#1555=EDGE_CURVE('',#1139,#1138,#375,.T.);
#1559=EDGE_CURVE('',#1178,#1179,#410,.T.);
#1561=EDGE_CURVE('',#1179,#1178,#415,.T.);
#1571=EDGE_CURVE('',#1142,#1143,#380,.T.);
#1573=EDGE_CURVE('',#1143,#1142,#385,.T.);
#1577=EDGE_CURVE('',#1182,#1183,#420,.T.);
#1579=EDGE_CURVE('',#1183,#1182,#425,.T.);
#1589=EDGE_CURVE('',#1207,#1211,#430,.T.);
#1591=EDGE_CURVE('',#1207,#1130,#434,.T.);
#1594=EDGE_CURVE('',#1161,#1131,#485,.T.);
#1596=EDGE_CURVE('',#1161,#1209,#439,.T.);
#1598=EDGE_CURVE('',#1209,#1050,#489,.T.);
#1601=EDGE_CURVE('',#1211,#1055,#553,.T.);
#1611=EDGE_CURVE('',#1206,#1207,#477,.T.);
#1614=EDGE_CURVE('',#1211,#1253,#449,.T.);
#1616=EDGE_CURVE('',#1253,#1203,#455,.T.);
#1619=EDGE_CURVE('',#1202,#1248,#461,.T.);
#1621=EDGE_CURVE('',#1248,#1206,#472,.T.);
#1632=EDGE_CURVE('',#1206,#1209,#481,.T.);
#1649=EDGE_CURVE('',#1051,#1248,#493,.T.);
#1663=EDGE_CURVE('',#1078,#1075,#536,.T.);
#1675=EDGE_CURVE('',#1062,#1070,#497,.T.);
#1678=EDGE_CURVE('',#1063,#1071,#501,.T.);
#1689=EDGE_CURVE('',#1083,#1086,#510,.T.);
#1692=EDGE_CURVE('',#1082,#1087,#519,.T.);
#1703=EDGE_CURVE('',#1058,#1066,#523,.T.);
#1706=EDGE_CURVE('',#1059,#1067,#527,.T.);
#1719=EDGE_CURVE('',#1079,#1074,#545,.T.);
#1731=EDGE_CURVE('',#1253,#1054,#549,.T.);
#1755=EDGE_CURVE('',#1109,#1254,#557,.T.);
#1757=EDGE_CURVE('',#1214,#1254,#618,.T.);
#1770=EDGE_CURVE('',#1107,#1221,#561,.T.);
#1772=EDGE_CURVE('',#1254,#1221,#589,.T.);
#1784=EDGE_CURVE('',#1221,#1218,#566,.T.);
#1788=EDGE_CURVE('',#1223,#1106,#570,.T.);
#1790=EDGE_CURVE('',#1223,#1163,#575,.T.);
#1792=EDGE_CURVE('',#1163,#1134,#579,.T.);
#1795=EDGE_CURVE('',#1218,#1135,#627,.T.);
#1807=EDGE_CURVE('',#1218,#1219,#623,.T.);
#1809=EDGE_CURVE('',#1219,#1249,#606,.T.);
#1811=EDGE_CURVE('',#1249,#1215,#612,.T.);
#1828=EDGE_CURVE('',#1219,#1223,#631,.T.);
#1838=EDGE_CURVE('',#1249,#1111,#635,.T.);
#1865=EDGE_CURVE('',#1115,#1250,#639,.T.);
#1867=EDGE_CURVE('',#1226,#1250,#683,.T.);
#1880=EDGE_CURVE('',#1114,#1230,#643,.T.);
#1882=EDGE_CURVE('',#1250,#1230,#694,.T.);
#1894=EDGE_CURVE('',#1230,#1231,#648,.T.);
#1898=EDGE_CURVE('',#1235,#1119,#652,.T.);
#1900=EDGE_CURVE('',#1235,#1165,#657,.T.);
#1902=EDGE_CURVE('',#1165,#1138,#661,.T.);
#1905=EDGE_CURVE('',#1231,#1139,#703,.T.);
#1916=EDGE_CURVE('',#1231,#1233,#699,.T.);
#1918=EDGE_CURVE('',#1233,#1255,#671,.T.);
#1920=EDGE_CURVE('',#1255,#1227,#677,.T.);
#1938=EDGE_CURVE('',#1233,#1235,#707,.T.);
#1948=EDGE_CURVE('',#1255,#1118,#711,.T.);
#1975=EDGE_CURVE('',#1251,#1125,#719,.T.);
#1977=EDGE_CURVE('',#1238,#1251,#781,.T.);
#1990=EDGE_CURVE('',#1247,#1123,#715,.T.);
#1992=EDGE_CURVE('',#1245,#1247,#790,.T.);
#1994=EDGE_CURVE('',#1251,#1245,#755,.T.);
#2006=EDGE_CURVE('',#1242,#1243,#724,.T.);
#2008=EDGE_CURVE('',#1242,#1142,#728,.T.);
#2011=EDGE_CURVE('',#1167,#1143,#794,.T.);
#2013=EDGE_CURVE('',#1167,#1247,#733,.T.);
#2017=EDGE_CURVE('',#1243,#1122,#798,.T.);
#2028=EDGE_CURVE('',#1245,#1242,#786,.T.);
#2031=EDGE_CURVE('',#1243,#1252,#768,.T.);
#2033=EDGE_CURVE('',#1252,#1239,#775,.T.);
#2059=EDGE_CURVE('',#1252,#1127,#802,.T.);
#2085=EDGE_CURVE('',#1187,#1145,#807,.T.);
#2087=EDGE_CURVE('',#1187,#1170,#811,.T.);
#2090=EDGE_CURVE('',#1185,#1171,#824,.T.);
#2092=EDGE_CURVE('',#1185,#1147,#820,.T.);
#2094=EDGE_CURVE('',#1147,#1091,#828,.T.);
#2097=EDGE_CURVE('',#1145,#1090,#815,.T.);
#2123=EDGE_CURVE('',#1195,#1153,#833,.T.);
#2125=EDGE_CURVE('',#1195,#1178,#837,.T.);
#2128=EDGE_CURVE('',#1193,#1179,#850,.T.);
#2130=EDGE_CURVE('',#1193,#1155,#846,.T.);
#2132=EDGE_CURVE('',#1155,#1099,#854,.T.);
#2135=EDGE_CURVE('',#1153,#1098,#841,.T.);
#2161=EDGE_CURVE('',#1199,#1157,#859,.T.);
#2163=EDGE_CURVE('',#1199,#1182,#863,.T.);
#2166=EDGE_CURVE('',#1197,#1183,#876,.T.);
#2168=EDGE_CURVE('',#1197,#1159,#872,.T.);
#2170=EDGE_CURVE('',#1159,#1103,#880,.T.);
#2173=EDGE_CURVE('',#1157,#1102,#867,.T.);
#2199=EDGE_CURVE('',#1010,#1011,#889,.T.);
#2201=EDGE_CURVE('',#1011,#1006,#884,.T.);
#2204=EDGE_CURVE('',#1010,#1007,#908,.T.);
#2215=EDGE_CURVE('',#1011,#1010,#894,.T.);
#2219=EDGE_CURVE('',#1262,#1263,#899,.T.);
#2221=EDGE_CURVE('',#1263,#1262,#904,.T.);
#2244=EDGE_CURVE('',#1262,#1258,#912,.T.);
#2246=EDGE_CURVE('',#1258,#1259,#921,.T.);
#2248=EDGE_CURVE('',#1263,#1259,#916,.T.);
#2260=EDGE_CURVE('',#1259,#1258,#926,.T.);
#2275=EDGE_CURVE('',#1266,#1267,#931,.T.);
#2277=EDGE_CURVE('',#1267,#1266,#940,.T.);
#2288=EDGE_CURVE('',#1266,#998,#935,.T.);
#2290=EDGE_CURVE('',#998,#999,#949,.T.);
#2292=EDGE_CURVE('',#1267,#999,#944,.T.);
#2304=EDGE_CURVE('',#999,#998,#954,.T.);
#2319=EDGE_CURVE('',#1003,#1002,#971,.T.);
#2321=EDGE_CURVE('',#1002,#1003,#959,.T.);
#2331=EDGE_CURVE('',#1002,#1047,#963,.T.);
#2334=EDGE_CURVE('',#1046,#1003,#967,.T.);
#2358=EDGE_CURVE('',#1035,#1019,#979,.T.);
#2361=EDGE_CURVE('',#1034,#1018,#975,.T.);
#2384=EDGE_CURVE('',#1039,#1023,#987,.T.);
#2387=EDGE_CURVE('',#1038,#1022,#983,.T.);
#2410=EDGE_CURVE('',#1043,#1027,#995,.T.);
#2413=EDGE_CURVE('',#1042,#1026,#991,.T.);
#2430=CLOSED_SHELL('',(#1337,#1352,#1365,#1473,#1496,#1513,#1531,#1547,#1565,
#1583,#1605,#1625,#1640,#1654,#1668,#1682,#1696,#1710,#1723,#1737,#1749,#1764,
#1778,#1799,#1817,#1832,#1846,#1859,#1874,#1888,#1909,#1927,#1942,#1956,#1969,
#1984,#2000,#2021,#2039,#2053,#2066,#2079,#2101,#2117,#2139,#2155,#2177,#2193,
#2208,#2225,#2237,#2252,#2265,#2281,#2296,#2309,#2325,#2339,#2351,#2365,#2377,
#2391,#2403,#2417,#2429));
#2431=MANIFOLD_SOLID_BREP('',#2430);
#2432=(LENGTH_UNIT()NAMED_UNIT(*)SI_UNIT(.MILLI.,.METRE.));
#2434=(NAMED_UNIT(*)PLANE_ANGLE_UNIT()SI_UNIT($,.RADIAN.));
#2437=(NAMED_UNIT(*)SI_UNIT($,.STERADIAN.)SOLID_ANGLE_UNIT());
#2440=ADVANCED_BREP_SHAPE_REPRESENTATION('',(#2431),#2439);
#2447=PRODUCT_DEFINITION('design','',#2446,#2443);
#2448=PRODUCT_DEFINITION_SHAPE('','SHAPE FOR SLIP_CONNECTION_FIXBOARD.',#2447);
#2449=SHAPE_DEFINITION_REPRESENTATION(#2448,#2440);
ENDSEC;
END-ISO-10303-21;
