ISO-10303-21;
HEADER;
FILE_DESCRIPTION((''),'2;1');
FILE_NAME('SLIP_CONNECTION_FIXBOARD','2023-08-28T21:37:02',('Domen'),(''),
'CREO PARAMETRIC BY PTC INC, 2022073','CREO PARAMETRIC BY PTC INC, 2022073','');
FILE_SCHEMA(('CONFIG_CONTROL_DESIGN'));
ENDSEC;
DATA;
#1=CARTESIAN_POINT('',(-1.05E1,0.E0,-1.05E1));
#2=DIRECTION('',(0.E0,1.E0,0.E0));
#3=DIRECTION('',(1.E0,0.E0,0.E0));
#4=AXIS2_PLACEMENT_3D('',#1,#2,#3);
#6=CARTESIAN_POINT('',(-1.05E1,0.E0,-1.05E1));
#7=DIRECTION('',(0.E0,1.E0,0.E0));
#8=DIRECTION('',(-1.E0,0.E0,0.E0));
#9=AXIS2_PLACEMENT_3D('',#6,#7,#8);
#11=CARTESIAN_POINT('',(1.05E1,0.E0,-1.05E1));
#12=DIRECTION('',(0.E0,1.E0,0.E0));
#13=DIRECTION('',(1.E0,0.E0,0.E0));
#14=AXIS2_PLACEMENT_3D('',#11,#12,#13);
#16=CARTESIAN_POINT('',(1.05E1,0.E0,-1.05E1));
#17=DIRECTION('',(0.E0,1.E0,0.E0));
#18=DIRECTION('',(-1.E0,0.E0,0.E0));
#19=AXIS2_PLACEMENT_3D('',#16,#17,#18);
#21=CARTESIAN_POINT('',(1.05E1,0.E0,1.05E1));
#22=DIRECTION('',(0.E0,1.E0,0.E0));
#23=DIRECTION('',(1.E0,0.E0,0.E0));
#24=AXIS2_PLACEMENT_3D('',#21,#22,#23);
#26=CARTESIAN_POINT('',(1.05E1,0.E0,1.05E1));
#27=DIRECTION('',(0.E0,1.E0,0.E0));
#28=DIRECTION('',(-1.E0,0.E0,0.E0));
#29=AXIS2_PLACEMENT_3D('',#26,#27,#28);
#31=CARTESIAN_POINT('',(-1.05E1,0.E0,1.05E1));
#32=DIRECTION('',(0.E0,1.E0,0.E0));
#33=DIRECTION('',(1.E0,0.E0,0.E0));
#34=AXIS2_PLACEMENT_3D('',#31,#32,#33);
#36=CARTESIAN_POINT('',(-1.05E1,0.E0,1.05E1));
#37=DIRECTION('',(0.E0,1.E0,0.E0));
#38=DIRECTION('',(-1.E0,0.E0,0.E0));
#39=AXIS2_PLACEMENT_3D('',#36,#37,#38);
#41=CARTESIAN_POINT('',(0.E0,0.E0,0.E0));
#42=DIRECTION('',(0.E0,1.E0,0.E0));
#43=DIRECTION('',(6.614378277661E-1,0.E0,7.5E-1));
#44=AXIS2_PLACEMENT_3D('',#41,#42,#43);
#46=DIRECTION('',(1.E0,0.E0,0.E0));
#47=VECTOR('',#46,2.645751311065E0);
#48=CARTESIAN_POINT('',(-1.322875655532E0,0.E0,1.5E0));
#49=LINE('',#48,#47);
#50=CARTESIAN_POINT('',(-2.262741699797E1,0.E0,2.262741699797E1));
#51=DIRECTION('',(0.E0,-1.E0,0.E0));
#52=DIRECTION('',(3.357809472835E-1,0.E0,-9.419401018331E-1));
#53=AXIS2_PLACEMENT_3D('',#50,#51,#52);
#55=CARTESIAN_POINT('',(-1.042896686298E1,0.E0,2.598531604909E1));
#56=DIRECTION('',(0.E0,1.E0,0.E0));
#57=DIRECTION('',(3.724631022493E-1,0.E0,-9.280470017530E-1));
#58=AXIS2_PLACEMENT_3D('',#55,#56,#57);
#60=CARTESIAN_POINT('',(0.E0,0.E0,0.E0));
#61=DIRECTION('',(0.E0,1.E0,0.E0));
#62=DIRECTION('',(-3.724631022493E-1,0.E0,9.280470017530E-1));
#63=AXIS2_PLACEMENT_3D('',#60,#61,#62);
#65=CARTESIAN_POINT('',(1.042896686298E1,0.E0,2.598531604909E1));
#66=DIRECTION('',(0.E0,1.E0,0.E0));
#67=DIRECTION('',(7.006086777696E-1,0.E0,-7.135457102625E-1));
#68=AXIS2_PLACEMENT_3D('',#65,#66,#67);
#70=CARTESIAN_POINT('',(2.262741699797E1,0.E0,2.262741699797E1));
#71=DIRECTION('',(0.E0,-1.E0,0.E0));
#72=DIRECTION('',(-9.419401018331E-1,0.E0,-3.357809472835E-1));
#73=AXIS2_PLACEMENT_3D('',#70,#71,#72);
#75=CARTESIAN_POINT('',(2.598531604909E1,0.E0,1.042896686298E1));
#76=DIRECTION('',(0.E0,1.E0,0.E0));
#77=DIRECTION('',(-9.280470017530E-1,0.E0,-3.724631022493E-1));
#78=AXIS2_PLACEMENT_3D('',#75,#76,#77);
#80=CARTESIAN_POINT('',(2.598531604909E1,0.E0,-1.042896686298E1));
#81=DIRECTION('',(0.E0,1.E0,0.E0));
#82=DIRECTION('',(-7.135457102625E-1,0.E0,-7.006086777696E-1));
#83=AXIS2_PLACEMENT_3D('',#80,#81,#82);
#85=CARTESIAN_POINT('',(2.262741699797E1,0.E0,-2.262741699797E1));
#86=DIRECTION('',(0.E0,-1.E0,0.E0));
#87=DIRECTION('',(-3.357809472835E-1,0.E0,9.419401018331E-1));
#88=AXIS2_PLACEMENT_3D('',#85,#86,#87);
#90=CARTESIAN_POINT('',(1.042896686298E1,0.E0,-2.598531604909E1));
#91=DIRECTION('',(0.E0,1.E0,0.E0));
#92=DIRECTION('',(-3.724631022493E-1,0.E0,9.280470017530E-1));
#93=AXIS2_PLACEMENT_3D('',#90,#91,#92);
#95=CARTESIAN_POINT('',(0.E0,0.E0,0.E0));
#96=DIRECTION('',(0.E0,1.E0,0.E0));
#97=DIRECTION('',(3.724631022493E-1,0.E0,-9.280470017530E-1));
#98=AXIS2_PLACEMENT_3D('',#95,#96,#97);
#100=CARTESIAN_POINT('',(-1.042896686298E1,0.E0,-2.598531604909E1));
#101=DIRECTION('',(0.E0,1.E0,0.E0));
#102=DIRECTION('',(-5.999447492647E-1,0.E0,8.000414350705E-1));
#103=AXIS2_PLACEMENT_3D('',#100,#101,#102);
#105=CARTESIAN_POINT('',(-2.262741699797E1,0.E0,-2.262741699797E1));
#106=DIRECTION('',(0.E0,-1.E0,0.E0));
#107=DIRECTION('',(9.248615176088E-1,0.E0,3.803040536811E-1));
#108=AXIS2_PLACEMENT_3D('',#105,#106,#107);
#110=CARTESIAN_POINT('',(-2.598531604909E1,0.E0,-1.042896686298E1));
#111=DIRECTION('',(0.E0,1.E0,0.E0));
#112=DIRECTION('',(9.280470017530E-1,0.E0,3.724631022493E-1));
#113=AXIS2_PLACEMENT_3D('',#110,#111,#112);
#115=CARTESIAN_POINT('',(-2.598531604909E1,0.E0,1.042896686298E1));
#116=DIRECTION('',(0.E0,1.E0,0.E0));
#117=DIRECTION('',(7.135457102625E-1,0.E0,7.006086777696E-1));
#118=AXIS2_PLACEMENT_3D('',#115,#116,#117);
#120=DIRECTION('',(0.E0,-1.E0,0.E0));
#121=VECTOR('',#120,4.7E0);
#122=CARTESIAN_POINT('',(-9.7E0,4.7E0,-1.05E1));
#123=LINE('',#122,#121);
#124=DIRECTION('',(0.E0,-1.E0,0.E0));
#125=VECTOR('',#124,4.7E0);
#126=CARTESIAN_POINT('',(-1.13E1,4.7E0,-1.05E1));
#127=LINE('',#126,#125);
#128=CARTESIAN_POINT('',(2.262741699797E1,4.7E0,2.262741699797E1));
#129=DIRECTION('',(0.E0,1.E0,0.E0));
#130=DIRECTION('',(0.E0,0.E0,1.E0));
#131=AXIS2_PLACEMENT_3D('',#128,#129,#130);
#133=CARTESIAN_POINT('',(2.262741699797E1,4.7E0,2.262741699797E1));
#134=DIRECTION('',(0.E0,1.E0,0.E0));
#135=DIRECTION('',(0.E0,0.E0,-1.E0));
#136=AXIS2_PLACEMENT_3D('',#133,#134,#135);
#138=CARTESIAN_POINT('',(-2.262741699797E1,4.7E0,2.262741699797E1));
#139=DIRECTION('',(0.E0,1.E0,0.E0));
#140=DIRECTION('',(0.E0,0.E0,1.E0));
#141=AXIS2_PLACEMENT_3D('',#138,#139,#140);
#143=CARTESIAN_POINT('',(-2.262741699797E1,4.7E0,2.262741699797E1));
#144=DIRECTION('',(0.E0,1.E0,0.E0));
#145=DIRECTION('',(0.E0,0.E0,-1.E0));
#146=AXIS2_PLACEMENT_3D('',#143,#144,#145);
#148=CARTESIAN_POINT('',(-2.262741699797E1,4.7E0,-2.262741699797E1));
#149=DIRECTION('',(0.E0,1.E0,0.E0));
#150=DIRECTION('',(0.E0,0.E0,1.E0));
#151=AXIS2_PLACEMENT_3D('',#148,#149,#150);
#153=CARTESIAN_POINT('',(-2.262741699797E1,4.7E0,-2.262741699797E1));
#154=DIRECTION('',(0.E0,1.E0,0.E0));
#155=DIRECTION('',(0.E0,0.E0,-1.E0));
#156=AXIS2_PLACEMENT_3D('',#153,#154,#155);
#158=CARTESIAN_POINT('',(2.262741699797E1,4.7E0,-2.262741699797E1));
#159=DIRECTION('',(0.E0,1.E0,0.E0));
#160=DIRECTION('',(0.E0,0.E0,1.E0));
#161=AXIS2_PLACEMENT_3D('',#158,#159,#160);
#163=CARTESIAN_POINT('',(2.262741699797E1,4.7E0,-2.262741699797E1));
#164=DIRECTION('',(0.E0,1.E0,0.E0));
#165=DIRECTION('',(0.E0,0.E0,-1.E0));
#166=AXIS2_PLACEMENT_3D('',#163,#164,#165);
#168=CARTESIAN_POINT('',(0.E0,4.7E0,0.E0));
#169=DIRECTION('',(0.E0,-1.E0,0.E0));
#170=DIRECTION('',(1.E0,0.E0,0.E0));
#171=AXIS2_PLACEMENT_3D('',#168,#169,#170);
#173=CARTESIAN_POINT('',(0.E0,4.7E0,0.E0));
#174=DIRECTION('',(0.E0,-1.E0,0.E0));
#175=DIRECTION('',(-1.E0,0.E0,0.E0));
#176=AXIS2_PLACEMENT_3D('',#173,#174,#175);
#178=CARTESIAN_POINT('',(-1.05E1,4.7E0,-1.05E1));
#179=DIRECTION('',(0.E0,1.E0,0.E0));
#180=DIRECTION('',(1.E0,0.E0,0.E0));
#181=AXIS2_PLACEMENT_3D('',#178,#179,#180);
#183=CARTESIAN_POINT('',(-1.05E1,4.7E0,-1.05E1));
#184=DIRECTION('',(0.E0,1.E0,0.E0));
#185=DIRECTION('',(-1.E0,0.E0,0.E0));
#186=AXIS2_PLACEMENT_3D('',#183,#184,#185);
#188=CARTESIAN_POINT('',(1.05E1,4.7E0,-1.05E1));
#189=DIRECTION('',(0.E0,1.E0,0.E0));
#190=DIRECTION('',(1.E0,0.E0,0.E0));
#191=AXIS2_PLACEMENT_3D('',#188,#189,#190);
#193=CARTESIAN_POINT('',(1.05E1,4.7E0,-1.05E1));
#194=DIRECTION('',(0.E0,1.E0,0.E0));
#195=DIRECTION('',(-1.E0,0.E0,0.E0));
#196=AXIS2_PLACEMENT_3D('',#193,#194,#195);
#198=CARTESIAN_POINT('',(1.05E1,4.7E0,1.05E1));
#199=DIRECTION('',(0.E0,1.E0,0.E0));
#200=DIRECTION('',(1.E0,0.E0,0.E0));
#201=AXIS2_PLACEMENT_3D('',#198,#199,#200);
#203=CARTESIAN_POINT('',(1.05E1,4.7E0,1.05E1));
#204=DIRECTION('',(0.E0,1.E0,0.E0));
#205=DIRECTION('',(-1.E0,0.E0,0.E0));
#206=AXIS2_PLACEMENT_3D('',#203,#204,#205);
#208=CARTESIAN_POINT('',(-1.05E1,4.7E0,1.05E1));
#209=DIRECTION('',(0.E0,1.E0,0.E0));
#210=DIRECTION('',(1.E0,0.E0,0.E0));
#211=AXIS2_PLACEMENT_3D('',#208,#209,#210);
#213=CARTESIAN_POINT('',(-1.05E1,4.7E0,1.05E1));
#214=DIRECTION('',(0.E0,1.E0,0.E0));
#215=DIRECTION('',(-1.E0,0.E0,0.E0));
#216=AXIS2_PLACEMENT_3D('',#213,#214,#215);
#218=CARTESIAN_POINT('',(2.598531604909E1,4.7E0,1.042896686298E1));
#219=DIRECTION('',(0.E0,1.E0,0.E0));
#220=DIRECTION('',(-9.280470017530E-1,0.E0,-3.724631022493E-1));
#221=AXIS2_PLACEMENT_3D('',#218,#219,#220);
#223=DIRECTION('',(7.071067811865E-1,0.E0,7.071067811865E-1));
#224=VECTOR('',#223,6.251213620833E0);
#225=CARTESIAN_POINT('',(2.032846179959E1,4.7E0,1.608582111247E1));
#226=LINE('',#225,#224);
#227=CARTESIAN_POINT('',(2.262741699797E1,4.7E0,2.262741699797E1));
#228=DIRECTION('',(0.E0,-1.E0,0.E0));
#229=DIRECTION('',(7.071067811865E-1,0.E0,-7.071067811865E-1));
#230=AXIS2_PLACEMENT_3D('',#227,#228,#229);
#232=DIRECTION('',(-7.071067811865E-1,0.E0,-7.071067811865E-1));
#233=VECTOR('',#232,6.251213620833E0);
#234=CARTESIAN_POINT('',(2.050609665441E1,4.7E0,2.474873734153E1));
#235=LINE('',#234,#233);
#236=CARTESIAN_POINT('',(1.042896686298E1,4.7E0,2.598531604909E1));
#237=DIRECTION('',(0.E0,1.E0,0.E0));
#238=DIRECTION('',(7.071067811865E-1,0.E0,-7.071067811865E-1));
#239=AXIS2_PLACEMENT_3D('',#236,#237,#238);
#241=CARTESIAN_POINT('',(0.E0,4.7E0,0.E0));
#242=DIRECTION('',(0.E0,1.E0,0.E0));
#243=DIRECTION('',(-3.724631022493E-1,0.E0,9.280470017531E-1));
#244=AXIS2_PLACEMENT_3D('',#241,#242,#243);
#246=CARTESIAN_POINT('',(-1.042896686298E1,4.7E0,2.598531604909E1));
#247=DIRECTION('',(0.E0,1.E0,0.E0));
#248=DIRECTION('',(3.724631022494E-1,0.E0,-9.280470017530E-1));
#249=AXIS2_PLACEMENT_3D('',#246,#247,#248);
#251=DIRECTION('',(-7.071067811865E-1,0.E0,7.071067811865E-1));
#252=VECTOR('',#251,6.251213620833E0);
#253=CARTESIAN_POINT('',(-1.608582111247E1,4.7E0,2.032846179959E1));
#254=LINE('',#253,#252);
#255=CARTESIAN_POINT('',(-2.262741699797E1,4.7E0,2.262741699797E1));
#256=DIRECTION('',(0.E0,-1.E0,0.E0));
#257=DIRECTION('',(7.071067811865E-1,0.E0,7.071067811865E-1));
#258=AXIS2_PLACEMENT_3D('',#255,#256,#257);
#260=DIRECTION('',(7.071067811865E-1,0.E0,-7.071067811865E-1));
#261=VECTOR('',#260,6.251213620833E0);
#262=CARTESIAN_POINT('',(-2.474873734153E1,4.7E0,2.050609665441E1));
#263=LINE('',#262,#261);
#264=CARTESIAN_POINT('',(-2.598531604909E1,4.7E0,1.042896686298E1));
#265=DIRECTION('',(0.E0,1.E0,0.E0));
#266=DIRECTION('',(7.071067811865E-1,0.E0,7.071067811865E-1));
#267=AXIS2_PLACEMENT_3D('',#264,#265,#266);
#269=CARTESIAN_POINT('',(-2.598531604909E1,4.7E0,-1.042896686298E1));
#270=DIRECTION('',(0.E0,1.E0,0.E0));
#271=DIRECTION('',(9.280470017532E-1,0.E0,3.724631022490E-1));
#272=AXIS2_PLACEMENT_3D('',#269,#270,#271);
#274=DIRECTION('',(-7.071067811865E-1,0.E0,-7.071067811865E-1));
#275=VECTOR('',#274,6.251213620833E0);
#276=CARTESIAN_POINT('',(-2.032846179959E1,4.7E0,-1.608582111247E1));
#277=LINE('',#276,#275);
#278=CARTESIAN_POINT('',(-2.262741699797E1,4.7E0,-2.262741699797E1));
#279=DIRECTION('',(0.E0,-1.E0,0.E0));
#280=DIRECTION('',(-7.071067811865E-1,0.E0,7.071067811865E-1));
#281=AXIS2_PLACEMENT_3D('',#278,#279,#280);
#283=DIRECTION('',(7.071067811865E-1,0.E0,7.071067811865E-1));
#284=VECTOR('',#283,6.251213620833E0);
#285=CARTESIAN_POINT('',(-2.050609665441E1,4.7E0,-2.474873734153E1));
#286=LINE('',#285,#284);
#287=CARTESIAN_POINT('',(-1.042896686298E1,4.7E0,-2.598531604909E1));
#288=DIRECTION('',(0.E0,1.E0,0.E0));
#289=DIRECTION('',(-7.071067811865E-1,0.E0,7.071067811865E-1));
#290=AXIS2_PLACEMENT_3D('',#287,#288,#289);
#292=CARTESIAN_POINT('',(0.E0,4.7E0,0.E0));
#293=DIRECTION('',(0.E0,1.E0,0.E0));
#294=DIRECTION('',(3.724631022493E-1,0.E0,-9.280470017530E-1));
#295=AXIS2_PLACEMENT_3D('',#292,#293,#294);
#297=CARTESIAN_POINT('',(1.042896686298E1,4.7E0,-2.598531604909E1));
#298=DIRECTION('',(0.E0,1.E0,0.E0));
#299=DIRECTION('',(-3.724631022494E-1,0.E0,9.280470017530E-1));
#300=AXIS2_PLACEMENT_3D('',#297,#298,#299);
#302=DIRECTION('',(7.071067811865E-1,0.E0,-7.071067811865E-1));
#303=VECTOR('',#302,6.251213620833E0);
#304=CARTESIAN_POINT('',(1.608582111247E1,4.7E0,-2.032846179959E1));
#305=LINE('',#304,#303);
#306=CARTESIAN_POINT('',(2.262741699797E1,4.7E0,-2.262741699797E1));
#307=DIRECTION('',(0.E0,-1.E0,0.E0));
#308=DIRECTION('',(-7.071067811865E-1,0.E0,-7.071067811865E-1));
#309=AXIS2_PLACEMENT_3D('',#306,#307,#308);
#311=DIRECTION('',(-7.071067811865E-1,0.E0,7.071067811865E-1));
#312=VECTOR('',#311,6.251213620833E0);
#313=CARTESIAN_POINT('',(2.474873734153E1,4.7E0,-2.050609665441E1));
#314=LINE('',#313,#312);
#315=CARTESIAN_POINT('',(2.598531604909E1,4.7E0,-1.042896686298E1));
#316=DIRECTION('',(0.E0,1.E0,0.E0));
#317=DIRECTION('',(-7.071067811865E-1,0.E0,-7.071067811865E-1));
#318=AXIS2_PLACEMENT_3D('',#315,#316,#317);
#320=CARTESIAN_POINT('',(2.262741699797E1,0.E0,2.262741699797E1));
#321=DIRECTION('',(0.E0,-1.E0,0.E0));
#322=DIRECTION('',(1.E0,0.E0,0.E0));
#323=AXIS2_PLACEMENT_3D('',#320,#321,#322);
#325=DIRECTION('',(0.E0,-1.E0,0.E0));
#326=VECTOR('',#325,1.E1);
#327=CARTESIAN_POINT('',(2.342741699797E1,0.E0,2.262741699797E1));
#328=LINE('',#327,#326);
#329=DIRECTION('',(0.E0,1.E0,0.E0));
#330=VECTOR('',#329,4.7E0);
#331=CARTESIAN_POINT('',(2.262741699797E1,0.E0,2.342741699797E1));
#332=LINE('',#331,#330);
#333=CARTESIAN_POINT('',(2.262741699797E1,0.E0,2.262741699797E1));
#334=DIRECTION('',(0.E0,-1.E0,0.E0));
#335=DIRECTION('',(-1.E0,0.E0,0.E0));
#336=AXIS2_PLACEMENT_3D('',#333,#334,#335);
#338=DIRECTION('',(0.E0,-1.E0,0.E0));
#339=VECTOR('',#338,1.E1);
#340=CARTESIAN_POINT('',(2.182741699797E1,0.E0,2.262741699797E1));
#341=LINE('',#340,#339);
#342=DIRECTION('',(0.E0,1.E0,0.E0));
#343=VECTOR('',#342,4.7E0);
#344=CARTESIAN_POINT('',(2.262741699797E1,0.E0,2.182741699797E1));
#345=LINE('',#344,#343);
#346=CARTESIAN_POINT('',(-2.262741699797E1,-1.E1,2.262741699797E1));
#347=DIRECTION('',(0.E0,-1.E0,0.E0));
#348=DIRECTION('',(1.E0,0.E0,0.E0));
#349=AXIS2_PLACEMENT_3D('',#346,#347,#348);
#351=CARTESIAN_POINT('',(-2.262741699797E1,-1.E1,2.262741699797E1));
#352=DIRECTION('',(0.E0,-1.E0,0.E0));
#353=DIRECTION('',(-1.E0,0.E0,0.E0));
#354=AXIS2_PLACEMENT_3D('',#351,#352,#353);
#356=CARTESIAN_POINT('',(2.262741699797E1,-1.E1,2.262741699797E1));
#357=DIRECTION('',(0.E0,-1.E0,0.E0));
#358=DIRECTION('',(1.E0,0.E0,0.E0));
#359=AXIS2_PLACEMENT_3D('',#356,#357,#358);
#361=CARTESIAN_POINT('',(2.262741699797E1,-1.E1,2.262741699797E1));
#362=DIRECTION('',(0.E0,-1.E0,0.E0));
#363=DIRECTION('',(-1.E0,0.E0,0.E0));
#364=AXIS2_PLACEMENT_3D('',#361,#362,#363);
#366=CARTESIAN_POINT('',(2.262741699797E1,-1.E1,-2.262741699797E1));
#367=DIRECTION('',(0.E0,-1.E0,0.E0));
#368=DIRECTION('',(1.E0,0.E0,0.E0));
#369=AXIS2_PLACEMENT_3D('',#366,#367,#368);
#371=CARTESIAN_POINT('',(2.262741699797E1,-1.E1,-2.262741699797E1));
#372=DIRECTION('',(0.E0,-1.E0,0.E0));
#373=DIRECTION('',(-1.E0,0.E0,0.E0));
#374=AXIS2_PLACEMENT_3D('',#371,#372,#373);
#376=CARTESIAN_POINT('',(-2.262741699797E1,-1.E1,-2.262741699797E1));
#377=DIRECTION('',(0.E0,-1.E0,0.E0));
#378=DIRECTION('',(1.E0,0.E0,0.E0));
#379=AXIS2_PLACEMENT_3D('',#376,#377,#378);
#381=CARTESIAN_POINT('',(-2.262741699797E1,-1.E1,-2.262741699797E1));
#382=DIRECTION('',(0.E0,-1.E0,0.E0));
#383=DIRECTION('',(-1.E0,0.E0,0.E0));
#384=AXIS2_PLACEMENT_3D('',#381,#382,#383);
#386=CARTESIAN_POINT('',(-2.262741699797E1,-1.E1,2.262741699797E1));
#387=DIRECTION('',(0.E0,1.E0,0.E0));
#388=DIRECTION('',(1.E0,0.E0,0.E0));
#389=AXIS2_PLACEMENT_3D('',#386,#387,#388);
#391=CARTESIAN_POINT('',(-2.262741699797E1,-1.E1,2.262741699797E1));
#392=DIRECTION('',(0.E0,1.E0,0.E0));
#393=DIRECTION('',(-1.E0,0.E0,0.E0));
#394=AXIS2_PLACEMENT_3D('',#391,#392,#393);
#396=CARTESIAN_POINT('',(2.262741699797E1,-1.E1,2.262741699797E1));
#397=DIRECTION('',(0.E0,1.E0,0.E0));
#398=DIRECTION('',(1.E0,0.E0,0.E0));
#399=AXIS2_PLACEMENT_3D('',#396,#397,#398);
#401=CARTESIAN_POINT('',(2.262741699797E1,-1.E1,2.262741699797E1));
#402=DIRECTION('',(0.E0,1.E0,0.E0));
#403=DIRECTION('',(-1.E0,0.E0,0.E0));
#404=AXIS2_PLACEMENT_3D('',#401,#402,#403);
#406=CARTESIAN_POINT('',(2.262741699797E1,-1.E1,-2.262741699797E1));
#407=DIRECTION('',(0.E0,1.E0,0.E0));
#408=DIRECTION('',(1.E0,0.E0,0.E0));
#409=AXIS2_PLACEMENT_3D('',#406,#407,#408);
#411=CARTESIAN_POINT('',(2.262741699797E1,-1.E1,-2.262741699797E1));
#412=DIRECTION('',(0.E0,1.E0,0.E0));
#413=DIRECTION('',(-1.E0,0.E0,0.E0));
#414=AXIS2_PLACEMENT_3D('',#411,#412,#413);
#416=CARTESIAN_POINT('',(-2.262741699797E1,-1.E1,-2.262741699797E1));
#417=DIRECTION('',(0.E0,1.E0,0.E0));
#418=DIRECTION('',(1.E0,0.E0,0.E0));
#419=AXIS2_PLACEMENT_3D('',#416,#417,#418);
#421=CARTESIAN_POINT('',(-2.262741699797E1,-1.E1,-2.262741699797E1));
#422=DIRECTION('',(0.E0,1.E0,0.E0));
#423=DIRECTION('',(-1.E0,0.E0,0.E0));
#424=AXIS2_PLACEMENT_3D('',#421,#422,#423);
#426=CARTESIAN_POINT('',(-2.262741699797E1,-4.E0,2.262741699797E1));
#427=DIRECTION('',(0.E0,-1.E0,0.E0));
#428=DIRECTION('',(1.E0,0.E0,0.E0));
#429=AXIS2_PLACEMENT_3D('',#426,#427,#428);
#431=DIRECTION('',(0.E0,-1.E0,9.381295740241E-11));
#432=VECTOR('',#431,6.E0);
#433=CARTESIAN_POINT('',(-1.962741699797E1,-4.E0,2.262741699741E1));
#434=LINE('',#433,#432);
#435=CARTESIAN_POINT('',(-2.262741699797E1,0.E0,2.262741699797E1));
#436=DIRECTION('',(0.E0,-1.E0,0.E0));
#437=DIRECTION('',(-1.E0,0.E0,0.E0));
#438=AXIS2_PLACEMENT_3D('',#435,#436,#437);
#440=CARTESIAN_POINT('',(-2.050609665441E1,-4.E0,2.474873734153E1));
#441=CARTESIAN_POINT('',(-2.026784337115E1,-3.610934017655E0,2.451048405827E1));
#442=CARTESIAN_POINT('',(-1.981321985330E1,-2.871068296031E0,2.405586054042E1));
#443=CARTESIAN_POINT('',(-1.914956358088E1,-1.926193323478E0,2.339220426800E1));
#444=CARTESIAN_POINT('',(-1.849466680066E1,-1.178739966103E0,2.273730748778E1));
#445=CARTESIAN_POINT('',(-1.785559732876E1,-6.312820169816E-1,
2.209823801588E1));
#446=CARTESIAN_POINT('',(-1.723933187962E1,-2.645333685583E-1,
2.148197256674E1));
#447=CARTESIAN_POINT('',(-1.664974240229E1,-5.417968162264E-2,
2.089238308941E1));
#448=CARTESIAN_POINT('',(-1.627117980719E1,-4.459168212337E-3,
2.051382049431E1));
#449=CARTESIAN_POINT('',(-1.608582111247E1,-5.477359418465E-4,
2.032846179959E1));
#451=CARTESIAN_POINT('',(-2.032846179959E1,-5.477359418461E-4,
1.608582111247E1));
#452=CARTESIAN_POINT('',(-2.053662611359E1,-4.940411540811E-3,
1.629398542648E1));
#453=CARTESIAN_POINT('',(-2.095395713126E1,-6.396030451527E-2,
1.671131644414E1));
#454=CARTESIAN_POINT('',(-2.161696932507E1,-3.291798571620E-1,
1.737432863795E1));
#455=CARTESIAN_POINT('',(-2.221468196961E1,-7.235082921453E-1,
1.797204128249E1));
#456=CARTESIAN_POINT('',(-2.275936368840E1,-1.212218982974E0,1.851672300128E1));
#457=CARTESIAN_POINT('',(-2.324977646601E1,-1.762460296523E0,1.900713577890E1));
#458=CARTESIAN_POINT('',(-2.372484212084E1,-2.392108137382E0,1.948220143372E1));
#459=CARTESIAN_POINT('',(-2.420744354876E1,-3.117876756821E0,1.996480286164E1));
#460=CARTESIAN_POINT('',(-2.456195550222E1,-3.694986533653E0,2.031931481510E1));
#461=CARTESIAN_POINT('',(-2.474873734153E1,-4.E0,2.050609665441E1));
#463=CARTESIAN_POINT('',(-2.262741699797E1,-4.E0,2.262741699797E1));
#464=DIRECTION('',(0.E0,-1.E0,0.E0));
#465=DIRECTION('',(-7.071067811865E-1,0.E0,-7.071067811865E-1));
#466=AXIS2_PLACEMENT_3D('',#463,#464,#465);
#468=DIRECTION('',(0.E0,1.E0,0.E0));
#469=VECTOR('',#468,4.E0);
#470=CARTESIAN_POINT('',(-2.474873734153E1,-4.E0,2.050609665441E1));
#471=LINE('',#470,#469);
#472=DIRECTION('',(0.E0,-1.E0,0.E0));
#473=VECTOR('',#472,1.E1);
#474=CARTESIAN_POINT('',(-2.562741699797E1,0.E0,2.262741699797E1));
#475=LINE('',#474,#473);
#476=DIRECTION('',(0.E0,1.E0,0.E0));
#477=VECTOR('',#476,4.7E0);
#478=CARTESIAN_POINT('',(-2.474873734153E1,0.E0,2.050609665441E1));
#479=LINE('',#478,#477);
#480=CARTESIAN_POINT('',(-2.027695036699E1,0.E0,1.603383628514E1));
#481=CARTESIAN_POINT('',(-2.028554416185E1,0.E0,1.604258876802E1));
#482=CARTESIAN_POINT('',(-2.030272376915E1,-9.290390562443E-5,
1.606000507123E1));
#483=CARTESIAN_POINT('',(-2.031988567567E1,-3.667628942860E-4,
1.607724498855E1));
#484=CARTESIAN_POINT('',(-2.032846179959E1,-5.477359418461E-4,
1.608582111247E1));
#486=DIRECTION('',(0.E0,1.E0,0.E0));
#487=VECTOR('',#486,4.700547735942E0);
#488=CARTESIAN_POINT('',(-2.032846179959E1,-5.477359418461E-4,
1.608582111247E1));
#489=LINE('',#488,#487);
#490=DIRECTION('',(6.803068746639E-14,1.E0,2.116510276732E-14));
#491=VECTOR('',#490,4.7E0);
#492=CARTESIAN_POINT('',(-7.449262044987E0,0.E0,1.856094003506E1));
#493=LINE('',#492,#491);
#494=DIRECTION('',(-3.647200744726E-14,1.E0,1.133844791107E-14));
#495=VECTOR('',#494,4.7E0);
#496=CARTESIAN_POINT('',(7.449262044986E0,0.E0,1.856094003506E1));
#497=LINE('',#496,#495);
#498=CARTESIAN_POINT('',(0.E0,0.E0,0.E0));
#499=DIRECTION('',(0.E0,-1.E0,0.E0));
#500=DIRECTION('',(9.280470017530E-1,0.E0,-3.724631022493E-1));
#501=AXIS2_PLACEMENT_3D('',#498,#499,#500);
#503=DIRECTION('',(0.E0,1.E0,0.E0));
#504=VECTOR('',#503,4.7E0);
#505=CARTESIAN_POINT('',(1.856094003506E1,0.E0,7.449262044986E0));
#506=LINE('',#505,#504);
#507=CARTESIAN_POINT('',(0.E0,4.7E0,0.E0));
#508=DIRECTION('',(0.E0,1.E0,0.E0));
#509=DIRECTION('',(9.280470017530E-1,0.E0,3.724631022493E-1));
#510=AXIS2_PLACEMENT_3D('',#507,#508,#509);
#512=DIRECTION('',(-6.803068746639E-14,1.E0,-2.141076913873E-13));
#513=VECTOR('',#512,4.7E0);
#514=CARTESIAN_POINT('',(1.856094003506E1,0.E0,-7.449262044986E0));
#515=LINE('',#514,#513);
#516=DIRECTION('',(-1.738562013030E-14,1.E0,0.E0));
#517=VECTOR('',#516,4.7E0);
#518=CARTESIAN_POINT('',(7.449262044986E0,0.E0,-1.856094003506E1));
#519=LINE('',#518,#517);
#520=DIRECTION('',(-4.459789511686E-14,1.E0,1.511793054809E-14));
#521=VECTOR('',#520,4.7E0);
#522=CARTESIAN_POINT('',(-7.449262044986E0,0.E0,-1.856094003506E1));
#523=LINE('',#522,#521);
#524=CARTESIAN_POINT('',(0.E0,4.7E0,0.E0));
#525=DIRECTION('',(0.E0,1.E0,0.E0));
#526=DIRECTION('',(-9.280470017530E-1,0.E0,-3.724631022494E-1));
#527=AXIS2_PLACEMENT_3D('',#524,#525,#526);
#529=DIRECTION('',(0.E0,1.E0,0.E0));
#530=VECTOR('',#529,4.7E0);
#531=CARTESIAN_POINT('',(-1.856094003506E1,0.E0,7.449262044986E0));
#532=LINE('',#531,#530);
#533=CARTESIAN_POINT('',(0.E0,0.E0,0.E0));
#534=DIRECTION('',(0.E0,-1.E0,0.E0));
#535=DIRECTION('',(-9.280470017530E-1,0.E0,3.724631022493E-1));
#536=AXIS2_PLACEMENT_3D('',#533,#534,#535);
#538=DIRECTION('',(6.047172219235E-14,1.E0,-1.931315627518E-13));
#539=VECTOR('',#538,4.7E0);
#540=CARTESIAN_POINT('',(-1.856094003506E1,0.E0,-7.449262044986E0));
#541=LINE('',#540,#539);
#542=CARTESIAN_POINT('',(-1.608582111247E1,-5.477359418465E-4,
2.032846179959E1));
#543=CARTESIAN_POINT('',(-1.607722343376E1,-3.663080458631E-4,
2.031986412088E1));
#544=CARTESIAN_POINT('',(-1.605996175934E1,-9.244422979338E-5,
2.030268085037E1));
#545=CARTESIAN_POINT('',(-1.604256701453E1,0.E0,2.028552280276E1));
#546=CARTESIAN_POINT('',(-1.603383628514E1,0.E0,2.027695036699E1));
#548=DIRECTION('',(0.E0,1.E0,0.E0));
#549=VECTOR('',#548,4.700547735942E0);
#550=CARTESIAN_POINT('',(-1.608582111247E1,-5.477359418465E-4,
2.032846179959E1));
#551=LINE('',#550,#549);
#552=DIRECTION('',(0.E0,1.E0,0.E0));
#553=VECTOR('',#552,8.7E0);
#554=CARTESIAN_POINT('',(-2.050609665441E1,-4.E0,2.474873734153E1));
#555=LINE('',#554,#553);
#556=CARTESIAN_POINT('',(1.603383628514E1,0.E0,2.027695036699E1));
#557=CARTESIAN_POINT('',(1.604256687158E1,0.E0,2.028552266240E1));
#558=CARTESIAN_POINT('',(1.605996147471E1,-9.244121183174E-5,2.030268056833E1));
#559=CARTESIAN_POINT('',(1.607722329211E1,-3.663050568046E-4,2.031986397923E1));
#560=CARTESIAN_POINT('',(1.608582111247E1,-5.477359418462E-4,2.032846179959E1));
#562=DIRECTION('',(0.E0,1.E0,0.E0));
#563=VECTOR('',#562,4.700547735942E0);
#564=CARTESIAN_POINT('',(1.608582111247E1,-5.477359418462E-4,2.032846179959E1));
#565=LINE('',#564,#563);
#566=CARTESIAN_POINT('',(1.608582111247E1,-5.477359418462E-4,2.032846179959E1));
#567=CARTESIAN_POINT('',(1.627121636957E1,-4.459939750187E-3,2.051385705669E1));
#568=CARTESIAN_POINT('',(1.664985120803E1,-5.419935572224E-2,2.089249189515E1));
#569=CARTESIAN_POINT('',(1.723952606106E1,-2.646185194662E-1,2.148216674818E1));
#570=CARTESIAN_POINT('',(1.785591502912E1,-6.314974158978E-1,2.209855571624E1));
#571=CARTESIAN_POINT('',(1.849515283091E1,-1.179214078131E0,2.273779351803E1));
#572=CARTESIAN_POINT('',(1.915006232128E1,-1.926843544404E0,2.339270300840E1));
#573=CARTESIAN_POINT('',(1.981356206723E1,-2.871616521578E0,2.405620275435E1));
#574=CARTESIAN_POINT('',(2.026797759123E1,-3.611153198125E0,2.451061827835E1));
#575=CARTESIAN_POINT('',(2.050609665441E1,-4.E0,2.474873734153E1));
#577=CARTESIAN_POINT('',(2.474873734153E1,-4.E0,2.050609665441E1));
#578=CARTESIAN_POINT('',(2.456192665627E1,-3.694939428406E0,2.031928596915E1));
#579=CARTESIAN_POINT('',(2.420735495405E1,-3.117732038392E0,1.996471426693E1));
#580=CARTESIAN_POINT('',(2.372463058692E1,-2.391799599565E0,1.948198989980E1));
#581=CARTESIAN_POINT('',(2.324944494456E1,-1.762046604696E0,1.900680425744E1));
#582=CARTESIAN_POINT('',(2.275894879257E1,-1.211798036023E0,1.851630810545E1));
#583=CARTESIAN_POINT('',(2.221428657514E1,-7.232076306390E-1,1.797164588802E1));
#584=CARTESIAN_POINT('',(2.161670109917E1,-3.290562469657E-1,1.737406041205E1));
#585=CARTESIAN_POINT('',(2.095392452725E1,-6.396587963548E-2,1.671128384013E1));
#586=CARTESIAN_POINT('',(2.053662527134E1,-4.940393767494E-3,1.629398458422E1));
#587=CARTESIAN_POINT('',(2.032846179959E1,-5.477359418455E-4,1.608582111247E1));
#589=DIRECTION('',(0.E0,-1.E0,0.E0));
#590=VECTOR('',#589,8.7E0);
#591=CARTESIAN_POINT('',(2.050609665441E1,4.7E0,2.474873734153E1));
#592=LINE('',#591,#590);
#593=CARTESIAN_POINT('',(2.262741699797E1,-4.E0,2.262741699797E1));
#594=DIRECTION('',(0.E0,-1.E0,0.E0));
#595=DIRECTION('',(-7.071067811865E-1,0.E0,7.071067811865E-1));
#596=AXIS2_PLACEMENT_3D('',#593,#594,#595);
#598=DIRECTION('',(0.E0,1.E0,0.E0));
#599=VECTOR('',#598,4.7E0);
#600=CARTESIAN_POINT('',(2.474873734153E1,0.E0,2.050609665441E1));
#601=LINE('',#600,#599);
#602=CARTESIAN_POINT('',(2.262741699797E1,0.E0,2.262741699797E1));
#603=DIRECTION('',(0.E0,-1.E0,0.E0));
#604=DIRECTION('',(7.071067811865E-1,0.E0,-7.071067811865E-1));
#605=AXIS2_PLACEMENT_3D('',#602,#603,#604);
#607=DIRECTION('',(0.E0,-1.E0,0.E0));
#608=VECTOR('',#607,1.E1);
#609=CARTESIAN_POINT('',(2.562741699797E1,0.E0,2.262741699797E1));
#610=LINE('',#609,#608);
#611=DIRECTION('',(0.E0,1.E0,0.E0));
#612=VECTOR('',#611,4.700547735942E0);
#613=CARTESIAN_POINT('',(2.032846179959E1,-5.477359418455E-4,1.608582111247E1));
#614=LINE('',#613,#612);
#615=CARTESIAN_POINT('',(2.032846179959E1,-5.477359418455E-4,1.608582111247E1));
#616=CARTESIAN_POINT('',(2.031988609636E1,-3.667717716842E-4,1.607724540924E1));
#617=CARTESIAN_POINT('',(2.030272460681E1,-9.291288572430E-5,1.606000591655E1));
#618=CARTESIAN_POINT('',(2.028554457872E1,0.E0,1.604258919259E1));
#619=CARTESIAN_POINT('',(2.027695036699E1,0.E0,1.603383628514E1));
#621=CARTESIAN_POINT('',(2.262741699797E1,-4.E0,2.262741699797E1));
#622=DIRECTION('',(0.E0,-1.E0,0.E0));
#623=DIRECTION('',(-1.E0,0.E0,0.E0));
#624=AXIS2_PLACEMENT_3D('',#621,#622,#623);
#626=DIRECTION('',(0.E0,-1.E0,9.892175967252E-11));
#627=VECTOR('',#626,6.E0);
#628=CARTESIAN_POINT('',(1.962741699797E1,-4.E0,2.262741699738E1));
#629=LINE('',#628,#627);
#630=DIRECTION('',(0.E0,1.E0,0.E0));
#631=VECTOR('',#630,4.E0);
#632=CARTESIAN_POINT('',(2.474873734153E1,-4.E0,2.050609665441E1));
#633=LINE('',#632,#631);
#634=CARTESIAN_POINT('',(2.027695036699E1,0.E0,-1.603383628514E1));
#635=CARTESIAN_POINT('',(2.028554416185E1,0.E0,-1.604258876802E1));
#636=CARTESIAN_POINT('',(2.030272376915E1,-9.290390562384E-5,
-1.606000507123E1));
#637=CARTESIAN_POINT('',(2.031988567567E1,-3.667628942853E-4,
-1.607724498855E1));
#638=CARTESIAN_POINT('',(2.032846179959E1,-5.477359418454E-4,
-1.608582111247E1));
#640=DIRECTION('',(0.E0,1.E0,0.E0));
#641=VECTOR('',#640,4.700547735942E0);
#642=CARTESIAN_POINT('',(2.032846179959E1,-5.477359418454E-4,
-1.608582111247E1));
#643=LINE('',#642,#641);
#644=CARTESIAN_POINT('',(2.050609665441E1,-4.E0,-2.474873734153E1));
#645=CARTESIAN_POINT('',(2.026784337115E1,-3.610934017655E0,-2.451048405827E1));
#646=CARTESIAN_POINT('',(1.981321985330E1,-2.871068296031E0,-2.405586054042E1));
#647=CARTESIAN_POINT('',(1.914956358088E1,-1.926193323478E0,-2.339220426800E1));
#648=CARTESIAN_POINT('',(1.849466680066E1,-1.178739966103E0,-2.273730748778E1));
#649=CARTESIAN_POINT('',(1.785559732876E1,-6.312820169817E-1,
-2.209823801588E1));
#650=CARTESIAN_POINT('',(1.723933187962E1,-2.645333685584E-1,
-2.148197256674E1));
#651=CARTESIAN_POINT('',(1.664974240229E1,-5.417968162265E-2,
-2.089238308941E1));
#652=CARTESIAN_POINT('',(1.627117980719E1,-4.459168212337E-3,
-2.051382049431E1));
#653=CARTESIAN_POINT('',(1.608582111247E1,-5.477359418465E-4,
-2.032846179959E1));
#655=CARTESIAN_POINT('',(2.032846179959E1,-5.477359418454E-4,
-1.608582111247E1));
#656=CARTESIAN_POINT('',(2.053662611359E1,-4.940411540810E-3,
-1.629398542648E1));
#657=CARTESIAN_POINT('',(2.095395713126E1,-6.396030451527E-2,
-1.671131644414E1));
#658=CARTESIAN_POINT('',(2.161696932507E1,-3.291798571620E-1,
-1.737432863795E1));
#659=CARTESIAN_POINT('',(2.221468196961E1,-7.235082921453E-1,
-1.797204128249E1));
#660=CARTESIAN_POINT('',(2.275936368840E1,-1.212218982974E0,-1.851672300128E1));
#661=CARTESIAN_POINT('',(2.324977646601E1,-1.762460296523E0,-1.900713577890E1));
#662=CARTESIAN_POINT('',(2.372484212084E1,-2.392108137382E0,-1.948220143372E1));
#663=CARTESIAN_POINT('',(2.420744354876E1,-3.117876756821E0,-1.996480286164E1));
#664=CARTESIAN_POINT('',(2.456195550222E1,-3.694986533653E0,-2.031931481510E1));
#665=CARTESIAN_POINT('',(2.474873734153E1,-4.E0,-2.050609665441E1));
#667=CARTESIAN_POINT('',(2.262741699797E1,-4.E0,-2.262741699797E1));
#668=DIRECTION('',(0.E0,-1.E0,0.E0));
#669=DIRECTION('',(7.071067811865E-1,0.E0,7.071067811865E-1));
#670=AXIS2_PLACEMENT_3D('',#667,#668,#669);
#672=DIRECTION('',(0.E0,1.E0,0.E0));
#673=VECTOR('',#672,4.7E0);
#674=CARTESIAN_POINT('',(2.050609665441E1,0.E0,-2.474873734153E1));
#675=LINE('',#674,#673);
#676=CARTESIAN_POINT('',(2.262741699797E1,0.E0,-2.262741699797E1));
#677=DIRECTION('',(0.E0,-1.E0,0.E0));
#678=DIRECTION('',(-7.071067811865E-1,0.E0,-7.071067811865E-1));
#679=AXIS2_PLACEMENT_3D('',#676,#677,#678);
#681=DIRECTION('',(0.E0,-1.E0,0.E0));
#682=VECTOR('',#681,1.E1);
#683=CARTESIAN_POINT('',(2.562741699797E1,0.E0,-2.262741699797E1));
#684=LINE('',#683,#682);
#685=DIRECTION('',(0.E0,-1.E0,0.E0));
#686=VECTOR('',#685,8.7E0);
#687=CARTESIAN_POINT('',(2.474873734153E1,4.7E0,-2.050609665441E1));
#688=LINE('',#687,#686);
#689=DIRECTION('',(0.E0,1.E0,0.E0));
#690=VECTOR('',#689,4.700547735942E0);
#691=CARTESIAN_POINT('',(1.608582111247E1,-5.477359418465E-4,
-2.032846179959E1));
#692=LINE('',#691,#690);
#693=CARTESIAN_POINT('',(1.608582111247E1,-5.477359418465E-4,
-2.032846179959E1));
#694=CARTESIAN_POINT('',(1.607722343376E1,-3.663080458631E-4,
-2.031986412088E1));
#695=CARTESIAN_POINT('',(1.605996175934E1,-9.244422979334E-5,
-2.030268085037E1));
#696=CARTESIAN_POINT('',(1.604256701453E1,0.E0,-2.028552280276E1));
#697=CARTESIAN_POINT('',(1.603383628514E1,0.E0,-2.027695036699E1));
#699=CARTESIAN_POINT('',(2.262741699797E1,-4.E0,-2.262741699797E1));
#700=DIRECTION('',(0.E0,-1.E0,0.E0));
#701=DIRECTION('',(-1.E0,0.E0,0.E0));
#702=AXIS2_PLACEMENT_3D('',#699,#700,#701);
#704=DIRECTION('',(0.E0,-1.E0,-1.054901351457E-10));
#705=VECTOR('',#704,6.E0);
#706=CARTESIAN_POINT('',(1.962741699797E1,-4.E0,-2.262741699734E1));
#707=LINE('',#706,#705);
#708=DIRECTION('',(0.E0,1.E0,0.E0));
#709=VECTOR('',#708,4.E0);
#710=CARTESIAN_POINT('',(2.050609665441E1,-4.E0,-2.474873734153E1));
#711=LINE('',#710,#709);
#712=DIRECTION('',(0.E0,1.E0,0.E0));
#713=VECTOR('',#712,4.7E0);
#714=CARTESIAN_POINT('',(-2.050609665441E1,0.E0,-2.474873734153E1));
#715=LINE('',#714,#713);
#716=DIRECTION('',(0.E0,1.E0,0.E0));
#717=VECTOR('',#716,4.814999356147E0);
#718=CARTESIAN_POINT('',(-1.608582111247E1,-1.149993561468E-1,
-2.032846179959E1));
#719=LINE('',#718,#717);
#720=CARTESIAN_POINT('',(-2.262741699797E1,-5.E0,-2.262741699797E1));
#721=DIRECTION('',(0.E0,-1.E0,0.E0));
#722=DIRECTION('',(1.E0,0.E0,0.E0));
#723=AXIS2_PLACEMENT_3D('',#720,#721,#722);
#725=DIRECTION('',(0.E0,-1.E0,-8.203855372813E-11));
#726=VECTOR('',#725,5.E0);
#727=CARTESIAN_POINT('',(-1.962741699797E1,-5.E0,-2.262741699756E1));
#728=LINE('',#727,#726);
#729=CARTESIAN_POINT('',(-2.262741699797E1,0.E0,-2.262741699797E1));
#730=DIRECTION('',(0.E0,-1.E0,0.E0));
#731=DIRECTION('',(-1.E0,0.E0,0.E0));
#732=AXIS2_PLACEMENT_3D('',#729,#730,#731);
#734=CARTESIAN_POINT('',(-1.608582111247E1,-1.149993561468E-1,
-2.032846179959E1));
#735=CARTESIAN_POINT('',(-1.631568167416E1,-1.789645201580E-1,
-2.055832236128E1));
#736=CARTESIAN_POINT('',(-1.678211891004E1,-3.621805931889E-1,
-2.102475959716E1));
#737=CARTESIAN_POINT('',(-1.749582567473E1,-8.188224404221E-1,
-2.173846636185E1));
#738=CARTESIAN_POINT('',(-1.823063276554E1,-1.491730252880E0,
-2.247327345266E1));
#739=CARTESIAN_POINT('',(-1.897848840885E1,-2.412252561258E0,
-2.322112909597E1));
#740=CARTESIAN_POINT('',(-1.972965166600E1,-3.586305489396E0,
-2.397229235312E1));
#741=CARTESIAN_POINT('',(-2.023864734154E1,-4.511706594509E0,
-2.448128802866E1));
#742=CARTESIAN_POINT('',(-2.050609665441E1,-5.E0,-2.474873734153E1));
#744=CARTESIAN_POINT('',(-2.474873734153E1,-5.E0,-2.050609665441E1));
#745=CARTESIAN_POINT('',(-2.468475727073E1,-4.883188906633E0,
-2.044211658361E1));
#746=CARTESIAN_POINT('',(-2.455671270349E1,-4.649411697310E0,
-2.031407201637E1));
#747=CARTESIAN_POINT('',(-2.436312422390E1,-4.299422736967E0,
-2.012048353679E1));
#748=CARTESIAN_POINT('',(-2.416707736684E1,-3.951870707880E0,
-1.992443667972E1));
#749=CARTESIAN_POINT('',(-2.396844277782E1,-3.609856883501E0,
-1.972580209070E1));
#750=CARTESIAN_POINT('',(-2.376450719861E1,-3.271736385923E0,
-1.952186651149E1));
#751=CARTESIAN_POINT('',(-2.354208970493E1,-2.920186706410E0,
-1.929944901781E1));
#752=CARTESIAN_POINT('',(-2.328779286673E1,-2.542358537450E0,
-1.904515217961E1));
#753=CARTESIAN_POINT('',(-2.298457965564E1,-2.127543501901E0,
-1.874193896852E1));
#754=CARTESIAN_POINT('',(-2.262079559478E1,-1.682364148440E0,
-1.837815490766E1));
#755=CARTESIAN_POINT('',(-2.218280950250E1,-1.220741659257E0,
-1.794016881538E1));
#756=CARTESIAN_POINT('',(-2.165621797150E1,-7.689117229591E-1,
-1.741357728439E1));
#757=CARTESIAN_POINT('',(-2.104306664475E1,-3.757020284777E-1,
-1.680042595763E1));
#758=CARTESIAN_POINT('',(-2.057730853766E1,-1.842479575483E-1,
-1.633466785054E1));
#759=CARTESIAN_POINT('',(-2.032846179959E1,-1.149993561468E-1,
-1.608582111247E1));
#761=CARTESIAN_POINT('',(-2.032846179959E1,-1.149993561468E-1,
-1.608582111247E1));
#762=CARTESIAN_POINT('',(-2.020868844341E1,-8.166905226192E-2,
-1.596604775630E1));
#763=CARTESIAN_POINT('',(-1.996341875479E1,-2.463676693033E-2,
-1.570569556339E1));
#764=CARTESIAN_POINT('',(-1.971078488919E1,0.E0,-1.539628275348E1));
#765=CARTESIAN_POINT('',(-1.958498456852E1,0.E0,-1.522852485710E1));
#767=CARTESIAN_POINT('',(-1.522852485710E1,0.E0,-1.958498456852E1));
#768=CARTESIAN_POINT('',(-1.539466856309E1,0.E0,-1.970957442057E1));
#769=CARTESIAN_POINT('',(-1.570264948383E1,-2.418026149554E-2,
-1.996074619071E1));
#770=CARTESIAN_POINT('',(-1.596464862767E1,-8.127970538326E-2,
-2.020728931479E1));
#771=CARTESIAN_POINT('',(-1.608582111247E1,-1.149993561468E-1,
-2.032846179959E1));
#773=CARTESIAN_POINT('',(-2.262741699797E1,-5.E0,-2.262741699797E1));
#774=DIRECTION('',(0.E0,-1.E0,0.E0));
#775=DIRECTION('',(7.071067811865E-1,0.E0,-7.071067811865E-1));
#776=AXIS2_PLACEMENT_3D('',#773,#774,#775);
#778=DIRECTION('',(0.E0,1.E0,0.E0));
#779=VECTOR('',#778,5.E0);
#780=CARTESIAN_POINT('',(-2.050609665441E1,-5.E0,-2.474873734153E1));
#781=LINE('',#780,#779);
#782=DIRECTION('',(0.E0,-1.E0,0.E0));
#783=VECTOR('',#782,1.E1);
#784=CARTESIAN_POINT('',(-2.562741699797E1,0.E0,-2.262741699797E1));
#785=LINE('',#784,#783);
#786=DIRECTION('',(0.E0,1.E0,0.E0));
#787=VECTOR('',#786,9.7E0);
#788=CARTESIAN_POINT('',(-2.474873734153E1,-5.E0,-2.050609665441E1));
#789=LINE('',#788,#787);
#790=DIRECTION('',(0.E0,1.E0,0.E0));
#791=VECTOR('',#790,4.814999356147E0);
#792=CARTESIAN_POINT('',(-2.032846179959E1,-1.149993561468E-1,
-1.608582111247E1));
#793=LINE('',#792,#791);
#794=CARTESIAN_POINT('',(-2.262741699797E1,0.E0,2.262741699797E1));
#795=DIRECTION('',(0.E0,-1.E0,0.E0));
#796=DIRECTION('',(1.E0,0.E0,0.E0));
#797=AXIS2_PLACEMENT_3D('',#794,#795,#796);
#799=DIRECTION('',(0.E0,-1.E0,0.E0));
#800=VECTOR('',#799,1.E1);
#801=CARTESIAN_POINT('',(-2.182741699797E1,0.E0,2.262741699797E1));
#802=LINE('',#801,#800);
#803=DIRECTION('',(0.E0,1.E0,0.E0));
#804=VECTOR('',#803,4.7E0);
#805=CARTESIAN_POINT('',(-2.262741699797E1,0.E0,2.342741699797E1));
#806=LINE('',#805,#804);
#807=CARTESIAN_POINT('',(-2.262741699797E1,0.E0,2.262741699797E1));
#808=DIRECTION('',(0.E0,-1.E0,0.E0));
#809=DIRECTION('',(-1.E0,0.E0,0.E0));
#810=AXIS2_PLACEMENT_3D('',#807,#808,#809);
#812=DIRECTION('',(0.E0,-1.E0,0.E0));
#813=VECTOR('',#812,1.E1);
#814=CARTESIAN_POINT('',(-2.342741699797E1,0.E0,2.262741699797E1));
#815=LINE('',#814,#813);
#816=DIRECTION('',(0.E0,1.E0,0.E0));
#817=VECTOR('',#816,4.7E0);
#818=CARTESIAN_POINT('',(-2.262741699797E1,0.E0,2.182741699797E1));
#819=LINE('',#818,#817);
#820=CARTESIAN_POINT('',(2.262741699797E1,0.E0,-2.262741699797E1));
#821=DIRECTION('',(0.E0,-1.E0,0.E0));
#822=DIRECTION('',(1.E0,0.E0,0.E0));
#823=AXIS2_PLACEMENT_3D('',#820,#821,#822);
#825=DIRECTION('',(0.E0,-1.E0,0.E0));
#826=VECTOR('',#825,1.E1);
#827=CARTESIAN_POINT('',(2.342741699797E1,0.E0,-2.262741699797E1));
#828=LINE('',#827,#826);
#829=DIRECTION('',(0.E0,1.E0,0.E0));
#830=VECTOR('',#829,4.7E0);
#831=CARTESIAN_POINT('',(2.262741699797E1,0.E0,-2.182741699797E1));
#832=LINE('',#831,#830);
#833=CARTESIAN_POINT('',(2.262741699797E1,0.E0,-2.262741699797E1));
#834=DIRECTION('',(0.E0,-1.E0,0.E0));
#835=DIRECTION('',(-1.E0,0.E0,0.E0));
#836=AXIS2_PLACEMENT_3D('',#833,#834,#835);
#838=DIRECTION('',(0.E0,-1.E0,0.E0));
#839=VECTOR('',#838,1.E1);
#840=CARTESIAN_POINT('',(2.182741699797E1,0.E0,-2.262741699797E1));
#841=LINE('',#840,#839);
#842=DIRECTION('',(0.E0,1.E0,0.E0));
#843=VECTOR('',#842,4.7E0);
#844=CARTESIAN_POINT('',(2.262741699797E1,0.E0,-2.342741699797E1));
#845=LINE('',#844,#843);
#846=CARTESIAN_POINT('',(-2.262741699797E1,0.E0,-2.262741699797E1));
#847=DIRECTION('',(0.E0,-1.E0,0.E0));
#848=DIRECTION('',(1.E0,0.E0,0.E0));
#849=AXIS2_PLACEMENT_3D('',#846,#847,#848);
#851=DIRECTION('',(0.E0,-1.E0,0.E0));
#852=VECTOR('',#851,1.E1);
#853=CARTESIAN_POINT('',(-2.182741699797E1,0.E0,-2.262741699797E1));
#854=LINE('',#853,#852);
#855=DIRECTION('',(0.E0,1.E0,0.E0));
#856=VECTOR('',#855,4.7E0);
#857=CARTESIAN_POINT('',(-2.262741699797E1,0.E0,-2.182741699797E1));
#858=LINE('',#857,#856);
#859=CARTESIAN_POINT('',(-2.262741699797E1,0.E0,-2.262741699797E1));
#860=DIRECTION('',(0.E0,-1.E0,0.E0));
#861=DIRECTION('',(-1.E0,0.E0,0.E0));
#862=AXIS2_PLACEMENT_3D('',#859,#860,#861);
#864=DIRECTION('',(0.E0,-1.E0,0.E0));
#865=VECTOR('',#864,1.E1);
#866=CARTESIAN_POINT('',(-2.342741699797E1,0.E0,-2.262741699797E1));
#867=LINE('',#866,#865);
#868=DIRECTION('',(0.E0,1.E0,0.E0));
#869=VECTOR('',#868,4.7E0);
#870=CARTESIAN_POINT('',(-2.262741699797E1,0.E0,-2.342741699797E1));
#871=LINE('',#870,#869);
#872=DIRECTION('',(0.E0,1.E0,0.E0));
#873=VECTOR('',#872,3.2E0);
#874=CARTESIAN_POINT('',(1.1E1,1.5E0,0.E0));
#875=LINE('',#874,#873);
#876=CARTESIAN_POINT('',(0.E0,1.5E0,0.E0));
#877=DIRECTION('',(0.E0,1.E0,0.E0));
#878=DIRECTION('',(1.E0,0.E0,0.E0));
#879=AXIS2_PLACEMENT_3D('',#876,#877,#878);
#881=CARTESIAN_POINT('',(0.E0,1.5E0,0.E0));
#882=DIRECTION('',(0.E0,1.E0,0.E0));
#883=DIRECTION('',(-1.E0,0.E0,0.E0));
#884=AXIS2_PLACEMENT_3D('',#881,#882,#883);
#886=CARTESIAN_POINT('',(0.E0,1.5E0,0.E0));
#887=DIRECTION('',(0.E0,1.E0,0.E0));
#888=DIRECTION('',(-1.E0,0.E0,0.E0));
#889=AXIS2_PLACEMENT_3D('',#886,#887,#888);
#891=CARTESIAN_POINT('',(0.E0,1.5E0,0.E0));
#892=DIRECTION('',(0.E0,1.E0,0.E0));
#893=DIRECTION('',(1.E0,0.E0,0.E0));
#894=AXIS2_PLACEMENT_3D('',#891,#892,#893);
#896=DIRECTION('',(0.E0,1.E0,0.E0));
#897=VECTOR('',#896,5.E0);
#898=CARTESIAN_POINT('',(4.E0,1.5E0,0.E0));
#899=LINE('',#898,#897);
#900=DIRECTION('',(0.E0,1.E0,0.E0));
#901=VECTOR('',#900,5.E0);
#902=CARTESIAN_POINT('',(-4.E0,1.5E0,0.E0));
#903=LINE('',#902,#901);
#904=CARTESIAN_POINT('',(0.E0,6.5E0,0.E0));
#905=DIRECTION('',(0.E0,1.E0,0.E0));
#906=DIRECTION('',(1.E0,0.E0,0.E0));
#907=AXIS2_PLACEMENT_3D('',#904,#905,#906);
#909=CARTESIAN_POINT('',(0.E0,6.5E0,0.E0));
#910=DIRECTION('',(0.E0,1.E0,0.E0));
#911=DIRECTION('',(-1.E0,0.E0,0.E0));
#912=AXIS2_PLACEMENT_3D('',#909,#910,#911);
#914=CARTESIAN_POINT('',(0.E0,6.5E0,0.E0));
#915=DIRECTION('',(0.E0,-1.E0,0.E0));
#916=DIRECTION('',(-6.614378277661E-1,0.E0,7.5E-1));
#917=AXIS2_PLACEMENT_3D('',#914,#915,#916);
#919=DIRECTION('',(0.E0,-1.E0,0.E0));
#920=VECTOR('',#919,6.5E0);
#921=CARTESIAN_POINT('',(-1.322875655532E0,6.5E0,1.5E0));
#922=LINE('',#921,#920);
#923=DIRECTION('',(0.E0,1.E0,0.E0));
#924=VECTOR('',#923,6.5E0);
#925=CARTESIAN_POINT('',(1.322875655532E0,0.E0,1.5E0));
#926=LINE('',#925,#924);
#927=DIRECTION('',(-1.E0,0.E0,0.E0));
#928=VECTOR('',#927,2.645751311065E0);
#929=CARTESIAN_POINT('',(1.322875655532E0,6.5E0,1.5E0));
#930=LINE('',#929,#928);
#931=DIRECTION('',(0.E0,1.E0,0.E0));
#932=VECTOR('',#931,3.2E0);
#933=CARTESIAN_POINT('',(-1.1E1,1.5E0,0.E0));
#934=LINE('',#933,#932);
#935=DIRECTION('',(0.E0,-1.E0,0.E0));
#936=VECTOR('',#935,4.7E0);
#937=CARTESIAN_POINT('',(1.13E1,4.7E0,-1.05E1));
#938=LINE('',#937,#936);
#939=DIRECTION('',(0.E0,-1.E0,0.E0));
#940=VECTOR('',#939,4.7E0);
#941=CARTESIAN_POINT('',(9.7E0,4.7E0,-1.05E1));
#942=LINE('',#941,#940);
#943=DIRECTION('',(0.E0,-1.E0,0.E0));
#944=VECTOR('',#943,4.7E0);
#945=CARTESIAN_POINT('',(1.13E1,4.7E0,1.05E1));
#946=LINE('',#945,#944);
#947=DIRECTION('',(0.E0,-1.E0,0.E0));
#948=VECTOR('',#947,4.7E0);
#949=CARTESIAN_POINT('',(9.7E0,4.7E0,1.05E1));
#950=LINE('',#949,#948);
#951=DIRECTION('',(0.E0,-1.E0,0.E0));
#952=VECTOR('',#951,4.7E0);
#953=CARTESIAN_POINT('',(-9.7E0,4.7E0,1.05E1));
#954=LINE('',#953,#952);
#955=DIRECTION('',(0.E0,-1.E0,0.E0));
#956=VECTOR('',#955,4.7E0);
#957=CARTESIAN_POINT('',(-1.13E1,4.7E0,1.05E1));
#958=LINE('',#957,#956);
#959=CARTESIAN_POINT('',(4.E0,6.5E0,0.E0));
#960=CARTESIAN_POINT('',(-4.E0,6.5E0,0.E0));
#961=VERTEX_POINT('',#959);
#962=VERTEX_POINT('',#960);
#963=CARTESIAN_POINT('',(-1.322875655532E0,6.5E0,1.5E0));
#964=CARTESIAN_POINT('',(1.322875655532E0,6.5E0,1.5E0));
#965=VERTEX_POINT('',#963);
#966=VERTEX_POINT('',#964);
#967=CARTESIAN_POINT('',(4.E0,1.5E0,0.E0));
#968=CARTESIAN_POINT('',(-4.E0,1.5E0,0.E0));
#969=VERTEX_POINT('',#967);
#970=VERTEX_POINT('',#968);
#971=CARTESIAN_POINT('',(1.1E1,4.7E0,0.E0));
#972=CARTESIAN_POINT('',(-1.1E1,4.7E0,0.E0));
#973=VERTEX_POINT('',#971);
#974=VERTEX_POINT('',#972);
#975=CARTESIAN_POINT('',(-1.1E1,1.5E0,0.E0));
#976=CARTESIAN_POINT('',(1.1E1,1.5E0,0.E0));
#977=VERTEX_POINT('',#975);
#978=VERTEX_POINT('',#976);
#979=CARTESIAN_POINT('',(-9.7E0,0.E0,-1.05E1));
#980=CARTESIAN_POINT('',(-1.13E1,0.E0,-1.05E1));
#981=VERTEX_POINT('',#979);
#982=VERTEX_POINT('',#980);
#983=CARTESIAN_POINT('',(1.13E1,0.E0,-1.05E1));
#984=CARTESIAN_POINT('',(9.7E0,0.E0,-1.05E1));
#985=VERTEX_POINT('',#983);
#986=VERTEX_POINT('',#984);
#987=CARTESIAN_POINT('',(1.13E1,0.E0,1.05E1));
#988=CARTESIAN_POINT('',(9.7E0,0.E0,1.05E1));
#989=VERTEX_POINT('',#987);
#990=VERTEX_POINT('',#988);
#991=CARTESIAN_POINT('',(-9.7E0,0.E0,1.05E1));
#992=CARTESIAN_POINT('',(-1.13E1,0.E0,1.05E1));
#993=VERTEX_POINT('',#991);
#994=VERTEX_POINT('',#992);
#995=CARTESIAN_POINT('',(-9.7E0,4.7E0,-1.05E1));
#996=CARTESIAN_POINT('',(-1.13E1,4.7E0,-1.05E1));
#997=VERTEX_POINT('',#995);
#998=VERTEX_POINT('',#996);
#999=CARTESIAN_POINT('',(1.13E1,4.7E0,-1.05E1));
#1000=CARTESIAN_POINT('',(9.7E0,4.7E0,-1.05E1));
#1001=VERTEX_POINT('',#999);
#1002=VERTEX_POINT('',#1000);
#1003=CARTESIAN_POINT('',(1.13E1,4.7E0,1.05E1));
#1004=CARTESIAN_POINT('',(9.7E0,4.7E0,1.05E1));
#1005=VERTEX_POINT('',#1003);
#1006=VERTEX_POINT('',#1004);
#1007=CARTESIAN_POINT('',(-9.7E0,4.7E0,1.05E1));
#1008=CARTESIAN_POINT('',(-1.13E1,4.7E0,1.05E1));
#1009=VERTEX_POINT('',#1007);
#1010=VERTEX_POINT('',#1008);
#1011=CARTESIAN_POINT('',(1.322875655532E0,0.E0,1.5E0));
#1012=CARTESIAN_POINT('',(-1.322875655532E0,0.E0,1.5E0));
#1013=VERTEX_POINT('',#1011);
#1014=VERTEX_POINT('',#1012);
#1015=CARTESIAN_POINT('',(-2.474873734153E1,4.7E0,2.050609665441E1));
#1016=CARTESIAN_POINT('',(-2.032846179959E1,4.7E0,1.608582111247E1));
#1017=VERTEX_POINT('',#1015);
#1018=VERTEX_POINT('',#1016);
#1019=CARTESIAN_POINT('',(-1.608582111247E1,4.7E0,2.032846179959E1));
#1020=CARTESIAN_POINT('',(-2.050609665441E1,4.7E0,2.474873734153E1));
#1021=VERTEX_POINT('',#1019);
#1022=VERTEX_POINT('',#1020);
#1023=CARTESIAN_POINT('',(7.449262044987E0,0.E0,-1.856094003506E1));
#1024=CARTESIAN_POINT('',(-7.449262044986E0,0.E0,-1.856094003506E1));
#1025=VERTEX_POINT('',#1023);
#1026=VERTEX_POINT('',#1024);
#1027=CARTESIAN_POINT('',(-7.449262044987E0,0.E0,1.856094003506E1));
#1028=CARTESIAN_POINT('',(7.449262044987E0,0.E0,1.856094003506E1));
#1029=VERTEX_POINT('',#1027);
#1030=VERTEX_POINT('',#1028);
#1031=CARTESIAN_POINT('',(7.449262044986E0,4.7E0,-1.856094003506E1));
#1032=CARTESIAN_POINT('',(-7.449262044987E0,4.7E0,-1.856094003506E1));
#1033=VERTEX_POINT('',#1031);
#1034=VERTEX_POINT('',#1032);
#1035=CARTESIAN_POINT('',(-7.449262044986E0,4.7E0,1.856094003506E1));
#1036=CARTESIAN_POINT('',(7.449262044986E0,4.7E0,1.856094003506E1));
#1037=VERTEX_POINT('',#1035);
#1038=VERTEX_POINT('',#1036);
#1039=CARTESIAN_POINT('',(-1.856094003506E1,4.7E0,-7.449262044989E0));
#1040=CARTESIAN_POINT('',(-1.856094003506E1,4.7E0,7.449262044986E0));
#1041=VERTEX_POINT('',#1039);
#1042=VERTEX_POINT('',#1040);
#1043=CARTESIAN_POINT('',(-1.856094003506E1,0.E0,7.449262044986E0));
#1044=CARTESIAN_POINT('',(-1.856094003506E1,0.E0,-7.449262044986E0));
#1045=VERTEX_POINT('',#1043);
#1046=VERTEX_POINT('',#1044);
#1047=CARTESIAN_POINT('',(1.856094003506E1,0.E0,-7.449262044986E0));
#1048=CARTESIAN_POINT('',(1.856094003506E1,0.E0,7.449262044986E0));
#1049=VERTEX_POINT('',#1047);
#1050=VERTEX_POINT('',#1048);
#1051=CARTESIAN_POINT('',(1.856094003506E1,4.7E0,7.449262044986E0));
#1052=CARTESIAN_POINT('',(1.856094003506E1,4.7E0,-7.449262044989E0));
#1053=VERTEX_POINT('',#1051);
#1054=VERTEX_POINT('',#1052);
#1055=CARTESIAN_POINT('',(-2.262741699797E1,4.7E0,2.342741699797E1));
#1056=CARTESIAN_POINT('',(-2.262741699797E1,4.7E0,2.182741699797E1));
#1057=VERTEX_POINT('',#1055);
#1058=VERTEX_POINT('',#1056);
#1059=CARTESIAN_POINT('',(2.262741699797E1,4.7E0,2.342741699797E1));
#1060=CARTESIAN_POINT('',(2.262741699797E1,4.7E0,2.182741699797E1));
#1061=VERTEX_POINT('',#1059);
#1062=VERTEX_POINT('',#1060);
#1063=CARTESIAN_POINT('',(2.262741699797E1,4.7E0,-2.182741699797E1));
#1064=CARTESIAN_POINT('',(2.262741699797E1,4.7E0,-2.342741699797E1));
#1065=VERTEX_POINT('',#1063);
#1066=VERTEX_POINT('',#1064);
#1067=CARTESIAN_POINT('',(-2.262741699797E1,4.7E0,-2.182741699797E1));
#1068=CARTESIAN_POINT('',(-2.262741699797E1,4.7E0,-2.342741699797E1));
#1069=VERTEX_POINT('',#1067);
#1070=VERTEX_POINT('',#1068);
#1071=CARTESIAN_POINT('',(2.474873734153E1,4.7E0,2.050609665441E1));
#1072=CARTESIAN_POINT('',(2.050609665441E1,4.7E0,2.474873734153E1));
#1073=VERTEX_POINT('',#1071);
#1074=VERTEX_POINT('',#1072);
#1075=CARTESIAN_POINT('',(1.608582111247E1,4.7E0,2.032846179959E1));
#1076=VERTEX_POINT('',#1075);
#1077=CARTESIAN_POINT('',(2.032846179959E1,4.7E0,1.608582111247E1));
#1078=VERTEX_POINT('',#1077);
#1079=CARTESIAN_POINT('',(2.474873734153E1,4.7E0,-2.050609665441E1));
#1080=CARTESIAN_POINT('',(2.032846179959E1,4.7E0,-1.608582111247E1));
#1081=VERTEX_POINT('',#1079);
#1082=VERTEX_POINT('',#1080);
#1083=CARTESIAN_POINT('',(1.608582111247E1,4.7E0,-2.032846179959E1));
#1084=CARTESIAN_POINT('',(2.050609665441E1,4.7E0,-2.474873734153E1));
#1085=VERTEX_POINT('',#1083);
#1086=VERTEX_POINT('',#1084);
#1087=CARTESIAN_POINT('',(-2.474873734153E1,4.7E0,-2.050609665441E1));
#1088=CARTESIAN_POINT('',(-2.050609665441E1,4.7E0,-2.474873734153E1));
#1089=VERTEX_POINT('',#1087);
#1090=VERTEX_POINT('',#1088);
#1091=CARTESIAN_POINT('',(-1.608582111247E1,4.7E0,-2.032846179959E1));
#1092=VERTEX_POINT('',#1091);
#1093=CARTESIAN_POINT('',(-2.032846179959E1,4.7E0,-1.608582111247E1));
#1094=VERTEX_POINT('',#1093);
#1095=CARTESIAN_POINT('',(-1.962741699797E1,-1.E1,2.262741699797E1));
#1096=CARTESIAN_POINT('',(-2.562741699797E1,-1.E1,2.262741699797E1));
#1097=VERTEX_POINT('',#1095);
#1098=VERTEX_POINT('',#1096);
#1099=CARTESIAN_POINT('',(2.562741699797E1,-1.E1,2.262741699797E1));
#1100=CARTESIAN_POINT('',(1.962741699797E1,-1.E1,2.262741699797E1));
#1101=VERTEX_POINT('',#1099);
#1102=VERTEX_POINT('',#1100);
#1103=CARTESIAN_POINT('',(2.562741699797E1,-1.E1,-2.262741699797E1));
#1104=CARTESIAN_POINT('',(1.962741699797E1,-1.E1,-2.262741699797E1));
#1105=VERTEX_POINT('',#1103);
#1106=VERTEX_POINT('',#1104);
#1107=CARTESIAN_POINT('',(-1.962741699797E1,-1.E1,-2.262741699797E1));
#1108=CARTESIAN_POINT('',(-2.562741699797E1,-1.E1,-2.262741699797E1));
#1109=VERTEX_POINT('',#1107);
#1110=VERTEX_POINT('',#1108);
#1111=CARTESIAN_POINT('',(-2.262741699797E1,0.E0,2.342741699797E1));
#1112=VERTEX_POINT('',#1111);
#1113=CARTESIAN_POINT('',(-2.262741699797E1,0.E0,2.182741699797E1));
#1114=VERTEX_POINT('',#1113);
#1115=CARTESIAN_POINT('',(2.262741699797E1,0.E0,2.342741699797E1));
#1116=VERTEX_POINT('',#1115);
#1117=CARTESIAN_POINT('',(2.262741699797E1,0.E0,2.182741699797E1));
#1118=VERTEX_POINT('',#1117);
#1119=CARTESIAN_POINT('',(2.262741699797E1,0.E0,-2.182741699797E1));
#1120=VERTEX_POINT('',#1119);
#1121=CARTESIAN_POINT('',(2.262741699797E1,0.E0,-2.342741699797E1));
#1122=VERTEX_POINT('',#1121);
#1123=CARTESIAN_POINT('',(-2.262741699797E1,0.E0,-2.182741699797E1));
#1124=VERTEX_POINT('',#1123);
#1125=CARTESIAN_POINT('',(-2.262741699797E1,0.E0,-2.342741699797E1));
#1126=VERTEX_POINT('',#1125);
#1127=CARTESIAN_POINT('',(-2.562741699797E1,0.E0,2.262741699797E1));
#1128=VERTEX_POINT('',#1127);
#1129=CARTESIAN_POINT('',(2.562741699797E1,0.E0,2.262741699797E1));
#1130=VERTEX_POINT('',#1129);
#1131=CARTESIAN_POINT('',(2.562741699797E1,0.E0,-2.262741699797E1));
#1132=VERTEX_POINT('',#1131);
#1133=CARTESIAN_POINT('',(-2.562741699797E1,0.E0,-2.262741699797E1));
#1134=VERTEX_POINT('',#1133);
#1135=CARTESIAN_POINT('',(-2.182741699797E1,-1.E1,2.262741699797E1));
#1136=CARTESIAN_POINT('',(-2.342741699797E1,-1.E1,2.262741699797E1));
#1137=VERTEX_POINT('',#1135);
#1138=VERTEX_POINT('',#1136);
#1139=CARTESIAN_POINT('',(2.342741699797E1,-1.E1,2.262741699797E1));
#1140=CARTESIAN_POINT('',(2.182741699797E1,-1.E1,2.262741699797E1));
#1141=VERTEX_POINT('',#1139);
#1142=VERTEX_POINT('',#1140);
#1143=CARTESIAN_POINT('',(2.342741699797E1,-1.E1,-2.262741699797E1));
#1144=CARTESIAN_POINT('',(2.182741699797E1,-1.E1,-2.262741699797E1));
#1145=VERTEX_POINT('',#1143);
#1146=VERTEX_POINT('',#1144);
#1147=CARTESIAN_POINT('',(-2.182741699797E1,-1.E1,-2.262741699797E1));
#1148=CARTESIAN_POINT('',(-2.342741699797E1,-1.E1,-2.262741699797E1));
#1149=VERTEX_POINT('',#1147);
#1150=VERTEX_POINT('',#1148);
#1151=CARTESIAN_POINT('',(-2.342741699797E1,0.E0,2.262741699797E1));
#1152=VERTEX_POINT('',#1151);
#1153=CARTESIAN_POINT('',(-2.182741699797E1,0.E0,2.262741699797E1));
#1154=VERTEX_POINT('',#1153);
#1155=CARTESIAN_POINT('',(2.182741699797E1,0.E0,2.262741699797E1));
#1156=VERTEX_POINT('',#1155);
#1157=CARTESIAN_POINT('',(2.342741699797E1,0.E0,2.262741699797E1));
#1158=VERTEX_POINT('',#1157);
#1159=CARTESIAN_POINT('',(2.182741699797E1,0.E0,-2.262741699797E1));
#1160=VERTEX_POINT('',#1159);
#1161=CARTESIAN_POINT('',(2.342741699797E1,0.E0,-2.262741699797E1));
#1162=VERTEX_POINT('',#1161);
#1163=CARTESIAN_POINT('',(-2.342741699797E1,0.E0,-2.262741699797E1));
#1164=VERTEX_POINT('',#1163);
#1165=CARTESIAN_POINT('',(-2.182741699797E1,0.E0,-2.262741699797E1));
#1166=VERTEX_POINT('',#1165);
#1167=VERTEX_POINT('',#542);
#1168=VERTEX_POINT('',#546);
#1169=CARTESIAN_POINT('',(-2.027695036699E1,0.E0,1.603383628514E1));
#1170=VERTEX_POINT('',#1169);
#1171=VERTEX_POINT('',#484);
#1172=CARTESIAN_POINT('',(-2.474873734153E1,-4.E0,2.050609665441E1));
#1173=CARTESIAN_POINT('',(-1.962741699797E1,-4.E0,2.262741699797E1));
#1174=VERTEX_POINT('',#1172);
#1175=VERTEX_POINT('',#1173);
#1176=CARTESIAN_POINT('',(-2.474873734153E1,0.E0,2.050609665441E1));
#1177=VERTEX_POINT('',#1176);
#1178=CARTESIAN_POINT('',(-2.050609665441E1,-4.E0,2.474873734153E1));
#1179=VERTEX_POINT('',#1178);
#1180=VERTEX_POINT('',#615);
#1181=VERTEX_POINT('',#619);
#1182=CARTESIAN_POINT('',(1.603383628514E1,0.E0,2.027695036699E1));
#1183=VERTEX_POINT('',#1182);
#1184=VERTEX_POINT('',#560);
#1185=CARTESIAN_POINT('',(1.962741699797E1,-4.E0,2.262741699797E1));
#1186=CARTESIAN_POINT('',(2.474873734153E1,-4.E0,2.050609665441E1));
#1187=VERTEX_POINT('',#1185);
#1188=VERTEX_POINT('',#1186);
#1189=CARTESIAN_POINT('',(2.050609665441E1,-4.E0,2.474873734153E1));
#1190=VERTEX_POINT('',#1189);
#1191=CARTESIAN_POINT('',(2.474873734153E1,0.E0,2.050609665441E1));
#1192=VERTEX_POINT('',#1191);
#1193=VERTEX_POINT('',#693);
#1194=VERTEX_POINT('',#697);
#1195=CARTESIAN_POINT('',(2.027695036699E1,0.E0,-1.603383628514E1));
#1196=VERTEX_POINT('',#1195);
#1197=VERTEX_POINT('',#638);
#1198=CARTESIAN_POINT('',(2.474873734153E1,-4.E0,-2.050609665441E1));
#1199=CARTESIAN_POINT('',(1.962741699797E1,-4.E0,-2.262741699797E1));
#1200=VERTEX_POINT('',#1198);
#1201=VERTEX_POINT('',#1199);
#1202=CARTESIAN_POINT('',(2.050609665441E1,-4.E0,-2.474873734153E1));
#1203=VERTEX_POINT('',#1202);
#1204=CARTESIAN_POINT('',(2.050609665441E1,0.E0,-2.474873734153E1));
#1205=VERTEX_POINT('',#1204);
#1206=CARTESIAN_POINT('',(-1.522852485710E1,0.E0,-1.958498456852E1));
#1207=CARTESIAN_POINT('',(-1.958498456852E1,0.E0,-1.522852485710E1));
#1208=VERTEX_POINT('',#1206);
#1209=VERTEX_POINT('',#1207);
#1210=CARTESIAN_POINT('',(-1.962741699797E1,-5.E0,-2.262741699797E1));
#1211=CARTESIAN_POINT('',(-2.474873734153E1,-5.E0,-2.050609665441E1));
#1212=VERTEX_POINT('',#1210);
#1213=VERTEX_POINT('',#1211);
#1214=CARTESIAN_POINT('',(-2.050609665441E1,-5.E0,-2.474873734153E1));
#1215=VERTEX_POINT('',#1214);
#1216=CARTESIAN_POINT('',(-2.050609665441E1,0.E0,-2.474873734153E1));
#1217=VERTEX_POINT('',#1216);
#1218=VERTEX_POINT('',#771);
#1219=VERTEX_POINT('',#759);
#1220=CARTESIAN_POINT('',(0.E0,0.E0,0.E0));
#1221=DIRECTION('',(0.E0,1.E0,0.E0));
#1222=DIRECTION('',(1.E0,0.E0,0.E0));
#1223=AXIS2_PLACEMENT_3D('',#1220,#1221,#1222);
#1224=PLANE('',#1223);
#1226=ORIENTED_EDGE('',*,*,#1225,.T.);
#1228=ORIENTED_EDGE('',*,*,#1227,.F.);
#1230=ORIENTED_EDGE('',*,*,#1229,.T.);
#1232=ORIENTED_EDGE('',*,*,#1231,.F.);
#1234=ORIENTED_EDGE('',*,*,#1233,.T.);
#1236=ORIENTED_EDGE('',*,*,#1235,.F.);
#1238=ORIENTED_EDGE('',*,*,#1237,.F.);
#1240=ORIENTED_EDGE('',*,*,#1239,.F.);
#1242=ORIENTED_EDGE('',*,*,#1241,.T.);
#1244=ORIENTED_EDGE('',*,*,#1243,.F.);
#1246=ORIENTED_EDGE('',*,*,#1245,.T.);
#1248=ORIENTED_EDGE('',*,*,#1247,.F.);
#1250=ORIENTED_EDGE('',*,*,#1249,.T.);
#1252=ORIENTED_EDGE('',*,*,#1251,.F.);
#1254=ORIENTED_EDGE('',*,*,#1253,.F.);
#1256=ORIENTED_EDGE('',*,*,#1255,.F.);
#1257=EDGE_LOOP('',(#1226,#1228,#1230,#1232,#1234,#1236,#1238,#1240,#1242,#1244,
#1246,#1248,#1250,#1252,#1254,#1256));
#1258=FACE_OUTER_BOUND('',#1257,.F.);
#1260=ORIENTED_EDGE('',*,*,#1259,.F.);
#1262=ORIENTED_EDGE('',*,*,#1261,.F.);
#1263=EDGE_LOOP('',(#1260,#1262));
#1264=FACE_BOUND('',#1263,.F.);
#1266=ORIENTED_EDGE('',*,*,#1265,.F.);
#1268=ORIENTED_EDGE('',*,*,#1267,.F.);
#1269=EDGE_LOOP('',(#1266,#1268));
#1270=FACE_BOUND('',#1269,.F.);
#1272=ORIENTED_EDGE('',*,*,#1271,.F.);
#1274=ORIENTED_EDGE('',*,*,#1273,.F.);
#1275=EDGE_LOOP('',(#1272,#1274));
#1276=FACE_BOUND('',#1275,.F.);
#1278=ORIENTED_EDGE('',*,*,#1277,.F.);
#1280=ORIENTED_EDGE('',*,*,#1279,.F.);
#1281=EDGE_LOOP('',(#1278,#1280));
#1282=FACE_BOUND('',#1281,.F.);
#1284=ORIENTED_EDGE('',*,*,#1283,.F.);
#1286=ORIENTED_EDGE('',*,*,#1285,.F.);
#1287=EDGE_LOOP('',(#1284,#1286));
#1288=FACE_BOUND('',#1287,.F.);
#1289=ADVANCED_FACE('',(#1258,#1264,#1270,#1276,#1282,#1288),#1224,.F.);
#1290=CARTESIAN_POINT('',(-1.05E1,4.7E0,-1.05E1));
#1291=DIRECTION('',(0.E0,1.E0,0.E0));
#1292=DIRECTION('',(1.E0,0.E0,0.E0));
#1293=AXIS2_PLACEMENT_3D('',#1290,#1291,#1292);
#1294=CYLINDRICAL_SURFACE('',#1293,8.E-1);
#1295=ORIENTED_EDGE('',*,*,#1283,.T.);
#1297=ORIENTED_EDGE('',*,*,#1296,.F.);
#1299=ORIENTED_EDGE('',*,*,#1298,.F.);
#1301=ORIENTED_EDGE('',*,*,#1300,.T.);
#1302=EDGE_LOOP('',(#1295,#1297,#1299,#1301));
#1303=FACE_OUTER_BOUND('',#1302,.F.);
#1304=ADVANCED_FACE('',(#1303),#1294,.F.);
#1305=CARTESIAN_POINT('',(-1.05E1,4.7E0,-1.05E1));
#1306=DIRECTION('',(0.E0,1.E0,0.E0));
#1307=DIRECTION('',(1.E0,0.E0,0.E0));
#1308=AXIS2_PLACEMENT_3D('',#1305,#1306,#1307);
#1309=CYLINDRICAL_SURFACE('',#1308,8.E-1);
#1310=ORIENTED_EDGE('',*,*,#1285,.T.);
#1311=ORIENTED_EDGE('',*,*,#1300,.F.);
#1313=ORIENTED_EDGE('',*,*,#1312,.F.);
#1314=ORIENTED_EDGE('',*,*,#1296,.T.);
#1315=EDGE_LOOP('',(#1310,#1311,#1313,#1314));
#1316=FACE_OUTER_BOUND('',#1315,.F.);
#1317=ADVANCED_FACE('',(#1316),#1309,.F.);
#1318=CARTESIAN_POINT('',(0.E0,4.7E0,0.E0));
#1319=DIRECTION('',(0.E0,1.E0,0.E0));
#1320=DIRECTION('',(1.E0,0.E0,0.E0));
#1321=AXIS2_PLACEMENT_3D('',#1318,#1319,#1320);
#1322=PLANE('',#1321);
#1324=ORIENTED_EDGE('',*,*,#1323,.F.);
#1326=ORIENTED_EDGE('',*,*,#1325,.T.);
#1328=ORIENTED_EDGE('',*,*,#1327,.T.);
#1330=ORIENTED_EDGE('',*,*,#1329,.T.);
#1332=ORIENTED_EDGE('',*,*,#1331,.T.);
#1334=ORIENTED_EDGE('',*,*,#1333,.T.);
#1336=ORIENTED_EDGE('',*,*,#1335,.F.);
#1338=ORIENTED_EDGE('',*,*,#1337,.T.);
#1340=ORIENTED_EDGE('',*,*,#1339,.T.);
#1342=ORIENTED_EDGE('',*,*,#1341,.T.);
#1344=ORIENTED_EDGE('',*,*,#1343,.T.);
#1346=ORIENTED_EDGE('',*,*,#1345,.T.);
#1348=ORIENTED_EDGE('',*,*,#1347,.F.);
#1350=ORIENTED_EDGE('',*,*,#1349,.T.);
#1352=ORIENTED_EDGE('',*,*,#1351,.T.);
#1354=ORIENTED_EDGE('',*,*,#1353,.T.);
#1356=ORIENTED_EDGE('',*,*,#1355,.T.);
#1358=ORIENTED_EDGE('',*,*,#1357,.T.);
#1360=ORIENTED_EDGE('',*,*,#1359,.F.);
#1362=ORIENTED_EDGE('',*,*,#1361,.T.);
#1364=ORIENTED_EDGE('',*,*,#1363,.T.);
#1366=ORIENTED_EDGE('',*,*,#1365,.T.);
#1368=ORIENTED_EDGE('',*,*,#1367,.T.);
#1370=ORIENTED_EDGE('',*,*,#1369,.T.);
#1371=EDGE_LOOP('',(#1324,#1326,#1328,#1330,#1332,#1334,#1336,#1338,#1340,#1342,
#1344,#1346,#1348,#1350,#1352,#1354,#1356,#1358,#1360,#1362,#1364,#1366,#1368,
#1370));
#1372=FACE_OUTER_BOUND('',#1371,.F.);
#1374=ORIENTED_EDGE('',*,*,#1373,.T.);
#1376=ORIENTED_EDGE('',*,*,#1375,.T.);
#1377=EDGE_LOOP('',(#1374,#1376));
#1378=FACE_BOUND('',#1377,.F.);
#1380=ORIENTED_EDGE('',*,*,#1379,.T.);
#1382=ORIENTED_EDGE('',*,*,#1381,.T.);
#1383=EDGE_LOOP('',(#1380,#1382));
#1384=FACE_BOUND('',#1383,.F.);
#1386=ORIENTED_EDGE('',*,*,#1385,.T.);
#1388=ORIENTED_EDGE('',*,*,#1387,.T.);
#1389=EDGE_LOOP('',(#1386,#1388));
#1390=FACE_BOUND('',#1389,.F.);
#1392=ORIENTED_EDGE('',*,*,#1391,.F.);
#1394=ORIENTED_EDGE('',*,*,#1393,.F.);
#1395=EDGE_LOOP('',(#1392,#1394));
#1396=FACE_BOUND('',#1395,.F.);
#1397=ORIENTED_EDGE('',*,*,#1298,.T.);
#1398=ORIENTED_EDGE('',*,*,#1312,.T.);
#1399=EDGE_LOOP('',(#1397,#1398));
#1400=FACE_BOUND('',#1399,.F.);
#1402=ORIENTED_EDGE('',*,*,#1401,.T.);
#1404=ORIENTED_EDGE('',*,*,#1403,.T.);
#1405=EDGE_LOOP('',(#1402,#1404));
#1406=FACE_BOUND('',#1405,.F.);
#1408=ORIENTED_EDGE('',*,*,#1407,.T.);
#1410=ORIENTED_EDGE('',*,*,#1409,.T.);
#1411=EDGE_LOOP('',(#1408,#1410));
#1412=FACE_BOUND('',#1411,.F.);
#1414=ORIENTED_EDGE('',*,*,#1413,.T.);
#1416=ORIENTED_EDGE('',*,*,#1415,.T.);
#1417=EDGE_LOOP('',(#1414,#1416));
#1418=FACE_BOUND('',#1417,.F.);
#1420=ORIENTED_EDGE('',*,*,#1419,.T.);
#1422=ORIENTED_EDGE('',*,*,#1421,.T.);
#1423=EDGE_LOOP('',(#1420,#1422));
#1424=FACE_BOUND('',#1423,.F.);
#1425=ADVANCED_FACE('',(#1372,#1378,#1384,#1390,#1396,#1400,#1406,#1412,#1418,
#1424),#1322,.T.);
#1426=CARTESIAN_POINT('',(2.262741699797E1,0.E0,2.262741699797E1));
#1427=DIRECTION('',(0.E0,-1.E0,0.E0));
#1428=DIRECTION('',(0.E0,0.E0,1.E0));
#1429=AXIS2_PLACEMENT_3D('',#1426,#1427,#1428);
#1430=CYLINDRICAL_SURFACE('',#1429,8.E-1);
#1432=ORIENTED_EDGE('',*,*,#1431,.F.);
#1434=ORIENTED_EDGE('',*,*,#1433,.T.);
#1436=ORIENTED_EDGE('',*,*,#1435,.T.);
#1438=ORIENTED_EDGE('',*,*,#1437,.F.);
#1440=ORIENTED_EDGE('',*,*,#1439,.T.);
#1442=ORIENTED_EDGE('',*,*,#1441,.T.);
#1443=ORIENTED_EDGE('',*,*,#1419,.F.);
#1445=ORIENTED_EDGE('',*,*,#1444,.F.);
#1446=EDGE_LOOP('',(#1432,#1434,#1436,#1438,#1440,#1442,#1443,#1445));
#1447=FACE_OUTER_BOUND('',#1446,.F.);
#1448=ADVANCED_FACE('',(#1447),#1430,.F.);
#1449=CARTESIAN_POINT('',(2.262741699797E1,0.E0,2.262741699797E1));
#1450=DIRECTION('',(0.E0,-1.E0,0.E0));
#1451=DIRECTION('',(0.E0,0.E0,1.E0));
#1452=AXIS2_PLACEMENT_3D('',#1449,#1450,#1451);
#1453=CYLINDRICAL_SURFACE('',#1452,8.E-1);
#1454=ORIENTED_EDGE('',*,*,#1439,.F.);
#1455=ORIENTED_EDGE('',*,*,#1437,.T.);
#1457=ORIENTED_EDGE('',*,*,#1456,.T.);
#1458=ORIENTED_EDGE('',*,*,#1433,.F.);
#1459=ORIENTED_EDGE('',*,*,#1431,.T.);
#1460=ORIENTED_EDGE('',*,*,#1444,.T.);
#1461=ORIENTED_EDGE('',*,*,#1421,.F.);
#1462=ORIENTED_EDGE('',*,*,#1441,.F.);
#1463=EDGE_LOOP('',(#1454,#1455,#1457,#1458,#1459,#1460,#1461,#1462));
#1464=FACE_OUTER_BOUND('',#1463,.F.);
#1465=ADVANCED_FACE('',(#1464),#1453,.F.);
#1466=CARTESIAN_POINT('',(0.E0,-1.E1,0.E0));
#1467=DIRECTION('',(0.E0,-1.E0,0.E0));
#1468=DIRECTION('',(1.E0,0.E0,0.E0));
#1469=AXIS2_PLACEMENT_3D('',#1466,#1467,#1468);
#1470=PLANE('',#1469);
#1472=ORIENTED_EDGE('',*,*,#1471,.F.);
#1474=ORIENTED_EDGE('',*,*,#1473,.F.);
#1475=EDGE_LOOP('',(#1472,#1474));
#1476=FACE_OUTER_BOUND('',#1475,.F.);
#1478=ORIENTED_EDGE('',*,*,#1477,.F.);
#1480=ORIENTED_EDGE('',*,*,#1479,.F.);
#1481=EDGE_LOOP('',(#1478,#1480));
#1482=FACE_BOUND('',#1481,.F.);
#1483=ADVANCED_FACE('',(#1476,#1482),#1470,.T.);
#1484=CARTESIAN_POINT('',(0.E0,-1.E1,0.E0));
#1485=DIRECTION('',(0.E0,-1.E0,0.E0));
#1486=DIRECTION('',(1.E0,0.E0,0.E0));
#1487=AXIS2_PLACEMENT_3D('',#1484,#1485,#1486);
#1488=PLANE('',#1487);
#1490=ORIENTED_EDGE('',*,*,#1489,.F.);
#1492=ORIENTED_EDGE('',*,*,#1491,.F.);
#1493=EDGE_LOOP('',(#1490,#1492));
#1494=FACE_OUTER_BOUND('',#1493,.F.);
#1495=ORIENTED_EDGE('',*,*,#1435,.F.);
#1496=ORIENTED_EDGE('',*,*,#1456,.F.);
#1497=EDGE_LOOP('',(#1495,#1496));
#1498=FACE_BOUND('',#1497,.F.);
#1499=ADVANCED_FACE('',(#1494,#1498),#1488,.T.);
#1500=CARTESIAN_POINT('',(0.E0,-1.E1,0.E0));
#1501=DIRECTION('',(0.E0,-1.E0,0.E0));
#1502=DIRECTION('',(1.E0,0.E0,0.E0));
#1503=AXIS2_PLACEMENT_3D('',#1500,#1501,#1502);
#1504=PLANE('',#1503);
#1506=ORIENTED_EDGE('',*,*,#1505,.F.);
#1508=ORIENTED_EDGE('',*,*,#1507,.F.);
#1509=EDGE_LOOP('',(#1506,#1508));
#1510=FACE_OUTER_BOUND('',#1509,.F.);
#1512=ORIENTED_EDGE('',*,*,#1511,.F.);
#1514=ORIENTED_EDGE('',*,*,#1513,.F.);
#1515=EDGE_LOOP('',(#1512,#1514));
#1516=FACE_BOUND('',#1515,.F.);
#1517=ADVANCED_FACE('',(#1510,#1516),#1504,.T.);
#1518=CARTESIAN_POINT('',(0.E0,-1.E1,0.E0));
#1519=DIRECTION('',(0.E0,-1.E0,0.E0));
#1520=DIRECTION('',(1.E0,0.E0,0.E0));
#1521=AXIS2_PLACEMENT_3D('',#1518,#1519,#1520);
#1522=PLANE('',#1521);
#1524=ORIENTED_EDGE('',*,*,#1523,.F.);
#1526=ORIENTED_EDGE('',*,*,#1525,.F.);
#1527=EDGE_LOOP('',(#1524,#1526));
#1528=FACE_OUTER_BOUND('',#1527,.F.);
#1530=ORIENTED_EDGE('',*,*,#1529,.F.);
#1532=ORIENTED_EDGE('',*,*,#1531,.F.);
#1533=EDGE_LOOP('',(#1530,#1532));
#1534=FACE_BOUND('',#1533,.F.);
#1535=ADVANCED_FACE('',(#1528,#1534),#1522,.T.);
#1536=CARTESIAN_POINT('',(-2.262741699797E1,0.E0,2.262741699797E1));
#1537=DIRECTION('',(0.E0,-1.E0,0.E0));
#1538=DIRECTION('',(0.E0,0.E0,1.E0));
#1539=AXIS2_PLACEMENT_3D('',#1536,#1537,#1538);
#1540=CYLINDRICAL_SURFACE('',#1539,3.E0);
#1542=ORIENTED_EDGE('',*,*,#1541,.F.);
#1544=ORIENTED_EDGE('',*,*,#1543,.T.);
#1545=ORIENTED_EDGE('',*,*,#1471,.T.);
#1547=ORIENTED_EDGE('',*,*,#1546,.F.);
#1549=ORIENTED_EDGE('',*,*,#1548,.T.);
#1551=ORIENTED_EDGE('',*,*,#1550,.T.);
#1552=ORIENTED_EDGE('',*,*,#1341,.F.);
#1554=ORIENTED_EDGE('',*,*,#1553,.F.);
#1555=EDGE_LOOP('',(#1542,#1544,#1545,#1547,#1549,#1551,#1552,#1554));
#1556=FACE_OUTER_BOUND('',#1555,.F.);
#1557=ADVANCED_FACE('',(#1556),#1540,.T.);
#1558=CARTESIAN_POINT('',(-2.262741699797E1,-4.E0,2.262741699797E1));
#1559=DIRECTION('',(0.E0,-1.E0,0.E0));
#1560=DIRECTION('',(-1.485959642860E-3,0.E0,9.999988959614E-1));
#1561=AXIS2_PLACEMENT_3D('',#1558,#1559,#1560);
#1562=TOROIDAL_SURFACE('',#1561,7.E0,4.E0);
#1564=ORIENTED_EDGE('',*,*,#1563,.T.);
#1565=ORIENTED_EDGE('',*,*,#1541,.T.);
#1567=ORIENTED_EDGE('',*,*,#1566,.T.);
#1569=ORIENTED_EDGE('',*,*,#1568,.T.);
#1570=ORIENTED_EDGE('',*,*,#1225,.F.);
#1572=ORIENTED_EDGE('',*,*,#1571,.T.);
#1574=ORIENTED_EDGE('',*,*,#1573,.T.);
#1575=EDGE_LOOP('',(#1564,#1565,#1567,#1569,#1570,#1572,#1574));
#1576=FACE_OUTER_BOUND('',#1575,.F.);
#1577=ADVANCED_FACE('',(#1576),#1562,.F.);
#1578=CARTESIAN_POINT('',(-2.262741699797E1,0.E0,2.262741699797E1));
#1579=DIRECTION('',(0.E0,-1.E0,0.E0));
#1580=DIRECTION('',(1.E0,0.E0,0.E0));
#1581=AXIS2_PLACEMENT_3D('',#1578,#1579,#1580);
#1582=CYLINDRICAL_SURFACE('',#1581,3.E0);
#1583=ORIENTED_EDGE('',*,*,#1563,.F.);
#1585=ORIENTED_EDGE('',*,*,#1584,.T.);
#1586=ORIENTED_EDGE('',*,*,#1548,.F.);
#1587=ORIENTED_EDGE('',*,*,#1546,.T.);
#1588=ORIENTED_EDGE('',*,*,#1473,.T.);
#1589=ORIENTED_EDGE('',*,*,#1543,.F.);
#1590=EDGE_LOOP('',(#1583,#1585,#1586,#1587,#1588,#1589));
#1591=FACE_OUTER_BOUND('',#1590,.F.);
#1592=ADVANCED_FACE('',(#1591),#1582,.T.);
#1593=CARTESIAN_POINT('',(-2.474873734153E1,0.E0,2.050609665441E1));
#1594=DIRECTION('',(-7.071067811865E-1,0.E0,-7.071067811865E-1));
#1595=DIRECTION('',(7.071067811865E-1,0.E0,-7.071067811865E-1));
#1596=AXIS2_PLACEMENT_3D('',#1593,#1594,#1595);
#1597=PLANE('',#1596);
#1598=ORIENTED_EDGE('',*,*,#1550,.F.);
#1599=ORIENTED_EDGE('',*,*,#1584,.F.);
#1600=ORIENTED_EDGE('',*,*,#1573,.F.);
#1602=ORIENTED_EDGE('',*,*,#1601,.T.);
#1603=ORIENTED_EDGE('',*,*,#1343,.F.);
#1604=EDGE_LOOP('',(#1598,#1599,#1600,#1602,#1603));
#1605=FACE_OUTER_BOUND('',#1604,.F.);
#1606=ADVANCED_FACE('',(#1605),#1597,.T.);
#1607=CARTESIAN_POINT('',(-2.598531604909E1,0.E0,1.042896686298E1));
#1608=DIRECTION('',(0.E0,-1.E0,0.E0));
#1609=DIRECTION('',(0.E0,0.E0,1.E0));
#1610=AXIS2_PLACEMENT_3D('',#1607,#1608,#1609);
#1611=CYLINDRICAL_SURFACE('',#1610,8.E0);
#1612=ORIENTED_EDGE('',*,*,#1571,.F.);
#1613=ORIENTED_EDGE('',*,*,#1255,.T.);
#1615=ORIENTED_EDGE('',*,*,#1614,.T.);
#1616=ORIENTED_EDGE('',*,*,#1345,.F.);
#1617=ORIENTED_EDGE('',*,*,#1601,.F.);
#1618=EDGE_LOOP('',(#1612,#1613,#1615,#1616,#1617));
#1619=FACE_OUTER_BOUND('',#1618,.F.);
#1620=ADVANCED_FACE('',(#1619),#1611,.F.);
#1621=CARTESIAN_POINT('',(0.E0,0.E0,0.E0));
#1622=DIRECTION('',(0.E0,1.E0,0.E0));
#1623=DIRECTION('',(1.E0,0.E0,0.E0));
#1624=AXIS2_PLACEMENT_3D('',#1621,#1622,#1623);
#1625=CYLINDRICAL_SURFACE('',#1624,2.E1);
#1626=ORIENTED_EDGE('',*,*,#1229,.F.);
#1628=ORIENTED_EDGE('',*,*,#1627,.T.);
#1629=ORIENTED_EDGE('',*,*,#1335,.T.);
#1631=ORIENTED_EDGE('',*,*,#1630,.F.);
#1632=EDGE_LOOP('',(#1626,#1628,#1629,#1631));
#1633=FACE_OUTER_BOUND('',#1632,.F.);
#1634=ADVANCED_FACE('',(#1633),#1625,.T.);
#1635=CARTESIAN_POINT('',(0.E0,0.E0,0.E0));
#1636=DIRECTION('',(0.E0,1.E0,0.E0));
#1637=DIRECTION('',(1.E0,0.E0,0.E0));
#1638=AXIS2_PLACEMENT_3D('',#1635,#1636,#1637);
#1639=CYLINDRICAL_SURFACE('',#1638,2.E1);
#1640=ORIENTED_EDGE('',*,*,#1237,.T.);
#1642=ORIENTED_EDGE('',*,*,#1641,.T.);
#1643=ORIENTED_EDGE('',*,*,#1323,.T.);
#1645=ORIENTED_EDGE('',*,*,#1644,.F.);
#1646=EDGE_LOOP('',(#1640,#1642,#1643,#1645));
#1647=FACE_OUTER_BOUND('',#1646,.F.);
#1648=ADVANCED_FACE('',(#1647),#1639,.T.);
#1649=CARTESIAN_POINT('',(0.E0,0.E0,0.E0));
#1650=DIRECTION('',(0.E0,1.E0,0.E0));
#1651=DIRECTION('',(1.E0,0.E0,0.E0));
#1652=AXIS2_PLACEMENT_3D('',#1649,#1650,#1651);
#1653=CYLINDRICAL_SURFACE('',#1652,2.E1);
#1654=ORIENTED_EDGE('',*,*,#1245,.F.);
#1656=ORIENTED_EDGE('',*,*,#1655,.T.);
#1657=ORIENTED_EDGE('',*,*,#1359,.T.);
#1659=ORIENTED_EDGE('',*,*,#1658,.F.);
#1660=EDGE_LOOP('',(#1654,#1656,#1657,#1659));
#1661=FACE_OUTER_BOUND('',#1660,.F.);
#1662=ADVANCED_FACE('',(#1661),#1653,.T.);
#1663=CARTESIAN_POINT('',(0.E0,0.E0,0.E0));
#1664=DIRECTION('',(0.E0,1.E0,0.E0));
#1665=DIRECTION('',(1.E0,0.E0,0.E0));
#1666=AXIS2_PLACEMENT_3D('',#1663,#1664,#1665);
#1667=CYLINDRICAL_SURFACE('',#1666,2.E1);
#1668=ORIENTED_EDGE('',*,*,#1347,.T.);
#1669=ORIENTED_EDGE('',*,*,#1614,.F.);
#1670=ORIENTED_EDGE('',*,*,#1253,.T.);
#1672=ORIENTED_EDGE('',*,*,#1671,.T.);
#1673=EDGE_LOOP('',(#1668,#1669,#1670,#1672));
#1674=FACE_OUTER_BOUND('',#1673,.F.);
#1675=ADVANCED_FACE('',(#1674),#1667,.T.);
#1676=CARTESIAN_POINT('',(-1.042896686298E1,0.E0,2.598531604909E1));
#1677=DIRECTION('',(0.E0,-1.E0,0.E0));
#1678=DIRECTION('',(0.E0,0.E0,1.E0));
#1679=AXIS2_PLACEMENT_3D('',#1676,#1677,#1678);
#1680=CYLINDRICAL_SURFACE('',#1679,8.E0);
#1681=ORIENTED_EDGE('',*,*,#1568,.F.);
#1683=ORIENTED_EDGE('',*,*,#1682,.T.);
#1684=ORIENTED_EDGE('',*,*,#1337,.F.);
#1685=ORIENTED_EDGE('',*,*,#1627,.F.);
#1686=ORIENTED_EDGE('',*,*,#1227,.T.);
#1687=EDGE_LOOP('',(#1681,#1683,#1684,#1685,#1686));
#1688=FACE_OUTER_BOUND('',#1687,.F.);
#1689=ADVANCED_FACE('',(#1688),#1680,.F.);
#1690=CARTESIAN_POINT('',(-1.608582111247E1,0.E0,2.032846179959E1));
#1691=DIRECTION('',(7.071067811865E-1,0.E0,7.071067811865E-1));
#1692=DIRECTION('',(-7.071067811865E-1,0.E0,7.071067811865E-1));
#1693=AXIS2_PLACEMENT_3D('',#1690,#1691,#1692);
#1694=PLANE('',#1693);
#1695=ORIENTED_EDGE('',*,*,#1682,.F.);
#1696=ORIENTED_EDGE('',*,*,#1566,.F.);
#1697=ORIENTED_EDGE('',*,*,#1553,.T.);
#1698=ORIENTED_EDGE('',*,*,#1339,.F.);
#1699=EDGE_LOOP('',(#1695,#1696,#1697,#1698));
#1700=FACE_OUTER_BOUND('',#1699,.F.);
#1701=ADVANCED_FACE('',(#1700),#1694,.T.);
#1702=CARTESIAN_POINT('',(1.042896686298E1,0.E0,2.598531604909E1));
#1703=DIRECTION('',(0.E0,-1.E0,0.E0));
#1704=DIRECTION('',(0.E0,0.E0,1.E0));
#1705=AXIS2_PLACEMENT_3D('',#1702,#1703,#1704);
#1706=CYLINDRICAL_SURFACE('',#1705,8.E0);
#1708=ORIENTED_EDGE('',*,*,#1707,.F.);
#1709=ORIENTED_EDGE('',*,*,#1231,.T.);
#1710=ORIENTED_EDGE('',*,*,#1630,.T.);
#1711=ORIENTED_EDGE('',*,*,#1333,.F.);
#1713=ORIENTED_EDGE('',*,*,#1712,.F.);
#1714=EDGE_LOOP('',(#1708,#1709,#1710,#1711,#1713));
#1715=FACE_OUTER_BOUND('',#1714,.F.);
#1716=ADVANCED_FACE('',(#1715),#1706,.F.);
#1717=CARTESIAN_POINT('',(2.262741699797E1,-4.E0,2.262741699797E1));
#1718=DIRECTION('',(0.E0,-1.E0,0.E0));
#1719=DIRECTION('',(-1.485959642860E-3,0.E0,9.999988959614E-1));
#1720=AXIS2_PLACEMENT_3D('',#1717,#1718,#1719);
#1721=TOROIDAL_SURFACE('',#1720,7.E0,4.E0);
#1723=ORIENTED_EDGE('',*,*,#1722,.T.);
#1725=ORIENTED_EDGE('',*,*,#1724,.T.);
#1727=ORIENTED_EDGE('',*,*,#1726,.T.);
#1729=ORIENTED_EDGE('',*,*,#1728,.T.);
#1731=ORIENTED_EDGE('',*,*,#1730,.T.);
#1732=ORIENTED_EDGE('',*,*,#1233,.F.);
#1733=ORIENTED_EDGE('',*,*,#1707,.T.);
#1734=EDGE_LOOP('',(#1723,#1725,#1727,#1729,#1731,#1732,#1733));
#1735=FACE_OUTER_BOUND('',#1734,.F.);
#1736=ADVANCED_FACE('',(#1735),#1721,.F.);
#1737=CARTESIAN_POINT('',(2.050609665441E1,0.E0,2.474873734153E1));
#1738=DIRECTION('',(-7.071067811865E-1,0.E0,7.071067811865E-1));
#1739=DIRECTION('',(-7.071067811865E-1,0.E0,-7.071067811865E-1));
#1740=AXIS2_PLACEMENT_3D('',#1737,#1738,#1739);
#1741=PLANE('',#1740);
#1743=ORIENTED_EDGE('',*,*,#1742,.T.);
#1744=ORIENTED_EDGE('',*,*,#1722,.F.);
#1745=ORIENTED_EDGE('',*,*,#1712,.T.);
#1746=ORIENTED_EDGE('',*,*,#1331,.F.);
#1747=EDGE_LOOP('',(#1743,#1744,#1745,#1746));
#1748=FACE_OUTER_BOUND('',#1747,.F.);
#1749=ADVANCED_FACE('',(#1748),#1741,.T.);
#1750=CARTESIAN_POINT('',(2.262741699797E1,0.E0,2.262741699797E1));
#1751=DIRECTION('',(0.E0,-1.E0,0.E0));
#1752=DIRECTION('',(0.E0,0.E0,1.E0));
#1753=AXIS2_PLACEMENT_3D('',#1750,#1751,#1752);
#1754=CYLINDRICAL_SURFACE('',#1753,3.E0);
#1755=ORIENTED_EDGE('',*,*,#1724,.F.);
#1756=ORIENTED_EDGE('',*,*,#1742,.F.);
#1757=ORIENTED_EDGE('',*,*,#1329,.F.);
#1759=ORIENTED_EDGE('',*,*,#1758,.F.);
#1761=ORIENTED_EDGE('',*,*,#1760,.T.);
#1763=ORIENTED_EDGE('',*,*,#1762,.T.);
#1764=ORIENTED_EDGE('',*,*,#1489,.T.);
#1766=ORIENTED_EDGE('',*,*,#1765,.F.);
#1767=EDGE_LOOP('',(#1755,#1756,#1757,#1759,#1761,#1763,#1764,#1766));
#1768=FACE_OUTER_BOUND('',#1767,.F.);
#1769=ADVANCED_FACE('',(#1768),#1754,.T.);
#1770=CARTESIAN_POINT('',(2.032846179959E1,0.E0,1.608582111247E1));
#1771=DIRECTION('',(7.071067811865E-1,0.E0,-7.071067811865E-1));
#1772=DIRECTION('',(7.071067811865E-1,0.E0,7.071067811865E-1));
#1773=AXIS2_PLACEMENT_3D('',#1770,#1771,#1772);
#1774=PLANE('',#1773);
#1776=ORIENTED_EDGE('',*,*,#1775,.F.);
#1777=ORIENTED_EDGE('',*,*,#1728,.F.);
#1779=ORIENTED_EDGE('',*,*,#1778,.T.);
#1780=ORIENTED_EDGE('',*,*,#1758,.T.);
#1781=ORIENTED_EDGE('',*,*,#1327,.F.);
#1782=EDGE_LOOP('',(#1776,#1777,#1779,#1780,#1781));
#1783=FACE_OUTER_BOUND('',#1782,.F.);
#1784=ADVANCED_FACE('',(#1783),#1774,.T.);
#1785=CARTESIAN_POINT('',(2.598531604909E1,0.E0,1.042896686298E1));
#1786=DIRECTION('',(0.E0,-1.E0,0.E0));
#1787=DIRECTION('',(0.E0,0.E0,1.E0));
#1788=AXIS2_PLACEMENT_3D('',#1785,#1786,#1787);
#1789=CYLINDRICAL_SURFACE('',#1788,8.E0);
#1790=ORIENTED_EDGE('',*,*,#1730,.F.);
#1791=ORIENTED_EDGE('',*,*,#1775,.T.);
#1792=ORIENTED_EDGE('',*,*,#1325,.F.);
#1793=ORIENTED_EDGE('',*,*,#1641,.F.);
#1794=ORIENTED_EDGE('',*,*,#1235,.T.);
#1795=EDGE_LOOP('',(#1790,#1791,#1792,#1793,#1794));
#1796=FACE_OUTER_BOUND('',#1795,.F.);
#1797=ADVANCED_FACE('',(#1796),#1789,.F.);
#1798=CARTESIAN_POINT('',(2.262741699797E1,0.E0,2.262741699797E1));
#1799=DIRECTION('',(0.E0,-1.E0,0.E0));
#1800=DIRECTION('',(1.E0,0.E0,0.E0));
#1801=AXIS2_PLACEMENT_3D('',#1798,#1799,#1800);
#1802=CYLINDRICAL_SURFACE('',#1801,3.E0);
#1803=ORIENTED_EDGE('',*,*,#1726,.F.);
#1804=ORIENTED_EDGE('',*,*,#1765,.T.);
#1805=ORIENTED_EDGE('',*,*,#1491,.T.);
#1806=ORIENTED_EDGE('',*,*,#1762,.F.);
#1807=ORIENTED_EDGE('',*,*,#1760,.F.);
#1808=ORIENTED_EDGE('',*,*,#1778,.F.);
#1809=EDGE_LOOP('',(#1803,#1804,#1805,#1806,#1807,#1808));
#1810=FACE_OUTER_BOUND('',#1809,.F.);
#1811=ADVANCED_FACE('',(#1810),#1802,.T.);
#1812=CARTESIAN_POINT('',(2.598531604909E1,0.E0,-1.042896686298E1));
#1813=DIRECTION('',(0.E0,-1.E0,0.E0));
#1814=DIRECTION('',(0.E0,0.E0,1.E0));
#1815=AXIS2_PLACEMENT_3D('',#1812,#1813,#1814);
#1816=CYLINDRICAL_SURFACE('',#1815,8.E0);
#1818=ORIENTED_EDGE('',*,*,#1817,.F.);
#1819=ORIENTED_EDGE('',*,*,#1239,.T.);
#1820=ORIENTED_EDGE('',*,*,#1644,.T.);
#1821=ORIENTED_EDGE('',*,*,#1369,.F.);
#1823=ORIENTED_EDGE('',*,*,#1822,.F.);
#1824=EDGE_LOOP('',(#1818,#1819,#1820,#1821,#1823));
#1825=FACE_OUTER_BOUND('',#1824,.F.);
#1826=ADVANCED_FACE('',(#1825),#1816,.F.);
#1827=CARTESIAN_POINT('',(2.262741699797E1,-4.E0,-2.262741699797E1));
#1828=DIRECTION('',(0.E0,-1.E0,0.E0));
#1829=DIRECTION('',(-9.233098603761E-1,0.E0,-3.840558575680E-1));
#1830=AXIS2_PLACEMENT_3D('',#1827,#1828,#1829);
#1831=TOROIDAL_SURFACE('',#1830,7.E0,4.E0);
#1833=ORIENTED_EDGE('',*,*,#1832,.T.);
#1835=ORIENTED_EDGE('',*,*,#1834,.T.);
#1837=ORIENTED_EDGE('',*,*,#1836,.T.);
#1839=ORIENTED_EDGE('',*,*,#1838,.T.);
#1840=ORIENTED_EDGE('',*,*,#1241,.F.);
#1841=ORIENTED_EDGE('',*,*,#1817,.T.);
#1843=ORIENTED_EDGE('',*,*,#1842,.T.);
#1844=EDGE_LOOP('',(#1833,#1835,#1837,#1839,#1840,#1841,#1843));
#1845=FACE_OUTER_BOUND('',#1844,.F.);
#1846=ADVANCED_FACE('',(#1845),#1831,.F.);
#1847=CARTESIAN_POINT('',(2.262741699797E1,0.E0,-2.262741699797E1));
#1848=DIRECTION('',(0.E0,-1.E0,0.E0));
#1849=DIRECTION('',(0.E0,0.E0,1.E0));
#1850=AXIS2_PLACEMENT_3D('',#1847,#1848,#1849);
#1851=CYLINDRICAL_SURFACE('',#1850,3.E0);
#1852=ORIENTED_EDGE('',*,*,#1832,.F.);
#1854=ORIENTED_EDGE('',*,*,#1853,.F.);
#1855=ORIENTED_EDGE('',*,*,#1365,.F.);
#1857=ORIENTED_EDGE('',*,*,#1856,.F.);
#1859=ORIENTED_EDGE('',*,*,#1858,.T.);
#1861=ORIENTED_EDGE('',*,*,#1860,.T.);
#1862=ORIENTED_EDGE('',*,*,#1505,.T.);
#1864=ORIENTED_EDGE('',*,*,#1863,.F.);
#1865=EDGE_LOOP('',(#1852,#1854,#1855,#1857,#1859,#1861,#1862,#1864));
#1866=FACE_OUTER_BOUND('',#1865,.F.);
#1867=ADVANCED_FACE('',(#1866),#1851,.T.);
#1868=CARTESIAN_POINT('',(2.474873734153E1,0.E0,-2.050609665441E1));
#1869=DIRECTION('',(7.071067811865E-1,0.E0,7.071067811865E-1));
#1870=DIRECTION('',(-7.071067811865E-1,0.E0,7.071067811865E-1));
#1871=AXIS2_PLACEMENT_3D('',#1868,#1869,#1870);
#1872=PLANE('',#1871);
#1873=ORIENTED_EDGE('',*,*,#1853,.T.);
#1874=ORIENTED_EDGE('',*,*,#1842,.F.);
#1875=ORIENTED_EDGE('',*,*,#1822,.T.);
#1876=ORIENTED_EDGE('',*,*,#1367,.F.);
#1877=EDGE_LOOP('',(#1873,#1874,#1875,#1876));
#1878=FACE_OUTER_BOUND('',#1877,.F.);
#1879=ADVANCED_FACE('',(#1878),#1872,.T.);
#1880=CARTESIAN_POINT('',(1.608582111247E1,0.E0,-2.032846179959E1));
#1881=DIRECTION('',(-7.071067811865E-1,0.E0,-7.071067811865E-1));
#1882=DIRECTION('',(7.071067811865E-1,0.E0,-7.071067811865E-1));
#1883=AXIS2_PLACEMENT_3D('',#1880,#1881,#1882);
#1884=PLANE('',#1883);
#1886=ORIENTED_EDGE('',*,*,#1885,.F.);
#1887=ORIENTED_EDGE('',*,*,#1836,.F.);
#1889=ORIENTED_EDGE('',*,*,#1888,.T.);
#1890=ORIENTED_EDGE('',*,*,#1856,.T.);
#1891=ORIENTED_EDGE('',*,*,#1363,.F.);
#1892=EDGE_LOOP('',(#1886,#1887,#1889,#1890,#1891));
#1893=FACE_OUTER_BOUND('',#1892,.F.);
#1894=ADVANCED_FACE('',(#1893),#1884,.T.);
#1895=CARTESIAN_POINT('',(1.042896686298E1,0.E0,-2.598531604909E1));
#1896=DIRECTION('',(0.E0,-1.E0,0.E0));
#1897=DIRECTION('',(0.E0,0.E0,1.E0));
#1898=AXIS2_PLACEMENT_3D('',#1895,#1896,#1897);
#1899=CYLINDRICAL_SURFACE('',#1898,8.E0);
#1900=ORIENTED_EDGE('',*,*,#1838,.F.);
#1901=ORIENTED_EDGE('',*,*,#1885,.T.);
#1902=ORIENTED_EDGE('',*,*,#1361,.F.);
#1903=ORIENTED_EDGE('',*,*,#1655,.F.);
#1904=ORIENTED_EDGE('',*,*,#1243,.T.);
#1905=EDGE_LOOP('',(#1900,#1901,#1902,#1903,#1904));
#1906=FACE_OUTER_BOUND('',#1905,.F.);
#1907=ADVANCED_FACE('',(#1906),#1899,.F.);
#1908=CARTESIAN_POINT('',(2.262741699797E1,0.E0,-2.262741699797E1));
#1909=DIRECTION('',(0.E0,-1.E0,0.E0));
#1910=DIRECTION('',(1.E0,0.E0,0.E0));
#1911=AXIS2_PLACEMENT_3D('',#1908,#1909,#1910);
#1912=CYLINDRICAL_SURFACE('',#1911,3.E0);
#1913=ORIENTED_EDGE('',*,*,#1834,.F.);
#1914=ORIENTED_EDGE('',*,*,#1863,.T.);
#1915=ORIENTED_EDGE('',*,*,#1507,.T.);
#1916=ORIENTED_EDGE('',*,*,#1860,.F.);
#1917=ORIENTED_EDGE('',*,*,#1858,.F.);
#1918=ORIENTED_EDGE('',*,*,#1888,.F.);
#1919=EDGE_LOOP('',(#1913,#1914,#1915,#1916,#1917,#1918));
#1920=FACE_OUTER_BOUND('',#1919,.F.);
#1921=ADVANCED_FACE('',(#1920),#1912,.T.);
#1922=CARTESIAN_POINT('',(-1.042896686298E1,0.E0,-2.598531604909E1));
#1923=DIRECTION('',(0.E0,-1.E0,0.E0));
#1924=DIRECTION('',(0.E0,0.E0,1.E0));
#1925=AXIS2_PLACEMENT_3D('',#1922,#1923,#1924);
#1926=CYLINDRICAL_SURFACE('',#1925,8.E0);
#1928=ORIENTED_EDGE('',*,*,#1927,.F.);
#1930=ORIENTED_EDGE('',*,*,#1929,.F.);
#1931=ORIENTED_EDGE('',*,*,#1247,.T.);
#1932=ORIENTED_EDGE('',*,*,#1658,.T.);
#1933=ORIENTED_EDGE('',*,*,#1357,.F.);
#1934=EDGE_LOOP('',(#1928,#1930,#1931,#1932,#1933));
#1935=FACE_OUTER_BOUND('',#1934,.F.);
#1936=ADVANCED_FACE('',(#1935),#1926,.F.);
#1937=CARTESIAN_POINT('',(-2.050609665441E1,0.E0,-2.474873734153E1));
#1938=DIRECTION('',(7.071067811865E-1,0.E0,-7.071067811865E-1));
#1939=DIRECTION('',(7.071067811865E-1,0.E0,7.071067811865E-1));
#1940=AXIS2_PLACEMENT_3D('',#1937,#1938,#1939);
#1941=PLANE('',#1940);
#1943=ORIENTED_EDGE('',*,*,#1942,.F.);
#1945=ORIENTED_EDGE('',*,*,#1944,.F.);
#1947=ORIENTED_EDGE('',*,*,#1946,.F.);
#1948=ORIENTED_EDGE('',*,*,#1927,.T.);
#1949=ORIENTED_EDGE('',*,*,#1355,.F.);
#1950=EDGE_LOOP('',(#1943,#1945,#1947,#1948,#1949));
#1951=FACE_OUTER_BOUND('',#1950,.F.);
#1952=ADVANCED_FACE('',(#1951),#1941,.T.);
#1953=CARTESIAN_POINT('',(-2.262741699797E1,0.E0,-2.262741699797E1));
#1954=DIRECTION('',(0.E0,-1.E0,0.E0));
#1955=DIRECTION('',(0.E0,0.E0,1.E0));
#1956=AXIS2_PLACEMENT_3D('',#1953,#1954,#1955);
#1957=CYLINDRICAL_SURFACE('',#1956,3.E0);
#1959=ORIENTED_EDGE('',*,*,#1958,.F.);
#1961=ORIENTED_EDGE('',*,*,#1960,.T.);
#1962=ORIENTED_EDGE('',*,*,#1523,.T.);
#1964=ORIENTED_EDGE('',*,*,#1963,.F.);
#1966=ORIENTED_EDGE('',*,*,#1965,.T.);
#1967=ORIENTED_EDGE('',*,*,#1942,.T.);
#1968=ORIENTED_EDGE('',*,*,#1353,.F.);
#1970=ORIENTED_EDGE('',*,*,#1969,.F.);
#1971=EDGE_LOOP('',(#1959,#1961,#1962,#1964,#1966,#1967,#1968,#1970));
#1972=FACE_OUTER_BOUND('',#1971,.F.);
#1973=ADVANCED_FACE('',(#1972),#1957,.T.);
#1974=CARTESIAN_POINT('',(-2.262741699797E1,-5.E0,-2.262741699797E1));
#1975=DIRECTION('',(0.E0,-1.E0,0.E0));
#1976=DIRECTION('',(9.244471646491E-1,0.E0,-3.813101621676E-1));
#1977=AXIS2_PLACEMENT_3D('',#1974,#1975,#1976);
#1978=TOROIDAL_SURFACE('',#1977,8.E0,5.E0);
#1979=ORIENTED_EDGE('',*,*,#1946,.T.);
#1981=ORIENTED_EDGE('',*,*,#1980,.T.);
#1982=ORIENTED_EDGE('',*,*,#1958,.T.);
#1984=ORIENTED_EDGE('',*,*,#1983,.T.);
#1986=ORIENTED_EDGE('',*,*,#1985,.T.);
#1987=ORIENTED_EDGE('',*,*,#1249,.F.);
#1988=ORIENTED_EDGE('',*,*,#1929,.T.);
#1989=EDGE_LOOP('',(#1979,#1981,#1982,#1984,#1986,#1987,#1988));
#1990=FACE_OUTER_BOUND('',#1989,.F.);
#1991=ADVANCED_FACE('',(#1990),#1978,.F.);
#1992=CARTESIAN_POINT('',(-2.262741699797E1,0.E0,-2.262741699797E1));
#1993=DIRECTION('',(0.E0,-1.E0,0.E0));
#1994=DIRECTION('',(1.E0,0.E0,0.E0));
#1995=AXIS2_PLACEMENT_3D('',#1992,#1993,#1994);
#1996=CYLINDRICAL_SURFACE('',#1995,3.E0);
#1997=ORIENTED_EDGE('',*,*,#1980,.F.);
#1998=ORIENTED_EDGE('',*,*,#1944,.T.);
#1999=ORIENTED_EDGE('',*,*,#1965,.F.);
#2000=ORIENTED_EDGE('',*,*,#1963,.T.);
#2001=ORIENTED_EDGE('',*,*,#1525,.T.);
#2002=ORIENTED_EDGE('',*,*,#1960,.F.);
#2003=EDGE_LOOP('',(#1997,#1998,#1999,#2000,#2001,#2002));
#2004=FACE_OUTER_BOUND('',#2003,.F.);
#2005=ADVANCED_FACE('',(#2004),#1996,.T.);
#2006=CARTESIAN_POINT('',(-2.032846179959E1,0.E0,-1.608582111247E1));
#2007=DIRECTION('',(-7.071067811865E-1,0.E0,7.071067811865E-1));
#2008=DIRECTION('',(-7.071067811865E-1,0.E0,-7.071067811865E-1));
#2009=AXIS2_PLACEMENT_3D('',#2006,#2007,#2008);
#2010=PLANE('',#2009);
#2012=ORIENTED_EDGE('',*,*,#2011,.F.);
#2013=ORIENTED_EDGE('',*,*,#1983,.F.);
#2014=ORIENTED_EDGE('',*,*,#1969,.T.);
#2015=ORIENTED_EDGE('',*,*,#1351,.F.);
#2016=EDGE_LOOP('',(#2012,#2013,#2014,#2015));
#2017=FACE_OUTER_BOUND('',#2016,.F.);
#2018=ADVANCED_FACE('',(#2017),#2010,.T.);
#2019=CARTESIAN_POINT('',(-2.598531604909E1,0.E0,-1.042896686298E1));
#2020=DIRECTION('',(0.E0,-1.E0,0.E0));
#2021=DIRECTION('',(0.E0,0.E0,1.E0));
#2022=AXIS2_PLACEMENT_3D('',#2019,#2020,#2021);
#2023=CYLINDRICAL_SURFACE('',#2022,8.E0);
#2024=ORIENTED_EDGE('',*,*,#1251,.T.);
#2025=ORIENTED_EDGE('',*,*,#1985,.F.);
#2026=ORIENTED_EDGE('',*,*,#2011,.T.);
#2027=ORIENTED_EDGE('',*,*,#1349,.F.);
#2028=ORIENTED_EDGE('',*,*,#1671,.F.);
#2029=EDGE_LOOP('',(#2024,#2025,#2026,#2027,#2028));
#2030=FACE_OUTER_BOUND('',#2029,.F.);
#2031=ADVANCED_FACE('',(#2030),#2023,.F.);
#2032=CARTESIAN_POINT('',(-2.262741699797E1,0.E0,2.262741699797E1));
#2033=DIRECTION('',(0.E0,-1.E0,0.E0));
#2034=DIRECTION('',(0.E0,0.E0,1.E0));
#2035=AXIS2_PLACEMENT_3D('',#2032,#2033,#2034);
#2036=CYLINDRICAL_SURFACE('',#2035,8.E-1);
#2038=ORIENTED_EDGE('',*,*,#2037,.F.);
#2040=ORIENTED_EDGE('',*,*,#2039,.T.);
#2041=ORIENTED_EDGE('',*,*,#1477,.T.);
#2043=ORIENTED_EDGE('',*,*,#2042,.F.);
#2045=ORIENTED_EDGE('',*,*,#2044,.T.);
#2047=ORIENTED_EDGE('',*,*,#2046,.T.);
#2048=ORIENTED_EDGE('',*,*,#1373,.F.);
#2050=ORIENTED_EDGE('',*,*,#2049,.F.);
#2051=EDGE_LOOP('',(#2038,#2040,#2041,#2043,#2045,#2047,#2048,#2050));
#2052=FACE_OUTER_BOUND('',#2051,.F.);
#2053=ADVANCED_FACE('',(#2052),#2036,.F.);
#2054=CARTESIAN_POINT('',(-2.262741699797E1,0.E0,2.262741699797E1));
#2055=DIRECTION('',(0.E0,-1.E0,0.E0));
#2056=DIRECTION('',(0.E0,0.E0,1.E0));
#2057=AXIS2_PLACEMENT_3D('',#2054,#2055,#2056);
#2058=CYLINDRICAL_SURFACE('',#2057,8.E-1);
#2059=ORIENTED_EDGE('',*,*,#2044,.F.);
#2060=ORIENTED_EDGE('',*,*,#2042,.T.);
#2061=ORIENTED_EDGE('',*,*,#1479,.T.);
#2062=ORIENTED_EDGE('',*,*,#2039,.F.);
#2063=ORIENTED_EDGE('',*,*,#2037,.T.);
#2064=ORIENTED_EDGE('',*,*,#2049,.T.);
#2065=ORIENTED_EDGE('',*,*,#1375,.F.);
#2066=ORIENTED_EDGE('',*,*,#2046,.F.);
#2067=EDGE_LOOP('',(#2059,#2060,#2061,#2062,#2063,#2064,#2065,#2066));
#2068=FACE_OUTER_BOUND('',#2067,.F.);
#2069=ADVANCED_FACE('',(#2068),#2058,.F.);
#2070=CARTESIAN_POINT('',(2.262741699797E1,0.E0,-2.262741699797E1));
#2071=DIRECTION('',(0.E0,-1.E0,0.E0));
#2072=DIRECTION('',(0.E0,0.E0,1.E0));
#2073=AXIS2_PLACEMENT_3D('',#2070,#2071,#2072);
#2074=CYLINDRICAL_SURFACE('',#2073,8.E-1);
#2076=ORIENTED_EDGE('',*,*,#2075,.F.);
#2078=ORIENTED_EDGE('',*,*,#2077,.T.);
#2079=ORIENTED_EDGE('',*,*,#1511,.T.);
#2081=ORIENTED_EDGE('',*,*,#2080,.F.);
#2083=ORIENTED_EDGE('',*,*,#2082,.T.);
#2085=ORIENTED_EDGE('',*,*,#2084,.T.);
#2086=ORIENTED_EDGE('',*,*,#1385,.F.);
#2088=ORIENTED_EDGE('',*,*,#2087,.F.);
#2089=EDGE_LOOP('',(#2076,#2078,#2079,#2081,#2083,#2085,#2086,#2088));
#2090=FACE_OUTER_BOUND('',#2089,.F.);
#2091=ADVANCED_FACE('',(#2090),#2074,.F.);
#2092=CARTESIAN_POINT('',(2.262741699797E1,0.E0,-2.262741699797E1));
#2093=DIRECTION('',(0.E0,-1.E0,0.E0));
#2094=DIRECTION('',(0.E0,0.E0,1.E0));
#2095=AXIS2_PLACEMENT_3D('',#2092,#2093,#2094);
#2096=CYLINDRICAL_SURFACE('',#2095,8.E-1);
#2097=ORIENTED_EDGE('',*,*,#2082,.F.);
#2098=ORIENTED_EDGE('',*,*,#2080,.T.);
#2099=ORIENTED_EDGE('',*,*,#1513,.T.);
#2100=ORIENTED_EDGE('',*,*,#2077,.F.);
#2101=ORIENTED_EDGE('',*,*,#2075,.T.);
#2102=ORIENTED_EDGE('',*,*,#2087,.T.);
#2103=ORIENTED_EDGE('',*,*,#1387,.F.);
#2104=ORIENTED_EDGE('',*,*,#2084,.F.);
#2105=EDGE_LOOP('',(#2097,#2098,#2099,#2100,#2101,#2102,#2103,#2104));
#2106=FACE_OUTER_BOUND('',#2105,.F.);
#2107=ADVANCED_FACE('',(#2106),#2096,.F.);
#2108=CARTESIAN_POINT('',(-2.262741699797E1,0.E0,-2.262741699797E1));
#2109=DIRECTION('',(0.E0,-1.E0,0.E0));
#2110=DIRECTION('',(0.E0,0.E0,1.E0));
#2111=AXIS2_PLACEMENT_3D('',#2108,#2109,#2110);
#2112=CYLINDRICAL_SURFACE('',#2111,8.E-1);
#2114=ORIENTED_EDGE('',*,*,#2113,.F.);
#2116=ORIENTED_EDGE('',*,*,#2115,.T.);
#2117=ORIENTED_EDGE('',*,*,#1529,.T.);
#2119=ORIENTED_EDGE('',*,*,#2118,.F.);
#2121=ORIENTED_EDGE('',*,*,#2120,.T.);
#2123=ORIENTED_EDGE('',*,*,#2122,.T.);
#2124=ORIENTED_EDGE('',*,*,#1379,.F.);
#2126=ORIENTED_EDGE('',*,*,#2125,.F.);
#2127=EDGE_LOOP('',(#2114,#2116,#2117,#2119,#2121,#2123,#2124,#2126));
#2128=FACE_OUTER_BOUND('',#2127,.F.);
#2129=ADVANCED_FACE('',(#2128),#2112,.F.);
#2130=CARTESIAN_POINT('',(-2.262741699797E1,0.E0,-2.262741699797E1));
#2131=DIRECTION('',(0.E0,-1.E0,0.E0));
#2132=DIRECTION('',(0.E0,0.E0,1.E0));
#2133=AXIS2_PLACEMENT_3D('',#2130,#2131,#2132);
#2134=CYLINDRICAL_SURFACE('',#2133,8.E-1);
#2135=ORIENTED_EDGE('',*,*,#2120,.F.);
#2136=ORIENTED_EDGE('',*,*,#2118,.T.);
#2137=ORIENTED_EDGE('',*,*,#1531,.T.);
#2138=ORIENTED_EDGE('',*,*,#2115,.F.);
#2139=ORIENTED_EDGE('',*,*,#2113,.T.);
#2140=ORIENTED_EDGE('',*,*,#2125,.T.);
#2141=ORIENTED_EDGE('',*,*,#1381,.F.);
#2142=ORIENTED_EDGE('',*,*,#2122,.F.);
#2143=EDGE_LOOP('',(#2135,#2136,#2137,#2138,#2139,#2140,#2141,#2142));
#2144=FACE_OUTER_BOUND('',#2143,.F.);
#2145=ADVANCED_FACE('',(#2144),#2134,.F.);
#2146=CARTESIAN_POINT('',(0.E0,1.5E0,0.E0));
#2147=DIRECTION('',(0.E0,1.E0,0.E0));
#2148=DIRECTION('',(1.E0,0.E0,0.E0));
#2149=AXIS2_PLACEMENT_3D('',#2146,#2147,#2148);
#2150=CYLINDRICAL_SURFACE('',#2149,1.1E1);
#2152=ORIENTED_EDGE('',*,*,#2151,.T.);
#2154=ORIENTED_EDGE('',*,*,#2153,.T.);
#2155=ORIENTED_EDGE('',*,*,#1391,.T.);
#2157=ORIENTED_EDGE('',*,*,#2156,.F.);
#2158=EDGE_LOOP('',(#2152,#2154,#2155,#2157));
#2159=FACE_OUTER_BOUND('',#2158,.F.);
#2160=ADVANCED_FACE('',(#2159),#2150,.F.);
#2161=CARTESIAN_POINT('',(0.E0,1.5E0,0.E0));
#2162=DIRECTION('',(0.E0,1.E0,0.E0));
#2163=DIRECTION('',(1.E0,0.E0,0.E0));
#2164=AXIS2_PLACEMENT_3D('',#2161,#2162,#2163);
#2165=PLANE('',#2164);
#2166=ORIENTED_EDGE('',*,*,#2151,.F.);
#2168=ORIENTED_EDGE('',*,*,#2167,.F.);
#2169=EDGE_LOOP('',(#2166,#2168));
#2170=FACE_OUTER_BOUND('',#2169,.F.);
#2172=ORIENTED_EDGE('',*,*,#2171,.T.);
#2174=ORIENTED_EDGE('',*,*,#2173,.T.);
#2175=EDGE_LOOP('',(#2172,#2174));
#2176=FACE_BOUND('',#2175,.F.);
#2177=ADVANCED_FACE('',(#2170,#2176),#2165,.T.);
#2178=CARTESIAN_POINT('',(0.E0,1.5E0,0.E0));
#2179=DIRECTION('',(0.E0,1.E0,0.E0));
#2180=DIRECTION('',(1.E0,0.E0,0.E0));
#2181=AXIS2_PLACEMENT_3D('',#2178,#2179,#2180);
#2182=CYLINDRICAL_SURFACE('',#2181,4.E0);
#2183=ORIENTED_EDGE('',*,*,#2171,.F.);
#2185=ORIENTED_EDGE('',*,*,#2184,.T.);
#2187=ORIENTED_EDGE('',*,*,#2186,.T.);
#2189=ORIENTED_EDGE('',*,*,#2188,.F.);
#2190=EDGE_LOOP('',(#2183,#2185,#2187,#2189));
#2191=FACE_OUTER_BOUND('',#2190,.F.);
#2192=ADVANCED_FACE('',(#2191),#2182,.T.);
#2193=CARTESIAN_POINT('',(0.E0,1.5E0,0.E0));
#2194=DIRECTION('',(0.E0,1.E0,0.E0));
#2195=DIRECTION('',(1.E0,0.E0,0.E0));
#2196=AXIS2_PLACEMENT_3D('',#2193,#2194,#2195);
#2197=CYLINDRICAL_SURFACE('',#2196,4.E0);
#2198=ORIENTED_EDGE('',*,*,#2173,.F.);
#2199=ORIENTED_EDGE('',*,*,#2188,.T.);
#2201=ORIENTED_EDGE('',*,*,#2200,.T.);
#2202=ORIENTED_EDGE('',*,*,#2184,.F.);
#2203=EDGE_LOOP('',(#2198,#2199,#2201,#2202));
#2204=FACE_OUTER_BOUND('',#2203,.F.);
#2205=ADVANCED_FACE('',(#2204),#2197,.T.);
#2206=CARTESIAN_POINT('',(0.E0,6.5E0,0.E0));
#2207=DIRECTION('',(0.E0,1.E0,0.E0));
#2208=DIRECTION('',(1.E0,0.E0,0.E0));
#2209=AXIS2_PLACEMENT_3D('',#2206,#2207,#2208);
#2210=PLANE('',#2209);
#2211=ORIENTED_EDGE('',*,*,#2186,.F.);
#2212=ORIENTED_EDGE('',*,*,#2200,.F.);
#2213=EDGE_LOOP('',(#2211,#2212));
#2214=FACE_OUTER_BOUND('',#2213,.F.);
#2216=ORIENTED_EDGE('',*,*,#2215,.F.);
#2218=ORIENTED_EDGE('',*,*,#2217,.F.);
#2219=EDGE_LOOP('',(#2216,#2218));
#2220=FACE_BOUND('',#2219,.F.);
#2221=ADVANCED_FACE('',(#2214,#2220),#2210,.T.);
#2222=CARTESIAN_POINT('',(0.E0,1.5E0,1.5E0));
#2223=DIRECTION('',(0.E0,0.E0,-1.E0));
#2224=DIRECTION('',(-1.E0,0.E0,0.E0));
#2225=AXIS2_PLACEMENT_3D('',#2222,#2223,#2224);
#2226=PLANE('',#2225);
#2228=ORIENTED_EDGE('',*,*,#2227,.T.);
#2229=ORIENTED_EDGE('',*,*,#1279,.T.);
#2231=ORIENTED_EDGE('',*,*,#2230,.T.);
#2232=ORIENTED_EDGE('',*,*,#2215,.T.);
#2233=EDGE_LOOP('',(#2228,#2229,#2231,#2232));
#2234=FACE_OUTER_BOUND('',#2233,.F.);
#2235=ADVANCED_FACE('',(#2234),#2226,.T.);
#2236=CARTESIAN_POINT('',(0.E0,1.5E0,0.E0));
#2237=DIRECTION('',(0.E0,1.E0,0.E0));
#2238=DIRECTION('',(1.E0,0.E0,0.E0));
#2239=AXIS2_PLACEMENT_3D('',#2236,#2237,#2238);
#2240=CYLINDRICAL_SURFACE('',#2239,2.E0);
#2241=ORIENTED_EDGE('',*,*,#2230,.F.);
#2242=ORIENTED_EDGE('',*,*,#1277,.T.);
#2243=ORIENTED_EDGE('',*,*,#2227,.F.);
#2244=ORIENTED_EDGE('',*,*,#2217,.T.);
#2245=EDGE_LOOP('',(#2241,#2242,#2243,#2244));
#2246=FACE_OUTER_BOUND('',#2245,.F.);
#2247=ADVANCED_FACE('',(#2246),#2240,.F.);
#2248=CARTESIAN_POINT('',(0.E0,1.5E0,0.E0));
#2249=DIRECTION('',(0.E0,1.E0,0.E0));
#2250=DIRECTION('',(1.E0,0.E0,0.E0));
#2251=AXIS2_PLACEMENT_3D('',#2248,#2249,#2250);
#2252=CYLINDRICAL_SURFACE('',#2251,1.1E1);
#2253=ORIENTED_EDGE('',*,*,#2167,.T.);
#2254=ORIENTED_EDGE('',*,*,#2156,.T.);
#2255=ORIENTED_EDGE('',*,*,#1393,.T.);
#2256=ORIENTED_EDGE('',*,*,#2153,.F.);
#2257=EDGE_LOOP('',(#2253,#2254,#2255,#2256));
#2258=FACE_OUTER_BOUND('',#2257,.F.);
#2259=ADVANCED_FACE('',(#2258),#2252,.F.);
#2260=CARTESIAN_POINT('',(1.05E1,4.7E0,-1.05E1));
#2261=DIRECTION('',(0.E0,1.E0,0.E0));
#2262=DIRECTION('',(1.E0,0.E0,0.E0));
#2263=AXIS2_PLACEMENT_3D('',#2260,#2261,#2262);
#2264=CYLINDRICAL_SURFACE('',#2263,8.E-1);
#2265=ORIENTED_EDGE('',*,*,#1259,.T.);
#2267=ORIENTED_EDGE('',*,*,#2266,.F.);
#2268=ORIENTED_EDGE('',*,*,#1401,.F.);
#2270=ORIENTED_EDGE('',*,*,#2269,.T.);
#2271=EDGE_LOOP('',(#2265,#2267,#2268,#2270));
#2272=FACE_OUTER_BOUND('',#2271,.F.);
#2273=ADVANCED_FACE('',(#2272),#2264,.F.);
#2274=CARTESIAN_POINT('',(1.05E1,4.7E0,-1.05E1));
#2275=DIRECTION('',(0.E0,1.E0,0.E0));
#2276=DIRECTION('',(1.E0,0.E0,0.E0));
#2277=AXIS2_PLACEMENT_3D('',#2274,#2275,#2276);
#2278=CYLINDRICAL_SURFACE('',#2277,8.E-1);
#2279=ORIENTED_EDGE('',*,*,#1261,.T.);
#2280=ORIENTED_EDGE('',*,*,#2269,.F.);
#2281=ORIENTED_EDGE('',*,*,#1403,.F.);
#2282=ORIENTED_EDGE('',*,*,#2266,.T.);
#2283=EDGE_LOOP('',(#2279,#2280,#2281,#2282));
#2284=FACE_OUTER_BOUND('',#2283,.F.);
#2285=ADVANCED_FACE('',(#2284),#2278,.F.);
#2286=CARTESIAN_POINT('',(1.05E1,4.7E0,1.05E1));
#2287=DIRECTION('',(0.E0,1.E0,0.E0));
#2288=DIRECTION('',(1.E0,0.E0,0.E0));
#2289=AXIS2_PLACEMENT_3D('',#2286,#2287,#2288);
#2290=CYLINDRICAL_SURFACE('',#2289,8.E-1);
#2291=ORIENTED_EDGE('',*,*,#1265,.T.);
#2293=ORIENTED_EDGE('',*,*,#2292,.F.);
#2294=ORIENTED_EDGE('',*,*,#1407,.F.);
#2296=ORIENTED_EDGE('',*,*,#2295,.T.);
#2297=EDGE_LOOP('',(#2291,#2293,#2294,#2296));
#2298=FACE_OUTER_BOUND('',#2297,.F.);
#2299=ADVANCED_FACE('',(#2298),#2290,.F.);
#2300=CARTESIAN_POINT('',(1.05E1,4.7E0,1.05E1));
#2301=DIRECTION('',(0.E0,1.E0,0.E0));
#2302=DIRECTION('',(1.E0,0.E0,0.E0));
#2303=AXIS2_PLACEMENT_3D('',#2300,#2301,#2302);
#2304=CYLINDRICAL_SURFACE('',#2303,8.E-1);
#2305=ORIENTED_EDGE('',*,*,#1267,.T.);
#2306=ORIENTED_EDGE('',*,*,#2295,.F.);
#2307=ORIENTED_EDGE('',*,*,#1409,.F.);
#2308=ORIENTED_EDGE('',*,*,#2292,.T.);
#2309=EDGE_LOOP('',(#2305,#2306,#2307,#2308));
#2310=FACE_OUTER_BOUND('',#2309,.F.);
#2311=ADVANCED_FACE('',(#2310),#2304,.F.);
#2312=CARTESIAN_POINT('',(-1.05E1,4.7E0,1.05E1));
#2313=DIRECTION('',(0.E0,1.E0,0.E0));
#2314=DIRECTION('',(1.E0,0.E0,0.E0));
#2315=AXIS2_PLACEMENT_3D('',#2312,#2313,#2314);
#2316=CYLINDRICAL_SURFACE('',#2315,8.E-1);
#2317=ORIENTED_EDGE('',*,*,#1271,.T.);
#2319=ORIENTED_EDGE('',*,*,#2318,.F.);
#2320=ORIENTED_EDGE('',*,*,#1413,.F.);
#2322=ORIENTED_EDGE('',*,*,#2321,.T.);
#2323=EDGE_LOOP('',(#2317,#2319,#2320,#2322));
#2324=FACE_OUTER_BOUND('',#2323,.F.);
#2325=ADVANCED_FACE('',(#2324),#2316,.F.);
#2326=CARTESIAN_POINT('',(-1.05E1,4.7E0,1.05E1));
#2327=DIRECTION('',(0.E0,1.E0,0.E0));
#2328=DIRECTION('',(1.E0,0.E0,0.E0));
#2329=AXIS2_PLACEMENT_3D('',#2326,#2327,#2328);
#2330=CYLINDRICAL_SURFACE('',#2329,8.E-1);
#2331=ORIENTED_EDGE('',*,*,#1273,.T.);
#2332=ORIENTED_EDGE('',*,*,#2321,.F.);
#2333=ORIENTED_EDGE('',*,*,#1415,.F.);
#2334=ORIENTED_EDGE('',*,*,#2318,.T.);
#2335=EDGE_LOOP('',(#2331,#2332,#2333,#2334));
#2336=FACE_OUTER_BOUND('',#2335,.F.);
#2337=ADVANCED_FACE('',(#2336),#2330,.F.);
#2341=DIMENSIONAL_EXPONENTS(0.E0,0.E0,0.E0,0.E0,0.E0,0.E0,0.E0);
#2343=PLANE_ANGLE_MEASURE_WITH_UNIT(PLANE_ANGLE_MEASURE(1.745329251994E-2),
#2342);
#2344=(CONVERSION_BASED_UNIT('DEGREE',#2343)NAMED_UNIT(*)PLANE_ANGLE_UNIT());
#2346=UNCERTAINTY_MEASURE_WITH_UNIT(LENGTH_MEASURE(1.E-2),#2340,'closure',
'Maximum model space distance between geometric entities at asserted connectivities');
#2347=(GEOMETRIC_REPRESENTATION_CONTEXT(3)GLOBAL_UNCERTAINTY_ASSIGNED_CONTEXT((
#2346))GLOBAL_UNIT_ASSIGNED_CONTEXT((#2340,#2344,#2345))REPRESENTATION_CONTEXT(
'ID1','3'));
#2349=APPLICATION_CONTEXT(
'CONFIGURATION CONTROLLED 3D DESIGNS OF MECHANICAL PARTS AND ASSEMBLIES');
#2350=APPLICATION_PROTOCOL_DEFINITION('international standard',
'config_control_design',1994,#2349);
#2351=DESIGN_CONTEXT('',#2349,'design');
#2352=MECHANICAL_CONTEXT('',#2349,'mechanical');
#2353=PRODUCT('SLIP_CONNECTION_FIXBOARD','SLIP_CONNECTION_FIXBOARD',
'NOT SPECIFIED',(#2352));
#2354=PRODUCT_DEFINITION_FORMATION_WITH_SPECIFIED_SOURCE('36','LAST_VERSION',
#2353,.MADE.);
#2358=PRODUCT_CATEGORY('part','');
#2359=PRODUCT_RELATED_PRODUCT_CATEGORY('detail','',(#2353));
#2360=PRODUCT_CATEGORY_RELATIONSHIP('','',#2358,#2359);
#2361=SECURITY_CLASSIFICATION_LEVEL('unclassified');
#2362=SECURITY_CLASSIFICATION('','',#2361);
#2363=CC_DESIGN_SECURITY_CLASSIFICATION(#2362,(#2354));
#2364=APPROVAL_STATUS('approved');
#2365=APPROVAL(#2364,'');
#2366=CC_DESIGN_APPROVAL(#2365,(#2362,#2354,#2355));
#2367=CALENDAR_DATE(123,28,8);
#2368=COORDINATED_UNIVERSAL_TIME_OFFSET(2,0,.AHEAD.);
#2369=LOCAL_TIME(21,37,2.E0,#2368);
#2370=DATE_AND_TIME(#2367,#2369);
#2371=APPROVAL_DATE_TIME(#2370,#2365);
#2372=DATE_TIME_ROLE('creation_date');
#2373=CC_DESIGN_DATE_AND_TIME_ASSIGNMENT(#2370,#2372,(#2355));
#2374=DATE_TIME_ROLE('classification_date');
#2375=CC_DESIGN_DATE_AND_TIME_ASSIGNMENT(#2370,#2374,(#2362));
#2376=PERSON('UNSPECIFIED','UNSPECIFIED',$,$,$,$);
#2377=ORGANIZATION('UNSPECIFIED','UNSPECIFIED','UNSPECIFIED');
#2378=PERSON_AND_ORGANIZATION(#2376,#2377);
#2379=APPROVAL_ROLE('approver');
#2380=APPROVAL_PERSON_ORGANIZATION(#2378,#2365,#2379);
#2381=PERSON_AND_ORGANIZATION_ROLE('creator');
#2382=CC_DESIGN_PERSON_AND_ORGANIZATION_ASSIGNMENT(#2378,#2381,(#2354,#2355));
#2383=PERSON_AND_ORGANIZATION_ROLE('design_supplier');
#2384=CC_DESIGN_PERSON_AND_ORGANIZATION_ASSIGNMENT(#2378,#2383,(#2354));
#2385=PERSON_AND_ORGANIZATION_ROLE('classification_officer');
#2386=CC_DESIGN_PERSON_AND_ORGANIZATION_ASSIGNMENT(#2378,#2385,(#2362));
#2387=PERSON_AND_ORGANIZATION_ROLE('design_owner');
#2388=CC_DESIGN_PERSON_AND_ORGANIZATION_ASSIGNMENT(#2378,#2387,(#2353));
#5=CIRCLE('',#4,8.E-1);
#10=CIRCLE('',#9,8.E-1);
#15=CIRCLE('',#14,8.E-1);
#20=CIRCLE('',#19,8.E-1);
#25=CIRCLE('',#24,8.E-1);
#30=CIRCLE('',#29,8.E-1);
#35=CIRCLE('',#34,8.E-1);
#40=CIRCLE('',#39,8.E-1);
#45=CIRCLE('',#44,2.E0);
#54=CIRCLE('',#53,7.E0);
#59=CIRCLE('',#58,8.E0);
#64=CIRCLE('',#63,2.E1);
#69=CIRCLE('',#68,8.E0);
#74=CIRCLE('',#73,7.E0);
#79=CIRCLE('',#78,8.E0);
#84=CIRCLE('',#83,8.E0);
#89=CIRCLE('',#88,7.E0);
#94=CIRCLE('',#93,8.E0);
#99=CIRCLE('',#98,2.E1);
#104=CIRCLE('',#103,8.E0);
#109=CIRCLE('',#108,8.E0);
#114=CIRCLE('',#113,8.E0);
#119=CIRCLE('',#118,8.E0);
#132=CIRCLE('',#131,8.E-1);
#137=CIRCLE('',#136,8.E-1);
#142=CIRCLE('',#141,8.E-1);
#147=CIRCLE('',#146,8.E-1);
#152=CIRCLE('',#151,8.E-1);
#157=CIRCLE('',#156,8.E-1);
#162=CIRCLE('',#161,8.E-1);
#167=CIRCLE('',#166,8.E-1);
#172=CIRCLE('',#171,1.1E1);
#177=CIRCLE('',#176,1.1E1);
#182=CIRCLE('',#181,8.E-1);
#187=CIRCLE('',#186,8.E-1);
#192=CIRCLE('',#191,8.E-1);
#197=CIRCLE('',#196,8.E-1);
#202=CIRCLE('',#201,8.E-1);
#207=CIRCLE('',#206,8.E-1);
#212=CIRCLE('',#211,8.E-1);
#217=CIRCLE('',#216,8.E-1);
#222=CIRCLE('',#221,8.E0);
#231=CIRCLE('',#230,3.E0);
#240=CIRCLE('',#239,8.E0);
#245=CIRCLE('',#244,2.E1);
#250=CIRCLE('',#249,8.E0);
#259=CIRCLE('',#258,3.E0);
#268=CIRCLE('',#267,8.E0);
#273=CIRCLE('',#272,8.E0);
#282=CIRCLE('',#281,3.E0);
#291=CIRCLE('',#290,8.E0);
#296=CIRCLE('',#295,2.E1);
#301=CIRCLE('',#300,8.E0);
#310=CIRCLE('',#309,3.E0);
#319=CIRCLE('',#318,8.E0);
#324=CIRCLE('',#323,8.E-1);
#337=CIRCLE('',#336,8.E-1);
#350=CIRCLE('',#349,3.E0);
#355=CIRCLE('',#354,3.E0);
#360=CIRCLE('',#359,3.E0);
#365=CIRCLE('',#364,3.E0);
#370=CIRCLE('',#369,3.E0);
#375=CIRCLE('',#374,3.E0);
#380=CIRCLE('',#379,3.E0);
#385=CIRCLE('',#384,3.E0);
#390=CIRCLE('',#389,8.E-1);
#395=CIRCLE('',#394,8.E-1);
#400=CIRCLE('',#399,8.E-1);
#405=CIRCLE('',#404,8.E-1);
#410=CIRCLE('',#409,8.E-1);
#415=CIRCLE('',#414,8.E-1);
#420=CIRCLE('',#419,8.E-1);
#425=CIRCLE('',#424,8.E-1);
#430=CIRCLE('',#429,3.E0);
#439=CIRCLE('',#438,3.E0);
#450=B_SPLINE_CURVE_WITH_KNOTS('',3,(#440,#441,#442,#443,#444,#445,#446,#447,
#448,#449),.UNSPECIFIED.,.F.,.F.,(4,1,1,1,1,1,1,4),(0.E0,1.428571428571E-1,
2.857142857143E-1,4.285714285714E-1,5.714285714286E-1,7.142857142857E-1,
8.571428571429E-1,1.E0),.UNSPECIFIED.);
#462=B_SPLINE_CURVE_WITH_KNOTS('',3,(#451,#452,#453,#454,#455,#456,#457,#458,
#459,#460,#461),.UNSPECIFIED.,.F.,.F.,(4,1,1,1,1,1,1,1,4),(0.E0,1.25E-1,2.5E-1,
3.75E-1,5.E-1,6.25E-1,7.5E-1,8.75E-1,1.E0),.UNSPECIFIED.);
#467=CIRCLE('',#466,3.E0);
#485=B_SPLINE_CURVE_WITH_KNOTS('',3,(#480,#481,#482,#483,#484),.UNSPECIFIED.,
.F.,.F.,(4,1,4),(0.E0,5.E-1,1.E0),.UNSPECIFIED.);
#502=CIRCLE('',#501,2.E1);
#511=CIRCLE('',#510,2.E1);
#528=CIRCLE('',#527,2.E1);
#537=CIRCLE('',#536,2.E1);
#547=B_SPLINE_CURVE_WITH_KNOTS('',3,(#542,#543,#544,#545,#546),.UNSPECIFIED.,
.F.,.F.,(4,1,4),(0.E0,5.E-1,1.E0),.UNSPECIFIED.);
#561=B_SPLINE_CURVE_WITH_KNOTS('',3,(#556,#557,#558,#559,#560),.UNSPECIFIED.,
.F.,.F.,(4,1,4),(0.E0,5.E-1,1.E0),.UNSPECIFIED.);
#576=B_SPLINE_CURVE_WITH_KNOTS('',3,(#566,#567,#568,#569,#570,#571,#572,#573,
#574,#575),.UNSPECIFIED.,.F.,.F.,(4,1,1,1,1,1,1,4),(0.E0,1.428571428571E-1,
2.857142857143E-1,4.285714285714E-1,5.714285714286E-1,7.142857142857E-1,
8.571428571429E-1,1.E0),.UNSPECIFIED.);
#588=B_SPLINE_CURVE_WITH_KNOTS('',3,(#577,#578,#579,#580,#581,#582,#583,#584,
#585,#586,#587),.UNSPECIFIED.,.F.,.F.,(4,1,1,1,1,1,1,1,4),(0.E0,1.25E-1,2.5E-1,
3.75E-1,5.E-1,6.25E-1,7.5E-1,8.75E-1,1.E0),.UNSPECIFIED.);
#597=CIRCLE('',#596,3.E0);
#606=CIRCLE('',#605,3.E0);
#620=B_SPLINE_CURVE_WITH_KNOTS('',3,(#615,#616,#617,#618,#619),.UNSPECIFIED.,
.F.,.F.,(4,1,4),(0.E0,5.E-1,1.E0),.UNSPECIFIED.);
#625=CIRCLE('',#624,3.E0);
#639=B_SPLINE_CURVE_WITH_KNOTS('',3,(#634,#635,#636,#637,#638),.UNSPECIFIED.,
.F.,.F.,(4,1,4),(0.E0,5.E-1,1.E0),.UNSPECIFIED.);
#654=B_SPLINE_CURVE_WITH_KNOTS('',3,(#644,#645,#646,#647,#648,#649,#650,#651,
#652,#653),.UNSPECIFIED.,.F.,.F.,(4,1,1,1,1,1,1,4),(0.E0,1.428571428571E-1,
2.857142857143E-1,4.285714285714E-1,5.714285714286E-1,7.142857142857E-1,
8.571428571429E-1,1.E0),.UNSPECIFIED.);
#666=B_SPLINE_CURVE_WITH_KNOTS('',3,(#655,#656,#657,#658,#659,#660,#661,#662,
#663,#664,#665),.UNSPECIFIED.,.F.,.F.,(4,1,1,1,1,1,1,1,4),(0.E0,1.25E-1,2.5E-1,
3.75E-1,5.E-1,6.25E-1,7.5E-1,8.75E-1,1.E0),.UNSPECIFIED.);
#671=CIRCLE('',#670,3.E0);
#680=CIRCLE('',#679,3.E0);
#698=B_SPLINE_CURVE_WITH_KNOTS('',3,(#693,#694,#695,#696,#697),.UNSPECIFIED.,
.F.,.F.,(4,1,4),(0.E0,5.E-1,1.E0),.UNSPECIFIED.);
#703=CIRCLE('',#702,3.E0);
#724=CIRCLE('',#723,3.E0);
#733=CIRCLE('',#732,3.E0);
#743=B_SPLINE_CURVE_WITH_KNOTS('',3,(#734,#735,#736,#737,#738,#739,#740,#741,
#742),.UNSPECIFIED.,.F.,.F.,(4,1,1,1,1,1,4),(0.E0,1.666666666667E-1,
3.333333333333E-1,5.E-1,6.666666666667E-1,8.333333333333E-1,1.E0),
.UNSPECIFIED.);
#760=B_SPLINE_CURVE_WITH_KNOTS('',3,(#744,#745,#746,#747,#748,#749,#750,#751,
#752,#753,#754,#755,#756,#757,#758,#759),.UNSPECIFIED.,.F.,.F.,(4,1,1,1,1,1,1,1,
1,1,1,1,1,4),(0.E0,7.692307692308E-2,1.538461538462E-1,2.307692307692E-1,
3.076923076923E-1,3.846153846154E-1,4.615384615385E-1,5.384615384615E-1,
6.153846153846E-1,6.923076923077E-1,7.692307692308E-1,8.461538461538E-1,
9.230769230769E-1,1.E0),.UNSPECIFIED.);
#766=B_SPLINE_CURVE_WITH_KNOTS('',3,(#761,#762,#763,#764,#765),.UNSPECIFIED.,
.F.,.F.,(4,1,4),(0.E0,5.E-1,1.E0),.UNSPECIFIED.);
#772=B_SPLINE_CURVE_WITH_KNOTS('',3,(#767,#768,#769,#770,#771),.UNSPECIFIED.,
.F.,.F.,(4,1,4),(0.E0,5.E-1,1.E0),.UNSPECIFIED.);
#777=CIRCLE('',#776,3.E0);
#798=CIRCLE('',#797,8.E-1);
#811=CIRCLE('',#810,8.E-1);
#824=CIRCLE('',#823,8.E-1);
#837=CIRCLE('',#836,8.E-1);
#850=CIRCLE('',#849,8.E-1);
#863=CIRCLE('',#862,8.E-1);
#880=CIRCLE('',#879,4.E0);
#885=CIRCLE('',#884,4.E0);
#890=CIRCLE('',#889,1.1E1);
#895=CIRCLE('',#894,1.1E1);
#908=CIRCLE('',#907,4.E0);
#913=CIRCLE('',#912,4.E0);
#918=CIRCLE('',#917,2.E0);
#1225=EDGE_CURVE('',#1170,#1168,#54,.T.);
#1227=EDGE_CURVE('',#1029,#1168,#59,.T.);
#1229=EDGE_CURVE('',#1029,#1030,#64,.T.);
#1231=EDGE_CURVE('',#1183,#1030,#69,.T.);
#1233=EDGE_CURVE('',#1183,#1181,#74,.T.);
#1235=EDGE_CURVE('',#1050,#1181,#79,.T.);
#1237=EDGE_CURVE('',#1049,#1050,#502,.T.);
#1239=EDGE_CURVE('',#1196,#1049,#84,.T.);
#1241=EDGE_CURVE('',#1196,#1194,#89,.T.);
#1243=EDGE_CURVE('',#1025,#1194,#94,.T.);
#1245=EDGE_CURVE('',#1025,#1026,#99,.T.);
#1247=EDGE_CURVE('',#1208,#1026,#104,.T.);
#1249=EDGE_CURVE('',#1208,#1209,#109,.T.);
#1251=EDGE_CURVE('',#1046,#1209,#114,.T.);
#1253=EDGE_CURVE('',#1045,#1046,#537,.T.);
#1255=EDGE_CURVE('',#1170,#1045,#119,.T.);
#1259=EDGE_CURVE('',#985,#986,#15,.T.);
#1261=EDGE_CURVE('',#986,#985,#20,.T.);
#1265=EDGE_CURVE('',#989,#990,#25,.T.);
#1267=EDGE_CURVE('',#990,#989,#30,.T.);
#1271=EDGE_CURVE('',#993,#994,#35,.T.);
#1273=EDGE_CURVE('',#994,#993,#40,.T.);
#1277=EDGE_CURVE('',#1013,#1014,#45,.T.);
#1279=EDGE_CURVE('',#1014,#1013,#49,.T.);
#1283=EDGE_CURVE('',#981,#982,#5,.T.);
#1285=EDGE_CURVE('',#982,#981,#10,.T.);
#1296=EDGE_CURVE('',#998,#982,#127,.T.);
#1298=EDGE_CURVE('',#997,#998,#182,.T.);
#1300=EDGE_CURVE('',#997,#981,#123,.T.);
#1312=EDGE_CURVE('',#998,#997,#187,.T.);
#1323=EDGE_CURVE('',#1053,#1054,#511,.T.);
#1325=EDGE_CURVE('',#1053,#1078,#222,.T.);
#1327=EDGE_CURVE('',#1078,#1073,#226,.T.);
#1329=EDGE_CURVE('',#1073,#1074,#231,.T.);
#1331=EDGE_CURVE('',#1074,#1076,#235,.T.);
#1333=EDGE_CURVE('',#1076,#1038,#240,.T.);
#1335=EDGE_CURVE('',#1037,#1038,#245,.T.);
#1337=EDGE_CURVE('',#1037,#1021,#250,.T.);
#1339=EDGE_CURVE('',#1021,#1022,#254,.T.);
#1341=EDGE_CURVE('',#1022,#1017,#259,.T.);
#1343=EDGE_CURVE('',#1017,#1018,#263,.T.);
#1345=EDGE_CURVE('',#1018,#1042,#268,.T.);
#1347=EDGE_CURVE('',#1041,#1042,#528,.T.);
#1349=EDGE_CURVE('',#1041,#1094,#273,.T.);
#1351=EDGE_CURVE('',#1094,#1089,#277,.T.);
#1353=EDGE_CURVE('',#1089,#1090,#282,.T.);
#1355=EDGE_CURVE('',#1090,#1092,#286,.T.);
#1357=EDGE_CURVE('',#1092,#1034,#291,.T.);
#1359=EDGE_CURVE('',#1033,#1034,#296,.T.);
#1361=EDGE_CURVE('',#1033,#1085,#301,.T.);
#1363=EDGE_CURVE('',#1085,#1086,#305,.T.);
#1365=EDGE_CURVE('',#1086,#1081,#310,.T.);
#1367=EDGE_CURVE('',#1081,#1082,#314,.T.);
#1369=EDGE_CURVE('',#1082,#1054,#319,.T.);
#1373=EDGE_CURVE('',#1057,#1058,#142,.T.);
#1375=EDGE_CURVE('',#1058,#1057,#147,.T.);
#1379=EDGE_CURVE('',#1069,#1070,#152,.T.);
#1381=EDGE_CURVE('',#1070,#1069,#157,.T.);
#1385=EDGE_CURVE('',#1065,#1066,#162,.T.);
#1387=EDGE_CURVE('',#1066,#1065,#167,.T.);
#1391=EDGE_CURVE('',#973,#974,#172,.T.);
#1393=EDGE_CURVE('',#974,#973,#177,.T.);
#1401=EDGE_CURVE('',#1001,#1002,#192,.T.);
#1403=EDGE_CURVE('',#1002,#1001,#197,.T.);
#1407=EDGE_CURVE('',#1005,#1006,#202,.T.);
#1409=EDGE_CURVE('',#1006,#1005,#207,.T.);
#1413=EDGE_CURVE('',#1009,#1010,#212,.T.);
#1415=EDGE_CURVE('',#1010,#1009,#217,.T.);
#1419=EDGE_CURVE('',#1061,#1062,#132,.T.);
#1421=EDGE_CURVE('',#1062,#1061,#137,.T.);
#1431=EDGE_CURVE('',#1158,#1116,#324,.T.);
#1433=EDGE_CURVE('',#1158,#1141,#328,.T.);
#1435=EDGE_CURVE('',#1141,#1142,#400,.T.);
#1437=EDGE_CURVE('',#1156,#1142,#341,.T.);
#1439=EDGE_CURVE('',#1156,#1118,#337,.T.);
#1441=EDGE_CURVE('',#1118,#1062,#345,.T.);
#1444=EDGE_CURVE('',#1116,#1061,#332,.T.);
#1456=EDGE_CURVE('',#1142,#1141,#405,.T.);
#1471=EDGE_CURVE('',#1097,#1098,#350,.T.);
#1473=EDGE_CURVE('',#1098,#1097,#355,.T.);
#1477=EDGE_CURVE('',#1137,#1138,#390,.T.);
#1479=EDGE_CURVE('',#1138,#1137,#395,.T.);
#1489=EDGE_CURVE('',#1101,#1102,#360,.T.);
#1491=EDGE_CURVE('',#1102,#1101,#365,.T.);
#1505=EDGE_CURVE('',#1105,#1106,#370,.T.);
#1507=EDGE_CURVE('',#1106,#1105,#375,.T.);
#1511=EDGE_CURVE('',#1145,#1146,#410,.T.);
#1513=EDGE_CURVE('',#1146,#1145,#415,.T.);
#1523=EDGE_CURVE('',#1109,#1110,#380,.T.);
#1525=EDGE_CURVE('',#1110,#1109,#385,.T.);
#1529=EDGE_CURVE('',#1149,#1150,#420,.T.);
#1531=EDGE_CURVE('',#1150,#1149,#425,.T.);
#1541=EDGE_CURVE('',#1175,#1179,#430,.T.);
#1543=EDGE_CURVE('',#1175,#1097,#434,.T.);
#1546=EDGE_CURVE('',#1128,#1098,#475,.T.);
#1548=EDGE_CURVE('',#1128,#1177,#439,.T.);
#1550=EDGE_CURVE('',#1177,#1017,#479,.T.);
#1553=EDGE_CURVE('',#1179,#1022,#555,.T.);
#1563=EDGE_CURVE('',#1174,#1175,#467,.T.);
#1566=EDGE_CURVE('',#1179,#1167,#450,.T.);
#1568=EDGE_CURVE('',#1167,#1168,#547,.T.);
#1571=EDGE_CURVE('',#1170,#1171,#485,.T.);
#1573=EDGE_CURVE('',#1171,#1174,#462,.T.);
#1584=EDGE_CURVE('',#1174,#1177,#471,.T.);
#1601=EDGE_CURVE('',#1171,#1018,#489,.T.);
#1614=EDGE_CURVE('',#1045,#1042,#532,.T.);
#1627=EDGE_CURVE('',#1029,#1037,#493,.T.);
#1630=EDGE_CURVE('',#1030,#1038,#497,.T.);
#1641=EDGE_CURVE('',#1050,#1053,#506,.T.);
#1644=EDGE_CURVE('',#1049,#1054,#515,.T.);
#1655=EDGE_CURVE('',#1025,#1033,#519,.T.);
#1658=EDGE_CURVE('',#1026,#1034,#523,.T.);
#1671=EDGE_CURVE('',#1046,#1041,#541,.T.);
#1682=EDGE_CURVE('',#1167,#1021,#551,.T.);
#1707=EDGE_CURVE('',#1183,#1184,#561,.T.);
#1712=EDGE_CURVE('',#1184,#1076,#565,.T.);
#1722=EDGE_CURVE('',#1184,#1190,#576,.T.);
#1724=EDGE_CURVE('',#1190,#1187,#597,.T.);
#1726=EDGE_CURVE('',#1187,#1188,#625,.T.);
#1728=EDGE_CURVE('',#1188,#1180,#588,.T.);
#1730=EDGE_CURVE('',#1180,#1181,#620,.T.);
#1742=EDGE_CURVE('',#1074,#1190,#592,.T.);
#1758=EDGE_CURVE('',#1192,#1073,#601,.T.);
#1760=EDGE_CURVE('',#1192,#1130,#606,.T.);
#1762=EDGE_CURVE('',#1130,#1101,#610,.T.);
#1765=EDGE_CURVE('',#1187,#1102,#629,.T.);
#1775=EDGE_CURVE('',#1180,#1078,#614,.T.);
#1778=EDGE_CURVE('',#1188,#1192,#633,.T.);
#1817=EDGE_CURVE('',#1196,#1197,#639,.T.);
#1822=EDGE_CURVE('',#1197,#1082,#643,.T.);
#1832=EDGE_CURVE('',#1200,#1201,#671,.T.);
#1834=EDGE_CURVE('',#1201,#1203,#703,.T.);
#1836=EDGE_CURVE('',#1203,#1193,#654,.T.);
#1838=EDGE_CURVE('',#1193,#1194,#698,.T.);
#1842=EDGE_CURVE('',#1197,#1200,#666,.T.);
#1853=EDGE_CURVE('',#1081,#1200,#688,.T.);
#1856=EDGE_CURVE('',#1205,#1086,#675,.T.);
#1858=EDGE_CURVE('',#1205,#1132,#680,.T.);
#1860=EDGE_CURVE('',#1132,#1105,#684,.T.);
#1863=EDGE_CURVE('',#1201,#1106,#707,.T.);
#1885=EDGE_CURVE('',#1193,#1085,#692,.T.);
#1888=EDGE_CURVE('',#1203,#1205,#711,.T.);
#1927=EDGE_CURVE('',#1218,#1092,#719,.T.);
#1929=EDGE_CURVE('',#1208,#1218,#772,.T.);
#1942=EDGE_CURVE('',#1217,#1090,#715,.T.);
#1944=EDGE_CURVE('',#1215,#1217,#781,.T.);
#1946=EDGE_CURVE('',#1218,#1215,#743,.T.);
#1958=EDGE_CURVE('',#1212,#1213,#724,.T.);
#1960=EDGE_CURVE('',#1212,#1109,#728,.T.);
#1963=EDGE_CURVE('',#1134,#1110,#785,.T.);
#1965=EDGE_CURVE('',#1134,#1217,#733,.T.);
#1969=EDGE_CURVE('',#1213,#1089,#789,.T.);
#1980=EDGE_CURVE('',#1215,#1212,#777,.T.);
#1983=EDGE_CURVE('',#1213,#1219,#760,.T.);
#1985=EDGE_CURVE('',#1219,#1209,#766,.T.);
#2011=EDGE_CURVE('',#1219,#1094,#793,.T.);
#2037=EDGE_CURVE('',#1154,#1112,#798,.T.);
#2039=EDGE_CURVE('',#1154,#1137,#802,.T.);
#2042=EDGE_CURVE('',#1152,#1138,#815,.T.);
#2044=EDGE_CURVE('',#1152,#1114,#811,.T.);
#2046=EDGE_CURVE('',#1114,#1058,#819,.T.);
#2049=EDGE_CURVE('',#1112,#1057,#806,.T.);
#2075=EDGE_CURVE('',#1162,#1120,#824,.T.);
#2077=EDGE_CURVE('',#1162,#1145,#828,.T.);
#2080=EDGE_CURVE('',#1160,#1146,#841,.T.);
#2082=EDGE_CURVE('',#1160,#1122,#837,.T.);
#2084=EDGE_CURVE('',#1122,#1066,#845,.T.);
#2087=EDGE_CURVE('',#1120,#1065,#832,.T.);
#2113=EDGE_CURVE('',#1166,#1124,#850,.T.);
#2115=EDGE_CURVE('',#1166,#1149,#854,.T.);
#2118=EDGE_CURVE('',#1164,#1150,#867,.T.);
#2120=EDGE_CURVE('',#1164,#1126,#863,.T.);
#2122=EDGE_CURVE('',#1126,#1070,#871,.T.);
#2125=EDGE_CURVE('',#1124,#1069,#858,.T.);
#2151=EDGE_CURVE('',#977,#978,#890,.T.);
#2153=EDGE_CURVE('',#978,#973,#875,.T.);
#2156=EDGE_CURVE('',#977,#974,#934,.T.);
#2167=EDGE_CURVE('',#978,#977,#895,.T.);
#2171=EDGE_CURVE('',#969,#970,#880,.T.);
#2173=EDGE_CURVE('',#970,#969,#885,.T.);
#2184=EDGE_CURVE('',#969,#961,#899,.T.);
#2186=EDGE_CURVE('',#961,#962,#908,.T.);
#2188=EDGE_CURVE('',#970,#962,#903,.T.);
#2200=EDGE_CURVE('',#962,#961,#913,.T.);
#2215=EDGE_CURVE('',#966,#965,#930,.T.);
#2217=EDGE_CURVE('',#965,#966,#918,.T.);
#2227=EDGE_CURVE('',#965,#1014,#922,.T.);
#2230=EDGE_CURVE('',#1013,#966,#926,.T.);
#2266=EDGE_CURVE('',#1002,#986,#942,.T.);
#2269=EDGE_CURVE('',#1001,#985,#938,.T.);
#2292=EDGE_CURVE('',#1006,#990,#950,.T.);
#2295=EDGE_CURVE('',#1005,#989,#946,.T.);
#2318=EDGE_CURVE('',#1010,#994,#958,.T.);
#2321=EDGE_CURVE('',#1009,#993,#954,.T.);
#2338=CLOSED_SHELL('',(#1289,#1304,#1317,#1425,#1448,#1465,#1483,#1499,#1517,
#1535,#1557,#1577,#1592,#1606,#1620,#1634,#1648,#1662,#1675,#1689,#1701,#1716,
#1736,#1749,#1769,#1784,#1797,#1811,#1826,#1846,#1867,#1879,#1894,#1907,#1921,
#1936,#1952,#1973,#1991,#2005,#2018,#2031,#2053,#2069,#2091,#2107,#2129,#2145,
#2160,#2177,#2192,#2205,#2221,#2235,#2247,#2259,#2273,#2285,#2299,#2311,#2325,
#2337));
#2339=MANIFOLD_SOLID_BREP('',#2338);
#2340=(LENGTH_UNIT()NAMED_UNIT(*)SI_UNIT(.MILLI.,.METRE.));
#2342=(NAMED_UNIT(*)PLANE_ANGLE_UNIT()SI_UNIT($,.RADIAN.));
#2345=(NAMED_UNIT(*)SI_UNIT($,.STERADIAN.)SOLID_ANGLE_UNIT());
#2348=ADVANCED_BREP_SHAPE_REPRESENTATION('',(#2339),#2347);
#2355=PRODUCT_DEFINITION('design','',#2354,#2351);
#2356=PRODUCT_DEFINITION_SHAPE('','SHAPE FOR SLIP_CONNECTION_FIXBOARD.',#2355);
#2357=SHAPE_DEFINITION_REPRESENTATION(#2356,#2348);
ENDSEC;
END-ISO-10303-21;
